ISO-10303-21;
HEADER;
FILE_DESCRIPTION (( 'STEP AP214' ),
    '1' );
FILE_NAME ('DIOM5226X262N_JEDEC_DO-214AC_SMA.STEP',
    '2010-06-21T17:21:33',
    ( '.' ),
    ( '.' ),
    'SwSTEP 2.0',
    'SolidWorks 2008',
    '' );
FILE_SCHEMA (( 'AUTOMOTIVE_DESIGN' ));
ENDSEC;

DATA;
#1 = EDGE_CURVE ( 'NONE', #5232, #5233, #1302, .T. ) ;
#2 = ORIENTED_EDGE ( 'NONE', *, *, #1, .T. ) ;
#3 = EDGE_LOOP ( 'NONE', ( #2, #5231, #5227, #5224, #139, #142 ) ) ;
#4 = ADVANCED_FACE ( 'NONE', ( #1298 ), #1283, .F. ) ;
#5 = EDGE_CURVE ( 'NONE', #5208, #176, #1332, .T. ) ;
#6 = ORIENTED_EDGE ( 'NONE', *, *, #5, .T. ) ;
#7 = VERTEX_POINT ( 'NONE', #1328 ) ;
#8 = ORIENTED_EDGE ( 'NONE', *, *, #9, .T. ) ;
#9 = EDGE_CURVE ( 'NONE', #7, #126, #1326, .T. ) ;
#10 = EDGE_LOOP ( 'NONE', ( #8, #127, #130, #133 ) ) ;
#11 = ADVANCED_FACE ( 'NONE', ( #1322 ), #1307, .T. ) ;
#12 = ORIENTED_EDGE ( 'NONE', *, *, #13, .T. ) ;
#13 = EDGE_CURVE ( 'NONE', #14, #5182, #1359, .T. ) ;
#14 = VERTEX_POINT ( 'NONE', #1355 ) ;
#15 = EDGE_CURVE ( 'NONE', #17, #14, #1354, .T. ) ;
#16 = ORIENTED_EDGE ( 'NONE', *, *, #15, .T. ) ;
#17 = VERTEX_POINT ( 'NONE', #1350 ) ;
#18 = EDGE_CURVE ( 'NONE', #20, #17, #1349, .T. ) ;
#19 = ORIENTED_EDGE ( 'NONE', *, *, #18, .T. ) ;
#20 = VERTEX_POINT ( 'NONE', #1345 ) ;
#21 = EDGE_CURVE ( 'NONE', #5182, #20, #1344, .T. ) ;
#22 = VERTEX_POINT ( 'NONE', #1340 ) ;
#23 = VERTEX_POINT ( 'NONE', #1339 ) ;
#24 = EDGE_LOOP ( 'NONE', ( #25, #28, #30, #31, #5205, #5184, #5204, #5189 ) ) ;
#25 = ORIENTED_EDGE ( 'NONE', *, *, #26, .T. ) ;
#26 = EDGE_CURVE ( 'NONE', #27, #23, #1338, .T. ) ;
#27 = VERTEX_POINT ( 'NONE', #1334 ) ;
#28 = ORIENTED_EDGE ( 'NONE', *, *, #29, .T. ) ;
#29 = EDGE_CURVE ( 'NONE', #23, #208, #1333, .T. ) ;
#30 = ORIENTED_EDGE ( 'NONE', *, *, #207, .T. ) ;
#31 = ORIENTED_EDGE ( 'NONE', *, *, #34, .F. ) ;
#32 = EDGE_CURVE ( 'NONE', #230, #154, #1378, .T. ) ;
#33 = ADVANCED_FACE ( 'NONE', ( #1374 ), #1403, .F. ) ;
#34 = EDGE_CURVE ( 'NONE', #219, #205, #1398, .T. ) ;
#35 = EDGE_CURVE ( 'NONE', #42, #158, #1394, .T. ) ;
#36 = ORIENTED_EDGE ( 'NONE', *, *, #157, .F. ) ;
#37 = ORIENTED_EDGE ( 'NONE', *, *, #38, .T. ) ;
#38 = EDGE_CURVE ( 'NONE', #45, #42, #1389, .T. ) ;
#39 = ORIENTED_EDGE ( 'NONE', *, *, #35, .T. ) ;
#40 = EDGE_CURVE ( 'NONE', #64, #41, #1385, .T. ) ;
#41 = VERTEX_POINT ( 'NONE', #1431 ) ;
#42 = VERTEX_POINT ( 'NONE', #1430 ) ;
#43 = ORIENTED_EDGE ( 'NONE', *, *, #44, .T. ) ;
#44 = EDGE_CURVE ( 'NONE', #41, #45, #1429, .T. ) ;
#45 = VERTEX_POINT ( 'NONE', #1425 ) ;
#46 = ORIENTED_EDGE ( 'NONE', *, *, #40, .T. ) ;
#47 = EDGE_CURVE ( 'NONE', #52, #201, #1423, .T. ) ;
#48 = ORIENTED_EDGE ( 'NONE', *, *, #51, .T. ) ;
#49 = ADVANCED_FACE ( 'NONE', ( #1419 ), #1404, .F. ) ;
#50 = ORIENTED_EDGE ( 'NONE', *, *, #213, .F. ) ;
#51 = EDGE_CURVE ( 'NONE', #57, #52, #1454, .T. ) ;
#52 = VERTEX_POINT ( 'NONE', #1446 ) ;
#53 = EDGE_LOOP ( 'NONE', ( #50, #54, #46, #43, #37, #39, #36, #63 ) ) ;
#54 = ORIENTED_EDGE ( 'NONE', *, *, #55, .T. ) ;
#55 = EDGE_CURVE ( 'NONE', #211, #64, #1444, .T. ) ;
#56 = ORIENTED_EDGE ( 'NONE', *, *, #47, .T. ) ;
#57 = VERTEX_POINT ( 'NONE', #1445 ) ;
#58 = EDGE_CURVE ( 'NONE', #198, #57, #1439, .T. ) ;
#59 = ORIENTED_EDGE ( 'NONE', *, *, #58, .T. ) ;
#60 = ORIENTED_EDGE ( 'NONE', *, *, #200, .T. ) ;
#61 = EDGE_CURVE ( 'NONE', #201, #218, #1434, .T. ) ;
#62 = ADVANCED_FACE ( 'NONE', ( #1435 ), #1461, .F. ) ;
#63 = ORIENTED_EDGE ( 'NONE', *, *, #32, .F. ) ;
#64 = VERTEX_POINT ( 'NONE', #1460 ) ;
#65 = EDGE_LOOP ( 'NONE', ( #60, #59, #48, #56 ) ) ;
#66 = EDGE_CURVE ( 'NONE', #149, #170, #1455, .T. ) ;
#67 = ORIENTED_EDGE ( 'NONE', *, *, #169, .T. ) ;
#68 = EDGE_CURVE ( 'NONE', #22, #69, #1505, .T. ) ;
#69 = VERTEX_POINT ( 'NONE', #1501 ) ;
#70 = ORIENTED_EDGE ( 'NONE', *, *, #71, .T. ) ;
#71 = EDGE_CURVE ( 'NONE', #69, #72, #1500, .T. ) ;
#72 = VERTEX_POINT ( 'NONE', #1496 ) ;
#73 = ORIENTED_EDGE ( 'NONE', *, *, #74, .F. ) ;
#74 = EDGE_CURVE ( 'NONE', #75, #72, #1495, .T. ) ;
#75 = VERTEX_POINT ( 'NONE', #1491 ) ;
#76 = ORIENTED_EDGE ( 'NONE', *, *, #77, .T. ) ;
#77 = EDGE_CURVE ( 'NONE', #75, #22, #1489, .T. ) ;
#78 = ADVANCED_FACE ( 'NONE', ( #1485 ), #1523, .F. ) ;
#79 = EDGE_LOOP ( 'NONE', ( #80, #84, #87, #90, #92, #93 ) ) ;
#80 = ORIENTED_EDGE ( 'NONE', *, *, #81, .T. ) ;
#81 = EDGE_CURVE ( 'NONE', #82, #83, #1522, .T. ) ;
#82 = VERTEX_POINT ( 'NONE', #1514 ) ;
#83 = VERTEX_POINT ( 'NONE', #1513 ) ;
#84 = ORIENTED_EDGE ( 'NONE', *, *, #85, .T. ) ;
#85 = EDGE_CURVE ( 'NONE', #83, #86, #1512, .T. ) ;
#86 = VERTEX_POINT ( 'NONE', #1564 ) ;
#87 = ORIENTED_EDGE ( 'NONE', *, *, #88, .T. ) ;
#88 = EDGE_CURVE ( 'NONE', #86, #89, #1563, .T. ) ;
#89 = VERTEX_POINT ( 'NONE', #1559 ) ;
#90 = ORIENTED_EDGE ( 'NONE', *, *, #91, .T. ) ;
#91 = EDGE_CURVE ( 'NONE', #89, #75, #1558, .T. ) ;
#92 = ORIENTED_EDGE ( 'NONE', *, *, #74, .T. ) ;
#93 = ORIENTED_EDGE ( 'NONE', *, *, #94, .T. ) ;
#94 = EDGE_CURVE ( 'NONE', #72, #82, #1552, .T. ) ;
#95 = ADVANCED_FACE ( 'NONE', ( #1547 ), #1581, .F. ) ;
#96 = EDGE_LOOP ( 'NONE', ( #5225, #5211, #5220, #5216 ) ) ;
#97 = ORIENTED_EDGE ( 'NONE', *, *, #98, .T. ) ;
#98 = EDGE_CURVE ( 'NONE', #167, #141, #1580, .T. ) ;
#99 = ORIENTED_EDGE ( 'NONE', *, *, #140, .T. ) ;
#100 = ORIENTED_EDGE ( 'NONE', *, *, #101, .T. ) ;
#101 = EDGE_CURVE ( 'NONE', #5223, #102, #1571, .T. ) ;
#102 = VERTEX_POINT ( 'NONE', #1570 ) ;
#103 = ORIENTED_EDGE ( 'NONE', *, *, #104, .T. ) ;
#104 = EDGE_CURVE ( 'NONE', #102, #105, #1565, .T. ) ;
#105 = VERTEX_POINT ( 'NONE', #1608 ) ;
#106 = ORIENTED_EDGE ( 'NONE', *, *, #107, .T. ) ;
#107 = EDGE_CURVE ( 'NONE', #105, #148, #1606, .T. ) ;
#108 = ADVANCED_FACE ( 'NONE', ( #1602 ), #1587, .F. ) ;
#109 = ORIENTED_EDGE ( 'NONE', *, *, #110, .F. ) ;
#110 = EDGE_CURVE ( 'NONE', #111, #112, #1644, .T. ) ;
#111 = VERTEX_POINT ( 'NONE', #1640 ) ;
#112 = VERTEX_POINT ( 'NONE', #1639 ) ;
#113 = ORIENTED_EDGE ( 'NONE', *, *, #114, .F. ) ;
#114 = EDGE_CURVE ( 'NONE', #115, #111, #1638, .T. ) ;
#115 = VERTEX_POINT ( 'NONE', #1634 ) ;
#116 = ORIENTED_EDGE ( 'NONE', *, *, #117, .F. ) ;
#117 = EDGE_CURVE ( 'NONE', #118, #115, #1633, .T. ) ;
#118 = VERTEX_POINT ( 'NONE', #1629 ) ;
#119 = ORIENTED_EDGE ( 'NONE', *, *, #120, .F. ) ;
#120 = EDGE_CURVE ( 'NONE', #112, #118, #1627, .T. ) ;
#121 = ADVANCED_FACE ( 'NONE', ( #1623 ), #1667, .F. ) ;
#122 = EDGE_LOOP ( 'NONE', ( #123, #165, #168, #171, #174, #177 ) ) ;
#123 = ORIENTED_EDGE ( 'NONE', *, *, #124, .T. ) ;
#124 = EDGE_CURVE ( 'NONE', #125, #164, #1666, .T. ) ;
#125 = VERTEX_POINT ( 'NONE', #1658 ) ;
#126 = VERTEX_POINT ( 'NONE', #1657 ) ;
#127 = ORIENTED_EDGE ( 'NONE', *, *, #128, .T. ) ;
#128 = EDGE_CURVE ( 'NONE', #126, #129, #1656, .T. ) ;
#129 = VERTEX_POINT ( 'NONE', #1652 ) ;
#130 = ORIENTED_EDGE ( 'NONE', *, *, #131, .T. ) ;
#131 = EDGE_CURVE ( 'NONE', #129, #132, #1651, .T. ) ;
#132 = VERTEX_POINT ( 'NONE', #1647 ) ;
#133 = ORIENTED_EDGE ( 'NONE', *, *, #134, .T. ) ;
#134 = EDGE_CURVE ( 'NONE', #132, #7, #1645, .T. ) ;
#135 = ADVANCED_FACE ( 'NONE', ( #1694 ), #1679, .F. ) ;
#136 = EDGE_LOOP ( 'NONE', ( #137, #138, #1254, #1253, #1246, #1243, #1249, #1244, #1242, #259, #262, #265 ) ) ;
#137 = ORIENTED_EDGE ( 'NONE', *, *, #88, .F. ) ;
#138 = ORIENTED_EDGE ( 'NONE', *, *, #1255, .T. ) ;
#139 = ORIENTED_EDGE ( 'NONE', *, *, #140, .F. ) ;
#140 = EDGE_CURVE ( 'NONE', #141, #5223, #1678, .T. ) ;
#141 = VERTEX_POINT ( 'NONE', #1670 ) ;
#142 = ORIENTED_EDGE ( 'NONE', *, *, #143, .T. ) ;
#143 = EDGE_CURVE ( 'NONE', #141, #5232, #1723, .T. ) ;
#144 = ADVANCED_FACE ( 'NONE', ( #1718 ), #1703, .F. ) ;
#145 = EDGE_LOOP ( 'NONE', ( #146, #150, #67, #97, #99, #100, #103, #106 ) ) ;
#146 = ORIENTED_EDGE ( 'NONE', *, *, #147, .T. ) ;
#147 = EDGE_CURVE ( 'NONE', #148, #149, #1702, .T. ) ;
#148 = VERTEX_POINT ( 'NONE', #1753 ) ;
#149 = VERTEX_POINT ( 'NONE', #1752 ) ;
#150 = ORIENTED_EDGE ( 'NONE', *, *, #66, .T. ) ;
#151 = EDGE_LOOP ( 'NONE', ( #152, #156, #159, #162, #220, #223 ) ) ;
#152 = ORIENTED_EDGE ( 'NONE', *, *, #153, .F. ) ;
#153 = EDGE_CURVE ( 'NONE', #154, #155, #1751, .T. ) ;
#154 = VERTEX_POINT ( 'NONE', #1746 ) ;
#155 = VERTEX_POINT ( 'NONE', #1745 ) ;
#156 = ORIENTED_EDGE ( 'NONE', *, *, #157, .T. ) ;
#157 = EDGE_CURVE ( 'NONE', #154, #158, #1744, .T. ) ;
#158 = VERTEX_POINT ( 'NONE', #1740 ) ;
#159 = ORIENTED_EDGE ( 'NONE', *, *, #160, .T. ) ;
#160 = EDGE_CURVE ( 'NONE', #158, #161, #1739, .T. ) ;
#161 = VERTEX_POINT ( 'NONE', #1735 ) ;
#162 = ORIENTED_EDGE ( 'NONE', *, *, #163, .F. ) ;
#163 = EDGE_CURVE ( 'NONE', #219, #161, #1734, .T. ) ;
#164 = VERTEX_POINT ( 'NONE', #1730 ) ;
#165 = ORIENTED_EDGE ( 'NONE', *, *, #166, .T. ) ;
#166 = EDGE_CURVE ( 'NONE', #164, #167, #1729, .T. ) ;
#167 = VERTEX_POINT ( 'NONE', #1787 ) ;
#168 = ORIENTED_EDGE ( 'NONE', *, *, #169, .F. ) ;
#169 = EDGE_CURVE ( 'NONE', #170, #167, #1786, .T. ) ;
#170 = VERTEX_POINT ( 'NONE', #1782 ) ;
#171 = ORIENTED_EDGE ( 'NONE', *, *, #172, .T. ) ;
#172 = EDGE_CURVE ( 'NONE', #170, #173, #1781, .T. ) ;
#173 = VERTEX_POINT ( 'NONE', #1777 ) ;
#174 = ORIENTED_EDGE ( 'NONE', *, *, #175, .T. ) ;
#175 = EDGE_CURVE ( 'NONE', #173, #176, #1776, .T. ) ;
#176 = VERTEX_POINT ( 'NONE', #1772 ) ;
#177 = ORIENTED_EDGE ( 'NONE', *, *, #234, .T. ) ;
#178 = VERTEX_POINT ( 'NONE', #1771 ) ;
#179 = ORIENTED_EDGE ( 'NONE', *, *, #180, .T. ) ;
#180 = EDGE_CURVE ( 'NONE', #178, #181, #1770, .T. ) ;
#181 = VERTEX_POINT ( 'NONE', #1766 ) ;
#182 = ORIENTED_EDGE ( 'NONE', *, *, #183, .T. ) ;
#183 = EDGE_CURVE ( 'NONE', #181, #184, #1765, .T. ) ;
#184 = VERTEX_POINT ( 'NONE', #1761 ) ;
#185 = ORIENTED_EDGE ( 'NONE', *, *, #186, .T. ) ;
#186 = EDGE_CURVE ( 'NONE', #184, #193, #1759, .T. ) ;
#187 = EDGE_LOOP ( 'NONE', ( #109, #113, #116, #119 ) ) ;
#188 = MANIFOLD_SOLID_BREP ( 'NONE', #1259 ) ;
#189 = ADVANCED_FACE ( 'NONE', ( #1802, #1801 ), #1841, .F. ) ;
#190 = EDGE_LOOP ( 'NONE', ( #191, #179, #182, #185 ) ) ;
#191 = ORIENTED_EDGE ( 'NONE', *, *, #192, .T. ) ;
#192 = EDGE_CURVE ( 'NONE', #193, #178, #1840, .T. ) ;
#193 = VERTEX_POINT ( 'NONE', #1832 ) ;
#194 = EDGE_CURVE ( 'NONE', #276, #195, #1831, .T. ) ;
#195 = VERTEX_POINT ( 'NONE', #1827 ) ;
#196 = ORIENTED_EDGE ( 'NONE', *, *, #197, .T. ) ;
#197 = EDGE_CURVE ( 'NONE', #195, #198, #1826, .T. ) ;
#198 = VERTEX_POINT ( 'NONE', #1821 ) ;
#199 = ORIENTED_EDGE ( 'NONE', *, *, #200, .F. ) ;
#200 = EDGE_CURVE ( 'NONE', #201, #198, #1820, .T. ) ;
#201 = VERTEX_POINT ( 'NONE', #1877 ) ;
#202 = ORIENTED_EDGE ( 'NONE', *, *, #61, .T. ) ;
#203 = ORIENTED_EDGE ( 'NONE', *, *, #204, .F. ) ;
#204 = EDGE_CURVE ( 'NONE', #205, #233, #1876, .T. ) ;
#205 = VERTEX_POINT ( 'NONE', #1871 ) ;
#206 = ORIENTED_EDGE ( 'NONE', *, *, #207, .F. ) ;
#207 = EDGE_CURVE ( 'NONE', #208, #205, #1870, .T. ) ;
#208 = VERTEX_POINT ( 'NONE', #1866 ) ;
#209 = ORIENTED_EDGE ( 'NONE', *, *, #210, .T. ) ;
#210 = EDGE_CURVE ( 'NONE', #208, #211, #1865, .T. ) ;
#211 = VERTEX_POINT ( 'NONE', #1861 ) ;
#212 = ORIENTED_EDGE ( 'NONE', *, *, #213, .T. ) ;
#213 = EDGE_CURVE ( 'NONE', #211, #230, #1859, .T. ) ;
#214 = ADVANCED_FACE ( 'NONE', ( #1855 ), #1902, .F. ) ;
#215 = EDGE_LOOP ( 'NONE', ( #216, #274, #277, #196, #199, #202 ) ) ;
#216 = ORIENTED_EDGE ( 'NONE', *, *, #217, .T. ) ;
#217 = EDGE_CURVE ( 'NONE', #218, #273, #1901, .T. ) ;
#218 = VERTEX_POINT ( 'NONE', #1893 ) ;
#219 = VERTEX_POINT ( 'NONE', #1892 ) ;
#220 = ORIENTED_EDGE ( 'NONE', *, *, #221, .F. ) ;
#221 = EDGE_CURVE ( 'NONE', #222, #219, #1891, .T. ) ;
#222 = VERTEX_POINT ( 'NONE', #1886 ) ;
#223 = ORIENTED_EDGE ( 'NONE', *, *, #224, .F. ) ;
#224 = EDGE_CURVE ( 'NONE', #155, #222, #1884, .T. ) ;
#225 = ADVANCED_FACE ( 'NONE', ( #1880 ), #1917, .F. ) ;
#226 = EDGE_LOOP ( 'NONE', ( #227, #231, #203, #206, #209, #212 ) ) ;
#227 = ORIENTED_EDGE ( 'NONE', *, *, #228, .F. ) ;
#228 = EDGE_CURVE ( 'NONE', #229, #230, #1911, .T. ) ;
#229 = VERTEX_POINT ( 'NONE', #1907 ) ;
#230 = VERTEX_POINT ( 'NONE', #1906 ) ;
#231 = ORIENTED_EDGE ( 'NONE', *, *, #232, .F. ) ;
#232 = EDGE_CURVE ( 'NONE', #233, #229, #1958, .T. ) ;
#233 = VERTEX_POINT ( 'NONE', #1954 ) ;
#234 = EDGE_CURVE ( 'NONE', #176, #125, #1952, .T. ) ;
#235 = ADVANCED_FACE ( 'NONE', ( #1953 ), #1932, .F. ) ;
#236 = ORIENTED_EDGE ( 'NONE', *, *, #237, .T. ) ;
#237 = EDGE_CURVE ( 'NONE', #322, #238, #1983, .T. ) ;
#238 = VERTEX_POINT ( 'NONE', #1979 ) ;
#239 = ORIENTED_EDGE ( 'NONE', *, *, #240, .T. ) ;
#240 = EDGE_CURVE ( 'NONE', #238, #258, #1977, .T. ) ;
#241 = ADVANCED_FACE ( 'NONE', ( #1973 ), #2013, .T. ) ;
#242 = EDGE_LOOP ( 'NONE', ( #303, #307, #309, #310, #313, #289, #291, #292, #295, #298, #300, #301 ) ) ;
#243 = ORIENTED_EDGE ( 'NONE', *, *, #244, .T. ) ;
#244 = EDGE_CURVE ( 'NONE', #272, #245, #2014, .T. ) ;
#245 = VERTEX_POINT ( 'NONE', #2005 ) ;
#246 = ORIENTED_EDGE ( 'NONE', *, *, #247, .T. ) ;
#247 = EDGE_CURVE ( 'NONE', #245, #248, #2004, .T. ) ;
#248 = VERTEX_POINT ( 'NONE', #2000 ) ;
#249 = ORIENTED_EDGE ( 'NONE', *, *, #250, .T. ) ;
#250 = EDGE_CURVE ( 'NONE', #248, #251, #1999, .T. ) ;
#251 = VERTEX_POINT ( 'NONE', #1995 ) ;
#252 = ORIENTED_EDGE ( 'NONE', *, *, #253, .T. ) ;
#253 = EDGE_CURVE ( 'NONE', #251, #14, #1992, .T. ) ;
#254 = ADVANCED_FACE ( 'NONE', ( #1994 ), #2024, .T. ) ;
#255 = EDGE_LOOP ( 'NONE', ( #256, #317, #319, #320, #236, #239 ) ) ;
#256 = ORIENTED_EDGE ( 'NONE', *, *, #257, .T. ) ;
#257 = EDGE_CURVE ( 'NONE', #258, #316, #2023, .T. ) ;
#258 = VERTEX_POINT ( 'NONE', #2015 ) ;
#259 = ORIENTED_EDGE ( 'NONE', *, *, #260, .T. ) ;
#260 = EDGE_CURVE ( 'NONE', #5182, #261, #2063, .T. ) ;
#261 = VERTEX_POINT ( 'NONE', #2065 ) ;
#262 = ORIENTED_EDGE ( 'NONE', *, *, #263, .T. ) ;
#263 = EDGE_CURVE ( 'NONE', #261, #264, #2064, .T. ) ;
#264 = VERTEX_POINT ( 'NONE', #2055 ) ;
#265 = ORIENTED_EDGE ( 'NONE', *, *, #266, .T. ) ;
#266 = EDGE_CURVE ( 'NONE', #264, #89, #2053, .T. ) ;
#267 = ADVANCED_FACE ( 'NONE', ( #2049 ), #2077, .F. ) ;
#268 = EDGE_LOOP ( 'NONE', ( #269, #270, #243, #246, #249, #252 ) ) ;
#269 = ORIENTED_EDGE ( 'NONE', *, *, #15, .F. ) ;
#270 = ORIENTED_EDGE ( 'NONE', *, *, #271, .T. ) ;
#271 = EDGE_CURVE ( 'NONE', #17, #272, #2071, .T. ) ;
#272 = VERTEX_POINT ( 'NONE', #2072 ) ;
#273 = VERTEX_POINT ( 'NONE', #2066 ) ;
#274 = ORIENTED_EDGE ( 'NONE', *, *, #275, .T. ) ;
#275 = EDGE_CURVE ( 'NONE', #273, #276, #2098, .T. ) ;
#276 = VERTEX_POINT ( 'NONE', #2094 ) ;
#277 = ORIENTED_EDGE ( 'NONE', *, *, #194, .T. ) ;
#278 = EDGE_LOOP ( 'NONE', ( #279, #281, #282, #284 ) ) ;
#279 = ORIENTED_EDGE ( 'NONE', *, *, #280, .F. ) ;
#280 = EDGE_CURVE ( 'NONE', #306, #5221, #2093, .T. ) ;
#281 = ORIENTED_EDGE ( 'NONE', *, *, #304, .F. ) ;
#282 = ORIENTED_EDGE ( 'NONE', *, *, #283, .F. ) ;
#283 = EDGE_CURVE ( 'NONE', #5229, #305, #2086, .T. ) ;
#284 = ORIENTED_EDGE ( 'NONE', *, *, #5215, .F. ) ;
#285 = ADVANCED_FACE ( 'NONE', ( #2088 ), #2103, .T. ) ;
#286 = EDGE_LOOP ( 'NONE', ( #287, #288, #349, #351, #352, #353 ) ) ;
#287 = ORIENTED_EDGE ( 'NONE', *, *, #275, .F. ) ;
#288 = ORIENTED_EDGE ( 'NONE', *, *, #1252, .F. ) ;
#289 = ORIENTED_EDGE ( 'NONE', *, *, #290, .T. ) ;
#290 = EDGE_CURVE ( 'NONE', #315, #132, #2099, .T. ) ;
#291 = ORIENTED_EDGE ( 'NONE', *, *, #131, .F. ) ;
#292 = ORIENTED_EDGE ( 'NONE', *, *, #293, .T. ) ;
#293 = EDGE_CURVE ( 'NONE', #129, #294, #2130, .T. ) ;
#294 = VERTEX_POINT ( 'NONE', #2132 ) ;
#295 = ORIENTED_EDGE ( 'NONE', *, *, #296, .T. ) ;
#296 = EDGE_CURVE ( 'NONE', #294, #297, #2131, .T. ) ;
#297 = VERTEX_POINT ( 'NONE', #2122 ) ;
#298 = ORIENTED_EDGE ( 'NONE', *, *, #299, .T. ) ;
#299 = EDGE_CURVE ( 'NONE', #297, #195, #2121, .T. ) ;
#300 = ORIENTED_EDGE ( 'NONE', *, *, #194, .F. ) ;
#301 = ORIENTED_EDGE ( 'NONE', *, *, #302, .T. ) ;
#302 = EDGE_CURVE ( 'NONE', #276, #305, #2151, .T. ) ;
#303 = ORIENTED_EDGE ( 'NONE', *, *, #304, .T. ) ;
#304 = EDGE_CURVE ( 'NONE', #305, #306, #2146, .T. ) ;
#305 = VERTEX_POINT ( 'NONE', #2142 ) ;
#306 = VERTEX_POINT ( 'NONE', #2141 ) ;
#307 = ORIENTED_EDGE ( 'NONE', *, *, #308, .T. ) ;
#308 = EDGE_CURVE ( 'NONE', #306, #83, #2140, .T. ) ;
#309 = ORIENTED_EDGE ( 'NONE', *, *, #81, .F. ) ;
#310 = ORIENTED_EDGE ( 'NONE', *, *, #311, .T. ) ;
#311 = EDGE_CURVE ( 'NONE', #82, #312, #2170, .T. ) ;
#312 = VERTEX_POINT ( 'NONE', #2166 ) ;
#313 = ORIENTED_EDGE ( 'NONE', *, *, #314, .T. ) ;
#314 = EDGE_CURVE ( 'NONE', #312, #315, #2165, .T. ) ;
#315 = VERTEX_POINT ( 'NONE', #2161 ) ;
#316 = VERTEX_POINT ( 'NONE', #2160 ) ;
#317 = ORIENTED_EDGE ( 'NONE', *, *, #318, .T. ) ;
#318 = EDGE_CURVE ( 'NONE', #316, #126, #2159, .T. ) ;
#319 = ORIENTED_EDGE ( 'NONE', *, *, #9, .F. ) ;
#320 = ORIENTED_EDGE ( 'NONE', *, *, #321, .T. ) ;
#321 = EDGE_CURVE ( 'NONE', #7, #322, #2152, .T. ) ;
#322 = VERTEX_POINT ( 'NONE', #2154 ) ;
#323 = EDGE_CURVE ( 'NONE', #69, #105, #2188, .T. ) ;
#324 = ORIENTED_EDGE ( 'NONE', *, *, #68, .F. ) ;
#325 = ORIENTED_EDGE ( 'NONE', *, *, #77, .F. ) ;
#326 = ORIENTED_EDGE ( 'NONE', *, *, #91, .F. ) ;
#327 = ORIENTED_EDGE ( 'NONE', *, *, #266, .F. ) ;
#328 = ADVANCED_FACE ( 'NONE', ( #2184 ), #2221, .T. ) ;
#329 = EDGE_LOOP ( 'NONE', ( #330, #332, #333 ) ) ;
#330 = ORIENTED_EDGE ( 'NONE', *, *, #331, .F. ) ;
#331 = EDGE_CURVE ( 'NONE', #22, #148, #2222, .T. ) ;
#332 = ORIENTED_EDGE ( 'NONE', *, *, #1257, .T. ) ;
#333 = ORIENTED_EDGE ( 'NONE', *, *, #334, .F. ) ;
#334 = EDGE_CURVE ( 'NONE', #148, #264, #2212, .T. ) ;
#335 = ADVANCED_FACE ( 'NONE', ( #2207 ), #2245, .T. ) ;
#336 = EDGE_LOOP ( 'NONE', ( #391, #392, #393, #395 ) ) ;
#337 = ORIENTED_EDGE ( 'NONE', *, *, #1255, .F. ) ;
#338 = ORIENTED_EDGE ( 'NONE', *, *, #85, .F. ) ;
#339 = ORIENTED_EDGE ( 'NONE', *, *, #308, .F. ) ;
#340 = ADVANCED_FACE ( 'NONE', ( #2246 ), #2226, .T. ) ;
#341 = EDGE_LOOP ( 'NONE', ( #342, #343, #344, #345 ) ) ;
#342 = ORIENTED_EDGE ( 'NONE', *, *, #350, .T. ) ;
#343 = ORIENTED_EDGE ( 'NONE', *, *, #1240, .F. ) ;
#344 = ORIENTED_EDGE ( 'NONE', *, *, #359, .T. ) ;
#345 = ORIENTED_EDGE ( 'NONE', *, *, #5218, .F. ) ;
#346 = ADVANCED_FACE ( 'NONE', ( #2273 ), #2255, .T. ) ;
#347 = EDGE_LOOP ( 'NONE', ( #348, #325, #326, #327 ) ) ;
#348 = ORIENTED_EDGE ( 'NONE', *, *, #1257, .F. ) ;
#349 = ORIENTED_EDGE ( 'NONE', *, *, #350, .F. ) ;
#350 = EDGE_CURVE ( 'NONE', #5228, #1241, #2295, .T. ) ;
#351 = ORIENTED_EDGE ( 'NONE', *, *, #5222, .F. ) ;
#352 = ORIENTED_EDGE ( 'NONE', *, *, #283, .T. ) ;
#353 = ORIENTED_EDGE ( 'NONE', *, *, #302, .F. ) ;
#354 = ADVANCED_FACE ( 'NONE', ( #2251 ), #2275, .T. ) ;
#355 = EDGE_LOOP ( 'NONE', ( #356, #357, #358, #337, #338, #339 ) ) ;
#356 = ORIENTED_EDGE ( 'NONE', *, *, #280, .T. ) ;
#357 = ORIENTED_EDGE ( 'NONE', *, *, #5219, .F. ) ;
#358 = ORIENTED_EDGE ( 'NONE', *, *, #359, .F. ) ;
#359 = EDGE_CURVE ( 'NONE', #1258, #5217, #2313, .T. ) ;
#360 = ADVANCED_FACE ( 'NONE', ( #2315 ), #2337, .T. ) ;
#361 = ADVANCED_FACE ( 'NONE', ( #2338 ), #2358, .T. ) ;
#362 = EDGE_LOOP ( 'NONE', ( #363, #364, #365, #422 ) ) ;
#363 = ORIENTED_EDGE ( 'NONE', *, *, #434, .T. ) ;
#364 = ORIENTED_EDGE ( 'NONE', *, *, #104, .F. ) ;
#365 = ORIENTED_EDGE ( 'NONE', *, *, #366, .F. ) ;
#366 = EDGE_CURVE ( 'NONE', #315, #102, #2353, .T. ) ;
#367 = EDGE_CURVE ( 'NONE', #5203, #251, #2346, .T. ) ;
#368 = ORIENTED_EDGE ( 'NONE', *, *, #5191, .F. ) ;
#369 = ORIENTED_EDGE ( 'NONE', *, *, #172, .F. ) ;
#370 = ORIENTED_EDGE ( 'NONE', *, *, #66, .F. ) ;
#371 = ORIENTED_EDGE ( 'NONE', *, *, #394, .T. ) ;
#372 = ORIENTED_EDGE ( 'NONE', *, *, #260, .F. ) ;
#373 = ADVANCED_FACE ( 'NONE', ( #2348 ), #2371, .T. ) ;
#374 = EDGE_LOOP ( 'NONE', ( #375, #376, #377 ) ) ;
#375 = ORIENTED_EDGE ( 'NONE', *, *, #384, .T. ) ;
#376 = ORIENTED_EDGE ( 'NONE', *, *, #323, .T. ) ;
#377 = ORIENTED_EDGE ( 'NONE', *, *, #434, .F. ) ;
#378 = EDGE_LOOP ( 'NONE', ( #436, #437, #438, #5236 ) ) ;
#379 = ADVANCED_FACE ( 'NONE', ( #2372 ), #2408, .T. ) ;
#380 = EDGE_LOOP ( 'NONE', ( #381, #382, #383, #385 ) ) ;
#381 = ORIENTED_EDGE ( 'NONE', *, *, #94, .F. ) ;
#382 = ORIENTED_EDGE ( 'NONE', *, *, #71, .F. ) ;
#383 = ORIENTED_EDGE ( 'NONE', *, *, #384, .F. ) ;
#384 = EDGE_CURVE ( 'NONE', #312, #69, #2409, .T. ) ;
#385 = ORIENTED_EDGE ( 'NONE', *, *, #311, .F. ) ;
#386 = ADVANCED_FACE ( 'NONE', ( #2399 ), #2427, .T. ) ;
#387 = EDGE_LOOP ( 'NONE', ( #388, #389, #390, #368, #369, #370, #371, #372 ) ) ;
#388 = ORIENTED_EDGE ( 'NONE', *, *, #13, .F. ) ;
#389 = ORIENTED_EDGE ( 'NONE', *, *, #253, .F. ) ;
#390 = ORIENTED_EDGE ( 'NONE', *, *, #367, .F. ) ;
#391 = ORIENTED_EDGE ( 'NONE', *, *, #334, .T. ) ;
#392 = ORIENTED_EDGE ( 'NONE', *, *, #263, .F. ) ;
#393 = ORIENTED_EDGE ( 'NONE', *, *, #394, .F. ) ;
#394 = EDGE_CURVE ( 'NONE', #149, #261, #2421, .T. ) ;
#395 = ORIENTED_EDGE ( 'NONE', *, *, #147, .F. ) ;
#396 = ADVANCED_FACE ( 'NONE', ( #2423 ), #2445, .T. ) ;
#397 = EDGE_LOOP ( 'NONE', ( #398, #399, #400, #324 ) ) ;
#398 = ORIENTED_EDGE ( 'NONE', *, *, #331, .T. ) ;
#399 = ORIENTED_EDGE ( 'NONE', *, *, #107, .F. ) ;
#400 = ORIENTED_EDGE ( 'NONE', *, *, #323, .F. ) ;
#401 = ADVANCED_FACE ( 'NONE', ( #2446 ), #2481, .T. ) ;
#402 = EDGE_LOOP ( 'NONE', ( #403, #404, #405, #407 ) ) ;
#403 = ORIENTED_EDGE ( 'NONE', *, *, #426, .T. ) ;
#404 = ORIENTED_EDGE ( 'NONE', *, *, #186, .F. ) ;
#405 = ORIENTED_EDGE ( 'NONE', *, *, #406, .F. ) ;
#406 = EDGE_CURVE ( 'NONE', #5206, #184, #2482, .T. ) ;
#407 = ORIENTED_EDGE ( 'NONE', *, *, #5202, .F. ) ;
#408 = ADVANCED_FACE ( 'NONE', ( #2472 ), #2500, .T. ) ;
#409 = EDGE_LOOP ( 'NONE', ( #410, #463, #464, #466 ) ) ;
#410 = ORIENTED_EDGE ( 'NONE', *, *, #412, .T. ) ;
#411 = ORIENTED_EDGE ( 'NONE', *, *, #412, .F. ) ;
#412 = EDGE_CURVE ( 'NONE', #322, #5188, #2494, .T. ) ;
#413 = ORIENTED_EDGE ( 'NONE', *, *, #321, .F. ) ;
#414 = ORIENTED_EDGE ( 'NONE', *, *, #134, .F. ) ;
#415 = ORIENTED_EDGE ( 'NONE', *, *, #290, .F. ) ;
#416 = ORIENTED_EDGE ( 'NONE', *, *, #366, .T. ) ;
#417 = ORIENTED_EDGE ( 'NONE', *, *, #101, .F. ) ;
#418 = ADVANCED_FACE ( 'NONE', ( #2496 ), #2519, .T. ) ;
#419 = EDGE_LOOP ( 'NONE', ( #420, #421, #476, #478 ) ) ;
#420 = ORIENTED_EDGE ( 'NONE', *, *, #429, .T. ) ;
#421 = ORIENTED_EDGE ( 'NONE', *, *, #247, .F. ) ;
#422 = ORIENTED_EDGE ( 'NONE', *, *, #314, .F. ) ;
#423 = ADVANCED_FACE ( 'NONE', ( #2520 ), #2560, .T. ) ;
#424 = EDGE_LOOP ( 'NONE', ( #425, #427, #428 ) ) ;
#425 = ORIENTED_EDGE ( 'NONE', *, *, #426, .F. ) ;
#426 = EDGE_CURVE ( 'NONE', #5180, #193, #2561, .T. ) ;
#427 = ORIENTED_EDGE ( 'NONE', *, *, #439, .T. ) ;
#428 = ORIENTED_EDGE ( 'NONE', *, *, #429, .F. ) ;
#429 = EDGE_CURVE ( 'NONE', #193, #248, #2551, .T. ) ;
#430 = ADVANCED_FACE ( 'NONE', ( #2546 ), #2585, .T. ) ;
#431 = EDGE_LOOP ( 'NONE', ( #432, #433, #411, #413, #414, #415, #416, #417 ) ) ;
#432 = ORIENTED_EDGE ( 'NONE', *, *, #5226, .F. ) ;
#433 = ORIENTED_EDGE ( 'NONE', *, *, #5198, .F. ) ;
#434 = EDGE_CURVE ( 'NONE', #312, #105, #2586, .T. ) ;
#435 = ADVANCED_FACE ( 'NONE', ( #2576 ), #2614, .T. ) ;
#436 = ORIENTED_EDGE ( 'NONE', *, *, #367, .T. ) ;
#437 = ORIENTED_EDGE ( 'NONE', *, *, #250, .F. ) ;
#438 = ORIENTED_EDGE ( 'NONE', *, *, #439, .F. ) ;
#439 = EDGE_CURVE ( 'NONE', #5180, #248, #2615, .T. ) ;
#440 = EDGE_LOOP ( 'NONE', ( #441, #442, #443, #445 ) ) ;
#441 = ORIENTED_EDGE ( 'NONE', *, *, #470, .T. ) ;
#442 = ORIENTED_EDGE ( 'NONE', *, *, #5194, .F. ) ;
#443 = ORIENTED_EDGE ( 'NONE', *, *, #444, .F. ) ;
#444 = EDGE_CURVE ( 'NONE', #181, #5185, #2605, .T. ) ;
#445 = ORIENTED_EDGE ( 'NONE', *, *, #180, .F. ) ;
#446 = ADVANCED_FACE ( 'NONE', ( #2600 ), #2636, .T. ) ;
#447 = EDGE_LOOP ( 'NONE', ( #448, #449, #450, #504 ) ) ;
#448 = ORIENTED_EDGE ( 'NONE', *, *, #455, .T. ) ;
#449 = ORIENTED_EDGE ( 'NONE', *, *, #183, .F. ) ;
#450 = ORIENTED_EDGE ( 'NONE', *, *, #451, .F. ) ;
#451 = EDGE_CURVE ( 'NONE', #258, #181, #2637, .T. ) ;
#452 = ORIENTED_EDGE ( 'NONE', *, *, #465, .T. ) ;
#453 = ORIENTED_EDGE ( 'NONE', *, *, #406, .T. ) ;
#454 = ORIENTED_EDGE ( 'NONE', *, *, #455, .F. ) ;
#455 = EDGE_CURVE ( 'NONE', #238, #184, #2627, .T. ) ;
#456 = ADVANCED_FACE ( 'NONE', ( #2622 ), #2649, .T. ) ;
#457 = EDGE_LOOP ( 'NONE', ( #458, #459, #460, #462 ) ) ;
#458 = ORIENTED_EDGE ( 'NONE', *, *, #473, .T. ) ;
#459 = ORIENTED_EDGE ( 'NONE', *, *, #244, .F. ) ;
#460 = ORIENTED_EDGE ( 'NONE', *, *, #461, .F. ) ;
#461 = EDGE_CURVE ( 'NONE', #23, #272, #2645, .T. ) ;
#462 = ORIENTED_EDGE ( 'NONE', *, *, #26, .F. ) ;
#463 = ORIENTED_EDGE ( 'NONE', *, *, #5195, .F. ) ;
#464 = ORIENTED_EDGE ( 'NONE', *, *, #465, .F. ) ;
#465 = EDGE_CURVE ( 'NONE', #238, #5206, #2685, .T. ) ;
#466 = ORIENTED_EDGE ( 'NONE', *, *, #237, .F. ) ;
#467 = ADVANCED_FACE ( 'NONE', ( #2680 ), #2664, .T. ) ;
#468 = EDGE_LOOP ( 'NONE', ( #469, #471, #472 ) ) ;
#469 = ORIENTED_EDGE ( 'NONE', *, *, #470, .F. ) ;
#470 = EDGE_CURVE ( 'NONE', #178, #27, #2718, .T. ) ;
#471 = ORIENTED_EDGE ( 'NONE', *, *, #477, .T. ) ;
#472 = ORIENTED_EDGE ( 'NONE', *, *, #473, .F. ) ;
#473 = EDGE_CURVE ( 'NONE', #27, #245, #2709, .T. ) ;
#474 = ADVANCED_FACE ( 'NONE', ( #2704 ), #2742, .T. ) ;
#475 = EDGE_LOOP ( 'NONE', ( #452, #453, #454 ) ) ;
#476 = ORIENTED_EDGE ( 'NONE', *, *, #477, .F. ) ;
#477 = EDGE_CURVE ( 'NONE', #178, #245, #2743, .T. ) ;
#478 = ORIENTED_EDGE ( 'NONE', *, *, #192, .F. ) ;
#479 = ORIENTED_EDGE ( 'NONE', *, *, #1247, .F. ) ;
#480 = ADVANCED_FACE ( 'NONE', ( #2733 ), #2770, .T. ) ;
#481 = EDGE_LOOP ( 'NONE', ( #482, #483, #484, #486 ) ) ;
#482 = ORIENTED_EDGE ( 'NONE', *, *, #510, .T. ) ;
#483 = ORIENTED_EDGE ( 'NONE', *, *, #1250, .F. ) ;
#484 = ORIENTED_EDGE ( 'NONE', *, *, #485, .F. ) ;
#485 = EDGE_CURVE ( 'NONE', #41, #1248, #2771, .T. ) ;
#486 = ORIENTED_EDGE ( 'NONE', *, *, #40, .F. ) ;
#487 = ADVANCED_FACE ( 'NONE', ( #2761 ), #2746, .T. ) ;
#488 = EDGE_LOOP ( 'NONE', ( #489, #490, #542, #544 ) ) ;
#489 = ORIENTED_EDGE ( 'NONE', *, *, #497, .T. ) ;
#490 = ORIENTED_EDGE ( 'NONE', *, *, #5193, .F. ) ;
#491 = ORIENTED_EDGE ( 'NONE', *, *, #271, .F. ) ;
#492 = ADVANCED_FACE ( 'NONE', ( #2798 ), #2777, .T. ) ;
#493 = EDGE_LOOP ( 'NONE', ( #494, #495, #496 ) ) ;
#494 = ORIENTED_EDGE ( 'NONE', *, *, #451, .T. ) ;
#495 = ORIENTED_EDGE ( 'NONE', *, *, #444, .T. ) ;
#496 = ORIENTED_EDGE ( 'NONE', *, *, #497, .F. ) ;
#497 = EDGE_CURVE ( 'NONE', #258, #5185, #2778, .T. ) ;
#498 = ADVANCED_FACE ( 'NONE', ( #2823 ), #2806, .T. ) ;
#499 = EDGE_LOOP ( 'NONE', ( #500, #501, #502, #479 ) ) ;
#500 = ORIENTED_EDGE ( 'NONE', *, *, #61, .F. ) ;
#501 = ORIENTED_EDGE ( 'NONE', *, *, #47, .F. ) ;
#502 = ORIENTED_EDGE ( 'NONE', *, *, #503, .F. ) ;
#503 = EDGE_CURVE ( 'NONE', #1248, #52, #2807, .T. ) ;
#504 = ORIENTED_EDGE ( 'NONE', *, *, #240, .F. ) ;
#505 = ADVANCED_FACE ( 'NONE', ( #2851 ), #2835, .T. ) ;
#506 = EDGE_LOOP ( 'NONE', ( #507, #508, #509, #511, #512, #513, #514, #491 ) ) ;
#507 = ORIENTED_EDGE ( 'NONE', *, *, #18, .F. ) ;
#508 = ORIENTED_EDGE ( 'NONE', *, *, #1245, .F. ) ;
#509 = ORIENTED_EDGE ( 'NONE', *, *, #510, .F. ) ;
#510 = EDGE_CURVE ( 'NONE', #64, #1251, #2831, .T. ) ;
#511 = ORIENTED_EDGE ( 'NONE', *, *, #55, .F. ) ;
#512 = ORIENTED_EDGE ( 'NONE', *, *, #210, .F. ) ;
#513 = ORIENTED_EDGE ( 'NONE', *, *, #29, .F. ) ;
#514 = ORIENTED_EDGE ( 'NONE', *, *, #461, .T. ) ;
#515 = ADVANCED_FACE ( 'NONE', ( #2829 ), #2854, .T. ) ;
#516 = ORIENTED_EDGE ( 'NONE', *, *, #58, .F. ) ;
#517 = ADVANCED_FACE ( 'NONE', ( #2855 ), #2887, .T. ) ;
#518 = EDGE_LOOP ( 'NONE', ( #570, #574, #577, #580 ) ) ;
#519 = ORIENTED_EDGE ( 'NONE', *, *, #51, .F. ) ;
#520 = ORIENTED_EDGE ( 'NONE', *, *, #521, .F. ) ;
#521 = EDGE_CURVE ( 'NONE', #45, #57, #2880, .T. ) ;
#522 = ORIENTED_EDGE ( 'NONE', *, *, #44, .F. ) ;
#523 = ADVANCED_FACE ( 'NONE', ( #2876 ), #2919, .T. ) ;
#524 = EDGE_LOOP ( 'NONE', ( #525, #526, #527, #529 ) ) ;
#525 = ORIENTED_EDGE ( 'NONE', *, *, #533, .T. ) ;
#526 = ORIENTED_EDGE ( 'NONE', *, *, #38, .F. ) ;
#527 = ORIENTED_EDGE ( 'NONE', *, *, #528, .F. ) ;
#528 = EDGE_CURVE ( 'NONE', #297, #45, #2920, .T. ) ;
#529 = ORIENTED_EDGE ( 'NONE', *, *, #296, .F. ) ;
#530 = ADVANCED_FACE ( 'NONE', ( #2910 ), #2940, .T. ) ;
#531 = ORIENTED_EDGE ( 'NONE', *, *, #35, .F. ) ;
#532 = ORIENTED_EDGE ( 'NONE', *, *, #533, .F. ) ;
#533 = EDGE_CURVE ( 'NONE', #294, #42, #2935, .T. ) ;
#534 = ORIENTED_EDGE ( 'NONE', *, *, #293, .F. ) ;
#535 = ORIENTED_EDGE ( 'NONE', *, *, #128, .F. ) ;
#536 = ORIENTED_EDGE ( 'NONE', *, *, #318, .F. ) ;
#537 = ORIENTED_EDGE ( 'NONE', *, *, #543, .T. ) ;
#538 = ORIENTED_EDGE ( 'NONE', *, *, #5201, .F. ) ;
#539 = ADVANCED_FACE ( 'NONE', ( #2973 ), #2956, .T. ) ;
#540 = EDGE_LOOP ( 'NONE', ( #541, #519, #520, #522 ) ) ;
#541 = ORIENTED_EDGE ( 'NONE', *, *, #550, .T. ) ;
#542 = ORIENTED_EDGE ( 'NONE', *, *, #543, .F. ) ;
#543 = EDGE_CURVE ( 'NONE', #316, #5209, #2951, .T. ) ;
#544 = ORIENTED_EDGE ( 'NONE', *, *, #257, .F. ) ;
#545 = ADVANCED_FACE ( 'NONE', ( #2952 ), #3020, .T. ) ;
#546 = EDGE_LOOP ( 'NONE', ( #547, #548, #549 ) ) ;
#547 = ORIENTED_EDGE ( 'NONE', *, *, #485, .T. ) ;
#548 = ORIENTED_EDGE ( 'NONE', *, *, #503, .T. ) ;
#549 = ORIENTED_EDGE ( 'NONE', *, *, #550, .F. ) ;
#550 = EDGE_CURVE ( 'NONE', #41, #52, #3021, .T. ) ;
#551 = ADVANCED_FACE ( 'NONE', ( #3011 ), #2995, .T. ) ;
#552 = EDGE_LOOP ( 'NONE', ( #553, #531, #532, #534, #535, #536, #537, #538 ) ) ;
#553 = ORIENTED_EDGE ( 'NONE', *, *, #160, .F. ) ;
#554 = EDGE_CURVE ( 'NONE', #634, #608, #3052, .T. ) ;
#555 = ORIENTED_EDGE ( 'NONE', *, *, #556, .T. ) ;
#556 = EDGE_CURVE ( 'NONE', #573, #584, #3048, .T. ) ;
#557 = ORIENTED_EDGE ( 'NONE', *, *, #558, .T. ) ;
#558 = EDGE_CURVE ( 'NONE', #584, #559, #3043, .T. ) ;
#559 = VERTEX_POINT ( 'NONE', #3039 ) ;
#560 = ORIENTED_EDGE ( 'NONE', *, *, #561, .F. ) ;
#561 = EDGE_CURVE ( 'NONE', #576, #559, #3037, .T. ) ;
#562 = ORIENTED_EDGE ( 'NONE', *, *, #575, .F. ) ;
#563 = ADVANCED_FACE ( 'NONE', ( #3032 ), #3072, .T. ) ;
#564 = EDGE_LOOP ( 'NONE', ( #565, #623, #625, #628 ) ) ;
#565 = ORIENTED_EDGE ( 'NONE', *, *, #566, .T. ) ;
#566 = EDGE_CURVE ( 'NONE', #567, #568, #3073, .T. ) ;
#567 = VERTEX_POINT ( 'NONE', #3064 ) ;
#568 = VERTEX_POINT ( 'NONE', #3063 ) ;
#569 = VERTEX_POINT ( 'NONE', #3062 ) ;
#570 = ORIENTED_EDGE ( 'NONE', *, *, #571, .T. ) ;
#571 = EDGE_CURVE ( 'NONE', #572, #573, #3061, .T. ) ;
#572 = VERTEX_POINT ( 'NONE', #3057 ) ;
#573 = VERTEX_POINT ( 'NONE', #3056 ) ;
#574 = ORIENTED_EDGE ( 'NONE', *, *, #575, .T. ) ;
#575 = EDGE_CURVE ( 'NONE', #573, #576, #3055, .T. ) ;
#576 = VERTEX_POINT ( 'NONE', #3106 ) ;
#577 = ORIENTED_EDGE ( 'NONE', *, *, #578, .F. ) ;
#578 = EDGE_CURVE ( 'NONE', #579, #576, #3105, .T. ) ;
#579 = VERTEX_POINT ( 'NONE', #3101 ) ;
#580 = ORIENTED_EDGE ( 'NONE', *, *, #581, .F. ) ;
#581 = EDGE_CURVE ( 'NONE', #572, #579, #3099, .T. ) ;
#582 = ADVANCED_FACE ( 'NONE', ( #3095 ), #3080, .T. ) ;
#583 = EDGE_LOOP ( 'NONE', ( #555, #557, #560, #562 ) ) ;
#584 = VERTEX_POINT ( 'NONE', #3136 ) ;
#585 = EDGE_LOOP ( 'NONE', ( #586, #587, #588 ) ) ;
#586 = ORIENTED_EDGE ( 'NONE', *, *, #528, .T. ) ;
#587 = ORIENTED_EDGE ( 'NONE', *, *, #521, .T. ) ;
#588 = ORIENTED_EDGE ( 'NONE', *, *, #589, .F. ) ;
#589 = EDGE_CURVE ( 'NONE', #297, #57, #3131, .T. ) ;
#590 = ADVANCED_FACE ( 'NONE', ( #3126 ), #3111, .T. ) ;
#591 = EDGE_LOOP ( 'NONE', ( #592, #593, #594, #516 ) ) ;
#592 = ORIENTED_EDGE ( 'NONE', *, *, #197, .F. ) ;
#593 = ORIENTED_EDGE ( 'NONE', *, *, #299, .F. ) ;
#594 = ORIENTED_EDGE ( 'NONE', *, *, #589, .T. ) ;
#595 = EDGE_LOOP ( 'NONE', ( #596, #599, #600, #603 ) ) ;
#596 = ORIENTED_EDGE ( 'NONE', *, *, #597, .T. ) ;
#597 = EDGE_CURVE ( 'NONE', #598, #572, #3166, .T. ) ;
#598 = VERTEX_POINT ( 'NONE', #3161 ) ;
#599 = ORIENTED_EDGE ( 'NONE', *, *, #581, .T. ) ;
#600 = ORIENTED_EDGE ( 'NONE', *, *, #601, .F. ) ;
#601 = EDGE_CURVE ( 'NONE', #602, #579, #3160, .T. ) ;
#602 = VERTEX_POINT ( 'NONE', #3155 ) ;
#603 = ORIENTED_EDGE ( 'NONE', *, *, #604, .F. ) ;
#604 = EDGE_CURVE ( 'NONE', #598, #602, #3153, .T. ) ;
#605 = ADVANCED_FACE ( 'NONE', ( #3149 ), #3192, .F. ) ;
#606 = EDGE_LOOP ( 'NONE', ( #607, #664, #666, #667 ) ) ;
#607 = ORIENTED_EDGE ( 'NONE', *, *, #661, .T. ) ;
#608 = VERTEX_POINT ( 'NONE', #3193 ) ;
#609 = ORIENTED_EDGE ( 'NONE', *, *, #610, .F. ) ;
#610 = EDGE_CURVE ( 'NONE', #569, #608, #3187, .T. ) ;
#611 = ORIENTED_EDGE ( 'NONE', *, *, #624, .F. ) ;
#612 = ADVANCED_FACE ( 'NONE', ( #3183 ), #3221, .T. ) ;
#613 = EDGE_LOOP ( 'NONE', ( #614, #617, #620, #622 ) ) ;
#614 = ORIENTED_EDGE ( 'NONE', *, *, #615, .T. ) ;
#615 = EDGE_CURVE ( 'NONE', #634, #616, #3222, .T. ) ;
#616 = VERTEX_POINT ( 'NONE', #3213 ) ;
#617 = ORIENTED_EDGE ( 'NONE', *, *, #618, .T. ) ;
#618 = EDGE_CURVE ( 'NONE', #616, #619, #3212, .T. ) ;
#619 = VERTEX_POINT ( 'NONE', #3208 ) ;
#620 = ORIENTED_EDGE ( 'NONE', *, *, #621, .F. ) ;
#621 = EDGE_CURVE ( 'NONE', #608, #619, #3207, .T. ) ;
#622 = ORIENTED_EDGE ( 'NONE', *, *, #554, .F. ) ;
#623 = ORIENTED_EDGE ( 'NONE', *, *, #624, .T. ) ;
#624 = EDGE_CURVE ( 'NONE', #568, #569, #3202, .T. ) ;
#625 = ORIENTED_EDGE ( 'NONE', *, *, #626, .F. ) ;
#626 = EDGE_CURVE ( 'NONE', #627, #569, #3198, .T. ) ;
#627 = VERTEX_POINT ( 'NONE', #3250 ) ;
#628 = ORIENTED_EDGE ( 'NONE', *, *, #629, .F. ) ;
#629 = EDGE_CURVE ( 'NONE', #567, #627, #3248, .T. ) ;
#630 = ADVANCED_FACE ( 'NONE', ( #3244 ), #3229, .T. ) ;
#631 = EDGE_LOOP ( 'NONE', ( #632, #635, #609, #611 ) ) ;
#632 = ORIENTED_EDGE ( 'NONE', *, *, #633, .T. ) ;
#633 = EDGE_CURVE ( 'NONE', #568, #634, #3280, .T. ) ;
#634 = VERTEX_POINT ( 'NONE', #3276 ) ;
#635 = ORIENTED_EDGE ( 'NONE', *, *, #554, .T. ) ;
#636 = ADVANCED_FACE ( 'NONE', ( #3275 ), #3258, .T. ) ;
#637 = EDGE_LOOP ( 'NONE', ( #638, #641, #643, #644 ) ) ;
#638 = ORIENTED_EDGE ( 'NONE', *, *, #639, .T. ) ;
#639 = EDGE_CURVE ( 'NONE', #656, #640, #3254, .T. ) ;
#640 = VERTEX_POINT ( 'NONE', #3305 ) ;
#641 = ORIENTED_EDGE ( 'NONE', *, *, #642, .T. ) ;
#642 = EDGE_CURVE ( 'NONE', #640, #634, #3303, .T. ) ;
#643 = ORIENTED_EDGE ( 'NONE', *, *, #633, .F. ) ;
#644 = ORIENTED_EDGE ( 'NONE', *, *, #658, .F. ) ;
#645 = ADVANCED_FACE ( 'NONE', ( #3298 ), #3281, .T. ) ;
#646 = EDGE_LOOP ( 'NONE', ( #647, #703, #705, #706 ) ) ;
#647 = ORIENTED_EDGE ( 'NONE', *, *, #701, .T. ) ;
#648 = EDGE_CURVE ( 'NONE', #673, #584, #3282, .T. ) ;
#649 = ORIENTED_EDGE ( 'NONE', *, *, #556, .F. ) ;
#650 = ORIENTED_EDGE ( 'NONE', *, *, #665, .F. ) ;
#651 = ADVANCED_FACE ( 'NONE', ( #3327 ), #3310, .T. ) ;
#652 = EDGE_LOOP ( 'NONE', ( #653, #657, #659, #660 ) ) ;
#653 = ORIENTED_EDGE ( 'NONE', *, *, #654, .T. ) ;
#654 = EDGE_CURVE ( 'NONE', #655, #656, #3311, .T. ) ;
#655 = VERTEX_POINT ( 'NONE', #3366 ) ;
#656 = VERTEX_POINT ( 'NONE', #3365 ) ;
#657 = ORIENTED_EDGE ( 'NONE', *, *, #658, .T. ) ;
#658 = EDGE_CURVE ( 'NONE', #656, #568, #3363, .T. ) ;
#659 = ORIENTED_EDGE ( 'NONE', *, *, #566, .F. ) ;
#660 = ORIENTED_EDGE ( 'NONE', *, *, #714, .F. ) ;
#661 = EDGE_CURVE ( 'NONE', #662, #663, #3364, .T. ) ;
#662 = VERTEX_POINT ( 'NONE', #3355 ) ;
#663 = VERTEX_POINT ( 'NONE', #3354 ) ;
#664 = ORIENTED_EDGE ( 'NONE', *, *, #665, .T. ) ;
#665 = EDGE_CURVE ( 'NONE', #663, #573, #3353, .T. ) ;
#666 = ORIENTED_EDGE ( 'NONE', *, *, #571, .F. ) ;
#667 = ORIENTED_EDGE ( 'NONE', *, *, #668, .F. ) ;
#668 = EDGE_CURVE ( 'NONE', #662, #572, #3347, .T. ) ;
#669 = ADVANCED_FACE ( 'NONE', ( #3342 ), #3390, .T. ) ;
#670 = EDGE_LOOP ( 'NONE', ( #671, #674, #649, #650 ) ) ;
#671 = ORIENTED_EDGE ( 'NONE', *, *, #672, .T. ) ;
#672 = EDGE_CURVE ( 'NONE', #663, #673, #3391, .T. ) ;
#673 = VERTEX_POINT ( 'NONE', #3382 ) ;
#674 = ORIENTED_EDGE ( 'NONE', *, *, #648, .T. ) ;
#675 = ADVANCED_FACE ( 'NONE', ( #3381 ), #3420, .T. ) ;
#676 = EDGE_CURVE ( 'NONE', #5238, #673, #3415, .T. ) ;
#677 = ORIENTED_EDGE ( 'NONE', *, *, #672, .F. ) ;
#678 = ORIENTED_EDGE ( 'NONE', *, *, #695, .F. ) ;
#679 = ADVANCED_FACE ( 'NONE', ( #3411 ), #3447, .T. ) ;
#680 = EDGE_LOOP ( 'NONE', ( #681, #685, #741, #742 ) ) ;
#681 = ORIENTED_EDGE ( 'NONE', *, *, #682, .T. ) ;
#682 = EDGE_CURVE ( 'NONE', #683, #684, #3448, .T. ) ;
#683 = VERTEX_POINT ( 'NONE', #3439 ) ;
#684 = VERTEX_POINT ( 'NONE', #3438 ) ;
#685 = ORIENTED_EDGE ( 'NONE', *, *, #740, .T. ) ;
#686 = ORIENTED_EDGE ( 'NONE', *, *, #687, .F. ) ;
#687 = EDGE_CURVE ( 'NONE', #711, #598, #3436, .T. ) ;
#688 = ADVANCED_FACE ( 'NONE', ( #3437 ), #3465, .T. ) ;
#689 = EDGE_LOOP ( 'NONE', ( #690, #694, #696, #697 ) ) ;
#690 = ORIENTED_EDGE ( 'NONE', *, *, #691, .T. ) ;
#691 = EDGE_CURVE ( 'NONE', #692, #693, #3464, .T. ) ;
#692 = VERTEX_POINT ( 'NONE', #3456 ) ;
#693 = VERTEX_POINT ( 'NONE', #3455 ) ;
#694 = ORIENTED_EDGE ( 'NONE', *, *, #695, .T. ) ;
#695 = EDGE_CURVE ( 'NONE', #693, #663, #3454, .T. ) ;
#696 = ORIENTED_EDGE ( 'NONE', *, *, #661, .F. ) ;
#697 = ORIENTED_EDGE ( 'NONE', *, *, #698, .F. ) ;
#698 = EDGE_CURVE ( 'NONE', #692, #662, #3501, .T. ) ;
#699 = ADVANCED_FACE ( 'NONE', ( #3497 ), #3481, .T. ) ;
#700 = EDGE_LOOP ( 'NONE', ( #753, #5237, #677, #678 ) ) ;
#701 = EDGE_CURVE ( 'NONE', #640, #702, #3533, .T. ) ;
#702 = VERTEX_POINT ( 'NONE', #3529 ) ;
#703 = ORIENTED_EDGE ( 'NONE', *, *, #704, .T. ) ;
#704 = EDGE_CURVE ( 'NONE', #702, #616, #3527, .T. ) ;
#705 = ORIENTED_EDGE ( 'NONE', *, *, #615, .F. ) ;
#706 = ORIENTED_EDGE ( 'NONE', *, *, #642, .F. ) ;
#707 = ADVANCED_FACE ( 'NONE', ( #3522 ), #3506, .T. ) ;
#708 = EDGE_LOOP ( 'NONE', ( #709, #712, #713, #686 ) ) ;
#709 = ORIENTED_EDGE ( 'NONE', *, *, #710, .T. ) ;
#710 = EDGE_CURVE ( 'NONE', #711, #662, #3566, .T. ) ;
#711 = VERTEX_POINT ( 'NONE', #3558 ) ;
#712 = ORIENTED_EDGE ( 'NONE', *, *, #668, .T. ) ;
#713 = ORIENTED_EDGE ( 'NONE', *, *, #597, .F. ) ;
#714 = EDGE_CURVE ( 'NONE', #655, #567, #3556, .T. ) ;
#715 = ORIENTED_EDGE ( 'NONE', *, *, #716, .F. ) ;
#716 = EDGE_CURVE ( 'NONE', #739, #711, #3557, .T. ) ;
#717 = ADVANCED_FACE ( 'NONE', ( #3547 ), #3594, .F. ) ;
#718 = EDGE_LOOP ( 'NONE', ( #719, #723, #725, #780 ) ) ;
#719 = ORIENTED_EDGE ( 'NONE', *, *, #720, .T. ) ;
#720 = EDGE_CURVE ( 'NONE', #721, #722, #3590, .T. ) ;
#721 = VERTEX_POINT ( 'NONE', #3586 ) ;
#722 = VERTEX_POINT ( 'NONE', #3585 ) ;
#723 = ORIENTED_EDGE ( 'NONE', *, *, #724, .T. ) ;
#724 = EDGE_CURVE ( 'NONE', #722, #693, #3583, .T. ) ;
#725 = ORIENTED_EDGE ( 'NONE', *, *, #691, .F. ) ;
#726 = ORIENTED_EDGE ( 'NONE', *, *, #740, .F. ) ;
#727 = ADVANCED_FACE ( 'NONE', ( #3578 ), #3619, .T. ) ;
#728 = ORIENTED_EDGE ( 'NONE', *, *, #729, .T. ) ;
#729 = EDGE_CURVE ( 'NONE', #748, #730, #3620, .T. ) ;
#730 = VERTEX_POINT ( 'NONE', #3611 ) ;
#731 = ORIENTED_EDGE ( 'NONE', *, *, #732, .T. ) ;
#732 = EDGE_CURVE ( 'NONE', #730, #702, #3609, .T. ) ;
#733 = ORIENTED_EDGE ( 'NONE', *, *, #701, .F. ) ;
#734 = ORIENTED_EDGE ( 'NONE', *, *, #750, .F. ) ;
#735 = ADVANCED_FACE ( 'NONE', ( #3605 ), #3638, .T. ) ;
#736 = EDGE_LOOP ( 'NONE', ( #737, #793, #794, #715 ) ) ;
#737 = ORIENTED_EDGE ( 'NONE', *, *, #738, .T. ) ;
#738 = EDGE_CURVE ( 'NONE', #739, #692, #3639, .T. ) ;
#739 = VERTEX_POINT ( 'NONE', #3630 ) ;
#740 = EDGE_CURVE ( 'NONE', #684, #656, #3628, .T. ) ;
#741 = ORIENTED_EDGE ( 'NONE', *, *, #654, .F. ) ;
#742 = ORIENTED_EDGE ( 'NONE', *, *, #743, .F. ) ;
#743 = EDGE_CURVE ( 'NONE', #683, #655, #3629, .T. ) ;
#744 = ADVANCED_FACE ( 'NONE', ( #3670 ), #3655, .T. ) ;
#745 = EDGE_LOOP ( 'NONE', ( #746, #749, #751, #726 ) ) ;
#746 = ORIENTED_EDGE ( 'NONE', *, *, #747, .T. ) ;
#747 = EDGE_CURVE ( 'NONE', #684, #748, #3654, .T. ) ;
#748 = VERTEX_POINT ( 'NONE', #3708 ) ;
#749 = ORIENTED_EDGE ( 'NONE', *, *, #750, .T. ) ;
#750 = EDGE_CURVE ( 'NONE', #748, #640, #3707, .T. ) ;
#751 = ORIENTED_EDGE ( 'NONE', *, *, #639, .F. ) ;
#752 = EDGE_LOOP ( 'NONE', ( #728, #731, #733, #734 ) ) ;
#753 = ORIENTED_EDGE ( 'NONE', *, *, #754, .T. ) ;
#754 = EDGE_CURVE ( 'NONE', #693, #5238, #3703, .T. ) ;
#755 = EDGE_LOOP ( 'NONE', ( #756, #759, #761, #762 ) ) ;
#756 = ORIENTED_EDGE ( 'NONE', *, *, #757, .T. ) ;
#757 = EDGE_CURVE ( 'NONE', #777, #758, #3698, .T. ) ;
#758 = VERTEX_POINT ( 'NONE', #3693 ) ;
#759 = ORIENTED_EDGE ( 'NONE', *, *, #760, .T. ) ;
#760 = EDGE_CURVE ( 'NONE', #758, #730, #3691, .T. ) ;
#761 = ORIENTED_EDGE ( 'NONE', *, *, #729, .F. ) ;
#762 = ORIENTED_EDGE ( 'NONE', *, *, #779, .F. ) ;
#763 = ADVANCED_FACE ( 'NONE', ( #3686 ), #3729, .T. ) ;
#764 = ORIENTED_EDGE ( 'NONE', *, *, #765, .T. ) ;
#765 = EDGE_CURVE ( 'NONE', #766, #767, #3730, .T. ) ;
#766 = VERTEX_POINT ( 'NONE', #3721 ) ;
#767 = VERTEX_POINT ( 'NONE', #3720 ) ;
#768 = ORIENTED_EDGE ( 'NONE', *, *, #769, .T. ) ;
#769 = EDGE_CURVE ( 'NONE', #767, #684, #3718, .T. ) ;
#770 = ORIENTED_EDGE ( 'NONE', *, *, #682, .F. ) ;
#771 = ORIENTED_EDGE ( 'NONE', *, *, #772, .F. ) ;
#772 = EDGE_CURVE ( 'NONE', #766, #683, #3712, .T. ) ;
#773 = ADVANCED_FACE ( 'NONE', ( #3760 ), #3744, .T. ) ;
#774 = EDGE_LOOP ( 'NONE', ( #775, #778, #831, #832 ) ) ;
#775 = ORIENTED_EDGE ( 'NONE', *, *, #776, .T. ) ;
#776 = EDGE_CURVE ( 'NONE', #767, #777, #3740, .T. ) ;
#777 = VERTEX_POINT ( 'NONE', #3736 ) ;
#778 = ORIENTED_EDGE ( 'NONE', *, *, #779, .T. ) ;
#779 = EDGE_CURVE ( 'NONE', #777, #748, #3735, .T. ) ;
#780 = ORIENTED_EDGE ( 'NONE', *, *, #781, .F. ) ;
#781 = EDGE_CURVE ( 'NONE', #721, #692, #3782, .T. ) ;
#782 = ADVANCED_FACE ( 'NONE', ( #3778 ), #3761, .T. ) ;
#783 = EDGE_LOOP ( 'NONE', ( #784, #787, #789, #790 ) ) ;
#784 = ORIENTED_EDGE ( 'NONE', *, *, #785, .T. ) ;
#785 = EDGE_CURVE ( 'NONE', #722, #786, #3762, .T. ) ;
#786 = VERTEX_POINT ( 'NONE', #3810 ) ;
#787 = ORIENTED_EDGE ( 'NONE', *, *, #788, .T. ) ;
#788 = EDGE_CURVE ( 'NONE', #786, #5238, #3808, .T. ) ;
#789 = ORIENTED_EDGE ( 'NONE', *, *, #754, .F. ) ;
#790 = ORIENTED_EDGE ( 'NONE', *, *, #724, .F. ) ;
#791 = ADVANCED_FACE ( 'NONE', ( #3809 ), #3843, .T. ) ;
#792 = EDGE_LOOP ( 'NONE', ( #764, #768, #770, #771 ) ) ;
#793 = ORIENTED_EDGE ( 'NONE', *, *, #698, .T. ) ;
#794 = ORIENTED_EDGE ( 'NONE', *, *, #710, .F. ) ;
#795 = ORIENTED_EDGE ( 'NONE', *, *, #796, .F. ) ;
#796 = EDGE_CURVE ( 'NONE', #786, #155, #3837, .T. ) ;
#797 = ORIENTED_EDGE ( 'NONE', *, *, #785, .F. ) ;
#798 = ORIENTED_EDGE ( 'NONE', *, *, #813, .T. ) ;
#799 = ADVANCED_FACE ( 'NONE', ( #3833 ), #3818, .F. ) ;
#800 = EDGE_LOOP ( 'NONE', ( #801, #802, #804, #805, #863, #864, #865, #867, #868, #869, #870, #871 ) ) ;
#801 = ORIENTED_EDGE ( 'NONE', *, *, #224, .T. ) ;
#802 = ORIENTED_EDGE ( 'NONE', *, *, #803, .F. ) ;
#803 = EDGE_CURVE ( 'NONE', #766, #222, #3867, .T. ) ;
#804 = ORIENTED_EDGE ( 'NONE', *, *, #772, .T. ) ;
#805 = ORIENTED_EDGE ( 'NONE', *, *, #743, .T. ) ;
#806 = ORIENTED_EDGE ( 'NONE', *, *, #820, .F. ) ;
#807 = ORIENTED_EDGE ( 'NONE', *, *, #808, .T. ) ;
#808 = EDGE_CURVE ( 'NONE', #821, #229, #3863, .T. ) ;
#809 = ADVANCED_FACE ( 'NONE', ( #3858 ), #3899, .F. ) ;
#810 = EDGE_LOOP ( 'NONE', ( #811, #812, #814, #815 ) ) ;
#811 = ORIENTED_EDGE ( 'NONE', *, *, #32, .T. ) ;
#812 = ORIENTED_EDGE ( 'NONE', *, *, #813, .F. ) ;
#813 = EDGE_CURVE ( 'NONE', #722, #154, #3893, .T. ) ;
#814 = ORIENTED_EDGE ( 'NONE', *, *, #720, .F. ) ;
#815 = ORIENTED_EDGE ( 'NONE', *, *, #830, .T. ) ;
#816 = ADVANCED_FACE ( 'NONE', ( #3889 ), #3873, .T. ) ;
#817 = EDGE_LOOP ( 'NONE', ( #874, #795, #797, #798 ) ) ;
#818 = EDGE_LOOP ( 'NONE', ( #819, #822, #823, #824 ) ) ;
#819 = ORIENTED_EDGE ( 'NONE', *, *, #820, .T. ) ;
#820 = EDGE_CURVE ( 'NONE', #821, #721, #3928, .T. ) ;
#821 = VERTEX_POINT ( 'NONE', #3921 ) ;
#822 = ORIENTED_EDGE ( 'NONE', *, *, #781, .T. ) ;
#823 = ORIENTED_EDGE ( 'NONE', *, *, #738, .F. ) ;
#824 = ORIENTED_EDGE ( 'NONE', *, *, #825, .F. ) ;
#825 = EDGE_CURVE ( 'NONE', #821, #739, #3919, .T. ) ;
#826 = ADVANCED_FACE ( 'NONE', ( #3914 ), #3953, .T. ) ;
#827 = EDGE_LOOP ( 'NONE', ( #828, #829, #806, #807 ) ) ;
#828 = ORIENTED_EDGE ( 'NONE', *, *, #228, .T. ) ;
#829 = ORIENTED_EDGE ( 'NONE', *, *, #830, .F. ) ;
#830 = EDGE_CURVE ( 'NONE', #721, #230, #3948, .T. ) ;
#831 = ORIENTED_EDGE ( 'NONE', *, *, #747, .F. ) ;
#832 = ORIENTED_EDGE ( 'NONE', *, *, #769, .F. ) ;
#833 = ADVANCED_FACE ( 'NONE', ( #3944 ), #3929, .T. ) ;
#834 = ORIENTED_EDGE ( 'NONE', *, *, #618, .F. ) ;
#835 = ORIENTED_EDGE ( 'NONE', *, *, #704, .F. ) ;
#836 = ORIENTED_EDGE ( 'NONE', *, *, #732, .F. ) ;
#837 = ORIENTED_EDGE ( 'NONE', *, *, #760, .F. ) ;
#838 = ORIENTED_EDGE ( 'NONE', *, *, #843, .T. ) ;
#839 = ADVANCED_FACE ( 'NONE', ( #3980 ), #3960, .T. ) ;
#840 = EDGE_LOOP ( 'NONE', ( #841, #842, #844, #845 ) ) ;
#841 = ORIENTED_EDGE ( 'NONE', *, *, #204, .T. ) ;
#842 = ORIENTED_EDGE ( 'NONE', *, *, #843, .F. ) ;
#843 = EDGE_CURVE ( 'NONE', #758, #233, #3955, .T. ) ;
#844 = ORIENTED_EDGE ( 'NONE', *, *, #757, .F. ) ;
#845 = ORIENTED_EDGE ( 'NONE', *, *, #860, .T. ) ;
#846 = ADVANCED_FACE ( 'NONE', ( #4009 ), #3994, .F. ) ;
#847 = EDGE_LOOP ( 'NONE', ( #848, #849, #850, #912, #913, #914, #915, #834, #835, #836, #837, #838 ) ) ;
#848 = ORIENTED_EDGE ( 'NONE', *, *, #232, .T. ) ;
#849 = ORIENTED_EDGE ( 'NONE', *, *, #808, .F. ) ;
#850 = ORIENTED_EDGE ( 'NONE', *, *, #825, .T. ) ;
#851 = ORIENTED_EDGE ( 'NONE', *, *, #221, .T. ) ;
#852 = ORIENTED_EDGE ( 'NONE', *, *, #853, .F. ) ;
#853 = EDGE_CURVE ( 'NONE', #767, #219, #3993, .T. ) ;
#854 = ORIENTED_EDGE ( 'NONE', *, *, #765, .F. ) ;
#855 = ORIENTED_EDGE ( 'NONE', *, *, #803, .T. ) ;
#856 = ADVANCED_FACE ( 'NONE', ( #3984 ), #4027, .F. ) ;
#857 = EDGE_LOOP ( 'NONE', ( #858, #859, #861, #862 ) ) ;
#858 = ORIENTED_EDGE ( 'NONE', *, *, #34, .T. ) ;
#859 = ORIENTED_EDGE ( 'NONE', *, *, #860, .F. ) ;
#860 = EDGE_CURVE ( 'NONE', #777, #205, #4026, .T. ) ;
#861 = ORIENTED_EDGE ( 'NONE', *, *, #776, .F. ) ;
#862 = ORIENTED_EDGE ( 'NONE', *, *, #853, .T. ) ;
#863 = ORIENTED_EDGE ( 'NONE', *, *, #714, .T. ) ;
#864 = ORIENTED_EDGE ( 'NONE', *, *, #629, .T. ) ;
#865 = ORIENTED_EDGE ( 'NONE', *, *, #866, .F. ) ;
#866 = EDGE_CURVE ( 'NONE', #559, #627, #4018, .T. ) ;
#867 = ORIENTED_EDGE ( 'NONE', *, *, #558, .F. ) ;
#868 = ORIENTED_EDGE ( 'NONE', *, *, #648, .F. ) ;
#869 = ORIENTED_EDGE ( 'NONE', *, *, #676, .F. ) ;
#870 = ORIENTED_EDGE ( 'NONE', *, *, #788, .F. ) ;
#871 = ORIENTED_EDGE ( 'NONE', *, *, #796, .T. ) ;
#872 = ADVANCED_FACE ( 'NONE', ( #4013 ), #4053, .T. ) ;
#873 = EDGE_LOOP ( 'NONE', ( #851, #852, #854, #855 ) ) ;
#874 = ORIENTED_EDGE ( 'NONE', *, *, #153, .T. ) ;
#875 = ADVANCED_FACE ( 'NONE', ( #4054 ), #4088, .T. ) ;
#876 = EDGE_LOOP ( 'NONE', ( #877, #880, #937, #939 ) ) ;
#877 = ORIENTED_EDGE ( 'NONE', *, *, #878, .F. ) ;
#878 = EDGE_CURVE ( 'NONE', #879, #899, #4089, .T. ) ;
#879 = VERTEX_POINT ( 'NONE', #4080 ) ;
#880 = ORIENTED_EDGE ( 'NONE', *, *, #881, .T. ) ;
#881 = EDGE_CURVE ( 'NONE', #879, #882, #4079, .T. ) ;
#882 = VERTEX_POINT ( 'NONE', #4075 ) ;
#883 = ORIENTED_EDGE ( 'NONE', *, *, #884, .F. ) ;
#884 = EDGE_CURVE ( 'NONE', #885, #886, #4074, .T. ) ;
#885 = VERTEX_POINT ( 'NONE', #4125 ) ;
#886 = VERTEX_POINT ( 'NONE', #4124 ) ;
#887 = ORIENTED_EDGE ( 'NONE', *, *, #888, .T. ) ;
#888 = EDGE_CURVE ( 'NONE', #885, #889, #4123, .T. ) ;
#889 = VERTEX_POINT ( 'NONE', #4119 ) ;
#890 = ORIENTED_EDGE ( 'NONE', *, *, #891, .T. ) ;
#891 = EDGE_CURVE ( 'NONE', #889, #892, #4118, .T. ) ;
#892 = VERTEX_POINT ( 'NONE', #4113 ) ;
#893 = ORIENTED_EDGE ( 'NONE', *, *, #894, .F. ) ;
#894 = EDGE_CURVE ( 'NONE', #886, #892, #4111, .T. ) ;
#895 = ADVANCED_FACE ( 'NONE', ( #4107 ), #4151, .F. ) ;
#896 = EDGE_LOOP ( 'NONE', ( #897, #952, #955, #957 ) ) ;
#897 = ORIENTED_EDGE ( 'NONE', *, *, #898, .F. ) ;
#898 = EDGE_CURVE ( 'NONE', #899, #885, #4150, .T. ) ;
#899 = VERTEX_POINT ( 'NONE', #4142 ) ;
#900 = ADVANCED_FACE ( 'NONE', ( #4141 ), #4177, .F. ) ;
#901 = EDGE_LOOP ( 'NONE', ( #902, #903, #904, #905, #906, #907, #908, #909 ) ) ;
#902 = ORIENTED_EDGE ( 'NONE', *, *, #601, .T. ) ;
#903 = ORIENTED_EDGE ( 'NONE', *, *, #578, .T. ) ;
#904 = ORIENTED_EDGE ( 'NONE', *, *, #561, .T. ) ;
#905 = ORIENTED_EDGE ( 'NONE', *, *, #866, .T. ) ;
#906 = ORIENTED_EDGE ( 'NONE', *, *, #626, .T. ) ;
#907 = ORIENTED_EDGE ( 'NONE', *, *, #610, .T. ) ;
#908 = ORIENTED_EDGE ( 'NONE', *, *, #621, .T. ) ;
#909 = ORIENTED_EDGE ( 'NONE', *, *, #916, .T. ) ;
#910 = ADVANCED_FACE ( 'NONE', ( #4170 ), #4155, .T. ) ;
#911 = EDGE_LOOP ( 'NONE', ( #883, #887, #890, #893 ) ) ;
#912 = ORIENTED_EDGE ( 'NONE', *, *, #716, .T. ) ;
#913 = ORIENTED_EDGE ( 'NONE', *, *, #687, .T. ) ;
#914 = ORIENTED_EDGE ( 'NONE', *, *, #604, .T. ) ;
#915 = ORIENTED_EDGE ( 'NONE', *, *, #916, .F. ) ;
#916 = EDGE_CURVE ( 'NONE', #619, #602, #4207, .T. ) ;
#917 = VERTEX_POINT ( 'NONE', #4203 ) ;
#918 = ORIENTED_EDGE ( 'NONE', *, *, #919, .T. ) ;
#919 = EDGE_CURVE ( 'NONE', #917, #933, #4201, .T. ) ;
#920 = ORIENTED_EDGE ( 'NONE', *, *, #932, .F. ) ;
#921 = ADVANCED_FACE ( 'NONE', ( #4196 ), #4180, .T. ) ;
#922 = EDGE_LOOP ( 'NONE', ( #923, #979, #981, #982 ) ) ;
#923 = ORIENTED_EDGE ( 'NONE', *, *, #976, .F. ) ;
#924 = ORIENTED_EDGE ( 'NONE', *, *, #925, .F. ) ;
#925 = EDGE_CURVE ( 'NONE', #945, #951, #4229, .T. ) ;
#926 = ADVANCED_FACE ( 'NONE', ( #4225 ), #4210, .F. ) ;
#927 = EDGE_LOOP ( 'NONE', ( #928, #931, #934, #936 ) ) ;
#928 = ORIENTED_EDGE ( 'NONE', *, *, #929, .F. ) ;
#929 = EDGE_CURVE ( 'NONE', #930, #944, #4264, .T. ) ;
#930 = VERTEX_POINT ( 'NONE', #4260 ) ;
#931 = ORIENTED_EDGE ( 'NONE', *, *, #932, .T. ) ;
#932 = EDGE_CURVE ( 'NONE', #930, #933, #4259, .T. ) ;
#933 = VERTEX_POINT ( 'NONE', #4255 ) ;
#934 = ORIENTED_EDGE ( 'NONE', *, *, #935, .T. ) ;
#935 = EDGE_CURVE ( 'NONE', #933, #948, #4254, .T. ) ;
#936 = ORIENTED_EDGE ( 'NONE', *, *, #947, .F. ) ;
#937 = ORIENTED_EDGE ( 'NONE', *, *, #938, .T. ) ;
#938 = EDGE_CURVE ( 'NONE', #882, #954, #4249, .T. ) ;
#939 = ORIENTED_EDGE ( 'NONE', *, *, #953, .F. ) ;
#940 = ADVANCED_FACE ( 'NONE', ( #4244 ), #4288, .T. ) ;
#941 = EDGE_LOOP ( 'NONE', ( #942, #946, #949, #924 ) ) ;
#942 = ORIENTED_EDGE ( 'NONE', *, *, #943, .F. ) ;
#943 = EDGE_CURVE ( 'NONE', #944, #945, #4289, .T. ) ;
#944 = VERTEX_POINT ( 'NONE', #4280 ) ;
#945 = VERTEX_POINT ( 'NONE', #4279 ) ;
#946 = ORIENTED_EDGE ( 'NONE', *, *, #947, .T. ) ;
#947 = EDGE_CURVE ( 'NONE', #944, #948, #4278, .T. ) ;
#948 = VERTEX_POINT ( 'NONE', #4274 ) ;
#949 = ORIENTED_EDGE ( 'NONE', *, *, #950, .T. ) ;
#950 = EDGE_CURVE ( 'NONE', #948, #951, #4272, .T. ) ;
#951 = VERTEX_POINT ( 'NONE', #4326 ) ;
#952 = ORIENTED_EDGE ( 'NONE', *, *, #953, .T. ) ;
#953 = EDGE_CURVE ( 'NONE', #899, #954, #4325, .T. ) ;
#954 = VERTEX_POINT ( 'NONE', #4321 ) ;
#955 = ORIENTED_EDGE ( 'NONE', *, *, #956, .T. ) ;
#956 = EDGE_CURVE ( 'NONE', #954, #889, #4320, .T. ) ;
#957 = ORIENTED_EDGE ( 'NONE', *, *, #888, .F. ) ;
#958 = EDGE_LOOP ( 'NONE', ( #959, #1015, #1017, #1018 ) ) ;
#959 = ORIENTED_EDGE ( 'NONE', *, *, #960, .F. ) ;
#960 = EDGE_CURVE ( 'NONE', #961, #1030, #4316, .T. ) ;
#961 = VERTEX_POINT ( 'NONE', #4312 ) ;
#962 = EDGE_CURVE ( 'NONE', #988, #899, #4310, .T. ) ;
#963 = ORIENTED_EDGE ( 'NONE', *, *, #898, .T. ) ;
#964 = ORIENTED_EDGE ( 'NONE', *, *, #980, .F. ) ;
#965 = ADVANCED_FACE ( 'NONE', ( #4305 ), #4351, .T. ) ;
#966 = EDGE_LOOP ( 'NONE', ( #967, #970, #972, #973 ) ) ;
#967 = ORIENTED_EDGE ( 'NONE', *, *, #968, .F. ) ;
#968 = EDGE_CURVE ( 'NONE', #969, #988, #4352, .T. ) ;
#969 = VERTEX_POINT ( 'NONE', #4343 ) ;
#970 = ORIENTED_EDGE ( 'NONE', *, *, #971, .T. ) ;
#971 = EDGE_CURVE ( 'NONE', #969, #879, #4341, .T. ) ;
#972 = ORIENTED_EDGE ( 'NONE', *, *, #878, .T. ) ;
#973 = ORIENTED_EDGE ( 'NONE', *, *, #962, .F. ) ;
#974 = ADVANCED_FACE ( 'NONE', ( #4342 ), #4372, .T. ) ;
#975 = EDGE_LOOP ( 'NONE', ( #1028, #1032, #1034, #1035 ) ) ;
#976 = EDGE_CURVE ( 'NONE', #977, #978, #4373, .T. ) ;
#977 = VERTEX_POINT ( 'NONE', #4364 ) ;
#978 = VERTEX_POINT ( 'NONE', #4363 ) ;
#979 = ORIENTED_EDGE ( 'NONE', *, *, #980, .T. ) ;
#980 = EDGE_CURVE ( 'NONE', #977, #885, #4361, .T. ) ;
#981 = ORIENTED_EDGE ( 'NONE', *, *, #884, .T. ) ;
#982 = ORIENTED_EDGE ( 'NONE', *, *, #983, .F. ) ;
#983 = EDGE_CURVE ( 'NONE', #978, #886, #4405, .T. ) ;
#984 = ADVANCED_FACE ( 'NONE', ( #4401 ), #4385, .T. ) ;
#985 = EDGE_LOOP ( 'NONE', ( #986, #989, #963, #964 ) ) ;
#986 = ORIENTED_EDGE ( 'NONE', *, *, #987, .F. ) ;
#987 = EDGE_CURVE ( 'NONE', #988, #977, #4380, .T. ) ;
#988 = VERTEX_POINT ( 'NONE', #4432 ) ;
#989 = ORIENTED_EDGE ( 'NONE', *, *, #962, .T. ) ;
#990 = ADVANCED_FACE ( 'NONE', ( #4431 ), #4413, .T. ) ;
#991 = EDGE_LOOP ( 'NONE', ( #992, #995, #918, #920 ) ) ;
#992 = ORIENTED_EDGE ( 'NONE', *, *, #993, .F. ) ;
#993 = EDGE_CURVE ( 'NONE', #994, #930, #4414, .T. ) ;
#994 = VERTEX_POINT ( 'NONE', #4464 ) ;
#995 = ORIENTED_EDGE ( 'NONE', *, *, #996, .T. ) ;
#996 = EDGE_CURVE ( 'NONE', #994, #917, #4463, .T. ) ;
#997 = EDGE_CURVE ( 'NONE', #998, #1014, #4459, .T. ) ;
#998 = VERTEX_POINT ( 'NONE', #4454 ) ;
#999 = ORIENTED_EDGE ( 'NONE', *, *, #1000, .T. ) ;
#1000 = EDGE_CURVE ( 'NONE', #998, #969, #4452, .T. ) ;
#1001 = ORIENTED_EDGE ( 'NONE', *, *, #1016, .F. ) ;
#1002 = ADVANCED_FACE ( 'NONE', ( #4448 ), #4495, .T. ) ;
#1003 = ORIENTED_EDGE ( 'NONE', *, *, #1004, .F. ) ;
#1004 = EDGE_CURVE ( 'NONE', #1005, #1006, #4496, .T. ) ;
#1005 = VERTEX_POINT ( 'NONE', #4487 ) ;
#1006 = VERTEX_POINT ( 'NONE', #4486 ) ;
#1007 = ORIENTED_EDGE ( 'NONE', *, *, #1008, .T. ) ;
#1008 = EDGE_CURVE ( 'NONE', #1005, #977, #4485, .T. ) ;
#1009 = ORIENTED_EDGE ( 'NONE', *, *, #976, .T. ) ;
#1010 = ORIENTED_EDGE ( 'NONE', *, *, #1011, .F. ) ;
#1011 = EDGE_CURVE ( 'NONE', #1006, #978, #4480, .T. ) ;
#1012 = ADVANCED_FACE ( 'NONE', ( #4476 ), #4521, .F. ) ;
#1013 = EDGE_LOOP ( 'NONE', ( #1072, #1074, #1076, #1077 ) ) ;
#1014 = VERTEX_POINT ( 'NONE', #4516 ) ;
#1015 = ORIENTED_EDGE ( 'NONE', *, *, #1016, .T. ) ;
#1016 = EDGE_CURVE ( 'NONE', #961, #930, #4514, .T. ) ;
#1017 = ORIENTED_EDGE ( 'NONE', *, *, #929, .T. ) ;
#1018 = ORIENTED_EDGE ( 'NONE', *, *, #1033, .F. ) ;
#1019 = ADVANCED_FACE ( 'NONE', ( #4509 ), #4545, .T. ) ;
#1020 = EDGE_LOOP ( 'NONE', ( #1021, #1024, #1026, #1001 ) ) ;
#1021 = ORIENTED_EDGE ( 'NONE', *, *, #1022, .F. ) ;
#1022 = EDGE_CURVE ( 'NONE', #1023, #961, #4546, .T. ) ;
#1023 = VERTEX_POINT ( 'NONE', #4537 ) ;
#1024 = ORIENTED_EDGE ( 'NONE', *, *, #1025, .T. ) ;
#1025 = EDGE_CURVE ( 'NONE', #1023, #994, #4535, .T. ) ;
#1026 = ORIENTED_EDGE ( 'NONE', *, *, #993, .T. ) ;
#1027 = EDGE_LOOP ( 'NONE', ( #1003, #1007, #1009, #1010 ) ) ;
#1028 = ORIENTED_EDGE ( 'NONE', *, *, #1029, .F. ) ;
#1029 = EDGE_CURVE ( 'NONE', #1030, #1031, #4530, .T. ) ;
#1030 = VERTEX_POINT ( 'NONE', #4526 ) ;
#1031 = VERTEX_POINT ( 'NONE', #4578 ) ;
#1032 = ORIENTED_EDGE ( 'NONE', *, *, #1033, .T. ) ;
#1033 = EDGE_CURVE ( 'NONE', #1030, #944, #4576, .T. ) ;
#1034 = ORIENTED_EDGE ( 'NONE', *, *, #943, .T. ) ;
#1035 = ORIENTED_EDGE ( 'NONE', *, *, #1036, .F. ) ;
#1036 = EDGE_CURVE ( 'NONE', #1031, #945, #4570, .T. ) ;
#1037 = ADVANCED_FACE ( 'NONE', ( #4566 ), #4551, .F. ) ;
#1038 = ORIENTED_EDGE ( 'NONE', *, *, #1039, .F. ) ;
#1039 = EDGE_CURVE ( 'NONE', #1040, #1041, #4609, .T. ) ;
#1040 = VERTEX_POINT ( 'NONE', #4600 ) ;
#1041 = VERTEX_POINT ( 'NONE', #4599 ) ;
#1042 = ORIENTED_EDGE ( 'NONE', *, *, #1043, .T. ) ;
#1043 = EDGE_CURVE ( 'NONE', #1040, #1005, #4597, .T. ) ;
#1044 = ORIENTED_EDGE ( 'NONE', *, *, #1004, .T. ) ;
#1045 = ADVANCED_FACE ( 'NONE', ( #4592 ), #4636, .F. ) ;
#1046 = EDGE_LOOP ( 'NONE', ( #1047, #1050, #1052, #1053 ) ) ;
#1047 = ORIENTED_EDGE ( 'NONE', *, *, #1048, .F. ) ;
#1048 = EDGE_CURVE ( 'NONE', #1049, #1065, #4635, .T. ) ;
#1049 = VERTEX_POINT ( 'NONE', #4627 ) ;
#1050 = ORIENTED_EDGE ( 'NONE', *, *, #1051, .T. ) ;
#1051 = EDGE_CURVE ( 'NONE', #1049, #961, #4625, .T. ) ;
#1052 = ORIENTED_EDGE ( 'NONE', *, *, #960, .T. ) ;
#1053 = ORIENTED_EDGE ( 'NONE', *, *, #1068, .F. ) ;
#1054 = ADVANCED_FACE ( 'NONE', ( #4621 ), #4660, .T. ) ;
#1055 = EDGE_LOOP ( 'NONE', ( #1056, #1111, #1113, #1114 ) ) ;
#1056 = ORIENTED_EDGE ( 'NONE', *, *, #1057, .F. ) ;
#1057 = EDGE_CURVE ( 'NONE', #1058, #1049, #4661, .T. ) ;
#1058 = VERTEX_POINT ( 'NONE', #4651 ) ;
#1059 = ORIENTED_EDGE ( 'NONE', *, *, #968, .T. ) ;
#1060 = ORIENTED_EDGE ( 'NONE', *, *, #1075, .F. ) ;
#1061 = ADVANCED_FACE ( 'NONE', ( #4650 ), #4688, .T. ) ;
#1062 = EDGE_LOOP ( 'NONE', ( #1063, #1067, #1069, #1070 ) ) ;
#1063 = ORIENTED_EDGE ( 'NONE', *, *, #1064, .F. ) ;
#1064 = EDGE_CURVE ( 'NONE', #1065, #1066, #4689, .T. ) ;
#1065 = VERTEX_POINT ( 'NONE', #4680 ) ;
#1066 = VERTEX_POINT ( 'NONE', #4679 ) ;
#1067 = ORIENTED_EDGE ( 'NONE', *, *, #1068, .T. ) ;
#1068 = EDGE_CURVE ( 'NONE', #1065, #1030, #4678, .T. ) ;
#1069 = ORIENTED_EDGE ( 'NONE', *, *, #1029, .T. ) ;
#1070 = ORIENTED_EDGE ( 'NONE', *, *, #1071, .F. ) ;
#1071 = EDGE_CURVE ( 'NONE', #1066, #1031, #4674, .T. ) ;
#1072 = ORIENTED_EDGE ( 'NONE', *, *, #1073, .F. ) ;
#1073 = EDGE_CURVE ( 'NONE', #1014, #1005, #4670, .T. ) ;
#1074 = ORIENTED_EDGE ( 'NONE', *, *, #1075, .T. ) ;
#1075 = EDGE_CURVE ( 'NONE', #1014, #988, #4666, .T. ) ;
#1076 = ORIENTED_EDGE ( 'NONE', *, *, #987, .T. ) ;
#1077 = ORIENTED_EDGE ( 'NONE', *, *, #1008, .F. ) ;
#1078 = ADVANCED_FACE ( 'NONE', ( #4720 ), #4701, .T. ) ;
#1079 = ORIENTED_EDGE ( 'NONE', *, *, #1048, .T. ) ;
#1080 = ORIENTED_EDGE ( 'NONE', *, *, #1095, .F. ) ;
#1081 = ADVANCED_FACE ( 'NONE', ( #4693 ), #4744, .T. ) ;
#1082 = EDGE_LOOP ( 'NONE', ( #1136, #1139, #1141, #1142 ) ) ;
#1083 = VERTEX_POINT ( 'NONE', #4740 ) ;
#1084 = ORIENTED_EDGE ( 'NONE', *, *, #1085, .T. ) ;
#1085 = EDGE_CURVE ( 'NONE', #1083, #998, #4738, .T. ) ;
#1086 = ORIENTED_EDGE ( 'NONE', *, *, #997, .T. ) ;
#1087 = ORIENTED_EDGE ( 'NONE', *, *, #1104, .F. ) ;
#1088 = ADVANCED_FACE ( 'NONE', ( #4733 ), #4765, .T. ) ;
#1089 = EDGE_LOOP ( 'NONE', ( #1090, #1094, #1148, #1149 ) ) ;
#1090 = ORIENTED_EDGE ( 'NONE', *, *, #1091, .F. ) ;
#1091 = EDGE_CURVE ( 'NONE', #1092, #1093, #4766, .T. ) ;
#1092 = VERTEX_POINT ( 'NONE', #4757 ) ;
#1093 = VERTEX_POINT ( 'NONE', #4756 ) ;
#1094 = ORIENTED_EDGE ( 'NONE', *, *, #1095, .T. ) ;
#1095 = EDGE_CURVE ( 'NONE', #1092, #1065, #4754, .T. ) ;
#1096 = ORIENTED_EDGE ( 'NONE', *, *, #1097, .F. ) ;
#1097 = EDGE_CURVE ( 'NONE', #1041, #1006, #4796, .T. ) ;
#1098 = ADVANCED_FACE ( 'NONE', ( #4792 ), #4776, .T. ) ;
#1099 = EDGE_LOOP ( 'NONE', ( #1100, #1103, #1105, #1106 ) ) ;
#1100 = ORIENTED_EDGE ( 'NONE', *, *, #1101, .F. ) ;
#1101 = EDGE_CURVE ( 'NONE', #1102, #1040, #4828, .T. ) ;
#1102 = VERTEX_POINT ( 'NONE', #4824 ) ;
#1103 = ORIENTED_EDGE ( 'NONE', *, *, #1104, .T. ) ;
#1104 = EDGE_CURVE ( 'NONE', #1102, #1014, #4822, .T. ) ;
#1105 = ORIENTED_EDGE ( 'NONE', *, *, #1073, .T. ) ;
#1106 = ORIENTED_EDGE ( 'NONE', *, *, #1043, .F. ) ;
#1107 = ADVANCED_FACE ( 'NONE', ( #4817 ), #4858, .T. ) ;
#1108 = EDGE_LOOP ( 'NONE', ( #1109, #1084, #1086, #1087 ) ) ;
#1109 = ORIENTED_EDGE ( 'NONE', *, *, #1110, .F. ) ;
#1110 = EDGE_CURVE ( 'NONE', #1083, #1102, #4859, .T. ) ;
#1111 = ORIENTED_EDGE ( 'NONE', *, *, #1112, .T. ) ;
#1112 = EDGE_CURVE ( 'NONE', #1058, #1023, #4849, .T. ) ;
#1113 = ORIENTED_EDGE ( 'NONE', *, *, #1022, .T. ) ;
#1114 = ORIENTED_EDGE ( 'NONE', *, *, #1051, .F. ) ;
#1115 = ADVANCED_FACE ( 'NONE', ( #4845 ), #4830, .T. ) ;
#1116 = EDGE_LOOP ( 'NONE', ( #1038, #1042, #1044, #1096 ) ) ;
#1117 = ORIENTED_EDGE ( 'NONE', *, *, #1112, .F. ) ;
#1118 = ORIENTED_EDGE ( 'NONE', *, *, #1140, .F. ) ;
#1119 = ORIENTED_EDGE ( 'NONE', *, *, #1147, .T. ) ;
#1120 = ADVANCED_FACE ( 'NONE', ( #4883 ), #4863, .T. ) ;
#1121 = EDGE_LOOP ( 'NONE', ( #1122, #1123, #1183, #1184 ) ) ;
#1122 = ORIENTED_EDGE ( 'NONE', *, *, #234, .F. ) ;
#1123 = ORIENTED_EDGE ( 'NONE', *, *, #1182, .F. ) ;
#1124 = ORIENTED_EDGE ( 'NONE', *, *, #1137, .T. ) ;
#1125 = ORIENTED_EDGE ( 'NONE', *, *, #1126, .T. ) ;
#1126 = EDGE_CURVE ( 'NONE', #1155, #167, #4921, .T. ) ;
#1127 = ADVANCED_FACE ( 'NONE', ( #4917 ), #4916, .T. ) ;
#1128 = EDGE_LOOP ( 'NONE', ( #1129, #1130, #1132, #1133, #1134, #1135, #1194, #1196, #1197, #1117, #1118, #1119 ) ) ;
#1129 = ORIENTED_EDGE ( 'NONE', *, *, #124, .F. ) ;
#1130 = ORIENTED_EDGE ( 'NONE', *, *, #1131, .F. ) ;
#1131 = EDGE_CURVE ( 'NONE', #1041, #125, #4911, .T. ) ;
#1132 = ORIENTED_EDGE ( 'NONE', *, *, #1097, .T. ) ;
#1133 = ORIENTED_EDGE ( 'NONE', *, *, #1011, .T. ) ;
#1134 = ORIENTED_EDGE ( 'NONE', *, *, #983, .T. ) ;
#1135 = ORIENTED_EDGE ( 'NONE', *, *, #894, .T. ) ;
#1136 = ORIENTED_EDGE ( 'NONE', *, *, #1137, .F. ) ;
#1137 = EDGE_CURVE ( 'NONE', #1138, #1155, #4907, .T. ) ;
#1138 = VERTEX_POINT ( 'NONE', #4902 ) ;
#1139 = ORIENTED_EDGE ( 'NONE', *, *, #1140, .T. ) ;
#1140 = EDGE_CURVE ( 'NONE', #1138, #1058, #4900, .T. ) ;
#1141 = ORIENTED_EDGE ( 'NONE', *, *, #1057, .T. ) ;
#1142 = ORIENTED_EDGE ( 'NONE', *, *, #1157, .F. ) ;
#1143 = ADVANCED_FACE ( 'NONE', ( #4895 ), #4944, .T. ) ;
#1144 = EDGE_LOOP ( 'NONE', ( #1145, #1146, #1124, #1125 ) ) ;
#1145 = ORIENTED_EDGE ( 'NONE', *, *, #166, .F. ) ;
#1146 = ORIENTED_EDGE ( 'NONE', *, *, #1147, .F. ) ;
#1147 = EDGE_CURVE ( 'NONE', #1138, #164, #4940, .T. ) ;
#1148 = ORIENTED_EDGE ( 'NONE', *, *, #1064, .T. ) ;
#1149 = ORIENTED_EDGE ( 'NONE', *, *, #1150, .F. ) ;
#1150 = EDGE_CURVE ( 'NONE', #1093, #1066, #4935, .T. ) ;
#1151 = ADVANCED_FACE ( 'NONE', ( #4930 ), #4963, .F. ) ;
#1152 = EDGE_LOOP ( 'NONE', ( #1153, #1156, #1079, #1080 ) ) ;
#1153 = ORIENTED_EDGE ( 'NONE', *, *, #1154, .F. ) ;
#1154 = EDGE_CURVE ( 'NONE', #1155, #1092, #4959, .T. ) ;
#1155 = VERTEX_POINT ( 'NONE', #4955 ) ;
#1156 = ORIENTED_EDGE ( 'NONE', *, *, #1157, .T. ) ;
#1157 = EDGE_CURVE ( 'NONE', #1155, #1049, #4954, .T. ) ;
#1158 = ADVANCED_FACE ( 'NONE', ( #5002 ), #4986, .F. ) ;
#1159 = EDGE_LOOP ( 'NONE', ( #1219, #1220, #1221, #1222, #1223, #1224, #1225, #1226 ) ) ;
#1160 = ORIENTED_EDGE ( 'NONE', *, *, #1036, .T. ) ;
#1161 = ORIENTED_EDGE ( 'NONE', *, *, #925, .T. ) ;
#1162 = ORIENTED_EDGE ( 'NONE', *, *, #1163, .T. ) ;
#1163 = EDGE_CURVE ( 'NONE', #951, #882, #4985, .T. ) ;
#1164 = ORIENTED_EDGE ( 'NONE', *, *, #881, .F. ) ;
#1165 = ORIENTED_EDGE ( 'NONE', *, *, #971, .F. ) ;
#1166 = ORIENTED_EDGE ( 'NONE', *, *, #1000, .F. ) ;
#1167 = ORIENTED_EDGE ( 'NONE', *, *, #1085, .F. ) ;
#1168 = ORIENTED_EDGE ( 'NONE', *, *, #1172, .T. ) ;
#1169 = ADVANCED_FACE ( 'NONE', ( #4972 ), #5015, .T. ) ;
#1170 = EDGE_LOOP ( 'NONE', ( #1229, #1230, #1232, #1233 ) ) ;
#1171 = ORIENTED_EDGE ( 'NONE', *, *, #1172, .F. ) ;
#1172 = EDGE_CURVE ( 'NONE', #1083, #5233, #5011, .T. ) ;
#1173 = ORIENTED_EDGE ( 'NONE', *, *, #1110, .T. ) ;
#1174 = ORIENTED_EDGE ( 'NONE', *, *, #1189, .T. ) ;
#1175 = ADVANCED_FACE ( 'NONE', ( #5007 ), #5006, .T. ) ;
#1176 = EDGE_LOOP ( 'NONE', ( #1177, #1178, #1180, #1181, #1160, #1161, #1162, #1164, #1165, #1166, #1167, #1168 ) ) ;
#1177 = ORIENTED_EDGE ( 'NONE', *, *, #1, .F. ) ;
#1178 = ORIENTED_EDGE ( 'NONE', *, *, #1179, .F. ) ;
#1179 = EDGE_CURVE ( 'NONE', #1093, #5232, #5052, .T. ) ;
#1180 = ORIENTED_EDGE ( 'NONE', *, *, #1150, .T. ) ;
#1181 = ORIENTED_EDGE ( 'NONE', *, *, #1071, .T. ) ;
#1182 = EDGE_CURVE ( 'NONE', #1040, #176, #5048, .T. ) ;
#1183 = ORIENTED_EDGE ( 'NONE', *, *, #1039, .T. ) ;
#1184 = ORIENTED_EDGE ( 'NONE', *, *, #1131, .T. ) ;
#1185 = ADVANCED_FACE ( 'NONE', ( #5043 ), #5028, .T. ) ;
#1186 = EDGE_LOOP ( 'NONE', ( #1187, #1188, #1190, #1191 ) ) ;
#1187 = ORIENTED_EDGE ( 'NONE', *, *, #5, .F. ) ;
#1188 = ORIENTED_EDGE ( 'NONE', *, *, #1189, .F. ) ;
#1189 = EDGE_CURVE ( 'NONE', #1102, #5208, #5078, .T. ) ;
#1190 = ORIENTED_EDGE ( 'NONE', *, *, #1101, .T. ) ;
#1191 = ORIENTED_EDGE ( 'NONE', *, *, #1182, .T. ) ;
#1192 = ADVANCED_FACE ( 'NONE', ( #5074 ), #5057, .T. ) ;
#1193 = EDGE_LOOP ( 'NONE', ( #1256, #1171, #1173, #1174 ) ) ;
#1194 = ORIENTED_EDGE ( 'NONE', *, *, #1195, .T. ) ;
#1195 = EDGE_CURVE ( 'NONE', #892, #917, #5058, .T. ) ;
#1196 = ORIENTED_EDGE ( 'NONE', *, *, #996, .F. ) ;
#1197 = ORIENTED_EDGE ( 'NONE', *, *, #1025, .F. ) ;
#1198 = ORIENTED_EDGE ( 'NONE', *, *, #1199, .F. ) ;
#1199 = EDGE_CURVE ( 'NONE', #1200, #115, #5109, .T. ) ;
#1200 = VERTEX_POINT ( 'NONE', #5105 ) ;
#1201 = ORIENTED_EDGE ( 'NONE', *, *, #1202, .F. ) ;
#1202 = EDGE_CURVE ( 'NONE', #1218, #1200, #5104, .T. ) ;
#1203 = ORIENTED_EDGE ( 'NONE', *, *, #1217, .T. ) ;
#1204 = ORIENTED_EDGE ( 'NONE', *, *, #110, .T. ) ;
#1205 = ORIENTED_EDGE ( 'NONE', *, *, #1206, .F. ) ;
#1206 = EDGE_CURVE ( 'NONE', #1207, #112, #5100, .T. ) ;
#1207 = VERTEX_POINT ( 'NONE', #5096 ) ;
#1208 = ORIENTED_EDGE ( 'NONE', *, *, #1209, .F. ) ;
#1209 = EDGE_CURVE ( 'NONE', #1210, #1207, #5095, .T. ) ;
#1210 = VERTEX_POINT ( 'NONE', #5091 ) ;
#1211 = ORIENTED_EDGE ( 'NONE', *, *, #1212, .T. ) ;
#1212 = EDGE_CURVE ( 'NONE', #1210, #111, #5090, .T. ) ;
#1213 = ADVANCED_FACE ( 'NONE', ( #5086 ), #5085, .F. ) ;
#1214 = EDGE_LOOP ( 'NONE', ( #1215, #1216, #1273, #1275 ) ) ;
#1215 = ORIENTED_EDGE ( 'NONE', *, *, #120, .T. ) ;
#1216 = ORIENTED_EDGE ( 'NONE', *, *, #1217, .F. ) ;
#1217 = EDGE_CURVE ( 'NONE', #1218, #118, #5142, .T. ) ;
#1218 = VERTEX_POINT ( 'NONE', #5138 ) ;
#1219 = ORIENTED_EDGE ( 'NONE', *, *, #919, .F. ) ;
#1220 = ORIENTED_EDGE ( 'NONE', *, *, #1195, .F. ) ;
#1221 = ORIENTED_EDGE ( 'NONE', *, *, #891, .F. ) ;
#1222 = ORIENTED_EDGE ( 'NONE', *, *, #956, .F. ) ;
#1223 = ORIENTED_EDGE ( 'NONE', *, *, #938, .F. ) ;
#1224 = ORIENTED_EDGE ( 'NONE', *, *, #1163, .F. ) ;
#1225 = ORIENTED_EDGE ( 'NONE', *, *, #950, .F. ) ;
#1226 = ORIENTED_EDGE ( 'NONE', *, *, #935, .F. ) ;
#1227 = ADVANCED_FACE ( 'NONE', ( #5137 ), #5136, .F. ) ;
#1228 = EDGE_LOOP ( 'NONE', ( #1204, #1205, #1208, #1211 ) ) ;
#1229 = ORIENTED_EDGE ( 'NONE', *, *, #143, .F. ) ;
#1230 = ORIENTED_EDGE ( 'NONE', *, *, #1231, .F. ) ;
#1231 = EDGE_CURVE ( 'NONE', #1092, #141, #5130, .T. ) ;
#1232 = ORIENTED_EDGE ( 'NONE', *, *, #1091, .T. ) ;
#1233 = ORIENTED_EDGE ( 'NONE', *, *, #1179, .T. ) ;
#1234 = ADVANCED_FACE ( 'NONE', ( #5126 ), #5162, .T. ) ;
#1235 = EDGE_LOOP ( 'NONE', ( #1236, #1237, #1238, #1239 ) ) ;
#1236 = ORIENTED_EDGE ( 'NONE', *, *, #98, .F. ) ;
#1237 = ORIENTED_EDGE ( 'NONE', *, *, #1126, .F. ) ;
#1238 = ORIENTED_EDGE ( 'NONE', *, *, #1154, .T. ) ;
#1239 = ORIENTED_EDGE ( 'NONE', *, *, #1231, .T. ) ;
#1240 = EDGE_CURVE ( 'NONE', #1258, #1241, #5157, .T. ) ;
#1241 = VERTEX_POINT ( 'NONE', #5153 ) ;
#1242 = ORIENTED_EDGE ( 'NONE', *, *, #21, .F. ) ;
#1243 = ORIENTED_EDGE ( 'NONE', *, *, #1247, .T. ) ;
#1244 = ORIENTED_EDGE ( 'NONE', *, *, #1245, .T. ) ;
#1245 = EDGE_CURVE ( 'NONE', #1251, #20, #5152, .T. ) ;
#1246 = ORIENTED_EDGE ( 'NONE', *, *, #217, .F. ) ;
#1247 = EDGE_CURVE ( 'NONE', #218, #1248, #5147, .T. ) ;
#1248 = VERTEX_POINT ( 'NONE', #5179 ) ;
#1249 = ORIENTED_EDGE ( 'NONE', *, *, #1250, .T. ) ;
#1250 = EDGE_CURVE ( 'NONE', #1248, #1251, #5178, .T. ) ;
#1251 = VERTEX_POINT ( 'NONE', #5174 ) ;
#1252 = EDGE_CURVE ( 'NONE', #1241, #273, #5173, .T. ) ;
#1253 = ORIENTED_EDGE ( 'NONE', *, *, #1252, .T. ) ;
#1254 = ORIENTED_EDGE ( 'NONE', *, *, #1240, .T. ) ;
#1255 = EDGE_CURVE ( 'NONE', #86, #1258, #5168, .T. ) ;
#1256 = ORIENTED_EDGE ( 'NONE', *, *, #5230, .F. ) ;
#1257 = EDGE_CURVE ( 'NONE', #22, #264, #5277, .T. ) ;
#1258 = VERTEX_POINT ( 'NONE', #5272 ) ;
#1259 = CLOSED_SHELL ( 'NONE', ( #189, #121, #235, #225, #214, #62, #49, #33, #5187, #4, #144, #108, #78, #95, #5213, #11, #135, #267, #254, #241, #360, #285, #354, #340, #346, #328, #335, #396, #379, #386, #373, #435, #361, #423, #430, #418, #401, #408, #467, #474, #456, #515, #446, #505, #492, #498, #480, #487, #545, #551, #539, #523, #530, #590, #517, #582, #563, #630, #612, #675, #605, #669, #651, #636, #645, #707, #688, #699, #679, #744, #727, #735, #717, #782, #791, #773, #833, #763, #826, #809, #816, #799, #872, #856, #839, #846, #900, #910, #895, #875, #940, #926, #990, #921, #984, #965, #974, #1037, #1019, #1002, #1012, #1078, #1061, #1045, #1054, #1115, #1098, #1107, #1088, #1151, #1081, #1143, #1127, #1120, #1185, #1192, #1175, #1169, #1234, #1158, #1227, #1213, #1276, #1260, #1267 ) ) ;
#1260 = ADVANCED_FACE ( 'NONE', ( #5271 ), #5270, .F. ) ;
#1261 = EDGE_LOOP ( 'NONE', ( #1262, #1263, #1264, #1266 ) ) ;
#1262 = ORIENTED_EDGE ( 'NONE', *, *, #114, .T. ) ;
#1263 = ORIENTED_EDGE ( 'NONE', *, *, #1212, .F. ) ;
#1264 = ORIENTED_EDGE ( 'NONE', *, *, #1265, .F. ) ;
#1265 = EDGE_CURVE ( 'NONE', #1200, #1210, #5265, .T. ) ;
#1266 = ORIENTED_EDGE ( 'NONE', *, *, #1199, .T. ) ;
#1267 = ADVANCED_FACE ( 'NONE', ( #5261 ), #5260, .T. ) ;
#1268 = EDGE_LOOP ( 'NONE', ( #1269, #1270, #1271, #1272 ) ) ;
#1269 = ORIENTED_EDGE ( 'NONE', *, *, #1209, .T. ) ;
#1270 = ORIENTED_EDGE ( 'NONE', *, *, #1274, .T. ) ;
#1271 = ORIENTED_EDGE ( 'NONE', *, *, #1202, .T. ) ;
#1272 = ORIENTED_EDGE ( 'NONE', *, *, #1265, .T. ) ;
#1273 = ORIENTED_EDGE ( 'NONE', *, *, #1274, .F. ) ;
#1274 = EDGE_CURVE ( 'NONE', #1207, #1218, #5258, .T. ) ;
#1275 = ORIENTED_EDGE ( 'NONE', *, *, #1206, .T. ) ;
#1276 = ADVANCED_FACE ( 'NONE', ( #5251 ), #5250, .F. ) ;
#1277 = EDGE_LOOP ( 'NONE', ( #1278, #1198, #1201, #1203 ) ) ;
#1278 = ORIENTED_EDGE ( 'NONE', *, *, #117, .T. ) ;
#1279 = DIRECTION ( 'NONE',  ( 0.0000000000000000000, 0.0000000000000000000, 1.000000000000000000 ) ) ;
#1280 = DIRECTION ( 'NONE',  ( -1.000000000000000000, 0.0000000000000000000, 0.0000000000000000000 ) ) ;
#1281 = CARTESIAN_POINT ( 'NONE',  ( 2.149999999999999900, 1.800000000000000000, 1.235000000000000100 ) ) ;
#1282 = AXIS2_PLACEMENT_3D ( 'NONE', #1281, #1280, #1279 ) ;
#1283 = PLANE ( 'NONE',  #1282 ) ;
#1284 =( GEOMETRIC_REPRESENTATION_CONTEXT ( 3 ) GLOBAL_UNCERTAINTY_ASSIGNED_CONTEXT ( ( #1285 ) ) GLOBAL_UNIT_ASSIGNED_CONTEXT ( ( #1288, #1287, #1286 ) ) REPRESENTATION_CONTEXT ( 'NONE', 'WORKASPACE' ) );
#1285 = UNCERTAINTY_MEASURE_WITH_UNIT (LENGTH_MEASURE( 1.000000000000000100E-005 ), #1288, 'distance_accuracy_value', 'NONE');
#1286 =( NAMED_UNIT ( * ) SI_UNIT ( $, .STERADIAN. ) SOLID_ANGLE_UNIT ( ) );
#1287 =( NAMED_UNIT ( * ) PLANE_ANGLE_UNIT ( ) SI_UNIT ( $, .RADIAN. ) );
#1288 =( LENGTH_UNIT ( ) NAMED_UNIT ( * ) SI_UNIT ( .MILLI., .METRE. ) );
#1289 = MECHANICAL_DESIGN_GEOMETRIC_PRESENTATION_REPRESENTATION (  '', ( #1291 ), #1284 ) ;
#1290 = PRESENTATION_LAYER_ASSIGNMENT (  '', '', ( #1291 ) ) ;
#1291 = STYLED_ITEM ( 'NONE', ( #1292 ), #4 ) ;
#1292 = PRESENTATION_STYLE_ASSIGNMENT (( #1293 ) ) ;
#1293 = SURFACE_STYLE_USAGE ( .BOTH. , #1294 ) ;
#1294 = SURFACE_SIDE_STYLE ('',( #1295 ) ) ;
#1295 = SURFACE_STYLE_FILL_AREA ( #1296 ) ;
#1296 = FILL_AREA_STYLE ('',( #1303 ) ) ;
#1297 = COLOUR_RGB ( '',0.09411764705882352800, 0.09411764705882352800, 0.09411764705882352800 ) ;
#1298 = FACE_OUTER_BOUND ( 'NONE', #3, .T. ) ;
#1299 = DIRECTION ( 'NONE',  ( 0.0000000000000000000, 0.0000000000000000000, 1.000000000000000000 ) ) ;
#1300 = VECTOR ( 'NONE', #1299, 1000.000000000000000 ) ;
#1301 = CARTESIAN_POINT ( 'NONE',  ( 2.149999999999999900, -1.050000000000000000, 1.265000000000000600 ) ) ;
#1302 = LINE ( 'NONE', #1301, #1300 ) ;
#1303 = FILL_AREA_STYLE_COLOUR ( '', #1297 ) ;
#1304 = AXIS2_PLACEMENT_3D ( 'NONE', #5242, #5241, #5243 ) ;
#1305 = CARTESIAN_POINT ( 'NONE',  ( 0.9500000000000000700, -1.661567277818143800, 0.2500000000000000000 ) ) ;
#1306 = DIRECTION ( 'NONE',  ( -0.0000000000000000000, 1.000000000000000000, -0.0000000000000000000 ) ) ;
#1307 = PLANE ( 'NONE',  #1304 ) ;
#1308 =( GEOMETRIC_REPRESENTATION_CONTEXT ( 3 ) GLOBAL_UNCERTAINTY_ASSIGNED_CONTEXT ( ( #1309 ) ) GLOBAL_UNIT_ASSIGNED_CONTEXT ( ( #1312, #1311, #1310 ) ) REPRESENTATION_CONTEXT ( 'NONE', 'WORKASPACE' ) );
#1309 = UNCERTAINTY_MEASURE_WITH_UNIT (LENGTH_MEASURE( 1.000000000000000100E-005 ), #1312, 'distance_accuracy_value', 'NONE');
#1310 =( NAMED_UNIT ( * ) SI_UNIT ( $, .STERADIAN. ) SOLID_ANGLE_UNIT ( ) );
#1311 =( NAMED_UNIT ( * ) PLANE_ANGLE_UNIT ( ) SI_UNIT ( $, .RADIAN. ) );
#1312 =( LENGTH_UNIT ( ) NAMED_UNIT ( * ) SI_UNIT ( .MILLI., .METRE. ) );
#1313 = MECHANICAL_DESIGN_GEOMETRIC_PRESENTATION_REPRESENTATION (  '', ( #1315 ), #1308 ) ;
#1314 = PRESENTATION_LAYER_ASSIGNMENT (  '', '', ( #1315 ) ) ;
#1315 = STYLED_ITEM ( 'NONE', ( #1316 ), #11 ) ;
#1316 = PRESENTATION_STYLE_ASSIGNMENT (( #1317 ) ) ;
#1317 = SURFACE_STYLE_USAGE ( .BOTH. , #1318 ) ;
#1318 = SURFACE_SIDE_STYLE ('',( #1319 ) ) ;
#1319 = SURFACE_STYLE_FILL_AREA ( #1320 ) ;
#1320 = FILL_AREA_STYLE ('',( #1327 ) ) ;
#1321 = COLOUR_RGB ( '',0.09411764705882352800, 0.09411764705882352800, 0.09411764705882352800 ) ;
#1322 = FACE_OUTER_BOUND ( 'NONE', #10, .T. ) ;
#1323 = DIRECTION ( 'NONE',  ( -1.000000000000000000, 0.0000000000000000000, 1.085551950849009400E-016 ) ) ;
#1324 = VECTOR ( 'NONE', #1323, 1000.000000000000000 ) ;
#1325 = CARTESIAN_POINT ( 'NONE',  ( -1.997513194347908300, -1.800000000000000000, 1.534999999999974600 ) ) ;
#1326 = LINE ( 'NONE', #1325, #1324 ) ;
#1327 = FILL_AREA_STYLE_COLOUR ( '', #1321 ) ;
#1328 = CARTESIAN_POINT ( 'NONE',  ( 2.050000000000000300, -1.800000000000000000, 1.534999999999974200 ) ) ;
#1329 = DIRECTION ( 'NONE',  ( 0.0000000000000000000, 1.000000000000000000, -2.125886612716675300E-016 ) ) ;
#1330 = VECTOR ( 'NONE', #1329, 1000.000000000000000 ) ;
#1331 = CARTESIAN_POINT ( 'NONE',  ( 2.149999999999999900, 1.020000000000000000, 1.535000000000000100 ) ) ;
#1332 = LINE ( 'NONE', #1331, #1330 ) ;
#1333 =( BOUNDED_CURVE ( )  B_SPLINE_CURVE ( 3, ( #1383, #1382, #1381, #1380 ),
 .UNSPECIFIED., .F., .T. ) 
 B_SPLINE_CURVE_WITH_KNOTS ( ( 4, 4 ),
 ( 3.131907471921356700, 3.141592653589790900 ),
 .UNSPECIFIED. ) 
 CURVE ( )  GEOMETRIC_REPRESENTATION_ITEM ( )  RATIONAL_B_SPLINE_CURVE ( ( 1.000000000000000000, 0.9999921831199467500, 0.9999921831199467500, 1.000000000000000000 ) ) 
 REPRESENTATION_ITEM ( '' )  );
#1334 = CARTESIAN_POINT ( 'NONE',  ( -2.009611327440442400, 1.560584520566282300, 2.533917310096006400 ) ) ;
#1335 = DIRECTION ( 'NONE',  ( -0.1378445374916260600, 0.1378445374916257800, -0.9808148484639898100 ) ) ;
#1336 = VECTOR ( 'NONE', #1335, 1000.000000000000100 ) ;
#1337 = CARTESIAN_POINT ( 'NONE',  ( -2.151881619895651200, 1.702854813021490700, 1.521611578765448100 ) ) ;
#1338 = LINE ( 'NONE', #1337, #1336 ) ;
#1339 = CARTESIAN_POINT ( 'NONE',  ( -2.149995309899464900, 1.700968503025304300, 1.535033371799343000 ) ) ;
#1340 = CARTESIAN_POINT ( 'NONE',  ( 1.938692687506763400, 1.588692687506759700, 0.3500000000000000300 ) ) ;
#1341 = DIRECTION ( 'NONE',  ( -1.000000000000000000, 0.0000000000000000000, -1.426581805901979400E-017 ) ) ;
#1342 = VECTOR ( 'NONE', #1341, 1000.000000000000000 ) ;
#1343 = CARTESIAN_POINT ( 'NONE',  ( -0.9499999999999999600, 1.800000000000000000, 1.235000000000026100 ) ) ;
#1344 = LINE ( 'NONE', #1343, #1342 ) ;
#1345 = CARTESIAN_POINT ( 'NONE',  ( -2.049999999999999800, 1.800000000000000000, 1.235000000000026100 ) ) ;
#1346 = DIRECTION ( 'NONE',  ( 0.0000000000000000000, 0.0000000000000000000, 1.000000000000000000 ) ) ;
#1347 = VECTOR ( 'NONE', #1346, 1000.000000000000000 ) ;
#1348 = CARTESIAN_POINT ( 'NONE',  ( -2.050000000000000300, 1.800000000000000000, 0.1499999999999999900 ) ) ;
#1349 = LINE ( 'NONE', #1348, #1347 ) ;
#1350 = CARTESIAN_POINT ( 'NONE',  ( -2.050000000000000300, 1.800000000000000000, 1.534999999999974800 ) ) ;
#1351 = DIRECTION ( 'NONE',  ( 1.000000000000000000, 0.0000000000000000000, -1.085551950849009400E-016 ) ) ;
#1352 = VECTOR ( 'NONE', #1351, 1000.000000000000000 ) ;
#1353 = CARTESIAN_POINT ( 'NONE',  ( -0.9499999999999998400, 1.800000000000000000, 1.534999999999974600 ) ) ;
#1354 = LINE ( 'NONE', #1353, #1352 ) ;
#1355 = CARTESIAN_POINT ( 'NONE',  ( 2.050000000000000300, 1.800000000000000000, 1.534999999999974200 ) ) ;
#1356 = DIRECTION ( 'NONE',  ( 0.0000000000000000000, 0.0000000000000000000, -1.000000000000000000 ) ) ;
#1357 = VECTOR ( 'NONE', #1356, 1000.000000000000000 ) ;
#1358 = CARTESIAN_POINT ( 'NONE',  ( 2.050000000000000300, 1.800000000000000000, 0.1499999999999999900 ) ) ;
#1359 = LINE ( 'NONE', #1358, #1357 ) ;
#1360 =( GEOMETRIC_REPRESENTATION_CONTEXT ( 3 ) GLOBAL_UNCERTAINTY_ASSIGNED_CONTEXT ( ( #1361 ) ) GLOBAL_UNIT_ASSIGNED_CONTEXT ( ( #1364, #1363, #1362 ) ) REPRESENTATION_CONTEXT ( 'NONE', 'WORKASPACE' ) );
#1361 = UNCERTAINTY_MEASURE_WITH_UNIT (LENGTH_MEASURE( 1.000000000000000100E-005 ), #1364, 'distance_accuracy_value', 'NONE');
#1362 =( NAMED_UNIT ( * ) SI_UNIT ( $, .STERADIAN. ) SOLID_ANGLE_UNIT ( ) );
#1363 =( NAMED_UNIT ( * ) PLANE_ANGLE_UNIT ( ) SI_UNIT ( $, .RADIAN. ) );
#1364 =( LENGTH_UNIT ( ) NAMED_UNIT ( * ) SI_UNIT ( .MILLI., .METRE. ) );
#1365 = MECHANICAL_DESIGN_GEOMETRIC_PRESENTATION_REPRESENTATION (  '', ( #1367 ), #1360 ) ;
#1366 = PRESENTATION_LAYER_ASSIGNMENT (  '', '', ( #1367 ) ) ;
#1367 = STYLED_ITEM ( 'NONE', ( #1368 ), #33 ) ;
#1368 = PRESENTATION_STYLE_ASSIGNMENT (( #1369 ) ) ;
#1369 = SURFACE_STYLE_USAGE ( .BOTH. , #1370 ) ;
#1370 = SURFACE_SIDE_STYLE ('',( #1371 ) ) ;
#1371 = SURFACE_STYLE_FILL_AREA ( #1372 ) ;
#1372 = FILL_AREA_STYLE ('',( #1379 ) ) ;
#1373 = COLOUR_RGB ( '',0.09411764705882352800, 0.09411764705882352800, 0.09411764705882352800 ) ;
#1374 = FACE_OUTER_BOUND ( 'NONE', #24, .T. ) ;
#1375 = DIRECTION ( 'NONE',  ( 0.0000000000000000000, -1.000000000000000000, 0.0000000000000000000 ) ) ;
#1376 = VECTOR ( 'NONE', #1375, 1000.000000000000000 ) ;
#1377 = CARTESIAN_POINT ( 'NONE',  ( -2.149999999999999900, 1.020000000000000000, 1.235000000000000300 ) ) ;
#1378 = LINE ( 'NONE', #1377, #1376 ) ;
#1379 = FILL_AREA_STYLE_COLOUR ( '', #1373 ) ;
#1380 = CARTESIAN_POINT ( 'NONE',  ( -2.149999999999999900, 1.700000000000000200, 1.535000000000000100 ) ) ;
#1381 = CARTESIAN_POINT ( 'NONE',  ( -2.149999999999999900, 1.700322840650755100, 1.534999999999998800 ) ) ;
#1382 = CARTESIAN_POINT ( 'NONE',  ( -2.149998436620934200, 1.700645677516100300, 1.535011124020069000 ) ) ;
#1383 = CARTESIAN_POINT ( 'NONE',  ( -2.149995309899464900, 1.700968503025304300, 1.535033371799343000 ) ) ;
#1384 = CARTESIAN_POINT ( 'NONE',  ( -2.027502981184037700, 1.578476174309876500, 0.3633884212345517300 ) ) ;
#1385 = LINE ( 'NONE', #1384, #1433 ) ;
#1386 = DIRECTION ( 'NONE',  ( -0.1378445374916251500, -0.1378445374916255100, 0.9808148484639900300 ) ) ;
#1387 = VECTOR ( 'NONE', #1386, 1000.000000000000100 ) ;
#1388 = CARTESIAN_POINT ( 'NONE',  ( -2.151881619895650700, -1.702854813021489800, 1.248388421234552000 ) ) ;
#1389 = LINE ( 'NONE', #1388, #1387 ) ;
#1390 = CARTESIAN_POINT ( 'NONE',  ( -2.149999999999999900, -1.699999999999999700, 1.235000000000000100 ) ) ;
#1391 = CARTESIAN_POINT ( 'NONE',  ( -2.149999999999999900, -1.700322840650754700, 1.235000000000001000 ) ) ;
#1392 = CARTESIAN_POINT ( 'NONE',  ( -2.149998436620933700, -1.700645677516099600, 1.234988875979931700 ) ) ;
#1393 = CARTESIAN_POINT ( 'NONE',  ( -2.149995309899464900, -1.700968503025303400, 1.234966628200657500 ) ) ;
#1394 =( BOUNDED_CURVE ( )  B_SPLINE_CURVE ( 3, ( #1393, #1392, #1391, #1390 ),
 .UNSPECIFIED., .F., .T. ) 
 B_SPLINE_CURVE_WITH_KNOTS ( ( 4, 4 ),
 ( 3.131907471921362900, 3.141592653589793100 ),
 .UNSPECIFIED. ) 
 CURVE ( )  GEOMETRIC_REPRESENTATION_ITEM ( )  RATIONAL_B_SPLINE_CURVE ( ( 1.000000000000000000, 0.9999921831199467500, 0.9999921831199467500, 1.000000000000000000 ) ) 
 REPRESENTATION_ITEM ( '' )  );
#1395 = DIRECTION ( 'NONE',  ( -0.0000000000000000000, 1.000000000000000000, -2.125886612716675300E-016 ) ) ;
#1396 = VECTOR ( 'NONE', #1395, 1000.000000000000000 ) ;
#1397 = CARTESIAN_POINT ( 'NONE',  ( -2.149999999999999900, 1.020000000000000000, 1.535000000000000100 ) ) ;
#1398 = LINE ( 'NONE', #1397, #1396 ) ;
#1399 = DIRECTION ( 'NONE',  ( -0.1391731009600628600, 0.0000000000000000000, -0.9902680687415707000 ) ) ;
#1400 = DIRECTION ( 'NONE',  ( 0.9902680687415707000, 0.0000000000000000000, -0.1391731009600628600 ) ) ;
#1401 = CARTESIAN_POINT ( 'NONE',  ( -1.997513194347908300, 1.800000000000000000, 2.620000000000000100 ) ) ;
#1402 = AXIS2_PLACEMENT_3D ( 'NONE', #1401, #1400, #1399 ) ;
#1403 = PLANE ( 'NONE',  #1402 ) ;
#1404 = PLANE ( 'NONE',  #1453 ) ;
#1405 =( GEOMETRIC_REPRESENTATION_CONTEXT ( 3 ) GLOBAL_UNCERTAINTY_ASSIGNED_CONTEXT ( ( #1406 ) ) GLOBAL_UNIT_ASSIGNED_CONTEXT ( ( #1409, #1408, #1407 ) ) REPRESENTATION_CONTEXT ( 'NONE', 'WORKASPACE' ) );
#1406 = UNCERTAINTY_MEASURE_WITH_UNIT (LENGTH_MEASURE( 1.000000000000000100E-005 ), #1409, 'distance_accuracy_value', 'NONE');
#1407 =( NAMED_UNIT ( * ) SI_UNIT ( $, .STERADIAN. ) SOLID_ANGLE_UNIT ( ) );
#1408 =( NAMED_UNIT ( * ) PLANE_ANGLE_UNIT ( ) SI_UNIT ( $, .RADIAN. ) );
#1409 =( LENGTH_UNIT ( ) NAMED_UNIT ( * ) SI_UNIT ( .MILLI., .METRE. ) );
#1410 = MECHANICAL_DESIGN_GEOMETRIC_PRESENTATION_REPRESENTATION (  '', ( #1412 ), #1405 ) ;
#1411 = PRESENTATION_LAYER_ASSIGNMENT (  '', '', ( #1412 ) ) ;
#1412 = STYLED_ITEM ( 'NONE', ( #1413 ), #49 ) ;
#1413 = PRESENTATION_STYLE_ASSIGNMENT (( #1414 ) ) ;
#1414 = SURFACE_STYLE_USAGE ( .BOTH. , #1415 ) ;
#1415 = SURFACE_SIDE_STYLE ('',( #1416 ) ) ;
#1416 = SURFACE_STYLE_FILL_AREA ( #1417 ) ;
#1417 = FILL_AREA_STYLE ('',( #1424 ) ) ;
#1418 = COLOUR_RGB ( '',0.09411764705882352800, 0.09411764705882352800, 0.09411764705882352800 ) ;
#1419 = FACE_OUTER_BOUND ( 'NONE', #53, .T. ) ;
#1420 = DIRECTION ( 'NONE',  ( 1.000000000000000000, -2.004929977727047800E-018, -0.0000000000000000000 ) ) ;
#1421 = VECTOR ( 'NONE', #1420, 1000.000000000000000 ) ;
#1422 = CARTESIAN_POINT ( 'NONE',  ( -0.9500000000000005100, 1.588692687506759700, 0.3499999999999999800 ) ) ;
#1423 = LINE ( 'NONE', #1422, #1421 ) ;
#1424 = FILL_AREA_STYLE_COLOUR ( '', #1418 ) ;
#1425 = CARTESIAN_POINT ( 'NONE',  ( -2.037719494380921100, -1.588692687506759300, 0.4360826899039938500 ) ) ;
#1426 = DIRECTION ( 'NONE',  ( 0.0000000000000000000, -1.000000000000000000, 0.0000000000000000000 ) ) ;
#1427 = VECTOR ( 'NONE', #1426, 1000.000000000000000 ) ;
#1428 = CARTESIAN_POINT ( 'NONE',  ( -2.037719494380921100, 1.800000000000000000, 0.4360826899039936800 ) ) ;
#1429 = LINE ( 'NONE', #1428, #1427 ) ;
#1430 = CARTESIAN_POINT ( 'NONE',  ( -2.149995309899464900, -1.700968503025303400, 1.234966628200657500 ) ) ;
#1431 = CARTESIAN_POINT ( 'NONE',  ( -2.037719494380921100, 1.588692687506759700, 0.4360826899039937900 ) ) ;
#1432 = DIRECTION ( 'NONE',  ( 0.1378445374916251500, -0.1378445374916257000, -0.9808148484639900300 ) ) ;
#1433 = VECTOR ( 'NONE', #1432, 1000.000000000000100 ) ;
#1434 = CIRCLE ( 'NONE', #1480, 0.09999999999999999200 ) ;
#1435 = FACE_OUTER_BOUND ( 'NONE', #65, .T. ) ;
#1436 = DIRECTION ( 'NONE',  ( -1.000000000000000000, -2.004929977727045100E-018, 0.0000000000000000000 ) ) ;
#1437 = VECTOR ( 'NONE', #1436, 1000.000000000000000 ) ;
#1438 = CARTESIAN_POINT ( 'NONE',  ( -2.025621361288387300, -1.588692687506759500, 0.3499999999999999800 ) ) ;
#1439 = LINE ( 'NONE', #1438, #1437 ) ;
#1440 = CARTESIAN_POINT ( 'NONE',  ( -2.149995309899464400, 1.700968503025304100, 1.234966628200657500 ) ) ;
#1441 = CARTESIAN_POINT ( 'NONE',  ( -2.149998436620933700, 1.700645677516100300, 1.234988875979931700 ) ) ;
#1442 = CARTESIAN_POINT ( 'NONE',  ( -2.149999999999999900, 1.700322840650755100, 1.235000000000001000 ) ) ;
#1443 = CARTESIAN_POINT ( 'NONE',  ( -2.149999999999999900, 1.700000000000000200, 1.235000000000000100 ) ) ;
#1444 =( BOUNDED_CURVE ( )  B_SPLINE_CURVE ( 3, ( #1443, #1442, #1441, #1440 ),
 .UNSPECIFIED., .F., .T. ) 
 B_SPLINE_CURVE_WITH_KNOTS ( ( 4, 4 ),
 ( 2.168404344971038500E-015, 0.009685181668434586500 ),
 .UNSPECIFIED. ) 
 CURVE ( )  GEOMETRIC_REPRESENTATION_ITEM ( )  RATIONAL_B_SPLINE_CURVE ( ( 1.000000000000000000, 0.9999921831199467500, 0.9999921831199467500, 1.000000000000000000 ) ) 
 REPRESENTATION_ITEM ( '' )  );
#1445 = CARTESIAN_POINT ( 'NONE',  ( -1.938692687506763600, -1.588692687506759500, 0.3499999999999999800 ) ) ;
#1446 = CARTESIAN_POINT ( 'NONE',  ( -1.938692687506763600, 1.588692687506759700, 0.3499999999999999800 ) ) ;
#1447 = DIRECTION ( 'NONE',  ( -0.0000000000000000000, 1.000000000000000000, -0.0000000000000000000 ) ) ;
#1448 = VECTOR ( 'NONE', #1447, 1000.000000000000000 ) ;
#1449 = CARTESIAN_POINT ( 'NONE',  ( -1.938692687506763600, 1.800000000000000000, 0.3499999999999999800 ) ) ;
#1450 = DIRECTION ( 'NONE',  ( 0.1391731009600618900, 0.0000000000000000000, -0.9902680687415708100 ) ) ;
#1451 = DIRECTION ( 'NONE',  ( 0.9902680687415708100, -0.0000000000000000000, 0.1391731009600618900 ) ) ;
#1452 = CARTESIAN_POINT ( 'NONE',  ( -2.149999999999999900, 1.800000000000000000, 1.235000000000000100 ) ) ;
#1453 = AXIS2_PLACEMENT_3D ( 'NONE', #1452, #1451, #1450 ) ;
#1454 = LINE ( 'NONE', #1449, #1448 ) ;
#1455 =( BOUNDED_CURVE ( )  B_SPLINE_CURVE ( 3, ( #1509, #1508, #1507, #1506 ),
 .UNSPECIFIED., .F., .T. ) 
 B_SPLINE_CURVE_WITH_KNOTS ( ( 4, 4 ),
 ( 3.131907471921356700, 3.141592653589790900 ),
 .UNSPECIFIED. ) 
 CURVE ( )  GEOMETRIC_REPRESENTATION_ITEM ( )  RATIONAL_B_SPLINE_CURVE ( ( 1.000000000000000000, 0.9999921831199467500, 0.9999921831199467500, 1.000000000000000000 ) ) 
 REPRESENTATION_ITEM ( '' )  );
#1456 = DIRECTION ( 'NONE',  ( 1.000000000000000000, 0.0000000000000000000, -0.0000000000000000000 ) ) ;
#1457 = DIRECTION ( 'NONE',  ( 0.0000000000000000000, 0.0000000000000000000, 1.000000000000000000 ) ) ;
#1458 = CARTESIAN_POINT ( 'NONE',  ( -2.025621361288386900, 1.800000000000000000, 0.3499999999999999800 ) ) ;
#1459 = AXIS2_PLACEMENT_3D ( 'NONE', #1458, #1457, #1456 ) ;
#1460 = CARTESIAN_POINT ( 'NONE',  ( -2.149995309899464400, 1.700968503025304100, 1.234966628200657500 ) ) ;
#1461 = PLANE ( 'NONE',  #1459 ) ;
#1462 =( GEOMETRIC_REPRESENTATION_CONTEXT ( 3 ) GLOBAL_UNCERTAINTY_ASSIGNED_CONTEXT ( ( #1463 ) ) GLOBAL_UNIT_ASSIGNED_CONTEXT ( ( #1466, #1465, #1464 ) ) REPRESENTATION_CONTEXT ( 'NONE', 'WORKASPACE' ) );
#1463 = UNCERTAINTY_MEASURE_WITH_UNIT (LENGTH_MEASURE( 1.000000000000000100E-005 ), #1466, 'distance_accuracy_value', 'NONE');
#1464 =( NAMED_UNIT ( * ) SI_UNIT ( $, .STERADIAN. ) SOLID_ANGLE_UNIT ( ) );
#1465 =( NAMED_UNIT ( * ) PLANE_ANGLE_UNIT ( ) SI_UNIT ( $, .RADIAN. ) );
#1466 =( LENGTH_UNIT ( ) NAMED_UNIT ( * ) SI_UNIT ( .MILLI., .METRE. ) );
#1467 = MECHANICAL_DESIGN_GEOMETRIC_PRESENTATION_REPRESENTATION (  '', ( #1469 ), #1462 ) ;
#1468 = PRESENTATION_LAYER_ASSIGNMENT (  '', '', ( #1469 ) ) ;
#1469 = STYLED_ITEM ( 'NONE', ( #1470 ), #62 ) ;
#1470 = PRESENTATION_STYLE_ASSIGNMENT (( #1471 ) ) ;
#1471 = SURFACE_STYLE_USAGE ( .BOTH. , #1472 ) ;
#1472 = SURFACE_SIDE_STYLE ('',( #1473 ) ) ;
#1473 = SURFACE_STYLE_FILL_AREA ( #1474 ) ;
#1474 = FILL_AREA_STYLE ('',( #1475 ) ) ;
#1475 = FILL_AREA_STYLE_COLOUR ( '', #1476 ) ;
#1476 = COLOUR_RGB ( '',0.09411764705882352800, 0.09411764705882352800, 0.09411764705882352800 ) ;
#1477 = DIRECTION ( 'NONE',  ( 0.0000000000000000000, 0.0000000000000000000, -1.000000000000000000 ) ) ;
#1478 = DIRECTION ( 'NONE',  ( 1.000000000000000000, -0.0000000000000000000, 5.421010862427522200E-016 ) ) ;
#1479 = CARTESIAN_POINT ( 'NONE',  ( -0.9500000000000000700, 1.588692687506759700, 0.4500000000000000100 ) ) ;
#1480 = AXIS2_PLACEMENT_3D ( 'NONE', #1479, #1478, #1477 ) ;
#1481 = SURFACE_SIDE_STYLE ('',( #1482 ) ) ;
#1482 = SURFACE_STYLE_FILL_AREA ( #1483 ) ;
#1483 = FILL_AREA_STYLE ('',( #1490 ) ) ;
#1484 = COLOUR_RGB ( '',0.09411764705882352800, 0.09411764705882352800, 0.09411764705882352800 ) ;
#1485 = FACE_OUTER_BOUND ( 'NONE', #79, .T. ) ;
#1486 = DIRECTION ( 'NONE',  ( 1.000000000000000000, -2.004929977727047800E-018, -0.0000000000000000000 ) ) ;
#1487 = VECTOR ( 'NONE', #1486, 1000.000000000000000 ) ;
#1488 = CARTESIAN_POINT ( 'NONE',  ( 2.025621361288386000, 1.588692687506759700, 0.3500000000000000300 ) ) ;
#1489 = LINE ( 'NONE', #1488, #1487 ) ;
#1490 = FILL_AREA_STYLE_COLOUR ( '', #1484 ) ;
#1491 = CARTESIAN_POINT ( 'NONE',  ( 0.9500000000000000700, 1.588692687506759700, 0.3500000000000000300 ) ) ;
#1492 = DIRECTION ( 'NONE',  ( -0.0000000000000000000, -1.000000000000000000, -0.0000000000000000000 ) ) ;
#1493 = VECTOR ( 'NONE', #1492, 1000.000000000000000 ) ;
#1494 = CARTESIAN_POINT ( 'NONE',  ( 0.9500000000000000700, 1.800000000000000000, 0.3500000000000000300 ) ) ;
#1495 = LINE ( 'NONE', #1494, #1493 ) ;
#1496 = CARTESIAN_POINT ( 'NONE',  ( 0.9500000000000000700, -1.588692687506759500, 0.3500000000000000300 ) ) ;
#1497 = DIRECTION ( 'NONE',  ( -1.000000000000000000, -2.004929977727045100E-018, 0.0000000000000000000 ) ) ;
#1498 = VECTOR ( 'NONE', #1497, 1000.000000000000000 ) ;
#1499 = CARTESIAN_POINT ( 'NONE',  ( 0.9500000000000000700, -1.588692687506759500, 0.3500000000000000300 ) ) ;
#1500 = LINE ( 'NONE', #1499, #1498 ) ;
#1501 = CARTESIAN_POINT ( 'NONE',  ( 1.938692687506763400, -1.588692687506759500, 0.3500000000000000300 ) ) ;
#1502 = DIRECTION ( 'NONE',  ( 0.0000000000000000000, -1.000000000000000000, 0.0000000000000000000 ) ) ;
#1503 = VECTOR ( 'NONE', #1502, 1000.000000000000000 ) ;
#1504 = CARTESIAN_POINT ( 'NONE',  ( 1.938692687506763400, 1.800000000000000000, 0.3500000000000000300 ) ) ;
#1505 = LINE ( 'NONE', #1504, #1503 ) ;
#1506 = CARTESIAN_POINT ( 'NONE',  ( 2.149999999999999900, 1.700000000000000200, 1.235000000000000100 ) ) ;
#1507 = CARTESIAN_POINT ( 'NONE',  ( 2.149999999999999900, 1.700322840650755100, 1.235000000000001200 ) ) ;
#1508 = CARTESIAN_POINT ( 'NONE',  ( 2.149998436620933700, 1.700645677516100300, 1.234988875979931700 ) ) ;
#1509 = CARTESIAN_POINT ( 'NONE',  ( 2.149995309899464400, 1.700968503025304300, 1.234966628200657500 ) ) ;
#1510 = VECTOR ( 'NONE', #1306, 1000.000000000000000 ) ;
#1511 = CARTESIAN_POINT ( 'NONE',  ( 0.9499999999999999600, 1.800000000000000000, 0.2499999999999999400 ) ) ;
#1512 = LINE ( 'NONE', #1511, #1510 ) ;
#1513 = CARTESIAN_POINT ( 'NONE',  ( 0.9500000000000000700, -1.661567277818143800, 0.2500000000000000000 ) ) ;
#1514 = CARTESIAN_POINT ( 'NONE',  ( 0.9500000000000000700, -1.687719494380916800, 0.4360826899039937400 ) ) ;
#1515 = DIRECTION ( 'NONE',  ( -5.368253957363177700E-016, 0.1391731009600622500, -0.9902680687415708100 ) ) ;
#1516 = VECTOR ( 'NONE', #1515, 999.9999999999998900 ) ;
#1517 = CARTESIAN_POINT ( 'NONE',  ( 0.9499999999999999600, -1.647513194347904900, 0.1499999999999990000 ) ) ;
#1518 = DIRECTION ( 'NONE',  ( 5.421010862427521200E-016, 0.0000000000000000000, 1.000000000000000000 ) ) ;
#1519 = DIRECTION ( 'NONE',  ( -1.000000000000000000, 0.0000000000000000000, 5.421010862427521200E-016 ) ) ;
#1520 = CARTESIAN_POINT ( 'NONE',  ( 0.9499999999999999600, 1.800000000000000000, 0.1500000000000000200 ) ) ;
#1521 = AXIS2_PLACEMENT_3D ( 'NONE', #1520, #1519, #1518 ) ;
#1522 = LINE ( 'NONE', #1517, #1516 ) ;
#1523 = PLANE ( 'NONE',  #1521 ) ;
#1524 =( GEOMETRIC_REPRESENTATION_CONTEXT ( 3 ) GLOBAL_UNCERTAINTY_ASSIGNED_CONTEXT ( ( #1525 ) ) GLOBAL_UNIT_ASSIGNED_CONTEXT ( ( #1528, #1527, #1526 ) ) REPRESENTATION_CONTEXT ( 'NONE', 'WORKASPACE' ) );
#1525 = UNCERTAINTY_MEASURE_WITH_UNIT (LENGTH_MEASURE( 1.000000000000000100E-005 ), #1528, 'distance_accuracy_value', 'NONE');
#1526 =( NAMED_UNIT ( * ) SI_UNIT ( $, .STERADIAN. ) SOLID_ANGLE_UNIT ( ) );
#1527 =( NAMED_UNIT ( * ) PLANE_ANGLE_UNIT ( ) SI_UNIT ( $, .RADIAN. ) );
#1528 =( LENGTH_UNIT ( ) NAMED_UNIT ( * ) SI_UNIT ( .MILLI., .METRE. ) );
#1529 = MECHANICAL_DESIGN_GEOMETRIC_PRESENTATION_REPRESENTATION (  '', ( #1531 ), #1524 ) ;
#1530 = PRESENTATION_LAYER_ASSIGNMENT (  '', '', ( #1531 ) ) ;
#1531 = STYLED_ITEM ( 'NONE', ( #1532 ), #78 ) ;
#1532 = PRESENTATION_STYLE_ASSIGNMENT (( #1533 ) ) ;
#1533 = SURFACE_STYLE_USAGE ( .BOTH. , #1481 ) ;
#1534 = UNCERTAINTY_MEASURE_WITH_UNIT (LENGTH_MEASURE( 1.000000000000000100E-005 ), #1537, 'distance_accuracy_value', 'NONE');
#1535 =( NAMED_UNIT ( * ) SI_UNIT ( $, .STERADIAN. ) SOLID_ANGLE_UNIT ( ) );
#1536 =( NAMED_UNIT ( * ) PLANE_ANGLE_UNIT ( ) SI_UNIT ( $, .RADIAN. ) );
#1537 =( LENGTH_UNIT ( ) NAMED_UNIT ( * ) SI_UNIT ( .MILLI., .METRE. ) );
#1538 = MECHANICAL_DESIGN_GEOMETRIC_PRESENTATION_REPRESENTATION (  '', ( #1540 ), #1582 ) ;
#1539 = PRESENTATION_LAYER_ASSIGNMENT (  '', '', ( #1540 ) ) ;
#1540 = STYLED_ITEM ( 'NONE', ( #1541 ), #95 ) ;
#1541 = PRESENTATION_STYLE_ASSIGNMENT (( #1542 ) ) ;
#1542 = SURFACE_STYLE_USAGE ( .BOTH. , #1543 ) ;
#1543 = SURFACE_SIDE_STYLE ('',( #1544 ) ) ;
#1544 = SURFACE_STYLE_FILL_AREA ( #1545 ) ;
#1545 = FILL_AREA_STYLE ('',( #1553 ) ) ;
#1546 = COLOUR_RGB ( '',0.09411764705882352800, 0.09411764705882352800, 0.09411764705882352800 ) ;
#1547 = FACE_OUTER_BOUND ( 'NONE', #96, .T. ) ;
#1548 = DIRECTION ( 'NONE',  ( 0.0000000000000000000, 0.0000000000000000000, 1.000000000000000000 ) ) ;
#1549 = DIRECTION ( 'NONE',  ( -1.000000000000000000, 0.0000000000000000000, 5.421010862427521200E-016 ) ) ;
#1550 = CARTESIAN_POINT ( 'NONE',  ( 0.9500000000000000700, -1.588692687506759500, 0.4500000000000000700 ) ) ;
#1551 = AXIS2_PLACEMENT_3D ( 'NONE', #1550, #1549, #1548 ) ;
#1552 = CIRCLE ( 'NONE', #1551, 0.09999999999999999200 ) ;
#1553 = FILL_AREA_STYLE_COLOUR ( '', #1546 ) ;
#1554 = DIRECTION ( 'NONE',  ( 0.0000000000000000000, 0.0000000000000000000, 1.000000000000000000 ) ) ;
#1555 = DIRECTION ( 'NONE',  ( -1.000000000000000000, 0.0000000000000000000, 5.421010862427521200E-016 ) ) ;
#1556 = CARTESIAN_POINT ( 'NONE',  ( 0.9500000000000000700, 1.588692687506759700, 0.4500000000000000700 ) ) ;
#1557 = AXIS2_PLACEMENT_3D ( 'NONE', #1556, #1555, #1554 ) ;
#1558 = CIRCLE ( 'NONE', #1557, 0.09999999999999999200 ) ;
#1559 = CARTESIAN_POINT ( 'NONE',  ( 0.9500000000000001800, 1.687719494380916600, 0.4360826899039937900 ) ) ;
#1560 = DIRECTION ( 'NONE',  ( 5.368253957363177700E-016, 0.1391731009600624700, 0.9902680687415708100 ) ) ;
#1561 = VECTOR ( 'NONE', #1560, 999.9999999999998900 ) ;
#1562 = CARTESIAN_POINT ( 'NONE',  ( 0.9500000000000006200, 1.799999999999999800, 1.235000000000025000 ) ) ;
#1563 = LINE ( 'NONE', #1562, #1561 ) ;
#1564 = CARTESIAN_POINT ( 'NONE',  ( 0.9500000000000000700, 1.661567277818143800, 0.2500000000000002200 ) ) ;
#1565 = LINE ( 'NONE', #1572, #1610 ) ;
#1566 = CARTESIAN_POINT ( 'NONE',  ( 2.149995309899464900, -1.700968503025303900, 1.234966628200657500 ) ) ;
#1567 = CARTESIAN_POINT ( 'NONE',  ( 2.149998436620933700, -1.700645677516099900, 1.234988875979931700 ) ) ;
#1568 = CARTESIAN_POINT ( 'NONE',  ( 2.149999999999999900, -1.700322840650754700, 1.235000000000001200 ) ) ;
#1569 = CARTESIAN_POINT ( 'NONE',  ( 2.149999999999999900, -1.699999999999999700, 1.235000000000000100 ) ) ;
#1570 = CARTESIAN_POINT ( 'NONE',  ( 2.149995309899464900, -1.700968503025303900, 1.234966628200657500 ) ) ;
#1571 =( BOUNDED_CURVE ( )  B_SPLINE_CURVE ( 3, ( #1569, #1568, #1567, #1566 ),
 .UNSPECIFIED., .F., .T. ) 
 B_SPLINE_CURVE_WITH_KNOTS ( ( 4, 4 ),
 ( 0.0000000000000000000, 0.009685181668434522300 ),
 .UNSPECIFIED. ) 
 CURVE ( )  GEOMETRIC_REPRESENTATION_ITEM ( )  RATIONAL_B_SPLINE_CURVE ( ( 1.000000000000000000, 0.9999921831199467500, 0.9999921831199467500, 1.000000000000000000 ) ) 
 REPRESENTATION_ITEM ( '' )  );
#1572 = CARTESIAN_POINT ( 'NONE',  ( 2.027502981184037300, -1.578476174309876500, 0.3633884212345513400 ) ) ;
#1573 = DIRECTION ( 'NONE',  ( 0.0000000000000000000, -1.000000000000000000, 0.0000000000000000000 ) ) ;
#1574 = VECTOR ( 'NONE', #1573, 1000.000000000000000 ) ;
#1575 = CARTESIAN_POINT ( 'NONE',  ( 2.149999999999999900, 1.020000000000000000, 1.235000000000000300 ) ) ;
#1576 = DIRECTION ( 'NONE',  ( 1.000000000000000000, 0.0000000000000000000, 1.426581805901979400E-017 ) ) ;
#1577 = DIRECTION ( 'NONE',  ( -1.426581805901979400E-017, 0.0000000000000000000, 1.000000000000000000 ) ) ;
#1578 = CARTESIAN_POINT ( 'NONE',  ( -0.9499999999999999600, 1.800000000000000000, 0.1499999999999999900 ) ) ;
#1579 = AXIS2_PLACEMENT_3D ( 'NONE', #1578, #1577, #1576 ) ;
#1580 = LINE ( 'NONE', #1575, #1574 ) ;
#1581 = PLANE ( 'NONE',  #1579 ) ;
#1582 =( GEOMETRIC_REPRESENTATION_CONTEXT ( 3 ) GLOBAL_UNCERTAINTY_ASSIGNED_CONTEXT ( ( #1534 ) ) GLOBAL_UNIT_ASSIGNED_CONTEXT ( ( #1537, #1536, #1535 ) ) REPRESENTATION_CONTEXT ( 'NONE', 'WORKASPACE' ) );
#1583 = DIRECTION ( 'NONE',  ( 1.000000000000000000, 0.0000000000000000000, -0.0000000000000000000 ) ) ;
#1584 = DIRECTION ( 'NONE',  ( 0.0000000000000000000, 0.0000000000000000000, 1.000000000000000000 ) ) ;
#1585 = CARTESIAN_POINT ( 'NONE',  ( 0.9500000000000000700, 1.800000000000000000, 0.3500000000000000300 ) ) ;
#1586 = AXIS2_PLACEMENT_3D ( 'NONE', #1585, #1584, #1583 ) ;
#1587 = PLANE ( 'NONE',  #1586 ) ;
#1588 =( GEOMETRIC_REPRESENTATION_CONTEXT ( 3 ) GLOBAL_UNCERTAINTY_ASSIGNED_CONTEXT ( ( #1589 ) ) GLOBAL_UNIT_ASSIGNED_CONTEXT ( ( #1592, #1591, #1590 ) ) REPRESENTATION_CONTEXT ( 'NONE', 'WORKASPACE' ) );
#1589 = UNCERTAINTY_MEASURE_WITH_UNIT (LENGTH_MEASURE( 1.000000000000000100E-005 ), #1592, 'distance_accuracy_value', 'NONE');
#1590 =( NAMED_UNIT ( * ) SI_UNIT ( $, .STERADIAN. ) SOLID_ANGLE_UNIT ( ) );
#1591 =( NAMED_UNIT ( * ) PLANE_ANGLE_UNIT ( ) SI_UNIT ( $, .RADIAN. ) );
#1592 =( LENGTH_UNIT ( ) NAMED_UNIT ( * ) SI_UNIT ( .MILLI., .METRE. ) );
#1593 = MECHANICAL_DESIGN_GEOMETRIC_PRESENTATION_REPRESENTATION (  '', ( #1595 ), #1588 ) ;
#1594 = PRESENTATION_LAYER_ASSIGNMENT (  '', '', ( #1595 ) ) ;
#1595 = STYLED_ITEM ( 'NONE', ( #1596 ), #108 ) ;
#1596 = PRESENTATION_STYLE_ASSIGNMENT (( #1597 ) ) ;
#1597 = SURFACE_STYLE_USAGE ( .BOTH. , #1598 ) ;
#1598 = SURFACE_SIDE_STYLE ('',( #1599 ) ) ;
#1599 = SURFACE_STYLE_FILL_AREA ( #1600 ) ;
#1600 = FILL_AREA_STYLE ('',( #1607 ) ) ;
#1601 = COLOUR_RGB ( '',0.09411764705882352800, 0.09411764705882352800, 0.09411764705882352800 ) ;
#1602 = FACE_OUTER_BOUND ( 'NONE', #5235, .T. ) ;
#1603 = DIRECTION ( 'NONE',  ( -0.0000000000000000000, 1.000000000000000000, -0.0000000000000000000 ) ) ;
#1604 = VECTOR ( 'NONE', #1603, 1000.000000000000000 ) ;
#1605 = CARTESIAN_POINT ( 'NONE',  ( 2.037719494380920700, 1.800000000000000000, 0.4360826899039937900 ) ) ;
#1606 = LINE ( 'NONE', #1605, #1604 ) ;
#1607 = FILL_AREA_STYLE_COLOUR ( '', #1601 ) ;
#1608 = CARTESIAN_POINT ( 'NONE',  ( 2.037719494380920700, -1.588692687506759700, 0.4360826899039937900 ) ) ;
#1609 = DIRECTION ( 'NONE',  ( -0.1378445374916255900, 0.1378445374916255400, -0.9808148484639899200 ) ) ;
#1610 = VECTOR ( 'NONE', #1609, 1000.000000000000100 ) ;
#1611 =( NAMED_UNIT ( * ) SI_UNIT ( $, .STERADIAN. ) SOLID_ANGLE_UNIT ( ) );
#1612 =( NAMED_UNIT ( * ) PLANE_ANGLE_UNIT ( ) SI_UNIT ( $, .RADIAN. ) );
#1613 =( LENGTH_UNIT ( ) NAMED_UNIT ( * ) SI_UNIT ( .MILLI., .METRE. ) );
#1614 = MECHANICAL_DESIGN_GEOMETRIC_PRESENTATION_REPRESENTATION (  '', ( #1616 ), #1668 ) ;
#1615 = PRESENTATION_LAYER_ASSIGNMENT (  '', '', ( #1616 ) ) ;
#1616 = STYLED_ITEM ( 'NONE', ( #1617 ), #121 ) ;
#1617 = PRESENTATION_STYLE_ASSIGNMENT (( #1618 ) ) ;
#1618 = SURFACE_STYLE_USAGE ( .BOTH. , #1619 ) ;
#1619 = SURFACE_SIDE_STYLE ('',( #1620 ) ) ;
#1620 = SURFACE_STYLE_FILL_AREA ( #1621 ) ;
#1621 = FILL_AREA_STYLE ('',( #1628 ) ) ;
#1622 = COLOUR_RGB ( '',0.09411764705882352800, 0.09411764705882352800, 0.09411764705882352800 ) ;
#1623 = FACE_OUTER_BOUND ( 'NONE', #122, .T. ) ;
#1624 = DIRECTION ( 'NONE',  ( 1.000000000000000000, -2.966353413093036300E-016, 0.0000000000000000000 ) ) ;
#1625 = VECTOR ( 'NONE', #1624, 1000.000000000000000 ) ;
#1626 = CARTESIAN_POINT ( 'NONE',  ( -1.676999999999999400, -1.499999999999999800, 2.620000000000000100 ) ) ;
#1627 = LINE ( 'NONE', #1626, #1625 ) ;
#1628 = FILL_AREA_STYLE_COLOUR ( '', #1622 ) ;
#1629 = CARTESIAN_POINT ( 'NONE',  ( -0.9459999999999996200, -1.499999999999999800, 2.620000000000000100 ) ) ;
#1630 = DIRECTION ( 'NONE',  ( -7.228014483236695800E-017, 1.000000000000000000, -0.0000000000000000000 ) ) ;
#1631 = VECTOR ( 'NONE', #1630, 1000.000000000000000 ) ;
#1632 = CARTESIAN_POINT ( 'NONE',  ( -0.9459999999999999500, 1.500000000000000000, 2.620000000000000100 ) ) ;
#1633 = LINE ( 'NONE', #1632, #1631 ) ;
#1634 = CARTESIAN_POINT ( 'NONE',  ( -0.9460000000000001700, 1.500000000000000000, 2.620000000000000100 ) ) ;
#1635 = DIRECTION ( 'NONE',  ( -1.000000000000000000, -0.0000000000000000000, -0.0000000000000000000 ) ) ;
#1636 = VECTOR ( 'NONE', #1635, 1000.000000000000000 ) ;
#1637 = CARTESIAN_POINT ( 'NONE',  ( -1.676999999999999600, 1.500000000000000000, 2.620000000000000100 ) ) ;
#1638 = LINE ( 'NONE', #1637, #1636 ) ;
#1639 = CARTESIAN_POINT ( 'NONE',  ( -1.676999999999999200, -1.500000000000000200, 2.620000000000000100 ) ) ;
#1640 = CARTESIAN_POINT ( 'NONE',  ( -1.676999999999999600, 1.500000000000000000, 2.620000000000000100 ) ) ;
#1641 = DIRECTION ( 'NONE',  ( 7.228014483236695800E-017, -1.000000000000000000, 0.0000000000000000000 ) ) ;
#1642 = VECTOR ( 'NONE', #1641, 1000.000000000000000 ) ;
#1643 = CARTESIAN_POINT ( 'NONE',  ( -1.676999999999999600, 1.500000000000000000, 2.620000000000000100 ) ) ;
#1644 = LINE ( 'NONE', #1643, #1642 ) ;
#1645 = LINE ( 'NONE', #1697, #1696 ) ;
#1646 = FILL_AREA_STYLE_COLOUR ( '', #1693 ) ;
#1647 = CARTESIAN_POINT ( 'NONE',  ( 2.049999999999999800, -1.800000000000000000, 1.235000000000026100 ) ) ;
#1648 = DIRECTION ( 'NONE',  ( 1.000000000000000000, 0.0000000000000000000, 1.426581805901979400E-017 ) ) ;
#1649 = VECTOR ( 'NONE', #1648, 1000.000000000000000 ) ;
#1650 = CARTESIAN_POINT ( 'NONE',  ( 0.9499999999999999600, -1.800000000000000000, 1.235000000000026100 ) ) ;
#1651 = LINE ( 'NONE', #1650, #1649 ) ;
#1652 = CARTESIAN_POINT ( 'NONE',  ( -2.050000000000000300, -1.800000000000000000, 1.235000000000026100 ) ) ;
#1653 = DIRECTION ( 'NONE',  ( -0.0000000000000000000, -0.0000000000000000000, -1.000000000000000000 ) ) ;
#1654 = VECTOR ( 'NONE', #1653, 1000.000000000000000 ) ;
#1655 = CARTESIAN_POINT ( 'NONE',  ( -2.050000000000000300, -1.800000000000000000, 1.235000000000000100 ) ) ;
#1656 = LINE ( 'NONE', #1655, #1654 ) ;
#1657 = CARTESIAN_POINT ( 'NONE',  ( -2.050000000000000300, -1.800000000000000000, 1.534999999999974600 ) ) ;
#1658 = CARTESIAN_POINT ( 'NONE',  ( 2.149999999999999900, 1.050000000000000000, 1.505000000000000100 ) ) ;
#1659 = DIRECTION ( 'NONE',  ( 0.0000000000000000000, -9.035018104045878800E-016, -1.000000000000000000 ) ) ;
#1660 = VECTOR ( 'NONE', #1659, 1000.000000000000000 ) ;
#1661 = CARTESIAN_POINT ( 'NONE',  ( 2.149999999999999900, 1.050000000000000000, 1.265000000000000300 ) ) ;
#1662 = DIRECTION ( 'NONE',  ( 0.0000000000000000000, 0.0000000000000000000, 1.000000000000000000 ) ) ;
#1663 = DIRECTION ( 'NONE',  ( -1.000000000000000000, 0.0000000000000000000, 0.0000000000000000000 ) ) ;
#1664 = CARTESIAN_POINT ( 'NONE',  ( 2.149999999999999900, 1.800000000000000000, 1.235000000000000100 ) ) ;
#1665 = AXIS2_PLACEMENT_3D ( 'NONE', #1664, #1663, #1662 ) ;
#1666 = LINE ( 'NONE', #1661, #1660 ) ;
#1667 = PLANE ( 'NONE',  #1665 ) ;
#1668 =( GEOMETRIC_REPRESENTATION_CONTEXT ( 3 ) GLOBAL_UNCERTAINTY_ASSIGNED_CONTEXT ( ( #1669 ) ) GLOBAL_UNIT_ASSIGNED_CONTEXT ( ( #1613, #1612, #1611 ) ) REPRESENTATION_CONTEXT ( 'NONE', 'WORKASPACE' ) );
#1669 = UNCERTAINTY_MEASURE_WITH_UNIT (LENGTH_MEASURE( 1.000000000000000100E-005 ), #1613, 'distance_accuracy_value', 'NONE');
#1670 = CARTESIAN_POINT ( 'NONE',  ( 2.149999999999999900, -1.020000000000000000, 1.235000000000000100 ) ) ;
#1671 = DIRECTION ( 'NONE',  ( -0.0000000000000000000, -1.000000000000000000, -0.0000000000000000000 ) ) ;
#1672 = VECTOR ( 'NONE', #1671, 1000.000000000000000 ) ;
#1673 = CARTESIAN_POINT ( 'NONE',  ( 2.149999999999999900, 1.800000000000000000, 1.235000000000000100 ) ) ;
#1674 = DIRECTION ( 'NONE',  ( 0.0000000000000000000, -0.1391731009600624700, -0.9902680687415708100 ) ) ;
#1675 = DIRECTION ( 'NONE',  ( -1.985418137005843700E-018, -0.9902680687415708100, 0.1391731009600624700 ) ) ;
#1676 = CARTESIAN_POINT ( 'NONE',  ( -0.9499999999999999600, 1.800000000000000000, 1.235000000000026100 ) ) ;
#1677 = AXIS2_PLACEMENT_3D ( 'NONE', #1676, #1675, #1674 ) ;
#1678 = LINE ( 'NONE', #1673, #1672 ) ;
#1679 = PLANE ( 'NONE',  #1677 ) ;
#1680 =( GEOMETRIC_REPRESENTATION_CONTEXT ( 3 ) GLOBAL_UNCERTAINTY_ASSIGNED_CONTEXT ( ( #1681 ) ) GLOBAL_UNIT_ASSIGNED_CONTEXT ( ( #1684, #1683, #1682 ) ) REPRESENTATION_CONTEXT ( 'NONE', 'WORKASPACE' ) );
#1681 = UNCERTAINTY_MEASURE_WITH_UNIT (LENGTH_MEASURE( 1.000000000000000100E-005 ), #1684, 'distance_accuracy_value', 'NONE');
#1682 =( NAMED_UNIT ( * ) SI_UNIT ( $, .STERADIAN. ) SOLID_ANGLE_UNIT ( ) );
#1683 =( NAMED_UNIT ( * ) PLANE_ANGLE_UNIT ( ) SI_UNIT ( $, .RADIAN. ) );
#1684 =( LENGTH_UNIT ( ) NAMED_UNIT ( * ) SI_UNIT ( .MILLI., .METRE. ) );
#1685 = MECHANICAL_DESIGN_GEOMETRIC_PRESENTATION_REPRESENTATION (  '', ( #1687 ), #1680 ) ;
#1686 = PRESENTATION_LAYER_ASSIGNMENT (  '', '', ( #1687 ) ) ;
#1687 = STYLED_ITEM ( 'NONE', ( #1688 ), #135 ) ;
#1688 = PRESENTATION_STYLE_ASSIGNMENT (( #1689 ) ) ;
#1689 = SURFACE_STYLE_USAGE ( .BOTH. , #1690 ) ;
#1690 = SURFACE_SIDE_STYLE ('',( #1691 ) ) ;
#1691 = SURFACE_STYLE_FILL_AREA ( #1692 ) ;
#1692 = FILL_AREA_STYLE ('',( #1646 ) ) ;
#1693 = COLOUR_RGB ( '',0.09411764705882352800, 0.09411764705882352800, 0.09411764705882352800 ) ;
#1694 = FACE_OUTER_BOUND ( 'NONE', #136, .T. ) ;
#1695 = DIRECTION ( 'NONE',  ( -0.0000000000000000000, -0.0000000000000000000, 1.000000000000000000 ) ) ;
#1696 = VECTOR ( 'NONE', #1695, 1000.000000000000000 ) ;
#1697 = CARTESIAN_POINT ( 'NONE',  ( 2.050000000000000300, -1.800000000000000000, 1.535000000000000100 ) ) ;
#1698 = DIRECTION ( 'NONE',  ( 0.1391731009600623000, 0.0000000000000000000, 0.9902680687415707000 ) ) ;
#1699 = DIRECTION ( 'NONE',  ( -0.9902680687415708100, 0.0000000000000000000, 0.1391731009600623300 ) ) ;
#1700 = CARTESIAN_POINT ( 'NONE',  ( 2.025621361288386400, 1.800000000000000000, 0.3500000000000000300 ) ) ;
#1701 = AXIS2_PLACEMENT_3D ( 'NONE', #1700, #1699, #1698 ) ;
#1702 = LINE ( 'NONE', #1756, #1755 ) ;
#1703 = PLANE ( 'NONE',  #1701 ) ;
#1704 =( GEOMETRIC_REPRESENTATION_CONTEXT ( 3 ) GLOBAL_UNCERTAINTY_ASSIGNED_CONTEXT ( ( #1705 ) ) GLOBAL_UNIT_ASSIGNED_CONTEXT ( ( #1708, #1707, #1706 ) ) REPRESENTATION_CONTEXT ( 'NONE', 'WORKASPACE' ) );
#1705 = UNCERTAINTY_MEASURE_WITH_UNIT (LENGTH_MEASURE( 1.000000000000000100E-005 ), #1708, 'distance_accuracy_value', 'NONE');
#1706 =( NAMED_UNIT ( * ) SI_UNIT ( $, .STERADIAN. ) SOLID_ANGLE_UNIT ( ) );
#1707 =( NAMED_UNIT ( * ) PLANE_ANGLE_UNIT ( ) SI_UNIT ( $, .RADIAN. ) );
#1708 =( LENGTH_UNIT ( ) NAMED_UNIT ( * ) SI_UNIT ( .MILLI., .METRE. ) );
#1709 = MECHANICAL_DESIGN_GEOMETRIC_PRESENTATION_REPRESENTATION (  '', ( #1711 ), #1704 ) ;
#1710 = PRESENTATION_LAYER_ASSIGNMENT (  '', '', ( #1711 ) ) ;
#1711 = STYLED_ITEM ( 'NONE', ( #1712 ), #144 ) ;
#1712 = PRESENTATION_STYLE_ASSIGNMENT (( #1713 ) ) ;
#1713 = SURFACE_STYLE_USAGE ( .BOTH. , #1714 ) ;
#1714 = SURFACE_SIDE_STYLE ('',( #1715 ) ) ;
#1715 = SURFACE_STYLE_FILL_AREA ( #1716 ) ;
#1716 = FILL_AREA_STYLE ('',( #1724 ) ) ;
#1717 = COLOUR_RGB ( '',0.09411764705882352800, 0.09411764705882352800, 0.09411764705882352800 ) ;
#1718 = FACE_OUTER_BOUND ( 'NONE', #145, .T. ) ;
#1719 = DIRECTION ( 'NONE',  ( 0.0000000000000000000, 0.0000000000000000000, -1.000000000000000000 ) ) ;
#1720 = DIRECTION ( 'NONE',  ( -1.000000000000000000, -0.0000000000000000000, -0.0000000000000000000 ) ) ;
#1721 = CARTESIAN_POINT ( 'NONE',  ( 2.149999999999999900, -1.020000000000000000, 1.265000000000000600 ) ) ;
#1722 = AXIS2_PLACEMENT_3D ( 'NONE', #1721, #1720, #1719 ) ;
#1723 = CIRCLE ( 'NONE', #1722, 0.03000000000000007900 ) ;
#1724 = FILL_AREA_STYLE_COLOUR ( '', #1717 ) ;
#1725 = DIRECTION ( 'NONE',  ( 0.0000000000000000000, 0.0000000000000000000, -1.000000000000000000 ) ) ;
#1726 = DIRECTION ( 'NONE',  ( -1.000000000000000000, -0.0000000000000000000, -0.0000000000000000000 ) ) ;
#1727 = CARTESIAN_POINT ( 'NONE',  ( 2.149999999999999900, 1.020000000000000000, 1.265000000000000300 ) ) ;
#1728 = AXIS2_PLACEMENT_3D ( 'NONE', #1727, #1726, #1725 ) ;
#1729 = CIRCLE ( 'NONE', #1728, 0.02999999999999986000 ) ;
#1730 = CARTESIAN_POINT ( 'NONE',  ( 2.149999999999999900, 1.050000000000000000, 1.265000000000000300 ) ) ;
#1731 = DIRECTION ( 'NONE',  ( -0.0000000000000000000, -1.000000000000000000, -0.0000000000000000000 ) ) ;
#1732 = VECTOR ( 'NONE', #1731, 1000.000000000000000 ) ;
#1733 = CARTESIAN_POINT ( 'NONE',  ( -2.149999999999999900, 1.800000000000000000, 1.535000000000000100 ) ) ;
#1734 = LINE ( 'NONE', #1733, #1732 ) ;
#1735 = CARTESIAN_POINT ( 'NONE',  ( -2.149999999999999900, -1.699999999999999700, 1.535000000000000100 ) ) ;
#1736 = DIRECTION ( 'NONE',  ( -0.0000000000000000000, 0.0000000000000000000, 1.000000000000000000 ) ) ;
#1737 = VECTOR ( 'NONE', #1736, 1000.000000000000000 ) ;
#1738 = CARTESIAN_POINT ( 'NONE',  ( -2.149999999999999900, -1.699999999999999700, 1.535000000000000100 ) ) ;
#1739 = LINE ( 'NONE', #1738, #1737 ) ;
#1740 = CARTESIAN_POINT ( 'NONE',  ( -2.149999999999999900, -1.699999999999999700, 1.235000000000000100 ) ) ;
#1741 = DIRECTION ( 'NONE',  ( -0.0000000000000000000, -1.000000000000000000, -0.0000000000000000000 ) ) ;
#1742 = VECTOR ( 'NONE', #1741, 1000.000000000000000 ) ;
#1743 = CARTESIAN_POINT ( 'NONE',  ( -2.149999999999999900, 1.800000000000000000, 1.235000000000000100 ) ) ;
#1744 = LINE ( 'NONE', #1743, #1742 ) ;
#1745 = CARTESIAN_POINT ( 'NONE',  ( -2.149999999999999900, -1.050000000000000000, 1.265000000000000600 ) ) ;
#1746 = CARTESIAN_POINT ( 'NONE',  ( -2.149999999999999900, -1.020000000000000000, 1.235000000000000300 ) ) ;
#1747 = DIRECTION ( 'NONE',  ( 0.0000000000000000000, 0.0000000000000000000, -1.000000000000000000 ) ) ;
#1748 = DIRECTION ( 'NONE',  ( -1.000000000000000000, 0.0000000000000000000, 0.0000000000000000000 ) ) ;
#1749 = CARTESIAN_POINT ( 'NONE',  ( -2.149999999999999900, -1.020000000000000000, 1.265000000000000600 ) ) ;
#1750 = AXIS2_PLACEMENT_3D ( 'NONE', #1749, #1748, #1747 ) ;
#1751 = CIRCLE ( 'NONE', #1750, 0.03000000000000007900 ) ;
#1752 = CARTESIAN_POINT ( 'NONE',  ( 2.149995309899464400, 1.700968503025304300, 1.234966628200657500 ) ) ;
#1753 = CARTESIAN_POINT ( 'NONE',  ( 2.037719494380920700, 1.588692687506760000, 0.4360826899039937900 ) ) ;
#1754 = DIRECTION ( 'NONE',  ( 0.1378445374916255900, 0.1378445374916257000, 0.9808148484639899200 ) ) ;
#1755 = VECTOR ( 'NONE', #1754, 1000.000000000000100 ) ;
#1756 = CARTESIAN_POINT ( 'NONE',  ( 2.151881619895650700, 1.702854813021490700, 1.248388421234552000 ) ) ;
#1757 = VECTOR ( 'NONE', #1817, 1000.000000000000000 ) ;
#1758 = CARTESIAN_POINT ( 'NONE',  ( 1.910584520566286400, 1.800000000000000000, 2.619999999999999700 ) ) ;
#1759 = LINE ( 'NONE', #1758, #1757 ) ;
#1760 = FILL_AREA_STYLE_COLOUR ( '', #1816 ) ;
#1761 = CARTESIAN_POINT ( 'NONE',  ( 1.910584520566286400, -1.560584520566281800, 2.619999999999999700 ) ) ;
#1762 = DIRECTION ( 'NONE',  ( 1.000000000000000000, 3.111771456930366600E-033, -1.085551950849009400E-016 ) ) ;
#1763 = VECTOR ( 'NONE', #1762, 1000.000000000000000 ) ;
#1764 = CARTESIAN_POINT ( 'NONE',  ( 1.997513194347909600, -1.560584520566281800, 2.619999999999999700 ) ) ;
#1765 = LINE ( 'NONE', #1764, #1763 ) ;
#1766 = CARTESIAN_POINT ( 'NONE',  ( -1.910584520566285200, -1.560584520566281800, 2.620000000000000100 ) ) ;
#1767 = DIRECTION ( 'NONE',  ( 0.0000000000000000000, -1.000000000000000000, 0.0000000000000000000 ) ) ;
#1768 = VECTOR ( 'NONE', #1767, 1000.000000000000000 ) ;
#1769 = CARTESIAN_POINT ( 'NONE',  ( -1.910584520566285200, 1.800000000000000000, 2.620000000000000100 ) ) ;
#1770 = LINE ( 'NONE', #1769, #1768 ) ;
#1771 = CARTESIAN_POINT ( 'NONE',  ( -1.910584520566285200, 1.560584520566282300, 2.620000000000000100 ) ) ;
#1772 = CARTESIAN_POINT ( 'NONE',  ( 2.149999999999999900, 1.020000000000000000, 1.535000000000000100 ) ) ;
#1773 = DIRECTION ( 'NONE',  ( -0.0000000000000000000, -1.000000000000000000, -0.0000000000000000000 ) ) ;
#1774 = VECTOR ( 'NONE', #1773, 1000.000000000000000 ) ;
#1775 = CARTESIAN_POINT ( 'NONE',  ( 2.149999999999999900, 1.800000000000000000, 1.535000000000000100 ) ) ;
#1776 = LINE ( 'NONE', #1775, #1774 ) ;
#1777 = CARTESIAN_POINT ( 'NONE',  ( 2.149999999999999900, 1.700000000000000200, 1.535000000000000100 ) ) ;
#1778 = DIRECTION ( 'NONE',  ( -0.0000000000000000000, -0.0000000000000000000, 1.000000000000000000 ) ) ;
#1779 = VECTOR ( 'NONE', #1778, 1000.000000000000000 ) ;
#1780 = CARTESIAN_POINT ( 'NONE',  ( 2.149999999999999900, 1.700000000000000000, 1.235000000000000100 ) ) ;
#1781 = LINE ( 'NONE', #1780, #1779 ) ;
#1782 = CARTESIAN_POINT ( 'NONE',  ( 2.149999999999999900, 1.700000000000000200, 1.235000000000000100 ) ) ;
#1783 = DIRECTION ( 'NONE',  ( -0.0000000000000000000, -1.000000000000000000, -0.0000000000000000000 ) ) ;
#1784 = VECTOR ( 'NONE', #1783, 1000.000000000000000 ) ;
#1785 = CARTESIAN_POINT ( 'NONE',  ( 2.149999999999999900, 1.800000000000000000, 1.235000000000000100 ) ) ;
#1786 = LINE ( 'NONE', #1785, #1784 ) ;
#1787 = CARTESIAN_POINT ( 'NONE',  ( 2.149999999999999900, 1.020000000000000000, 1.235000000000000300 ) ) ;
#1788 =( NAMED_UNIT ( * ) SI_UNIT ( $, .STERADIAN. ) SOLID_ANGLE_UNIT ( ) );
#1789 =( NAMED_UNIT ( * ) PLANE_ANGLE_UNIT ( ) SI_UNIT ( $, .RADIAN. ) );
#1790 =( LENGTH_UNIT ( ) NAMED_UNIT ( * ) SI_UNIT ( .MILLI., .METRE. ) );
#1791 = MECHANICAL_DESIGN_GEOMETRIC_PRESENTATION_REPRESENTATION (  '', ( #1793 ), #1842 ) ;
#1792 = PRESENTATION_LAYER_ASSIGNMENT (  '', '', ( #1793 ) ) ;
#1793 = STYLED_ITEM ( 'NONE', ( #1794 ), #189 ) ;
#1794 = PRESENTATION_STYLE_ASSIGNMENT (( #1795 ) ) ;
#1795 = SURFACE_STYLE_USAGE ( .BOTH. , #1796 ) ;
#1796 = SURFACE_SIDE_STYLE ('',( #1797 ) ) ;
#1797 = SURFACE_STYLE_FILL_AREA ( #1798 ) ;
#1798 = FILL_AREA_STYLE ('',( #1799 ) ) ;
#1799 = FILL_AREA_STYLE_COLOUR ( '', #1800 ) ;
#1800 = COLOUR_RGB ( '',0.09411764705882352800, 0.09411764705882352800, 0.09411764705882352800 ) ;
#1801 = FACE_BOUND ( 'NONE', #187, .T. ) ;
#1802 = FACE_OUTER_BOUND ( 'NONE', #190, .T. ) ;
#1803 =( GEOMETRIC_REPRESENTATION_CONTEXT ( 3 ) GLOBAL_UNCERTAINTY_ASSIGNED_CONTEXT ( ( #1804 ) ) GLOBAL_UNIT_ASSIGNED_CONTEXT ( ( #1807, #1806, #1805 ) ) REPRESENTATION_CONTEXT ( 'NONE', 'WORKASPACE' ) );
#1804 = UNCERTAINTY_MEASURE_WITH_UNIT (LENGTH_MEASURE( 1.000000000000000100E-005 ), #1807, 'distance_accuracy_value', 'NONE');
#1805 =( NAMED_UNIT ( * ) SI_UNIT ( $, .STERADIAN. ) SOLID_ANGLE_UNIT ( ) );
#1806 =( NAMED_UNIT ( * ) PLANE_ANGLE_UNIT ( ) SI_UNIT ( $, .RADIAN. ) );
#1807 =( LENGTH_UNIT ( ) NAMED_UNIT ( * ) SI_UNIT ( .MILLI., .METRE. ) );
#1808 = MECHANICAL_DESIGN_GEOMETRIC_PRESENTATION_REPRESENTATION (  '', ( #1810 ), #1803 ) ;
#1809 = PRESENTATION_LAYER_ASSIGNMENT (  '', '', ( #1810 ) ) ;
#1810 = STYLED_ITEM ( 'NONE', ( #1811 ), #188 ) ;
#1811 = PRESENTATION_STYLE_ASSIGNMENT (( #1812 ) ) ;
#1812 = SURFACE_STYLE_USAGE ( .BOTH. , #1813 ) ;
#1813 = SURFACE_SIDE_STYLE ('',( #1814 ) ) ;
#1814 = SURFACE_STYLE_FILL_AREA ( #1815 ) ;
#1815 = FILL_AREA_STYLE ('',( #1760 ) ) ;
#1816 = COLOUR_RGB ( '',0.7529411764705882200, 0.7529411764705882200, 0.7529411764705882200 ) ;
#1817 = DIRECTION ( 'NONE',  ( -0.0000000000000000000, 1.000000000000000000, -0.0000000000000000000 ) ) ;
#1818 = VECTOR ( 'NONE', #1878, 1000.000000000000000 ) ;
#1819 = CARTESIAN_POINT ( 'NONE',  ( -0.9500000000000000700, 1.800000000000000000, 0.3499999999999999800 ) ) ;
#1820 = LINE ( 'NONE', #1819, #1818 ) ;
#1821 = CARTESIAN_POINT ( 'NONE',  ( -0.9500000000000000700, -1.588692687506759500, 0.3499999999999999800 ) ) ;
#1822 = DIRECTION ( 'NONE',  ( 0.0000000000000000000, 0.0000000000000000000, -1.000000000000000000 ) ) ;
#1823 = DIRECTION ( 'NONE',  ( 1.000000000000000000, -0.0000000000000000000, 5.421010862427522200E-016 ) ) ;
#1824 = CARTESIAN_POINT ( 'NONE',  ( -0.9500000000000000700, -1.588692687506759500, 0.4500000000000000100 ) ) ;
#1825 = AXIS2_PLACEMENT_3D ( 'NONE', #1824, #1823, #1822 ) ;
#1826 = CIRCLE ( 'NONE', #1825, 0.09999999999999999200 ) ;
#1827 = CARTESIAN_POINT ( 'NONE',  ( -0.9500000000000000700, -1.687719494380916800, 0.4360826899039936800 ) ) ;
#1828 = DIRECTION ( 'NONE',  ( -5.368253957363178700E-016, -0.1391731009600622500, 0.9902680687415708100 ) ) ;
#1829 = VECTOR ( 'NONE', #1828, 999.9999999999998900 ) ;
#1830 = CARTESIAN_POINT ( 'NONE',  ( -0.9499999999999999600, -1.647513194347905100, 0.1499999999999999900 ) ) ;
#1831 = LINE ( 'NONE', #1830, #1829 ) ;
#1832 = CARTESIAN_POINT ( 'NONE',  ( 1.910584520566286400, 1.560584520566282300, 2.619999999999999700 ) ) ;
#1833 = DIRECTION ( 'NONE',  ( -1.000000000000000000, -0.0000000000000000000, 1.085551950849009400E-016 ) ) ;
#1834 = VECTOR ( 'NONE', #1833, 1000.000000000000000 ) ;
#1835 = CARTESIAN_POINT ( 'NONE',  ( -1.997513194347906100, 1.560584520566282300, 2.620000000000000100 ) ) ;
#1836 = DIRECTION ( 'NONE',  ( -1.000000000000000000, 0.0000000000000000000, 1.085551950849009400E-016 ) ) ;
#1837 = DIRECTION ( 'NONE',  ( -1.085551950849009400E-016, 0.0000000000000000000, -1.000000000000000000 ) ) ;
#1838 = CARTESIAN_POINT ( 'NONE',  ( 1.997513194347909600, 1.800000000000000000, 2.619999999999999700 ) ) ;
#1839 = AXIS2_PLACEMENT_3D ( 'NONE', #1838, #1837, #1836 ) ;
#1840 = LINE ( 'NONE', #1835, #1834 ) ;
#1841 = PLANE ( 'NONE',  #1839 ) ;
#1842 =( GEOMETRIC_REPRESENTATION_CONTEXT ( 3 ) GLOBAL_UNCERTAINTY_ASSIGNED_CONTEXT ( ( #1843 ) ) GLOBAL_UNIT_ASSIGNED_CONTEXT ( ( #1790, #1789, #1788 ) ) REPRESENTATION_CONTEXT ( 'NONE', 'WORKASPACE' ) );
#1843 = UNCERTAINTY_MEASURE_WITH_UNIT (LENGTH_MEASURE( 1.000000000000000100E-005 ), #1790, 'distance_accuracy_value', 'NONE');
#1844 =( NAMED_UNIT ( * ) PLANE_ANGLE_UNIT ( ) SI_UNIT ( $, .RADIAN. ) );
#1845 =( LENGTH_UNIT ( ) NAMED_UNIT ( * ) SI_UNIT ( .MILLI., .METRE. ) );
#1846 = MECHANICAL_DESIGN_GEOMETRIC_PRESENTATION_REPRESENTATION (  '', ( #1848 ), #1903 ) ;
#1847 = PRESENTATION_LAYER_ASSIGNMENT (  '', '', ( #1848 ) ) ;
#1848 = STYLED_ITEM ( 'NONE', ( #1849 ), #214 ) ;
#1849 = PRESENTATION_STYLE_ASSIGNMENT (( #1850 ) ) ;
#1850 = SURFACE_STYLE_USAGE ( .BOTH. , #1851 ) ;
#1851 = SURFACE_SIDE_STYLE ('',( #1852 ) ) ;
#1852 = SURFACE_STYLE_FILL_AREA ( #1853 ) ;
#1853 = FILL_AREA_STYLE ('',( #1860 ) ) ;
#1854 = COLOUR_RGB ( '',0.09411764705882352800, 0.09411764705882352800, 0.09411764705882352800 ) ;
#1855 = FACE_OUTER_BOUND ( 'NONE', #215, .T. ) ;
#1856 = DIRECTION ( 'NONE',  ( -0.0000000000000000000, -1.000000000000000000, -0.0000000000000000000 ) ) ;
#1857 = VECTOR ( 'NONE', #1856, 1000.000000000000000 ) ;
#1858 = CARTESIAN_POINT ( 'NONE',  ( -2.149999999999999900, 1.800000000000000000, 1.235000000000000100 ) ) ;
#1859 = LINE ( 'NONE', #1858, #1857 ) ;
#1860 = FILL_AREA_STYLE_COLOUR ( '', #1854 ) ;
#1861 = CARTESIAN_POINT ( 'NONE',  ( -2.149999999999999900, 1.700000000000000200, 1.235000000000000100 ) ) ;
#1862 = DIRECTION ( 'NONE',  ( -0.0000000000000000000, -0.0000000000000000000, -1.000000000000000000 ) ) ;
#1863 = VECTOR ( 'NONE', #1862, 1000.000000000000000 ) ;
#1864 = CARTESIAN_POINT ( 'NONE',  ( -2.149999999999999900, 1.700000000000000000, 1.535000000000000100 ) ) ;
#1865 = LINE ( 'NONE', #1864, #1863 ) ;
#1866 = CARTESIAN_POINT ( 'NONE',  ( -2.149999999999999900, 1.700000000000000200, 1.535000000000000100 ) ) ;
#1867 = DIRECTION ( 'NONE',  ( -0.0000000000000000000, -1.000000000000000000, -0.0000000000000000000 ) ) ;
#1868 = VECTOR ( 'NONE', #1867, 1000.000000000000000 ) ;
#1869 = CARTESIAN_POINT ( 'NONE',  ( -2.149999999999999900, 1.800000000000000000, 1.535000000000000100 ) ) ;
#1870 = LINE ( 'NONE', #1869, #1868 ) ;
#1871 = CARTESIAN_POINT ( 'NONE',  ( -2.149999999999999900, 1.020000000000000000, 1.535000000000000100 ) ) ;
#1872 = DIRECTION ( 'NONE',  ( 0.0000000000000000000, 0.0000000000000000000, 1.000000000000000000 ) ) ;
#1873 = DIRECTION ( 'NONE',  ( -1.000000000000000000, 0.0000000000000000000, 0.0000000000000000000 ) ) ;
#1874 = CARTESIAN_POINT ( 'NONE',  ( -2.149999999999999900, 1.020000000000000000, 1.505000000000000100 ) ) ;
#1875 = AXIS2_PLACEMENT_3D ( 'NONE', #1874, #1873, #1872 ) ;
#1876 = CIRCLE ( 'NONE', #1875, 0.03000000000000029700 ) ;
#1877 = CARTESIAN_POINT ( 'NONE',  ( -0.9500000000000000700, 1.588692687506759700, 0.3499999999999999800 ) ) ;
#1878 = DIRECTION ( 'NONE',  ( -0.0000000000000000000, -1.000000000000000000, -0.0000000000000000000 ) ) ;
#1879 = FILL_AREA_STYLE_COLOUR ( '', #1930 ) ;
#1880 = FACE_OUTER_BOUND ( 'NONE', #226, .T. ) ;
#1881 = DIRECTION ( 'NONE',  ( 0.0000000000000000000, 0.0000000000000000000, 1.000000000000000000 ) ) ;
#1882 = VECTOR ( 'NONE', #1881, 1000.000000000000000 ) ;
#1883 = CARTESIAN_POINT ( 'NONE',  ( -2.149999999999999900, -1.050000000000000000, 1.265000000000000600 ) ) ;
#1884 = LINE ( 'NONE', #1883, #1882 ) ;
#1885 = FILL_AREA_STYLE ('',( #1879 ) ) ;
#1886 = CARTESIAN_POINT ( 'NONE',  ( -2.149999999999999900, -1.050000000000000000, 1.505000000000000300 ) ) ;
#1887 = DIRECTION ( 'NONE',  ( 0.0000000000000000000, 0.0000000000000000000, 1.000000000000000000 ) ) ;
#1888 = DIRECTION ( 'NONE',  ( -1.000000000000000000, 0.0000000000000000000, 0.0000000000000000000 ) ) ;
#1889 = CARTESIAN_POINT ( 'NONE',  ( -2.149999999999999900, -1.020000000000000000, 1.505000000000000300 ) ) ;
#1890 = AXIS2_PLACEMENT_3D ( 'NONE', #1889, #1888, #1887 ) ;
#1891 = CIRCLE ( 'NONE', #1890, 0.03000000000000007900 ) ;
#1892 = CARTESIAN_POINT ( 'NONE',  ( -2.149999999999999900, -1.020000000000000000, 1.535000000000000100 ) ) ;
#1893 = CARTESIAN_POINT ( 'NONE',  ( -0.9500000000000000700, 1.687719494380916600, 0.4360826899039937400 ) ) ;
#1894 = DIRECTION ( 'NONE',  ( 5.368253957363178700E-016, -0.1391731009600624700, -0.9902680687415708100 ) ) ;
#1895 = VECTOR ( 'NONE', #1894, 999.9999999999998900 ) ;
#1896 = CARTESIAN_POINT ( 'NONE',  ( -0.9500000000000005100, 1.800000000000000000, 1.235000000000026100 ) ) ;
#1897 = DIRECTION ( 'NONE',  ( 5.421010862427522200E-016, 0.0000000000000000000, -1.000000000000000000 ) ) ;
#1898 = DIRECTION ( 'NONE',  ( 1.000000000000000000, -0.0000000000000000000, 5.421010862427522200E-016 ) ) ;
#1899 = CARTESIAN_POINT ( 'NONE',  ( -0.9500000000000000700, 1.800000000000000000, 0.3499999999999999800 ) ) ;
#1900 = AXIS2_PLACEMENT_3D ( 'NONE', #1899, #1898, #1897 ) ;
#1901 = LINE ( 'NONE', #1896, #1895 ) ;
#1902 = PLANE ( 'NONE',  #1900 ) ;
#1903 =( GEOMETRIC_REPRESENTATION_CONTEXT ( 3 ) GLOBAL_UNCERTAINTY_ASSIGNED_CONTEXT ( ( #1904 ) ) GLOBAL_UNIT_ASSIGNED_CONTEXT ( ( #1845, #1844, #1905 ) ) REPRESENTATION_CONTEXT ( 'NONE', 'WORKASPACE' ) );
#1904 = UNCERTAINTY_MEASURE_WITH_UNIT (LENGTH_MEASURE( 1.000000000000000100E-005 ), #1845, 'distance_accuracy_value', 'NONE');
#1905 =( NAMED_UNIT ( * ) SI_UNIT ( $, .STERADIAN. ) SOLID_ANGLE_UNIT ( ) );
#1906 = CARTESIAN_POINT ( 'NONE',  ( -2.149999999999999900, 1.020000000000000000, 1.235000000000000300 ) ) ;
#1907 = CARTESIAN_POINT ( 'NONE',  ( -2.149999999999999900, 1.050000000000000000, 1.265000000000000300 ) ) ;
#1908 = DIRECTION ( 'NONE',  ( 0.0000000000000000000, 0.0000000000000000000, -1.000000000000000000 ) ) ;
#1909 = DIRECTION ( 'NONE',  ( -1.000000000000000000, 0.0000000000000000000, 0.0000000000000000000 ) ) ;
#1910 = AXIS2_PLACEMENT_3D ( 'NONE', #1916, #1909, #1908 ) ;
#1911 = CIRCLE ( 'NONE', #1910, 0.02999999999999986000 ) ;
#1912 = DIRECTION ( 'NONE',  ( 0.0000000000000000000, 0.0000000000000000000, -1.000000000000000000 ) ) ;
#1913 = DIRECTION ( 'NONE',  ( 1.000000000000000000, -0.0000000000000000000, 0.0000000000000000000 ) ) ;
#1914 = CARTESIAN_POINT ( 'NONE',  ( -2.149999999999999900, 1.800000000000000000, 1.535000000000000100 ) ) ;
#1915 = AXIS2_PLACEMENT_3D ( 'NONE', #1914, #1913, #1912 ) ;
#1916 = CARTESIAN_POINT ( 'NONE',  ( -2.149999999999999900, 1.020000000000000000, 1.265000000000000300 ) ) ;
#1917 = PLANE ( 'NONE',  #1915 ) ;
#1918 =( GEOMETRIC_REPRESENTATION_CONTEXT ( 3 ) GLOBAL_UNCERTAINTY_ASSIGNED_CONTEXT ( ( #1919 ) ) GLOBAL_UNIT_ASSIGNED_CONTEXT ( ( #1922, #1921, #1920 ) ) REPRESENTATION_CONTEXT ( 'NONE', 'WORKASPACE' ) );
#1919 = UNCERTAINTY_MEASURE_WITH_UNIT (LENGTH_MEASURE( 1.000000000000000100E-005 ), #1922, 'distance_accuracy_value', 'NONE');
#1920 =( NAMED_UNIT ( * ) SI_UNIT ( $, .STERADIAN. ) SOLID_ANGLE_UNIT ( ) );
#1921 =( NAMED_UNIT ( * ) PLANE_ANGLE_UNIT ( ) SI_UNIT ( $, .RADIAN. ) );
#1922 =( LENGTH_UNIT ( ) NAMED_UNIT ( * ) SI_UNIT ( .MILLI., .METRE. ) );
#1923 = MECHANICAL_DESIGN_GEOMETRIC_PRESENTATION_REPRESENTATION (  '', ( #1925 ), #1918 ) ;
#1924 = PRESENTATION_LAYER_ASSIGNMENT (  '', '', ( #1925 ) ) ;
#1925 = STYLED_ITEM ( 'NONE', ( #1926 ), #225 ) ;
#1926 = PRESENTATION_STYLE_ASSIGNMENT (( #1927 ) ) ;
#1927 = SURFACE_STYLE_USAGE ( .BOTH. , #1928 ) ;
#1928 = SURFACE_SIDE_STYLE ('',( #1929 ) ) ;
#1929 = SURFACE_STYLE_FILL_AREA ( #1885 ) ;
#1930 = COLOUR_RGB ( '',0.09411764705882352800, 0.09411764705882352800, 0.09411764705882352800 ) ;
#1931 = AXIS2_PLACEMENT_3D ( 'NONE', #1986, #1985, #1984 ) ;
#1932 = PLANE ( 'NONE',  #1931 ) ;
#1933 =( GEOMETRIC_REPRESENTATION_CONTEXT ( 3 ) GLOBAL_UNCERTAINTY_ASSIGNED_CONTEXT ( ( #1934 ) ) GLOBAL_UNIT_ASSIGNED_CONTEXT ( ( #1937, #1936, #1935 ) ) REPRESENTATION_CONTEXT ( 'NONE', 'WORKASPACE' ) );
#1934 = UNCERTAINTY_MEASURE_WITH_UNIT (LENGTH_MEASURE( 1.000000000000000100E-005 ), #1937, 'distance_accuracy_value', 'NONE');
#1935 =( NAMED_UNIT ( * ) SI_UNIT ( $, .STERADIAN. ) SOLID_ANGLE_UNIT ( ) );
#1936 =( NAMED_UNIT ( * ) PLANE_ANGLE_UNIT ( ) SI_UNIT ( $, .RADIAN. ) );
#1937 =( LENGTH_UNIT ( ) NAMED_UNIT ( * ) SI_UNIT ( .MILLI., .METRE. ) );
#1938 = MECHANICAL_DESIGN_GEOMETRIC_PRESENTATION_REPRESENTATION (  '', ( #1940 ), #1933 ) ;
#1939 = PRESENTATION_LAYER_ASSIGNMENT (  '', '', ( #1940 ) ) ;
#1940 = STYLED_ITEM ( 'NONE', ( #1941 ), #235 ) ;
#1941 = PRESENTATION_STYLE_ASSIGNMENT (( #1942 ) ) ;
#1942 = SURFACE_STYLE_USAGE ( .BOTH. , #1943 ) ;
#1943 = SURFACE_SIDE_STYLE ('',( #1944 ) ) ;
#1944 = SURFACE_STYLE_FILL_AREA ( #1945 ) ;
#1945 = FILL_AREA_STYLE ('',( #1946 ) ) ;
#1946 = FILL_AREA_STYLE_COLOUR ( '', #1947 ) ;
#1947 = COLOUR_RGB ( '',0.09411764705882352800, 0.09411764705882352800, 0.09411764705882352800 ) ;
#1948 = DIRECTION ( 'NONE',  ( 0.0000000000000000000, 0.0000000000000000000, 1.000000000000000000 ) ) ;
#1949 = DIRECTION ( 'NONE',  ( -1.000000000000000000, -0.0000000000000000000, -0.0000000000000000000 ) ) ;
#1950 = CARTESIAN_POINT ( 'NONE',  ( 2.149999999999999900, 1.020000000000000000, 1.505000000000000100 ) ) ;
#1951 = AXIS2_PLACEMENT_3D ( 'NONE', #1950, #1949, #1948 ) ;
#1952 = CIRCLE ( 'NONE', #1951, 0.03000000000000029700 ) ;
#1953 = FACE_OUTER_BOUND ( 'NONE', #151, .T. ) ;
#1954 = CARTESIAN_POINT ( 'NONE',  ( -2.149999999999999900, 1.050000000000000000, 1.505000000000000100 ) ) ;
#1955 = DIRECTION ( 'NONE',  ( -0.0000000000000000000, -9.035018104045878800E-016, -1.000000000000000000 ) ) ;
#1956 = VECTOR ( 'NONE', #1955, 1000.000000000000000 ) ;
#1957 = CARTESIAN_POINT ( 'NONE',  ( -2.149999999999999900, 1.050000000000000000, 1.265000000000000300 ) ) ;
#1958 = LINE ( 'NONE', #1957, #1956 ) ;
#1959 =( GEOMETRIC_REPRESENTATION_CONTEXT ( 3 ) GLOBAL_UNCERTAINTY_ASSIGNED_CONTEXT ( ( #1960 ) ) GLOBAL_UNIT_ASSIGNED_CONTEXT ( ( #1963, #1962, #1961 ) ) REPRESENTATION_CONTEXT ( 'NONE', 'WORKASPACE' ) );
#1960 = UNCERTAINTY_MEASURE_WITH_UNIT (LENGTH_MEASURE( 1.000000000000000100E-005 ), #1963, 'distance_accuracy_value', 'NONE');
#1961 =( NAMED_UNIT ( * ) SI_UNIT ( $, .STERADIAN. ) SOLID_ANGLE_UNIT ( ) );
#1962 =( NAMED_UNIT ( * ) PLANE_ANGLE_UNIT ( ) SI_UNIT ( $, .RADIAN. ) );
#1963 =( LENGTH_UNIT ( ) NAMED_UNIT ( * ) SI_UNIT ( .MILLI., .METRE. ) );
#1964 = MECHANICAL_DESIGN_GEOMETRIC_PRESENTATION_REPRESENTATION (  '', ( #1966 ), #1959 ) ;
#1965 = PRESENTATION_LAYER_ASSIGNMENT (  '', '', ( #1966 ) ) ;
#1966 = STYLED_ITEM ( 'NONE', ( #1967 ), #241 ) ;
#1967 = PRESENTATION_STYLE_ASSIGNMENT (( #1968 ) ) ;
#1968 = SURFACE_STYLE_USAGE ( .BOTH. , #1969 ) ;
#1969 = SURFACE_SIDE_STYLE ('',( #1970 ) ) ;
#1970 = SURFACE_STYLE_FILL_AREA ( #1971 ) ;
#1971 = FILL_AREA_STYLE ('',( #1978 ) ) ;
#1972 = COLOUR_RGB ( '',0.09411764705882352800, 0.09411764705882352800, 0.09411764705882352800 ) ;
#1973 = FACE_OUTER_BOUND ( 'NONE', #242, .T. ) ;
#1974 = DIRECTION ( 'NONE',  ( -1.000000000000000000, -3.081487911019577400E-033, 1.085551950849009600E-016 ) ) ;
#1975 = VECTOR ( 'NONE', #1974, 1000.000000000000000 ) ;
#1976 = CARTESIAN_POINT ( 'NONE',  ( -1.997513194347906100, -1.659611327440439200, 2.533917310096006400 ) ) ;
#1977 = LINE ( 'NONE', #1976, #1975 ) ;
#1978 = FILL_AREA_STYLE_COLOUR ( '', #1972 ) ;
#1979 = CARTESIAN_POINT ( 'NONE',  ( 1.910584520566286400, -1.659611327440439200, 2.533917310096006000 ) ) ;
#1980 = DIRECTION ( 'NONE',  ( -0.1378445374916249800, 0.1378445374916256200, 0.9808148484639900300 ) ) ;
#1981 = VECTOR ( 'NONE', #1980, 1000.000000000000100 ) ;
#1982 = CARTESIAN_POINT ( 'NONE',  ( 1.900368007369403400, -1.649394814243556200, 2.606611578765448000 ) ) ;
#1983 = LINE ( 'NONE', #1982, #1981 ) ;
#1984 = DIRECTION ( 'NONE',  ( 0.0000000000000000000, 0.0000000000000000000, -1.000000000000000000 ) ) ;
#1985 = DIRECTION ( 'NONE',  ( 1.000000000000000000, -0.0000000000000000000, 0.0000000000000000000 ) ) ;
#1986 = CARTESIAN_POINT ( 'NONE',  ( -2.149999999999999900, 1.800000000000000000, 1.535000000000000100 ) ) ;
#1987 = CARTESIAN_POINT ( 'NONE',  ( 2.050000000000000300, 1.800000000000000000, 1.534999999999974200 ) ) ;
#1988 = CARTESIAN_POINT ( 'NONE',  ( 2.050322840650757400, 1.799999999999999800, 1.534999999999974800 ) ) ;
#1989 = CARTESIAN_POINT ( 'NONE',  ( 2.050645677516104400, 1.799998436620934100, 1.535011124020044400 ) ) ;
#1990 = CARTESIAN_POINT ( 'NONE',  ( 2.050968503025310900, 1.799995309899464300, 1.535033371799319000 ) ) ;
#1991 = FILL_AREA_STYLE_COLOUR ( '', #1993 ) ;
#1992 =( BOUNDED_CURVE ( )  B_SPLINE_CURVE ( 3, ( #1990, #1989, #1988, #1987 ),
 .UNSPECIFIED., .F., .T. ) 
 B_SPLINE_CURVE_WITH_KNOTS ( ( 4, 4 ),
 ( 6.273500125511087200, 6.283185307179586200 ),
 .UNSPECIFIED. ) 
 CURVE ( )  GEOMETRIC_REPRESENTATION_ITEM ( )  RATIONAL_B_SPLINE_CURVE ( ( 1.000000000000000000, 0.9999921831199465300, 0.9999921831199465300, 1.000000000000000000 ) ) 
 REPRESENTATION_ITEM ( '' )  );
#1993 = COLOUR_RGB ( '',0.09411764705882352800, 0.09411764705882352800, 0.09411764705882352800 ) ;
#1994 = FACE_OUTER_BOUND ( 'NONE', #255, .T. ) ;
#1995 = CARTESIAN_POINT ( 'NONE',  ( 2.050968503025310900, 1.799995309899464300, 1.535033371799319000 ) ) ;
#1996 = DIRECTION ( 'NONE',  ( 0.1378445374916250100, 0.1378445374916257600, -0.9808148484639900300 ) ) ;
#1997 = VECTOR ( 'NONE', #1996, 1000.000000000000100 ) ;
#1998 = CARTESIAN_POINT ( 'NONE',  ( 2.052854813021493600, 1.801881619895647300, 1.521611578765448100 ) ) ;
#1999 = LINE ( 'NONE', #1998, #1997 ) ;
#2000 = CARTESIAN_POINT ( 'NONE',  ( 1.910584520566286100, 1.659611327440438900, 2.533917310096006000 ) ) ;
#2001 = DIRECTION ( 'NONE',  ( 1.000000000000000000, -0.0000000000000000000, -1.085551950849009600E-016 ) ) ;
#2002 = VECTOR ( 'NONE', #2001, 1000.000000000000000 ) ;
#2003 = CARTESIAN_POINT ( 'NONE',  ( 1.997513194347909600, 1.659611327440438900, 2.533917310096006000 ) ) ;
#2004 = LINE ( 'NONE', #2003, #2002 ) ;
#2005 = CARTESIAN_POINT ( 'NONE',  ( -1.910584520566285500, 1.659611327440438900, 2.533917310096006400 ) ) ;
#2006 = DIRECTION ( 'NONE',  ( 0.1378445374916260600, -0.1378445374916257300, 0.9808148484639898100 ) ) ;
#2007 = VECTOR ( 'NONE', #2006, 1000.000000000000200 ) ;
#2008 = CARTESIAN_POINT ( 'NONE',  ( -1.900368007369402300, 1.649394814243555900, 2.606611578765448500 ) ) ;
#2009 = DIRECTION ( 'NONE',  ( 0.0000000000000000000, 0.1391731009600622500, -0.9902680687415707000 ) ) ;
#2010 = DIRECTION ( 'NONE',  ( 1.985418137005841300E-018, -0.9902680687415708100, -0.1391731009600622700 ) ) ;
#2011 = CARTESIAN_POINT ( 'NONE',  ( -0.9499999999999999600, -1.647513194347905100, 0.1499999999999999900 ) ) ;
#2012 = AXIS2_PLACEMENT_3D ( 'NONE', #2011, #2010, #2009 ) ;
#2013 = PLANE ( 'NONE',  #2012 ) ;
#2014 = LINE ( 'NONE', #2008, #2007 ) ;
#2015 = CARTESIAN_POINT ( 'NONE',  ( -1.910584520566285200, -1.659611327440439200, 2.533917310096006400 ) ) ;
#2016 = DIRECTION ( 'NONE',  ( -0.1378445374916260600, -0.1378445374916255900, -0.9808148484639899200 ) ) ;
#2017 = VECTOR ( 'NONE', #2016, 1000.000000000000100 ) ;
#2018 = CARTESIAN_POINT ( 'NONE',  ( -2.052854813021494100, -1.801881619895647300, 1.521611578765448100 ) ) ;
#2019 = DIRECTION ( 'NONE',  ( 0.0000000000000000000, -0.1391731009600623300, -0.9902680687415707000 ) ) ;
#2020 = DIRECTION ( 'NONE',  ( 1.510796312529018700E-017, -0.9902680687415708100, 0.1391731009600623600 ) ) ;
#2021 = CARTESIAN_POINT ( 'NONE',  ( 1.997513194347909600, -1.647513194347905100, 2.619999999999999700 ) ) ;
#2022 = AXIS2_PLACEMENT_3D ( 'NONE', #2021, #2020, #2019 ) ;
#2023 = LINE ( 'NONE', #2018, #2017 ) ;
#2024 = PLANE ( 'NONE',  #2022 ) ;
#2025 =( GEOMETRIC_REPRESENTATION_CONTEXT ( 3 ) GLOBAL_UNCERTAINTY_ASSIGNED_CONTEXT ( ( #2026 ) ) GLOBAL_UNIT_ASSIGNED_CONTEXT ( ( #2029, #2028, #2027 ) ) REPRESENTATION_CONTEXT ( 'NONE', 'WORKASPACE' ) );
#2026 = UNCERTAINTY_MEASURE_WITH_UNIT (LENGTH_MEASURE( 1.000000000000000100E-005 ), #2029, 'distance_accuracy_value', 'NONE');
#2027 =( NAMED_UNIT ( * ) SI_UNIT ( $, .STERADIAN. ) SOLID_ANGLE_UNIT ( ) );
#2028 =( NAMED_UNIT ( * ) PLANE_ANGLE_UNIT ( ) SI_UNIT ( $, .RADIAN. ) );
#2029 =( LENGTH_UNIT ( ) NAMED_UNIT ( * ) SI_UNIT ( .MILLI., .METRE. ) );
#2030 = MECHANICAL_DESIGN_GEOMETRIC_PRESENTATION_REPRESENTATION (  '', ( #2032 ), #2025 ) ;
#2031 = PRESENTATION_LAYER_ASSIGNMENT (  '', '', ( #2032 ) ) ;
#2032 = STYLED_ITEM ( 'NONE', ( #2033 ), #254 ) ;
#2033 = PRESENTATION_STYLE_ASSIGNMENT (( #2034 ) ) ;
#2034 = SURFACE_STYLE_USAGE ( .BOTH. , #2035 ) ;
#2035 = SURFACE_SIDE_STYLE ('',( #2036 ) ) ;
#2036 = SURFACE_STYLE_FILL_AREA ( #2037 ) ;
#2037 = FILL_AREA_STYLE ('',( #1991 ) ) ;
#2038 =( NAMED_UNIT ( * ) PLANE_ANGLE_UNIT ( ) SI_UNIT ( $, .RADIAN. ) );
#2039 =( LENGTH_UNIT ( ) NAMED_UNIT ( * ) SI_UNIT ( .MILLI., .METRE. ) );
#2040 = MECHANICAL_DESIGN_GEOMETRIC_PRESENTATION_REPRESENTATION (  '', ( #2042 ), #2078 ) ;
#2041 = PRESENTATION_LAYER_ASSIGNMENT (  '', '', ( #2042 ) ) ;
#2042 = STYLED_ITEM ( 'NONE', ( #2043 ), #267 ) ;
#2043 = PRESENTATION_STYLE_ASSIGNMENT (( #2044 ) ) ;
#2044 = SURFACE_STYLE_USAGE ( .BOTH. , #2045 ) ;
#2045 = SURFACE_SIDE_STYLE ('',( #2046 ) ) ;
#2046 = SURFACE_STYLE_FILL_AREA ( #2047 ) ;
#2047 = FILL_AREA_STYLE ('',( #2054 ) ) ;
#2048 = COLOUR_RGB ( '',0.09411764705882352800, 0.09411764705882352800, 0.09411764705882352800 ) ;
#2049 = FACE_OUTER_BOUND ( 'NONE', #268, .T. ) ;
#2050 = DIRECTION ( 'NONE',  ( -1.000000000000000000, 2.004929977727047400E-018, 4.767068558107530200E-035 ) ) ;
#2051 = VECTOR ( 'NONE', #2050, 1000.000000000000000 ) ;
#2052 = CARTESIAN_POINT ( 'NONE',  ( 0.9500000000000000700, 1.687719494380916600, 0.4360826899039937900 ) ) ;
#2053 = LINE ( 'NONE', #2052, #2051 ) ;
#2054 = FILL_AREA_STYLE_COLOUR ( '', #2048 ) ;
#2055 = CARTESIAN_POINT ( 'NONE',  ( 1.938692687506763600, 1.687719494380916600, 0.4360826899039937900 ) ) ;
#2056 = DIRECTION ( 'NONE',  ( -0.1378445374916255900, -0.1378445374916257000, -0.9808148484639899200 ) ) ;
#2057 = VECTOR ( 'NONE', #2056, 1000.000000000000100 ) ;
#2058 = CARTESIAN_POINT ( 'NONE',  ( 1.928476174309880400, 1.677502981184033600, 0.3633884212345515100 ) ) ;
#2059 = CARTESIAN_POINT ( 'NONE',  ( 2.050968503025311300, 1.799995309899464500, 1.234966628200681300 ) ) ;
#2060 = CARTESIAN_POINT ( 'NONE',  ( 2.050645677516104800, 1.799998436620934300, 1.234988875979955900 ) ) ;
#2061 = CARTESIAN_POINT ( 'NONE',  ( 2.050322840650757400, 1.799999999999999800, 1.235000000000026100 ) ) ;
#2062 = CARTESIAN_POINT ( 'NONE',  ( 2.050000000000000300, 1.800000000000000000, 1.235000000000026100 ) ) ;
#2063 =( BOUNDED_CURVE ( )  B_SPLINE_CURVE ( 3, ( #2062, #2061, #2060, #2059 ),
 .UNSPECIFIED., .F., .T. ) 
 B_SPLINE_CURVE_WITH_KNOTS ( ( 4, 4 ),
 ( 3.141592653589793100, 3.151277835258297100 ),
 .UNSPECIFIED. ) 
 CURVE ( )  GEOMETRIC_REPRESENTATION_ITEM ( )  RATIONAL_B_SPLINE_CURVE ( ( 1.000000000000000000, 0.9999921831199465300, 0.9999921831199465300, 1.000000000000000000 ) ) 
 REPRESENTATION_ITEM ( '' )  );
#2064 = LINE ( 'NONE', #2058, #2057 ) ;
#2065 = CARTESIAN_POINT ( 'NONE',  ( 2.050968503025311300, 1.799995309899464500, 1.234966628200681300 ) ) ;
#2066 = CARTESIAN_POINT ( 'NONE',  ( -0.9499999999999999600, 1.661567277818143800, 0.2499999999999997800 ) ) ;
#2067 = CARTESIAN_POINT ( 'NONE',  ( -2.050968503025311300, 1.799995309899464500, 1.535033371799319200 ) ) ;
#2068 = CARTESIAN_POINT ( 'NONE',  ( -2.050645677516104800, 1.799998436620934300, 1.535011124020044400 ) ) ;
#2069 = CARTESIAN_POINT ( 'NONE',  ( -2.050322840650757400, 1.799999999999999800, 1.534999999999974800 ) ) ;
#2070 = CARTESIAN_POINT ( 'NONE',  ( -2.050000000000000300, 1.800000000000000000, 1.534999999999974800 ) ) ;
#2071 =( BOUNDED_CURVE ( )  B_SPLINE_CURVE ( 3, ( #2070, #2069, #2068, #2067 ),
 .UNSPECIFIED., .F., .T. ) 
 B_SPLINE_CURVE_WITH_KNOTS ( ( 4, 4 ),
 ( 3.141592653589793100, 3.151277835258297100 ),
 .UNSPECIFIED. ) 
 CURVE ( )  GEOMETRIC_REPRESENTATION_ITEM ( )  RATIONAL_B_SPLINE_CURVE ( ( 1.000000000000000000, 0.9999921831199465300, 0.9999921831199465300, 1.000000000000000000 ) ) 
 REPRESENTATION_ITEM ( '' )  );
#2072 = CARTESIAN_POINT ( 'NONE',  ( -2.050968503025311300, 1.799995309899464500, 1.535033371799319200 ) ) ;
#2073 = DIRECTION ( 'NONE',  ( 0.0000000000000000000, 0.1391731009600625500, -0.9902680687415708100 ) ) ;
#2074 = DIRECTION ( 'NONE',  ( -1.510796312529020300E-017, -0.9902680687415708100, -0.1391731009600625500 ) ) ;
#2075 = CARTESIAN_POINT ( 'NONE',  ( -0.9499999999999998400, 1.800000000000000000, 1.534999999999974600 ) ) ;
#2076 = AXIS2_PLACEMENT_3D ( 'NONE', #2075, #2074, #2073 ) ;
#2077 = PLANE ( 'NONE',  #2076 ) ;
#2078 =( GEOMETRIC_REPRESENTATION_CONTEXT ( 3 ) GLOBAL_UNCERTAINTY_ASSIGNED_CONTEXT ( ( #2079 ) ) GLOBAL_UNIT_ASSIGNED_CONTEXT ( ( #2039, #2038, #2080 ) ) REPRESENTATION_CONTEXT ( 'NONE', 'WORKASPACE' ) );
#2079 = UNCERTAINTY_MEASURE_WITH_UNIT (LENGTH_MEASURE( 1.000000000000000100E-005 ), #2039, 'distance_accuracy_value', 'NONE');
#2080 =( NAMED_UNIT ( * ) SI_UNIT ( $, .STERADIAN. ) SOLID_ANGLE_UNIT ( ) );
#2081 = CARTESIAN_POINT ( 'NONE',  ( -0.9490268068741578600, -1.659611327440439200, 0.2360826899039937000 ) ) ;
#2082 = CARTESIAN_POINT ( 'NONE',  ( -0.9417497627743387500, -1.652334283340620300, 0.1843038306476905700 ) ) ;
#2083 = CARTESIAN_POINT ( 'NONE',  ( -0.9022877197505757600, -1.612872240316857600, 0.1500000000000000200 ) ) ;
#2084 = CARTESIAN_POINT ( 'NONE',  ( -0.8499999999999999800, -1.560584520566281800, 0.1499999999999999900 ) ) ;
#2085 = FILL_AREA_STYLE_COLOUR ( '', #2087 ) ;
#2086 =( BOUNDED_CURVE ( )  B_SPLINE_CURVE ( 3, ( #2084, #2083, #2082, #2081 ),
 .UNSPECIFIED., .F., .T. ) 
 B_SPLINE_CURVE_WITH_KNOTS ( ( 4, 4 ),
 ( 1.570796326794896600, 3.001966313430250100 ),
 .UNSPECIFIED. ) 
 CURVE ( )  GEOMETRIC_REPRESENTATION_ITEM ( )  RATIONAL_B_SPLINE_CURVE ( ( 1.000000000000000000, 0.8364730534818472000, 0.8364730534818472000, 1.000000000000000000 ) ) 
 REPRESENTATION_ITEM ( '' )  );
#2087 = COLOUR_RGB ( '',0.1254901960784313700, 0.1254901960784313700, 0.1254901960784313700 ) ;
#2088 = FACE_OUTER_BOUND ( 'NONE', #286, .T. ) ;
#2089 = CARTESIAN_POINT ( 'NONE',  ( 0.8499999999999999800, -1.560584520566281800, 0.1500000000000000200 ) ) ;
#2090 = CARTESIAN_POINT ( 'NONE',  ( 0.9022877197505757600, -1.612872240316857600, 0.1500000000000000200 ) ) ;
#2091 = CARTESIAN_POINT ( 'NONE',  ( 0.9417497627743387500, -1.652334283340620300, 0.1843038306476906000 ) ) ;
#2092 = CARTESIAN_POINT ( 'NONE',  ( 0.9490268068741578600, -1.659611327440439200, 0.2360826899039937300 ) ) ;
#2093 =( BOUNDED_CURVE ( )  B_SPLINE_CURVE ( 3, ( #2092, #2091, #2090, #2089 ),
 .UNSPECIFIED., .F., .T. ) 
 B_SPLINE_CURVE_WITH_KNOTS ( ( 4, 4 ),
 ( 0.1396263401595429200, 1.570796326794896600 ),
 .UNSPECIFIED. ) 
 CURVE ( )  GEOMETRIC_REPRESENTATION_ITEM ( )  RATIONAL_B_SPLINE_CURVE ( ( 1.000000000000000000, 0.8364730534818472000, 0.8364730534818472000, 1.000000000000000000 ) ) 
 REPRESENTATION_ITEM ( '' )  );
#2094 = CARTESIAN_POINT ( 'NONE',  ( -0.9499999999999999600, -1.661567277818144100, 0.2500000000000000000 ) ) ;
#2095 = DIRECTION ( 'NONE',  ( 0.0000000000000000000, -1.000000000000000000, 0.0000000000000000000 ) ) ;
#2096 = VECTOR ( 'NONE', #2095, 1000.000000000000000 ) ;
#2097 = CARTESIAN_POINT ( 'NONE',  ( -0.9499999999999999600, 1.800000000000000000, 0.2499999999999999400 ) ) ;
#2098 = LINE ( 'NONE', #2097, #2096 ) ;
#2099 =( BOUNDED_CURVE ( )  B_SPLINE_CURVE ( 3, ( #2136, #2135, #2134, #2133 ),
 .UNSPECIFIED., .F., .F. ) 
 B_SPLINE_CURVE_WITH_KNOTS ( ( 4, 4 ),
 ( 6.273500125511086300, 6.283185307179590700 ),
 .UNSPECIFIED. ) 
 CURVE ( )  GEOMETRIC_REPRESENTATION_ITEM ( )  RATIONAL_B_SPLINE_CURVE ( ( 1.000000000000000000, 0.9999921831199465300, 0.9999921831199465300, 1.000000000000000000 ) ) 
 REPRESENTATION_ITEM ( '' )  );
#2100 = DIRECTION ( 'NONE',  ( 0.0000000000000000000, 0.0000000000000000000, -1.000000000000000000 ) ) ;
#2101 = DIRECTION ( 'NONE',  ( 0.0000000000000000000, -1.000000000000000000, 0.0000000000000000000 ) ) ;
#2102 = AXIS2_PLACEMENT_3D ( 'NONE', #2104, #2101, #2100 ) ;
#2103 = CYLINDRICAL_SURFACE ( 'NONE', #2102, 0.09999999999999999200 ) ;
#2104 = CARTESIAN_POINT ( 'NONE',  ( -0.8499999999999999800, 1.800000000000000000, 0.2500000000000000000 ) ) ;
#2105 =( GEOMETRIC_REPRESENTATION_CONTEXT ( 3 ) GLOBAL_UNCERTAINTY_ASSIGNED_CONTEXT ( ( #2106 ) ) GLOBAL_UNIT_ASSIGNED_CONTEXT ( ( #2109, #2108, #2107 ) ) REPRESENTATION_CONTEXT ( 'NONE', 'WORKASPACE' ) );
#2106 = UNCERTAINTY_MEASURE_WITH_UNIT (LENGTH_MEASURE( 1.000000000000000100E-005 ), #2109, 'distance_accuracy_value', 'NONE');
#2107 =( NAMED_UNIT ( * ) SI_UNIT ( $, .STERADIAN. ) SOLID_ANGLE_UNIT ( ) );
#2108 =( NAMED_UNIT ( * ) PLANE_ANGLE_UNIT ( ) SI_UNIT ( $, .RADIAN. ) );
#2109 =( LENGTH_UNIT ( ) NAMED_UNIT ( * ) SI_UNIT ( .MILLI., .METRE. ) );
#2110 = MECHANICAL_DESIGN_GEOMETRIC_PRESENTATION_REPRESENTATION (  '', ( #2112 ), #2105 ) ;
#2111 = PRESENTATION_LAYER_ASSIGNMENT (  '', '', ( #2112 ) ) ;
#2112 = STYLED_ITEM ( 'NONE', ( #2113 ), #285 ) ;
#2113 = PRESENTATION_STYLE_ASSIGNMENT (( #2114 ) ) ;
#2114 = SURFACE_STYLE_USAGE ( .BOTH. , #2115 ) ;
#2115 = SURFACE_SIDE_STYLE ('',( #2116 ) ) ;
#2116 = SURFACE_STYLE_FILL_AREA ( #2117 ) ;
#2117 = FILL_AREA_STYLE ('',( #2085 ) ) ;
#2118 = DIRECTION ( 'NONE',  ( 1.000000000000000000, 2.004929977727044700E-018, -5.452205577381417000E-035 ) ) ;
#2119 = VECTOR ( 'NONE', #2118, 1000.000000000000000 ) ;
#2120 = CARTESIAN_POINT ( 'NONE',  ( -0.9500000000000005100, -1.687719494380916800, 0.4360826899039936800 ) ) ;
#2121 = LINE ( 'NONE', #2120, #2119 ) ;
#2122 = CARTESIAN_POINT ( 'NONE',  ( -1.938692687506763600, -1.687719494380916800, 0.4360826899039936800 ) ) ;
#2123 = DIRECTION ( 'NONE',  ( 0.1378445374916251500, 0.1378445374916255100, -0.9808148484639900300 ) ) ;
#2124 = VECTOR ( 'NONE', #2123, 1000.000000000000000 ) ;
#2125 = CARTESIAN_POINT ( 'NONE',  ( -1.928476174309880600, -1.677502981184033800, 0.3633884212345515600 ) ) ;
#2126 = CARTESIAN_POINT ( 'NONE',  ( -2.050968503025310900, -1.799995309899464300, 1.234966628200679500 ) ) ;
#2127 = CARTESIAN_POINT ( 'NONE',  ( -2.050645677516104400, -1.799998436620933800, 1.234988875979953900 ) ) ;
#2128 = CARTESIAN_POINT ( 'NONE',  ( -2.050322840650757400, -1.799999999999999600, 1.235000000000024100 ) ) ;
#2129 = CARTESIAN_POINT ( 'NONE',  ( -2.050000000000000300, -1.800000000000000000, 1.235000000000026100 ) ) ;
#2130 =( BOUNDED_CURVE ( )  B_SPLINE_CURVE ( 3, ( #2129, #2128, #2127, #2126 ),
 .UNSPECIFIED., .F., .T. ) 
 B_SPLINE_CURVE_WITH_KNOTS ( ( 4, 4 ),
 ( 3.141592653589793100, 3.151277835258292600 ),
 .UNSPECIFIED. ) 
 CURVE ( )  GEOMETRIC_REPRESENTATION_ITEM ( )  RATIONAL_B_SPLINE_CURVE ( ( 1.000000000000000000, 0.9999921831199465300, 0.9999921831199465300, 1.000000000000000000 ) ) 
 REPRESENTATION_ITEM ( '' )  );
#2131 = LINE ( 'NONE', #2125, #2124 ) ;
#2132 = CARTESIAN_POINT ( 'NONE',  ( -2.050968503025310900, -1.799995309899464300, 1.234966628200679500 ) ) ;
#2133 = CARTESIAN_POINT ( 'NONE',  ( 2.049999999999999800, -1.800000000000000000, 1.235000000000026100 ) ) ;
#2134 = CARTESIAN_POINT ( 'NONE',  ( 2.050322840650757000, -1.799999999999999600, 1.235000000000024300 ) ) ;
#2135 = CARTESIAN_POINT ( 'NONE',  ( 2.050645677516104400, -1.799998436620933800, 1.234988875979953900 ) ) ;
#2136 = CARTESIAN_POINT ( 'NONE',  ( 2.050968503025310900, -1.799995309899464300, 1.234966628200679500 ) ) ;
#2137 = CARTESIAN_POINT ( 'NONE',  ( 0.9499999999999999600, -1.660912639170522200, 0.2453420039876077200 ) ) ;
#2138 = CARTESIAN_POINT ( 'NONE',  ( 0.9496750746234614600, -1.660259595189743900, 0.2406953546193914800 ) ) ;
#2139 = CARTESIAN_POINT ( 'NONE',  ( 0.9490268068741578600, -1.659611327440439200, 0.2360826899039937300 ) ) ;
#2140 =( BOUNDED_CURVE ( )  B_SPLINE_CURVE ( 3, ( #2139, #2138, #2137, #1305 ),
 .UNSPECIFIED., .F., .T. ) 
 B_SPLINE_CURVE_WITH_KNOTS ( ( 4, 4 ),
 ( 4.572762640225146700, 4.712388980384689700 ),
 .UNSPECIFIED. ) 
 CURVE ( )  GEOMETRIC_REPRESENTATION_ITEM ( )  RATIONAL_B_SPLINE_CURVE ( ( 1.000000000000000000, 0.9983760335065495800, 0.9983760335065495800, 1.000000000000000000 ) ) 
 REPRESENTATION_ITEM ( '' )  );
#2141 = CARTESIAN_POINT ( 'NONE',  ( 0.9490268068741578600, -1.659611327440439200, 0.2360826899039937300 ) ) ;
#2142 = CARTESIAN_POINT ( 'NONE',  ( -0.9490268068741578600, -1.659611327440439200, 0.2360826899039937000 ) ) ;
#2143 = DIRECTION ( 'NONE',  ( 1.000000000000000000, -0.0000000000000000000, 1.426581805901979400E-017 ) ) ;
#2144 = VECTOR ( 'NONE', #2143, 1000.000000000000000 ) ;
#2145 = CARTESIAN_POINT ( 'NONE',  ( 0.9499999999999995100, -1.659611327440439200, 0.2360826899039937300 ) ) ;
#2146 = LINE ( 'NONE', #2145, #2144 ) ;
#2147 = CARTESIAN_POINT ( 'NONE',  ( -0.9490268068741578600, -1.659611327440439200, 0.2360826899039937000 ) ) ;
#2148 = CARTESIAN_POINT ( 'NONE',  ( -0.9496750746234614600, -1.660259595189743900, 0.2406953546193915100 ) ) ;
#2149 = CARTESIAN_POINT ( 'NONE',  ( -0.9499999999999999600, -1.660912639170522200, 0.2453420039876077200 ) ) ;
#2150 = CARTESIAN_POINT ( 'NONE',  ( -0.9499999999999999600, -1.661567277818144100, 0.2500000000000000000 ) ) ;
#2151 =( BOUNDED_CURVE ( )  B_SPLINE_CURVE ( 3, ( #2150, #2149, #2148, #2147 ),
 .UNSPECIFIED., .F., .F. ) 
 B_SPLINE_CURVE_WITH_KNOTS ( ( 4, 4 ),
 ( 1.570796326794896600, 1.710422666954439600 ),
 .UNSPECIFIED. ) 
 CURVE ( )  GEOMETRIC_REPRESENTATION_ITEM ( )  RATIONAL_B_SPLINE_CURVE ( ( 1.000000000000000000, 0.9983760335065495800, 0.9983760335065495800, 1.000000000000000000 ) ) 
 REPRESENTATION_ITEM ( '' )  );
#2152 =( BOUNDED_CURVE ( )  B_SPLINE_CURVE ( 3, ( #2193, #2192, #2191, #2190 ),
 .UNSPECIFIED., .F., .T. ) 
 B_SPLINE_CURVE_WITH_KNOTS ( ( 4, 4 ),
 ( 3.141592653589793100, 3.151277835258292600 ),
 .UNSPECIFIED. ) 
 CURVE ( )  GEOMETRIC_REPRESENTATION_ITEM ( )  RATIONAL_B_SPLINE_CURVE ( ( 1.000000000000000000, 0.9999921831199465300, 0.9999921831199465300, 1.000000000000000000 ) ) 
 REPRESENTATION_ITEM ( '' )  );
#2153 = CARTESIAN_POINT ( 'NONE',  ( 1.938692687506763400, -1.588692687506759500, 0.4500000000000000700 ) ) ;
#2154 = CARTESIAN_POINT ( 'NONE',  ( 2.050968503025310900, -1.799995309899464300, 1.535033371799320500 ) ) ;
#2155 = CARTESIAN_POINT ( 'NONE',  ( -2.050000000000000300, -1.800000000000000000, 1.534999999999974600 ) ) ;
#2156 = CARTESIAN_POINT ( 'NONE',  ( -2.050322840650757400, -1.799999999999999600, 1.534999999999976200 ) ) ;
#2157 = CARTESIAN_POINT ( 'NONE',  ( -2.050645677516104400, -1.799998436620933800, 1.535011124020046100 ) ) ;
#2158 = CARTESIAN_POINT ( 'NONE',  ( -2.050968503025310900, -1.799995309899464100, 1.535033371799321000 ) ) ;
#2159 =( BOUNDED_CURVE ( )  B_SPLINE_CURVE ( 3, ( #2158, #2157, #2156, #2155 ),
 .UNSPECIFIED., .F., .T. ) 
 B_SPLINE_CURVE_WITH_KNOTS ( ( 4, 4 ),
 ( 6.273500125511086300, 6.283185307179586200 ),
 .UNSPECIFIED. ) 
 CURVE ( )  GEOMETRIC_REPRESENTATION_ITEM ( )  RATIONAL_B_SPLINE_CURVE ( ( 1.000000000000000000, 0.9999921831199465300, 0.9999921831199465300, 1.000000000000000000 ) ) 
 REPRESENTATION_ITEM ( '' )  );
#2160 = CARTESIAN_POINT ( 'NONE',  ( -2.050968503025310900, -1.799995309899464100, 1.535033371799321000 ) ) ;
#2161 = CARTESIAN_POINT ( 'NONE',  ( 2.050968503025310900, -1.799995309899464300, 1.234966628200679500 ) ) ;
#2162 = DIRECTION ( 'NONE',  ( 0.1378445374916255900, -0.1378445374916255100, 0.9808148484639899200 ) ) ;
#2163 = VECTOR ( 'NONE', #2162, 1000.000000000000100 ) ;
#2164 = CARTESIAN_POINT ( 'NONE',  ( 2.052854813021494100, -1.801881619895647300, 1.248388421234551700 ) ) ;
#2165 = LINE ( 'NONE', #2164, #2163 ) ;
#2166 = CARTESIAN_POINT ( 'NONE',  ( 1.938692687506763600, -1.687719494380916800, 0.4360826899039937400 ) ) ;
#2167 = DIRECTION ( 'NONE',  ( 1.000000000000000000, 2.004929977727044700E-018, -5.452205577381417000E-035 ) ) ;
#2168 = VECTOR ( 'NONE', #2167, 1000.000000000000000 ) ;
#2169 = CARTESIAN_POINT ( 'NONE',  ( 2.025621361288386000, -1.687719494380916800, 0.4360826899039937400 ) ) ;
#2170 = LINE ( 'NONE', #2169, #2168 ) ;
#2171 = UNCERTAINTY_MEASURE_WITH_UNIT (LENGTH_MEASURE( 1.000000000000000100E-005 ), #2174, 'distance_accuracy_value', 'NONE');
#2172 =( NAMED_UNIT ( * ) SI_UNIT ( $, .STERADIAN. ) SOLID_ANGLE_UNIT ( ) );
#2173 =( NAMED_UNIT ( * ) PLANE_ANGLE_UNIT ( ) SI_UNIT ( $, .RADIAN. ) );
#2174 =( LENGTH_UNIT ( ) NAMED_UNIT ( * ) SI_UNIT ( .MILLI., .METRE. ) );
#2175 = MECHANICAL_DESIGN_GEOMETRIC_PRESENTATION_REPRESENTATION (  '', ( #2177 ), #2224 ) ;
#2176 = PRESENTATION_LAYER_ASSIGNMENT (  '', '', ( #2177 ) ) ;
#2177 = STYLED_ITEM ( 'NONE', ( #2178 ), #328 ) ;
#2178 = PRESENTATION_STYLE_ASSIGNMENT (( #2179 ) ) ;
#2179 = SURFACE_STYLE_USAGE ( .BOTH. , #2180 ) ;
#2180 = SURFACE_SIDE_STYLE ('',( #2181 ) ) ;
#2181 = SURFACE_STYLE_FILL_AREA ( #2182 ) ;
#2182 = FILL_AREA_STYLE ('',( #2189 ) ) ;
#2183 = COLOUR_RGB ( '',0.1254901960784313700, 0.1254901960784313700, 0.1254901960784313700 ) ;
#2184 = FACE_OUTER_BOUND ( 'NONE', #329, .T. ) ;
#2185 = DIRECTION ( 'NONE',  ( 1.000000000000000000, -2.168404344971012800E-015, 0.0000000000000000000 ) ) ;
#2186 = DIRECTION ( 'NONE',  ( -2.189714495920894000E-015, -1.000000000000000000, -0.0000000000000000000 ) ) ;
#2187 = AXIS2_PLACEMENT_3D ( 'NONE', #2153, #2186, #2185 ) ;
#2188 = CIRCLE ( 'NONE', #2187, 0.09999999999999982500 ) ;
#2189 = FILL_AREA_STYLE_COLOUR ( '', #2183 ) ;
#2190 = CARTESIAN_POINT ( 'NONE',  ( 2.050968503025310900, -1.799995309899464300, 1.535033371799320500 ) ) ;
#2191 = CARTESIAN_POINT ( 'NONE',  ( 2.050645677516104400, -1.799998436620933800, 1.535011124020046100 ) ) ;
#2192 = CARTESIAN_POINT ( 'NONE',  ( 2.050322840650757400, -1.799999999999999600, 1.534999999999976200 ) ) ;
#2193 = CARTESIAN_POINT ( 'NONE',  ( 2.050000000000000300, -1.800000000000000000, 1.534999999999974200 ) ) ;
#2194 = UNCERTAINTY_MEASURE_WITH_UNIT (LENGTH_MEASURE( 1.000000000000000100E-005 ), #2197, 'distance_accuracy_value', 'NONE');
#2195 =( NAMED_UNIT ( * ) SI_UNIT ( $, .STERADIAN. ) SOLID_ANGLE_UNIT ( ) );
#2196 =( NAMED_UNIT ( * ) PLANE_ANGLE_UNIT ( ) SI_UNIT ( $, .RADIAN. ) );
#2197 =( LENGTH_UNIT ( ) NAMED_UNIT ( * ) SI_UNIT ( .MILLI., .METRE. ) );
#2198 = MECHANICAL_DESIGN_GEOMETRIC_PRESENTATION_REPRESENTATION (  '', ( #2200 ), #2249 ) ;
#2199 = PRESENTATION_LAYER_ASSIGNMENT (  '', '', ( #2200 ) ) ;
#2200 = STYLED_ITEM ( 'NONE', ( #2201 ), #335 ) ;
#2201 = PRESENTATION_STYLE_ASSIGNMENT (( #2202 ) ) ;
#2202 = SURFACE_STYLE_USAGE ( .BOTH. , #2203 ) ;
#2203 = SURFACE_SIDE_STYLE ('',( #2204 ) ) ;
#2204 = SURFACE_STYLE_FILL_AREA ( #2205 ) ;
#2205 = FILL_AREA_STYLE ('',( #2213 ) ) ;
#2206 = COLOUR_RGB ( '',0.1254901960784313700, 0.1254901960784313700, 0.1254901960784313700 ) ;
#2207 = FACE_OUTER_BOUND ( 'NONE', #336, .T. ) ;
#2208 = DIRECTION ( 'NONE',  ( 0.0000000000000000000, 0.9902680687415707000, -0.1391731009600623600 ) ) ;
#2209 = DIRECTION ( 'NONE',  ( 0.1378445374916253400, 0.1378445374916256500, 0.9808148484639900300 ) ) ;
#2210 = CARTESIAN_POINT ( 'NONE',  ( 1.938692687506763600, 1.588692687506759700, 0.4500000000000000700 ) ) ;
#2211 = AXIS2_PLACEMENT_3D ( 'NONE', #2210, #2209, #2208 ) ;
#2212 = CIRCLE ( 'NONE', #2211, 0.09999999999999993600 ) ;
#2213 = FILL_AREA_STYLE_COLOUR ( '', #2206 ) ;
#2214 = DIRECTION ( 'NONE',  ( 0.0000000000000000000, 2.168404344971008900E-015, 1.000000000000000000 ) ) ;
#2215 = DIRECTION ( 'NONE',  ( 3.047493566145110200E-016, -1.000000000000000000, 2.168404344971008100E-015 ) ) ;
#2216 = CARTESIAN_POINT ( 'NONE',  ( 1.938692687506763600, 1.588692687506760000, 0.4500000000000000700 ) ) ;
#2217 = AXIS2_PLACEMENT_3D ( 'NONE', #2216, #2215, #2214 ) ;
#2218 = DIRECTION ( 'NONE',  ( 1.000000000000000000, 0.0000000000000000000, 0.0000000000000000000 ) ) ;
#2219 = DIRECTION ( 'NONE',  ( 0.0000000000000000000, 1.000000000000000000, 0.0000000000000000000 ) ) ;
#2220 = AXIS2_PLACEMENT_3D ( 'NONE', #2223, #2219, #2218 ) ;
#2221 = SPHERICAL_SURFACE ( 'NONE', #2220, 0.1000000000000000100 ) ;
#2222 = CIRCLE ( 'NONE', #2217, 0.09999999999999999200 ) ;
#2223 = CARTESIAN_POINT ( 'NONE',  ( 1.938692687506763400, 1.588692687506759700, 0.4500000000000000700 ) ) ;
#2224 =( GEOMETRIC_REPRESENTATION_CONTEXT ( 3 ) GLOBAL_UNCERTAINTY_ASSIGNED_CONTEXT ( ( #2171 ) ) GLOBAL_UNIT_ASSIGNED_CONTEXT ( ( #2174, #2173, #2172 ) ) REPRESENTATION_CONTEXT ( 'NONE', 'WORKASPACE' ) );
#2225 = AXIS2_PLACEMENT_3D ( 'NONE', #2227, #2272, #2271 ) ;
#2226 = CYLINDRICAL_SURFACE ( 'NONE', #2225, 0.09999999999999999200 ) ;
#2227 = CARTESIAN_POINT ( 'NONE',  ( -0.9499999999999999600, 1.560584520566282300, 0.2500000000000000000 ) ) ;
#2228 =( GEOMETRIC_REPRESENTATION_CONTEXT ( 3 ) GLOBAL_UNCERTAINTY_ASSIGNED_CONTEXT ( ( #2229 ) ) GLOBAL_UNIT_ASSIGNED_CONTEXT ( ( #2232, #2231, #2230 ) ) REPRESENTATION_CONTEXT ( 'NONE', 'WORKASPACE' ) );
#2229 = UNCERTAINTY_MEASURE_WITH_UNIT (LENGTH_MEASURE( 1.000000000000000100E-005 ), #2232, 'distance_accuracy_value', 'NONE');
#2230 =( NAMED_UNIT ( * ) SI_UNIT ( $, .STERADIAN. ) SOLID_ANGLE_UNIT ( ) );
#2231 =( NAMED_UNIT ( * ) PLANE_ANGLE_UNIT ( ) SI_UNIT ( $, .RADIAN. ) );
#2232 =( LENGTH_UNIT ( ) NAMED_UNIT ( * ) SI_UNIT ( .MILLI., .METRE. ) );
#2233 = MECHANICAL_DESIGN_GEOMETRIC_PRESENTATION_REPRESENTATION (  '', ( #2235 ), #2228 ) ;
#2234 = PRESENTATION_LAYER_ASSIGNMENT (  '', '', ( #2235 ) ) ;
#2235 = STYLED_ITEM ( 'NONE', ( #2236 ), #340 ) ;
#2236 = PRESENTATION_STYLE_ASSIGNMENT (( #2237 ) ) ;
#2237 = SURFACE_STYLE_USAGE ( .BOTH. , #2238 ) ;
#2238 = SURFACE_SIDE_STYLE ('',( #2239 ) ) ;
#2239 = SURFACE_STYLE_FILL_AREA ( #2240 ) ;
#2240 = FILL_AREA_STYLE ('',( #2247 ) ) ;
#2241 = COLOUR_RGB ( '',0.1254901960784313700, 0.1254901960784313700, 0.1254901960784313700 ) ;
#2242 = DIRECTION ( 'NONE',  ( 0.0000000000000000000, -0.9902680687415707000, 0.1391731009600623600 ) ) ;
#2243 = DIRECTION ( 'NONE',  ( 0.1378445374916255600, 0.1378445374916257000, 0.9808148484639899200 ) ) ;
#2244 = AXIS2_PLACEMENT_3D ( 'NONE', #2248, #2243, #2242 ) ;
#2245 = CYLINDRICAL_SURFACE ( 'NONE', #2244, 0.09999999999999993600 ) ;
#2246 = FACE_OUTER_BOUND ( 'NONE', #341, .T. ) ;
#2247 = FILL_AREA_STYLE_COLOUR ( '', #2241 ) ;
#2248 = CARTESIAN_POINT ( 'NONE',  ( 1.930839507316176200, 1.580839507316172500, 0.3941217194474661600 ) ) ;
#2249 =( GEOMETRIC_REPRESENTATION_CONTEXT ( 3 ) GLOBAL_UNCERTAINTY_ASSIGNED_CONTEXT ( ( #2194 ) ) GLOBAL_UNIT_ASSIGNED_CONTEXT ( ( #2197, #2196, #2195 ) ) REPRESENTATION_CONTEXT ( 'NONE', 'WORKASPACE' ) );
#2250 = COLOUR_RGB ( '',0.1254901960784313700, 0.1254901960784313700, 0.1254901960784313700 ) ;
#2251 = FACE_OUTER_BOUND ( 'NONE', #355, .T. ) ;
#2252 = DIRECTION ( 'NONE',  ( 0.0000000000000000000, 1.000000000000000000, 0.0000000000000000000 ) ) ;
#2253 = DIRECTION ( 'NONE',  ( 1.000000000000000000, -2.004929977727047800E-018, 0.0000000000000000000 ) ) ;
#2254 = AXIS2_PLACEMENT_3D ( 'NONE', #2256, #2253, #2252 ) ;
#2255 = CYLINDRICAL_SURFACE ( 'NONE', #2254, 0.1000000000000000500 ) ;
#2256 = CARTESIAN_POINT ( 'NONE',  ( 0.9500000000000000700, 1.588692687506759700, 0.4500000000000000700 ) ) ;
#2257 =( GEOMETRIC_REPRESENTATION_CONTEXT ( 3 ) GLOBAL_UNCERTAINTY_ASSIGNED_CONTEXT ( ( #2258 ) ) GLOBAL_UNIT_ASSIGNED_CONTEXT ( ( #2261, #2260, #2259 ) ) REPRESENTATION_CONTEXT ( 'NONE', 'WORKASPACE' ) );
#2258 = UNCERTAINTY_MEASURE_WITH_UNIT (LENGTH_MEASURE( 1.000000000000000100E-005 ), #2261, 'distance_accuracy_value', 'NONE');
#2259 =( NAMED_UNIT ( * ) SI_UNIT ( $, .STERADIAN. ) SOLID_ANGLE_UNIT ( ) );
#2260 =( NAMED_UNIT ( * ) PLANE_ANGLE_UNIT ( ) SI_UNIT ( $, .RADIAN. ) );
#2261 =( LENGTH_UNIT ( ) NAMED_UNIT ( * ) SI_UNIT ( .MILLI., .METRE. ) );
#2262 = MECHANICAL_DESIGN_GEOMETRIC_PRESENTATION_REPRESENTATION (  '', ( #2264 ), #2257 ) ;
#2263 = PRESENTATION_LAYER_ASSIGNMENT (  '', '', ( #2264 ) ) ;
#2264 = STYLED_ITEM ( 'NONE', ( #2265 ), #346 ) ;
#2265 = PRESENTATION_STYLE_ASSIGNMENT (( #2266 ) ) ;
#2266 = SURFACE_STYLE_USAGE ( .BOTH. , #2267 ) ;
#2267 = SURFACE_SIDE_STYLE ('',( #2268 ) ) ;
#2268 = SURFACE_STYLE_FILL_AREA ( #2269 ) ;
#2269 = FILL_AREA_STYLE ('',( #2274 ) ) ;
#2270 = COLOUR_RGB ( '',0.1254901960784313700, 0.1254901960784313700, 0.1254901960784313700 ) ;
#2271 = DIRECTION ( 'NONE',  ( 0.0000000000000000000, 0.0000000000000000000, -1.000000000000000000 ) ) ;
#2272 = DIRECTION ( 'NONE',  ( 1.000000000000000000, 0.0000000000000000000, 1.426581805901979700E-017 ) ) ;
#2273 = FACE_OUTER_BOUND ( 'NONE', #347, .T. ) ;
#2274 = FILL_AREA_STYLE_COLOUR ( '', #2270 ) ;
#2275 = CYLINDRICAL_SURFACE ( 'NONE', #2318, 0.09999999999999999200 ) ;
#2276 = CARTESIAN_POINT ( 'NONE',  ( 0.8499999999999999800, 1.800000000000000000, 0.2500000000000000000 ) ) ;
#2277 =( GEOMETRIC_REPRESENTATION_CONTEXT ( 3 ) GLOBAL_UNCERTAINTY_ASSIGNED_CONTEXT ( ( #2278 ) ) GLOBAL_UNIT_ASSIGNED_CONTEXT ( ( #2281, #2280, #2279 ) ) REPRESENTATION_CONTEXT ( 'NONE', 'WORKASPACE' ) );
#2278 = UNCERTAINTY_MEASURE_WITH_UNIT (LENGTH_MEASURE( 1.000000000000000100E-005 ), #2281, 'distance_accuracy_value', 'NONE');
#2279 =( NAMED_UNIT ( * ) SI_UNIT ( $, .STERADIAN. ) SOLID_ANGLE_UNIT ( ) );
#2280 =( NAMED_UNIT ( * ) PLANE_ANGLE_UNIT ( ) SI_UNIT ( $, .RADIAN. ) );
#2281 =( LENGTH_UNIT ( ) NAMED_UNIT ( * ) SI_UNIT ( .MILLI., .METRE. ) );
#2282 = MECHANICAL_DESIGN_GEOMETRIC_PRESENTATION_REPRESENTATION (  '', ( #2284 ), #2277 ) ;
#2283 = PRESENTATION_LAYER_ASSIGNMENT (  '', '', ( #2284 ) ) ;
#2284 = STYLED_ITEM ( 'NONE', ( #2285 ), #354 ) ;
#2285 = PRESENTATION_STYLE_ASSIGNMENT (( #2286 ) ) ;
#2286 = SURFACE_STYLE_USAGE ( .BOTH. , #2287 ) ;
#2287 = SURFACE_SIDE_STYLE ('',( #2288 ) ) ;
#2288 = SURFACE_STYLE_FILL_AREA ( #2289 ) ;
#2289 = FILL_AREA_STYLE ('',( #2294 ) ) ;
#2290 = CARTESIAN_POINT ( 'NONE',  ( -0.9490268068741578600, 1.659611327440438900, 0.2360826899039937800 ) ) ;
#2291 = CARTESIAN_POINT ( 'NONE',  ( -0.9417497627743385300, 1.652334283340620700, 0.1843038306476906300 ) ) ;
#2292 = CARTESIAN_POINT ( 'NONE',  ( -0.9022877197505756500, 1.612872240316857800, 0.1499999999999999900 ) ) ;
#2293 = CARTESIAN_POINT ( 'NONE',  ( -0.8499999999999999800, 1.560584520566282300, 0.1499999999999999900 ) ) ;
#2294 = FILL_AREA_STYLE_COLOUR ( '', #2250 ) ;
#2295 =( BOUNDED_CURVE ( )  B_SPLINE_CURVE ( 3, ( #2293, #2292, #2291, #2290 ),
 .UNSPECIFIED., .F., .T. ) 
 B_SPLINE_CURVE_WITH_KNOTS ( ( 4, 4 ),
 ( 1.570796326794896600, 3.001966313430251000 ),
 .UNSPECIFIED. ) 
 CURVE ( )  GEOMETRIC_REPRESENTATION_ITEM ( )  RATIONAL_B_SPLINE_CURVE ( ( 1.000000000000000000, 0.8364730534818469700, 0.8364730534818469700, 1.000000000000000000 ) ) 
 REPRESENTATION_ITEM ( '' )  );
#2296 = UNCERTAINTY_MEASURE_WITH_UNIT (LENGTH_MEASURE( 1.000000000000000100E-005 ), #2299, 'distance_accuracy_value', 'NONE');
#2297 =( NAMED_UNIT ( * ) SI_UNIT ( $, .STERADIAN. ) SOLID_ANGLE_UNIT ( ) );
#2298 =( NAMED_UNIT ( * ) PLANE_ANGLE_UNIT ( ) SI_UNIT ( $, .RADIAN. ) );
#2299 =( LENGTH_UNIT ( ) NAMED_UNIT ( * ) SI_UNIT ( .MILLI., .METRE. ) );
#2300 = MECHANICAL_DESIGN_GEOMETRIC_PRESENTATION_REPRESENTATION (  '', ( #2302 ), #2341 ) ;
#2301 = PRESENTATION_LAYER_ASSIGNMENT (  '', '', ( #2302 ) ) ;
#2302 = STYLED_ITEM ( 'NONE', ( #2303 ), #360 ) ;
#2303 = PRESENTATION_STYLE_ASSIGNMENT (( #2304 ) ) ;
#2304 = SURFACE_STYLE_USAGE ( .BOTH. , #2305 ) ;
#2305 = SURFACE_SIDE_STYLE ('',( #2306 ) ) ;
#2306 = SURFACE_STYLE_FILL_AREA ( #2307 ) ;
#2307 = FILL_AREA_STYLE ('',( #2312 ) ) ;
#2308 = CARTESIAN_POINT ( 'NONE',  ( 0.8499999999999999800, 1.560584520566282300, 0.1500000000000000200 ) ) ;
#2309 = CARTESIAN_POINT ( 'NONE',  ( 0.9022877197505757600, 1.612872240316858100, 0.1500000000000000800 ) ) ;
#2310 = CARTESIAN_POINT ( 'NONE',  ( 0.9417497627743386400, 1.652334283340620900, 0.1843038306476907100 ) ) ;
#2311 = CARTESIAN_POINT ( 'NONE',  ( 0.9490268068741578600, 1.659611327440438900, 0.2360826899039938100 ) ) ;
#2312 = FILL_AREA_STYLE_COLOUR ( '', #2314 ) ;
#2313 =( BOUNDED_CURVE ( )  B_SPLINE_CURVE ( 3, ( #2311, #2310, #2309, #2308 ),
 .UNSPECIFIED., .F., .T. ) 
 B_SPLINE_CURVE_WITH_KNOTS ( ( 4, 4 ),
 ( 3.281218993749335200, 4.712388980384688800 ),
 .UNSPECIFIED. ) 
 CURVE ( )  GEOMETRIC_REPRESENTATION_ITEM ( )  RATIONAL_B_SPLINE_CURVE ( ( 1.000000000000000000, 0.8364730534818472000, 0.8364730534818472000, 1.000000000000000000 ) ) 
 REPRESENTATION_ITEM ( '' )  );
#2314 = COLOUR_RGB ( '',0.1254901960784313700, 0.1254901960784313700, 0.1254901960784313700 ) ;
#2315 = FACE_OUTER_BOUND ( 'NONE', #278, .T. ) ;
#2316 = DIRECTION ( 'NONE',  ( 0.0000000000000000000, 0.0000000000000000000, -1.000000000000000000 ) ) ;
#2317 = DIRECTION ( 'NONE',  ( 0.0000000000000000000, -1.000000000000000000, 0.0000000000000000000 ) ) ;
#2318 = AXIS2_PLACEMENT_3D ( 'NONE', #2276, #2317, #2316 ) ;
#2319 =( NAMED_UNIT ( * ) PLANE_ANGLE_UNIT ( ) SI_UNIT ( $, .RADIAN. ) );
#2320 =( GEOMETRIC_REPRESENTATION_CONTEXT ( 3 ) GLOBAL_UNCERTAINTY_ASSIGNED_CONTEXT ( ( #2321 ) ) GLOBAL_UNIT_ASSIGNED_CONTEXT ( ( #2324, #2323, #2322 ) ) REPRESENTATION_CONTEXT ( 'NONE', 'WORKASPACE' ) );
#2321 = UNCERTAINTY_MEASURE_WITH_UNIT (LENGTH_MEASURE( 1.000000000000000100E-005 ), #2324, 'distance_accuracy_value', 'NONE');
#2322 =( NAMED_UNIT ( * ) SI_UNIT ( $, .STERADIAN. ) SOLID_ANGLE_UNIT ( ) );
#2323 =( NAMED_UNIT ( * ) PLANE_ANGLE_UNIT ( ) SI_UNIT ( $, .RADIAN. ) );
#2324 =( LENGTH_UNIT ( ) NAMED_UNIT ( * ) SI_UNIT ( .MILLI., .METRE. ) );
#2325 = MECHANICAL_DESIGN_GEOMETRIC_PRESENTATION_REPRESENTATION (  '', ( #2327 ), #2320 ) ;
#2326 = PRESENTATION_LAYER_ASSIGNMENT (  '', '', ( #2327 ) ) ;
#2327 = STYLED_ITEM ( 'NONE', ( #2328 ), #361 ) ;
#2328 = PRESENTATION_STYLE_ASSIGNMENT (( #2329 ) ) ;
#2329 = SURFACE_STYLE_USAGE ( .BOTH. , #2330 ) ;
#2330 = SURFACE_SIDE_STYLE ('',( #2331 ) ) ;
#2331 = SURFACE_STYLE_FILL_AREA ( #2332 ) ;
#2332 = FILL_AREA_STYLE ('',( #2339 ) ) ;
#2333 = COLOUR_RGB ( '',0.1254901960784313700, 0.1254901960784313700, 0.1254901960784313700 ) ;
#2334 = DIRECTION ( 'NONE',  ( 0.0000000000000000000, 0.0000000000000000000, -1.000000000000000000 ) ) ;
#2335 = DIRECTION ( 'NONE',  ( 1.000000000000000000, 0.0000000000000000000, 1.426581805901979700E-017 ) ) ;
#2336 = AXIS2_PLACEMENT_3D ( 'NONE', #2340, #2335, #2334 ) ;
#2337 = CYLINDRICAL_SURFACE ( 'NONE', #2336, 0.09999999999999999200 ) ;
#2338 = FACE_OUTER_BOUND ( 'NONE', #362, .T. ) ;
#2339 = FILL_AREA_STYLE_COLOUR ( '', #2333 ) ;
#2340 = CARTESIAN_POINT ( 'NONE',  ( -0.9499999999999999600, -1.560584520566281800, 0.2500000000000000000 ) ) ;
#2341 =( GEOMETRIC_REPRESENTATION_CONTEXT ( 3 ) GLOBAL_UNCERTAINTY_ASSIGNED_CONTEXT ( ( #2296 ) ) GLOBAL_UNIT_ASSIGNED_CONTEXT ( ( #2299, #2298, #2297 ) ) REPRESENTATION_CONTEXT ( 'NONE', 'WORKASPACE' ) );
#2342 = CARTESIAN_POINT ( 'NONE',  ( 2.108648687084984100, 1.799436649370101700, 1.539008448015038300 ) ) ;
#2343 = CARTESIAN_POINT ( 'NONE',  ( 2.149436649370104900, 1.758648687084978900, 1.539008448015038300 ) ) ;
#2344 = CARTESIAN_POINT ( 'NONE',  ( 2.149995309899464400, 1.700968503025304100, 1.535033371799342700 ) ) ;
#2345 = FILL_AREA_STYLE_COLOUR ( '', #2347 ) ;
#2346 =( BOUNDED_CURVE ( )  B_SPLINE_CURVE ( 3, ( #2344, #2343, #2342, #2388 ),
 .UNSPECIFIED., .F., .T. ) 
 B_SPLINE_CURVE_WITH_KNOTS ( ( 4, 4 ),
 ( 2.365879671860792000, 3.917305635318754800 ),
 .UNSPECIFIED. ) 
 CURVE ( )  GEOMETRIC_REPRESENTATION_ITEM ( )  RATIONAL_B_SPLINE_CURVE ( ( 1.000000000000000000, 0.8092813118237087700, 0.8092813118237087700, 1.000000000000000000 ) ) 
 REPRESENTATION_ITEM ( '' )  );
#2347 = COLOUR_RGB ( '',0.1254901960784313700, 0.1254901960784313700, 0.1254901960784313700 ) ;
#2348 = FACE_OUTER_BOUND ( 'NONE', #374, .T. ) ;
#2349 = CARTESIAN_POINT ( 'NONE',  ( 2.149995309899464900, -1.700968503025303900, 1.234966628200657500 ) ) ;
#2350 = CARTESIAN_POINT ( 'NONE',  ( 2.149436649370105400, -1.758648687084978700, 1.230991551984959900 ) ) ;
#2351 = CARTESIAN_POINT ( 'NONE',  ( 2.108648687084984100, -1.799436649370101300, 1.230991551984959900 ) ) ;
#2352 = CARTESIAN_POINT ( 'NONE',  ( 2.050968503025310900, -1.799995309899464300, 1.234966628200679500 ) ) ;
#2353 =( BOUNDED_CURVE ( )  B_SPLINE_CURVE ( 3, ( #2352, #2351, #2350, #2349 ),
 .UNSPECIFIED., .F., .T. ) 
 B_SPLINE_CURVE_WITH_KNOTS ( ( 4, 4 ),
 ( 2.365879671860828400, 3.917305635318789400 ),
 .UNSPECIFIED. ) 
 CURVE ( )  GEOMETRIC_REPRESENTATION_ITEM ( )  RATIONAL_B_SPLINE_CURVE ( ( 1.000000000000000000, 0.8092813118237092200, 0.8092813118237092200, 1.000000000000000000 ) ) 
 REPRESENTATION_ITEM ( '' )  );
#2354 = DIRECTION ( 'NONE',  ( 0.9902680687415708100, 0.0000000000000000000, -0.1391731009600621100 ) ) ;
#2355 = DIRECTION ( 'NONE',  ( 0.1378445374916255900, -0.1378445374916255400, 0.9808148484639901400 ) ) ;
#2356 = CARTESIAN_POINT ( 'NONE',  ( 1.862435487857567700, -1.512435487857563700, -0.09259816949770872900 ) ) ;
#2357 = AXIS2_PLACEMENT_3D ( 'NONE', #2356, #2355, #2354 ) ;
#2358 = CYLINDRICAL_SURFACE ( 'NONE', #2357, 0.1000000000000001300 ) ;
#2359 = MECHANICAL_DESIGN_GEOMETRIC_PRESENTATION_REPRESENTATION (  '', ( #2361 ), #2411 ) ;
#2360 = PRESENTATION_LAYER_ASSIGNMENT (  '', '', ( #2361 ) ) ;
#2361 = STYLED_ITEM ( 'NONE', ( #2362 ), #379 ) ;
#2362 = PRESENTATION_STYLE_ASSIGNMENT (( #2363 ) ) ;
#2363 = SURFACE_STYLE_USAGE ( .BOTH. , #2364 ) ;
#2364 = SURFACE_SIDE_STYLE ('',( #2365 ) ) ;
#2365 = SURFACE_STYLE_FILL_AREA ( #2366 ) ;
#2366 = FILL_AREA_STYLE ('',( #2373 ) ) ;
#2367 = COLOUR_RGB ( '',0.1254901960784313700, 0.1254901960784313700, 0.1254901960784313700 ) ;
#2368 = DIRECTION ( 'NONE',  ( 1.000000000000000000, 0.0000000000000000000, 0.0000000000000000000 ) ) ;
#2369 = DIRECTION ( 'NONE',  ( 0.0000000000000000000, 1.000000000000000000, 0.0000000000000000000 ) ) ;
#2370 = AXIS2_PLACEMENT_3D ( 'NONE', #2374, #2369, #2368 ) ;
#2371 = SPHERICAL_SURFACE ( 'NONE', #2370, 0.1000000000000000100 ) ;
#2372 = FACE_OUTER_BOUND ( 'NONE', #380, .T. ) ;
#2373 = FILL_AREA_STYLE_COLOUR ( '', #2367 ) ;
#2374 = CARTESIAN_POINT ( 'NONE',  ( 1.938692687506763400, -1.588692687506760000, 0.4500000000000000700 ) ) ;
#2375 =( GEOMETRIC_REPRESENTATION_CONTEXT ( 3 ) GLOBAL_UNCERTAINTY_ASSIGNED_CONTEXT ( ( #2376 ) ) GLOBAL_UNIT_ASSIGNED_CONTEXT ( ( #2379, #2378, #2377 ) ) REPRESENTATION_CONTEXT ( 'NONE', 'WORKASPACE' ) );
#2376 = UNCERTAINTY_MEASURE_WITH_UNIT (LENGTH_MEASURE( 1.000000000000000100E-005 ), #2379, 'distance_accuracy_value', 'NONE');
#2377 =( NAMED_UNIT ( * ) SI_UNIT ( $, .STERADIAN. ) SOLID_ANGLE_UNIT ( ) );
#2378 =( NAMED_UNIT ( * ) PLANE_ANGLE_UNIT ( ) SI_UNIT ( $, .RADIAN. ) );
#2379 =( LENGTH_UNIT ( ) NAMED_UNIT ( * ) SI_UNIT ( .MILLI., .METRE. ) );
#2380 = MECHANICAL_DESIGN_GEOMETRIC_PRESENTATION_REPRESENTATION (  '', ( #2382 ), #2375 ) ;
#2381 = PRESENTATION_LAYER_ASSIGNMENT (  '', '', ( #2382 ) ) ;
#2382 = STYLED_ITEM ( 'NONE', ( #2383 ), #373 ) ;
#2383 = PRESENTATION_STYLE_ASSIGNMENT (( #2384 ) ) ;
#2384 = SURFACE_STYLE_USAGE ( .BOTH. , #2385 ) ;
#2385 = SURFACE_SIDE_STYLE ('',( #2386 ) ) ;
#2386 = SURFACE_STYLE_FILL_AREA ( #2387 ) ;
#2387 = FILL_AREA_STYLE ('',( #2345 ) ) ;
#2388 = CARTESIAN_POINT ( 'NONE',  ( 2.050968503025310900, 1.799995309899464300, 1.535033371799319000 ) ) ;
#2389 =( LENGTH_UNIT ( ) NAMED_UNIT ( * ) SI_UNIT ( .MILLI., .METRE. ) );
#2390 = MECHANICAL_DESIGN_GEOMETRIC_PRESENTATION_REPRESENTATION (  '', ( #2392 ), #2429 ) ;
#2391 = PRESENTATION_LAYER_ASSIGNMENT (  '', '', ( #2392 ) ) ;
#2392 = STYLED_ITEM ( 'NONE', ( #2393 ), #386 ) ;
#2393 = PRESENTATION_STYLE_ASSIGNMENT (( #2394 ) ) ;
#2394 = SURFACE_STYLE_USAGE ( .BOTH. , #2395 ) ;
#2395 = SURFACE_SIDE_STYLE ('',( #2396 ) ) ;
#2396 = SURFACE_STYLE_FILL_AREA ( #2397 ) ;
#2397 = FILL_AREA_STYLE ('',( #2404 ) ) ;
#2398 = COLOUR_RGB ( '',0.1254901960784313700, 0.1254901960784313700, 0.1254901960784313700 ) ;
#2399 = FACE_OUTER_BOUND ( 'NONE', #387, .T. ) ;
#2400 = DIRECTION ( 'NONE',  ( -2.168404344971008900E-015, 0.0000000000000000000, -1.000000000000000000 ) ) ;
#2401 = DIRECTION ( 'NONE',  ( 1.000000000000000000, 3.047493566145110700E-016, -2.168404344971008500E-015 ) ) ;
#2402 = CARTESIAN_POINT ( 'NONE',  ( 1.938692687506763600, -1.588692687506760000, 0.4500000000000000100 ) ) ;
#2403 = AXIS2_PLACEMENT_3D ( 'NONE', #2402, #2401, #2400 ) ;
#2404 = FILL_AREA_STYLE_COLOUR ( '', #2398 ) ;
#2405 = DIRECTION ( 'NONE',  ( 0.0000000000000000000, 1.000000000000000000, 0.0000000000000000000 ) ) ;
#2406 = DIRECTION ( 'NONE',  ( 1.000000000000000000, 2.004929977727045100E-018, 0.0000000000000000000 ) ) ;
#2407 = AXIS2_PLACEMENT_3D ( 'NONE', #2410, #2406, #2405 ) ;
#2408 = CYLINDRICAL_SURFACE ( 'NONE', #2407, 0.1000000000000000500 ) ;
#2409 = CIRCLE ( 'NONE', #2403, 0.09999999999999999200 ) ;
#2410 = CARTESIAN_POINT ( 'NONE',  ( 0.9500000000000000700, -1.588692687506759500, 0.4500000000000000700 ) ) ;
#2411 =( GEOMETRIC_REPRESENTATION_CONTEXT ( 3 ) GLOBAL_UNCERTAINTY_ASSIGNED_CONTEXT ( ( #2412 ) ) GLOBAL_UNIT_ASSIGNED_CONTEXT ( ( #2415, #2414, #2413 ) ) REPRESENTATION_CONTEXT ( 'NONE', 'WORKASPACE' ) );
#2412 = UNCERTAINTY_MEASURE_WITH_UNIT (LENGTH_MEASURE( 1.000000000000000100E-005 ), #2415, 'distance_accuracy_value', 'NONE');
#2413 =( NAMED_UNIT ( * ) SI_UNIT ( $, .STERADIAN. ) SOLID_ANGLE_UNIT ( ) );
#2414 =( NAMED_UNIT ( * ) PLANE_ANGLE_UNIT ( ) SI_UNIT ( $, .RADIAN. ) );
#2415 =( LENGTH_UNIT ( ) NAMED_UNIT ( * ) SI_UNIT ( .MILLI., .METRE. ) );
#2416 = CARTESIAN_POINT ( 'NONE',  ( 2.050968503025311300, 1.799995309899464500, 1.234966628200681300 ) ) ;
#2417 = CARTESIAN_POINT ( 'NONE',  ( 2.108648687084984500, 1.799436649370101300, 1.230991551984960100 ) ) ;
#2418 = CARTESIAN_POINT ( 'NONE',  ( 2.149436649370105400, 1.758648687084978900, 1.230991551984960400 ) ) ;
#2419 = CARTESIAN_POINT ( 'NONE',  ( 2.149995309899464400, 1.700968503025304300, 1.234966628200657500 ) ) ;
#2420 = FILL_AREA_STYLE_COLOUR ( '', #2422 ) ;
#2421 =( BOUNDED_CURVE ( )  B_SPLINE_CURVE ( 3, ( #2419, #2418, #2417, #2416 ),
 .UNSPECIFIED., .F., .T. ) 
 B_SPLINE_CURVE_WITH_KNOTS ( ( 4, 4 ),
 ( 5.507472325450589100, 7.058898288908547900 ),
 .UNSPECIFIED. ) 
 CURVE ( )  GEOMETRIC_REPRESENTATION_ITEM ( )  RATIONAL_B_SPLINE_CURVE ( ( 1.000000000000000000, 0.8092813118237096600, 0.8092813118237096600, 1.000000000000000000 ) ) 
 REPRESENTATION_ITEM ( '' )  );
#2422 = COLOUR_RGB ( '',0.1254901960784313700, 0.1254901960784313700, 0.1254901960784313700 ) ;
#2423 = FACE_OUTER_BOUND ( 'NONE', #397, .T. ) ;
#2424 = DIRECTION ( 'NONE',  ( -1.000000000000000000, 0.0000000000000000000, 0.0000000000000000000 ) ) ;
#2425 = DIRECTION ( 'NONE',  ( 0.0000000000000000000, 0.0000000000000000000, -1.000000000000000000 ) ) ;
#2426 = AXIS2_PLACEMENT_3D ( 'NONE', #2428, #2425, #2424 ) ;
#2427 = CYLINDRICAL_SURFACE ( 'NONE', #2426, 0.1000000000000000500 ) ;
#2428 = CARTESIAN_POINT ( 'NONE',  ( 2.050000000000000300, 1.700000000000000000, 0.1499999999999999900 ) ) ;
#2429 =( GEOMETRIC_REPRESENTATION_CONTEXT ( 3 ) GLOBAL_UNCERTAINTY_ASSIGNED_CONTEXT ( ( #2430 ) ) GLOBAL_UNIT_ASSIGNED_CONTEXT ( ( #2389, #2432, #2431 ) ) REPRESENTATION_CONTEXT ( 'NONE', 'WORKASPACE' ) );
#2430 = UNCERTAINTY_MEASURE_WITH_UNIT (LENGTH_MEASURE( 1.000000000000000100E-005 ), #2389, 'distance_accuracy_value', 'NONE');
#2431 =( NAMED_UNIT ( * ) SI_UNIT ( $, .STERADIAN. ) SOLID_ANGLE_UNIT ( ) );
#2432 =( NAMED_UNIT ( * ) PLANE_ANGLE_UNIT ( ) SI_UNIT ( $, .RADIAN. ) );
#2433 = MECHANICAL_DESIGN_GEOMETRIC_PRESENTATION_REPRESENTATION (  '', ( #2435 ), #2484 ) ;
#2434 = PRESENTATION_LAYER_ASSIGNMENT (  '', '', ( #2435 ) ) ;
#2435 = STYLED_ITEM ( 'NONE', ( #2436 ), #401 ) ;
#2436 = PRESENTATION_STYLE_ASSIGNMENT (( #2437 ) ) ;
#2437 = SURFACE_STYLE_USAGE ( .BOTH. , #2438 ) ;
#2438 = SURFACE_SIDE_STYLE ('',( #2439 ) ) ;
#2439 = SURFACE_STYLE_FILL_AREA ( #2440 ) ;
#2440 = FILL_AREA_STYLE ('',( #2447 ) ) ;
#2441 = COLOUR_RGB ( '',0.1254901960784313700, 0.1254901960784313700, 0.1254901960784313700 ) ;
#2442 = DIRECTION ( 'NONE',  ( 0.0000000000000000000, 0.0000000000000000000, -1.000000000000000000 ) ) ;
#2443 = DIRECTION ( 'NONE',  ( 0.0000000000000000000, -1.000000000000000000, 0.0000000000000000000 ) ) ;
#2444 = AXIS2_PLACEMENT_3D ( 'NONE', #2448, #2443, #2442 ) ;
#2445 = CYLINDRICAL_SURFACE ( 'NONE', #2444, 0.09999999999999999200 ) ;
#2446 = FACE_OUTER_BOUND ( 'NONE', #402, .T. ) ;
#2447 = FILL_AREA_STYLE_COLOUR ( '', #2441 ) ;
#2448 = CARTESIAN_POINT ( 'NONE',  ( 1.938692687506763400, 1.800000000000000000, 0.4500000000000000700 ) ) ;
#2449 =( GEOMETRIC_REPRESENTATION_CONTEXT ( 3 ) GLOBAL_UNCERTAINTY_ASSIGNED_CONTEXT ( ( #2450 ) ) GLOBAL_UNIT_ASSIGNED_CONTEXT ( ( #2453, #2452, #2451 ) ) REPRESENTATION_CONTEXT ( 'NONE', 'WORKASPACE' ) );
#2450 = UNCERTAINTY_MEASURE_WITH_UNIT (LENGTH_MEASURE( 1.000000000000000100E-005 ), #2453, 'distance_accuracy_value', 'NONE');
#2451 =( NAMED_UNIT ( * ) SI_UNIT ( $, .STERADIAN. ) SOLID_ANGLE_UNIT ( ) );
#2452 =( NAMED_UNIT ( * ) PLANE_ANGLE_UNIT ( ) SI_UNIT ( $, .RADIAN. ) );
#2453 =( LENGTH_UNIT ( ) NAMED_UNIT ( * ) SI_UNIT ( .MILLI., .METRE. ) );
#2454 = MECHANICAL_DESIGN_GEOMETRIC_PRESENTATION_REPRESENTATION (  '', ( #2456 ), #2449 ) ;
#2455 = PRESENTATION_LAYER_ASSIGNMENT (  '', '', ( #2456 ) ) ;
#2456 = STYLED_ITEM ( 'NONE', ( #2457 ), #396 ) ;
#2457 = PRESENTATION_STYLE_ASSIGNMENT (( #2458 ) ) ;
#2458 = SURFACE_STYLE_USAGE ( .BOTH. , #2459 ) ;
#2459 = SURFACE_SIDE_STYLE ('',( #2460 ) ) ;
#2460 = SURFACE_STYLE_FILL_AREA ( #2461 ) ;
#2461 = FILL_AREA_STYLE ('',( #2420 ) ) ;
#2462 =( LENGTH_UNIT ( ) NAMED_UNIT ( * ) SI_UNIT ( .MILLI., .METRE. ) );
#2463 = MECHANICAL_DESIGN_GEOMETRIC_PRESENTATION_REPRESENTATION (  '', ( #2465 ), #2502 ) ;
#2464 = PRESENTATION_LAYER_ASSIGNMENT (  '', '', ( #2465 ) ) ;
#2465 = STYLED_ITEM ( 'NONE', ( #2466 ), #408 ) ;
#2466 = PRESENTATION_STYLE_ASSIGNMENT (( #2467 ) ) ;
#2467 = SURFACE_STYLE_USAGE ( .BOTH. , #2468 ) ;
#2468 = SURFACE_SIDE_STYLE ('',( #2469 ) ) ;
#2469 = SURFACE_STYLE_FILL_AREA ( #2470 ) ;
#2470 = FILL_AREA_STYLE ('',( #2477 ) ) ;
#2471 = COLOUR_RGB ( '',0.1254901960784313700, 0.1254901960784313700, 0.1254901960784313700 ) ;
#2472 = FACE_OUTER_BOUND ( 'NONE', #409, .T. ) ;
#2473 = DIRECTION ( 'NONE',  ( 0.0000000000000000000, 0.0000000000000000000, -1.000000000000000000 ) ) ;
#2474 = DIRECTION ( 'NONE',  ( 0.0000000000000000000, -1.000000000000000000, 0.0000000000000000000 ) ) ;
#2475 = CARTESIAN_POINT ( 'NONE',  ( 1.910584520566286400, -1.560584520566281800, 2.519999999999999600 ) ) ;
#2476 = AXIS2_PLACEMENT_3D ( 'NONE', #2475, #2474, #2473 ) ;
#2477 = FILL_AREA_STYLE_COLOUR ( '', #2471 ) ;
#2478 = DIRECTION ( 'NONE',  ( 0.0000000000000000000, 0.0000000000000000000, -1.000000000000000000 ) ) ;
#2479 = DIRECTION ( 'NONE',  ( 0.0000000000000000000, -1.000000000000000000, 0.0000000000000000000 ) ) ;
#2480 = AXIS2_PLACEMENT_3D ( 'NONE', #2483, #2479, #2478 ) ;
#2481 = CYLINDRICAL_SURFACE ( 'NONE', #2480, 0.09999999999999982500 ) ;
#2482 = CIRCLE ( 'NONE', #2476, 0.09999999999999982500 ) ;
#2483 = CARTESIAN_POINT ( 'NONE',  ( 1.910584520566286400, 1.800000000000000000, 2.519999999999999600 ) ) ;
#2484 =( GEOMETRIC_REPRESENTATION_CONTEXT ( 3 ) GLOBAL_UNCERTAINTY_ASSIGNED_CONTEXT ( ( #2485 ) ) GLOBAL_UNIT_ASSIGNED_CONTEXT ( ( #2488, #2487, #2486 ) ) REPRESENTATION_CONTEXT ( 'NONE', 'WORKASPACE' ) );
#2485 = UNCERTAINTY_MEASURE_WITH_UNIT (LENGTH_MEASURE( 1.000000000000000100E-005 ), #2488, 'distance_accuracy_value', 'NONE');
#2486 =( NAMED_UNIT ( * ) SI_UNIT ( $, .STERADIAN. ) SOLID_ANGLE_UNIT ( ) );
#2487 =( NAMED_UNIT ( * ) PLANE_ANGLE_UNIT ( ) SI_UNIT ( $, .RADIAN. ) );
#2488 =( LENGTH_UNIT ( ) NAMED_UNIT ( * ) SI_UNIT ( .MILLI., .METRE. ) );
#2489 = CARTESIAN_POINT ( 'NONE',  ( 2.149995309899464900, -1.700968503025303700, 1.535033371799343000 ) ) ;
#2490 = CARTESIAN_POINT ( 'NONE',  ( 2.149436649370104900, -1.758648687084978900, 1.539008448015039900 ) ) ;
#2491 = CARTESIAN_POINT ( 'NONE',  ( 2.108648687084984100, -1.799436649370101100, 1.539008448015039900 ) ) ;
#2492 = CARTESIAN_POINT ( 'NONE',  ( 2.050968503025310900, -1.799995309899464300, 1.535033371799320500 ) ) ;
#2493 = FILL_AREA_STYLE_COLOUR ( '', #2495 ) ;
#2494 =( BOUNDED_CURVE ( )  B_SPLINE_CURVE ( 3, ( #2492, #2491, #2490, #2489 ),
 .UNSPECIFIED., .F., .T. ) 
 B_SPLINE_CURVE_WITH_KNOTS ( ( 4, 4 ),
 ( 2.365879671860831000, 3.917305635318794300 ),
 .UNSPECIFIED. ) 
 CURVE ( )  GEOMETRIC_REPRESENTATION_ITEM ( )  RATIONAL_B_SPLINE_CURVE ( ( 1.000000000000000000, 0.8092813118237087700, 0.8092813118237087700, 1.000000000000000000 ) ) 
 REPRESENTATION_ITEM ( '' )  );
#2495 = COLOUR_RGB ( '',0.1254901960784313700, 0.1254901960784313700, 0.1254901960784313700 ) ;
#2496 = FACE_OUTER_BOUND ( 'NONE', #419, .T. ) ;
#2497 = DIRECTION ( 'NONE',  ( 0.0000000000000000000, -0.9902680687415708100, 0.1391731009600618600 ) ) ;
#2498 = DIRECTION ( 'NONE',  ( -0.1378445374916249800, 0.1378445374916256200, 0.9808148484639900300 ) ) ;
#2499 = AXIS2_PLACEMENT_3D ( 'NONE', #2501, #2498, #2497 ) ;
#2500 = CYLINDRICAL_SURFACE ( 'NONE', #2499, 0.09999999999999992200 ) ;
#2501 = CARTESIAN_POINT ( 'NONE',  ( 1.984450793562885500, -1.634450793562881100, 1.994414157614617500 ) ) ;
#2502 =( GEOMETRIC_REPRESENTATION_CONTEXT ( 3 ) GLOBAL_UNCERTAINTY_ASSIGNED_CONTEXT ( ( #2503 ) ) GLOBAL_UNIT_ASSIGNED_CONTEXT ( ( #2462, #2505, #2504 ) ) REPRESENTATION_CONTEXT ( 'NONE', 'WORKASPACE' ) );
#2503 = UNCERTAINTY_MEASURE_WITH_UNIT (LENGTH_MEASURE( 1.000000000000000100E-005 ), #2462, 'distance_accuracy_value', 'NONE');
#2504 =( NAMED_UNIT ( * ) SI_UNIT ( $, .STERADIAN. ) SOLID_ANGLE_UNIT ( ) );
#2505 =( NAMED_UNIT ( * ) PLANE_ANGLE_UNIT ( ) SI_UNIT ( $, .RADIAN. ) );
#2506 =( LENGTH_UNIT ( ) NAMED_UNIT ( * ) SI_UNIT ( .MILLI., .METRE. ) );
#2507 = MECHANICAL_DESIGN_GEOMETRIC_PRESENTATION_REPRESENTATION (  '', ( #2509 ), #2563 ) ;
#2508 = PRESENTATION_LAYER_ASSIGNMENT (  '', '', ( #2509 ) ) ;
#2509 = STYLED_ITEM ( 'NONE', ( #2510 ), #423 ) ;
#2510 = PRESENTATION_STYLE_ASSIGNMENT (( #2511 ) ) ;
#2511 = SURFACE_STYLE_USAGE ( .BOTH. , #2512 ) ;
#2512 = SURFACE_SIDE_STYLE ('',( #2513 ) ) ;
#2513 = SURFACE_STYLE_FILL_AREA ( #2514 ) ;
#2514 = FILL_AREA_STYLE ('',( #2521 ) ) ;
#2515 = COLOUR_RGB ( '',0.1254901960784313700, 0.1254901960784313700, 0.1254901960784313700 ) ;
#2516 = DIRECTION ( 'NONE',  ( 0.0000000000000000000, 0.0000000000000000000, 1.000000000000000000 ) ) ;
#2517 = DIRECTION ( 'NONE',  ( -1.000000000000000000, 0.0000000000000000000, 1.085551950849009700E-016 ) ) ;
#2518 = AXIS2_PLACEMENT_3D ( 'NONE', #2522, #2517, #2516 ) ;
#2519 = CYLINDRICAL_SURFACE ( 'NONE', #2518, 0.09999999999999982500 ) ;
#2520 = FACE_OUTER_BOUND ( 'NONE', #424, .T. ) ;
#2521 = FILL_AREA_STYLE_COLOUR ( '', #2515 ) ;
#2522 = CARTESIAN_POINT ( 'NONE',  ( 1.997513194347909600, 1.560584520566282300, 2.519999999999999600 ) ) ;
#2523 =( GEOMETRIC_REPRESENTATION_CONTEXT ( 3 ) GLOBAL_UNCERTAINTY_ASSIGNED_CONTEXT ( ( #2524 ) ) GLOBAL_UNIT_ASSIGNED_CONTEXT ( ( #2527, #2526, #2525 ) ) REPRESENTATION_CONTEXT ( 'NONE', 'WORKASPACE' ) );
#2524 = UNCERTAINTY_MEASURE_WITH_UNIT (LENGTH_MEASURE( 1.000000000000000100E-005 ), #2527, 'distance_accuracy_value', 'NONE');
#2525 =( NAMED_UNIT ( * ) SI_UNIT ( $, .STERADIAN. ) SOLID_ANGLE_UNIT ( ) );
#2526 =( NAMED_UNIT ( * ) PLANE_ANGLE_UNIT ( ) SI_UNIT ( $, .RADIAN. ) );
#2527 =( LENGTH_UNIT ( ) NAMED_UNIT ( * ) SI_UNIT ( .MILLI., .METRE. ) );
#2528 = MECHANICAL_DESIGN_GEOMETRIC_PRESENTATION_REPRESENTATION (  '', ( #2530 ), #2523 ) ;
#2529 = PRESENTATION_LAYER_ASSIGNMENT (  '', '', ( #2530 ) ) ;
#2530 = STYLED_ITEM ( 'NONE', ( #2531 ), #418 ) ;
#2531 = PRESENTATION_STYLE_ASSIGNMENT (( #2532 ) ) ;
#2532 = SURFACE_STYLE_USAGE ( .BOTH. , #2533 ) ;
#2533 = SURFACE_SIDE_STYLE ('',( #2534 ) ) ;
#2534 = SURFACE_STYLE_FILL_AREA ( #2535 ) ;
#2535 = FILL_AREA_STYLE ('',( #2493 ) ) ;
#2536 =( LENGTH_UNIT ( ) NAMED_UNIT ( * ) SI_UNIT ( .MILLI., .METRE. ) );
#2537 = MECHANICAL_DESIGN_GEOMETRIC_PRESENTATION_REPRESENTATION (  '', ( #2539 ), #2588 ) ;
#2538 = PRESENTATION_LAYER_ASSIGNMENT (  '', '', ( #2539 ) ) ;
#2539 = STYLED_ITEM ( 'NONE', ( #2540 ), #430 ) ;
#2540 = PRESENTATION_STYLE_ASSIGNMENT (( #2541 ) ) ;
#2541 = SURFACE_STYLE_USAGE ( .BOTH. , #2542 ) ;
#2542 = SURFACE_SIDE_STYLE ('',( #2543 ) ) ;
#2543 = SURFACE_STYLE_FILL_AREA ( #2544 ) ;
#2544 = FILL_AREA_STYLE ('',( #2552 ) ) ;
#2545 = COLOUR_RGB ( '',0.1254901960784313700, 0.1254901960784313700, 0.1254901960784313700 ) ;
#2546 = FACE_OUTER_BOUND ( 'NONE', #431, .T. ) ;
#2547 = DIRECTION ( 'NONE',  ( -2.168404344971012800E-015, 0.0000000000000000000, -1.000000000000000000 ) ) ;
#2548 = DIRECTION ( 'NONE',  ( -1.000000000000000000, -3.047493566145105800E-016, 2.168404344971013200E-015 ) ) ;
#2549 = CARTESIAN_POINT ( 'NONE',  ( 1.910584520566286100, 1.560584520566282100, 2.519999999999999600 ) ) ;
#2550 = AXIS2_PLACEMENT_3D ( 'NONE', #2549, #2548, #2547 ) ;
#2551 = CIRCLE ( 'NONE', #2550, 0.09999999999999982500 ) ;
#2552 = FILL_AREA_STYLE_COLOUR ( '', #2545 ) ;
#2553 = DIRECTION ( 'NONE',  ( -1.000000000000000000, 2.168404344971007700E-015, 0.0000000000000000000 ) ) ;
#2554 = DIRECTION ( 'NONE',  ( -2.189714495920898700E-015, -1.000000000000000000, 0.0000000000000000000 ) ) ;
#2555 = CARTESIAN_POINT ( 'NONE',  ( 1.910584520566286400, 1.560584520566282300, 2.519999999999999600 ) ) ;
#2556 = AXIS2_PLACEMENT_3D ( 'NONE', #2555, #2554, #2553 ) ;
#2557 = DIRECTION ( 'NONE',  ( 1.000000000000000000, 0.0000000000000000000, 0.0000000000000000000 ) ) ;
#2558 = DIRECTION ( 'NONE',  ( 0.0000000000000000000, 1.000000000000000000, 0.0000000000000000000 ) ) ;
#2559 = AXIS2_PLACEMENT_3D ( 'NONE', #2562, #2558, #2557 ) ;
#2560 = SPHERICAL_SURFACE ( 'NONE', #2559, 0.1000000000000000100 ) ;
#2561 = CIRCLE ( 'NONE', #2556, 0.1000000000000000500 ) ;
#2562 = CARTESIAN_POINT ( 'NONE',  ( 1.910584520566286400, 1.560584520566282100, 2.519999999999999600 ) ) ;
#2563 =( GEOMETRIC_REPRESENTATION_CONTEXT ( 3 ) GLOBAL_UNCERTAINTY_ASSIGNED_CONTEXT ( ( #2564 ) ) GLOBAL_UNIT_ASSIGNED_CONTEXT ( ( #2506, #2319, #2565 ) ) REPRESENTATION_CONTEXT ( 'NONE', 'WORKASPACE' ) );
#2564 = UNCERTAINTY_MEASURE_WITH_UNIT (LENGTH_MEASURE( 1.000000000000000100E-005 ), #2506, 'distance_accuracy_value', 'NONE');
#2565 =( NAMED_UNIT ( * ) SI_UNIT ( $, .STERADIAN. ) SOLID_ANGLE_UNIT ( ) );
#2566 =( LENGTH_UNIT ( ) NAMED_UNIT ( * ) SI_UNIT ( .MILLI., .METRE. ) );
#2567 = MECHANICAL_DESIGN_GEOMETRIC_PRESENTATION_REPRESENTATION (  '', ( #2569 ), #2617 ) ;
#2568 = PRESENTATION_LAYER_ASSIGNMENT (  '', '', ( #2569 ) ) ;
#2569 = STYLED_ITEM ( 'NONE', ( #2570 ), #435 ) ;
#2570 = PRESENTATION_STYLE_ASSIGNMENT (( #2571 ) ) ;
#2571 = SURFACE_STYLE_USAGE ( .BOTH. , #2572 ) ;
#2572 = SURFACE_SIDE_STYLE ('',( #2573 ) ) ;
#2573 = SURFACE_STYLE_FILL_AREA ( #2574 ) ;
#2574 = FILL_AREA_STYLE ('',( #2581 ) ) ;
#2575 = COLOUR_RGB ( '',0.1254901960784313700, 0.1254901960784313700, 0.1254901960784313700 ) ;
#2576 = FACE_OUTER_BOUND ( 'NONE', #378, .T. ) ;
#2577 = DIRECTION ( 'NONE',  ( 0.0000000000000000000, 0.9902680687415707000, 0.1391731009600629100 ) ) ;
#2578 = DIRECTION ( 'NONE',  ( 0.1378445374916256500, -0.1378445374916258700, 0.9808148484639899200 ) ) ;
#2579 = CARTESIAN_POINT ( 'NONE',  ( 1.938692687506763600, -1.588692687506759700, 0.4500000000000000700 ) ) ;
#2580 = AXIS2_PLACEMENT_3D ( 'NONE', #2579, #2578, #2577 ) ;
#2581 = FILL_AREA_STYLE_COLOUR ( '', #2575 ) ;
#2582 = DIRECTION ( 'NONE',  ( 1.000000000000000000, 0.0000000000000000000, 0.0000000000000000000 ) ) ;
#2583 = DIRECTION ( 'NONE',  ( 0.0000000000000000000, 0.0000000000000000000, 1.000000000000000000 ) ) ;
#2584 = AXIS2_PLACEMENT_3D ( 'NONE', #2587, #2583, #2582 ) ;
#2585 = CYLINDRICAL_SURFACE ( 'NONE', #2584, 0.09999999999999982500 ) ;
#2586 = CIRCLE ( 'NONE', #2580, 0.09999999999999993600 ) ;
#2587 = CARTESIAN_POINT ( 'NONE',  ( 2.050000000000000300, -1.699999999999999700, 1.235000000000000100 ) ) ;
#2588 =( GEOMETRIC_REPRESENTATION_CONTEXT ( 3 ) GLOBAL_UNCERTAINTY_ASSIGNED_CONTEXT ( ( #2589 ) ) GLOBAL_UNIT_ASSIGNED_CONTEXT ( ( #2536, #2591, #2590 ) ) REPRESENTATION_CONTEXT ( 'NONE', 'WORKASPACE' ) );
#2589 = UNCERTAINTY_MEASURE_WITH_UNIT (LENGTH_MEASURE( 1.000000000000000100E-005 ), #2536, 'distance_accuracy_value', 'NONE');
#2590 =( NAMED_UNIT ( * ) SI_UNIT ( $, .STERADIAN. ) SOLID_ANGLE_UNIT ( ) );
#2591 =( NAMED_UNIT ( * ) PLANE_ANGLE_UNIT ( ) SI_UNIT ( $, .RADIAN. ) );
#2592 = PRESENTATION_LAYER_ASSIGNMENT (  '', '', ( #2593 ) ) ;
#2593 = STYLED_ITEM ( 'NONE', ( #2594 ), #446 ) ;
#2594 = PRESENTATION_STYLE_ASSIGNMENT (( #2595 ) ) ;
#2595 = SURFACE_STYLE_USAGE ( .BOTH. , #2596 ) ;
#2596 = SURFACE_SIDE_STYLE ('',( #2597 ) ) ;
#2597 = SURFACE_STYLE_FILL_AREA ( #2598 ) ;
#2598 = FILL_AREA_STYLE ('',( #2606 ) ) ;
#2599 = COLOUR_RGB ( '',0.1254901960784313700, 0.1254901960784313700, 0.1254901960784313700 ) ;
#2600 = FACE_OUTER_BOUND ( 'NONE', #447, .T. ) ;
#2601 = DIRECTION ( 'NONE',  ( 1.000000000000000000, 2.168404344971007700E-015, 0.0000000000000000000 ) ) ;
#2602 = DIRECTION ( 'NONE',  ( 2.189714495920894000E-015, -1.000000000000000000, 0.0000000000000000000 ) ) ;
#2603 = CARTESIAN_POINT ( 'NONE',  ( -1.910584520566285200, -1.560584520566281800, 2.520000000000000000 ) ) ;
#2604 = AXIS2_PLACEMENT_3D ( 'NONE', #2603, #2602, #2601 ) ;
#2605 = CIRCLE ( 'NONE', #2604, 0.1000000000000000500 ) ;
#2606 = FILL_AREA_STYLE_COLOUR ( '', #2599 ) ;
#2607 = DIRECTION ( 'NONE',  ( 0.0000000000000000000, -0.9902680687415708100, -0.1391731009600618600 ) ) ;
#2608 = DIRECTION ( 'NONE',  ( -0.1378445374916251200, -0.1378445374916254500, 0.9808148484639902500 ) ) ;
#2609 = CARTESIAN_POINT ( 'NONE',  ( 1.910584520566286400, 1.560584520566282100, 2.519999999999999600 ) ) ;
#2610 = AXIS2_PLACEMENT_3D ( 'NONE', #2609, #2608, #2607 ) ;
#2611 = DIRECTION ( 'NONE',  ( 0.0000000000000000000, -0.9902680687415708100, -0.1391731009600618600 ) ) ;
#2612 = DIRECTION ( 'NONE',  ( -0.1378445374916249800, -0.1378445374916258100, 0.9808148484639900300 ) ) ;
#2613 = AXIS2_PLACEMENT_3D ( 'NONE', #2616, #2612, #2611 ) ;
#2614 = CYLINDRICAL_SURFACE ( 'NONE', #2613, 0.09999999999999992200 ) ;
#2615 = CIRCLE ( 'NONE', #2610, 0.09999999999999992200 ) ;
#2616 = CARTESIAN_POINT ( 'NONE',  ( 2.052854813021493600, 1.702854813021490400, 1.507694268669442100 ) ) ;
#2617 =( GEOMETRIC_REPRESENTATION_CONTEXT ( 3 ) GLOBAL_UNCERTAINTY_ASSIGNED_CONTEXT ( ( #2618 ) ) GLOBAL_UNIT_ASSIGNED_CONTEXT ( ( #2566, #2620, #2619 ) ) REPRESENTATION_CONTEXT ( 'NONE', 'WORKASPACE' ) );
#2618 = UNCERTAINTY_MEASURE_WITH_UNIT (LENGTH_MEASURE( 1.000000000000000100E-005 ), #2566, 'distance_accuracy_value', 'NONE');
#2619 =( NAMED_UNIT ( * ) SI_UNIT ( $, .STERADIAN. ) SOLID_ANGLE_UNIT ( ) );
#2620 =( NAMED_UNIT ( * ) PLANE_ANGLE_UNIT ( ) SI_UNIT ( $, .RADIAN. ) );
#2621 = COLOUR_RGB ( '',0.1254901960784313700, 0.1254901960784313700, 0.1254901960784313700 ) ;
#2622 = FACE_OUTER_BOUND ( 'NONE', #457, .T. ) ;
#2623 = DIRECTION ( 'NONE',  ( 0.0000000000000000000, 2.168404344971012800E-015, -1.000000000000000000 ) ) ;
#2624 = DIRECTION ( 'NONE',  ( -1.000000000000000000, -0.0000000000000000000, 0.0000000000000000000 ) ) ;
#2625 = CARTESIAN_POINT ( 'NONE',  ( 1.910584520566286400, -1.560584520566281800, 2.519999999999999600 ) ) ;
#2626 = AXIS2_PLACEMENT_3D ( 'NONE', #2625, #2624, #2623 ) ;
#2627 = CIRCLE ( 'NONE', #2626, 0.09999999999999982500 ) ;
#2628 = FILL_AREA_STYLE_COLOUR ( '', #2621 ) ;
#2629 = DIRECTION ( 'NONE',  ( 0.0000000000000000000, 0.0000000000000000000, 1.000000000000000000 ) ) ;
#2630 = DIRECTION ( 'NONE',  ( -1.000000000000000000, 0.0000000000000000000, 0.0000000000000000000 ) ) ;
#2631 = CARTESIAN_POINT ( 'NONE',  ( -1.910584520566285200, -1.560584520566282300, 2.520000000000000000 ) ) ;
#2632 = AXIS2_PLACEMENT_3D ( 'NONE', #2631, #2630, #2629 ) ;
#2633 = DIRECTION ( 'NONE',  ( 0.0000000000000000000, 0.0000000000000000000, 1.000000000000000000 ) ) ;
#2634 = DIRECTION ( 'NONE',  ( -1.000000000000000000, -3.111771456930366600E-033, 1.085551950849009700E-016 ) ) ;
#2635 = AXIS2_PLACEMENT_3D ( 'NONE', #2638, #2634, #2633 ) ;
#2636 = CYLINDRICAL_SURFACE ( 'NONE', #2635, 0.09999999999999982500 ) ;
#2637 = CIRCLE ( 'NONE', #2632, 0.09999999999999982500 ) ;
#2638 = CARTESIAN_POINT ( 'NONE',  ( 1.997513194347909600, -1.560584520566281800, 2.519999999999999600 ) ) ;
#2639 =( GEOMETRIC_REPRESENTATION_CONTEXT ( 3 ) GLOBAL_UNCERTAINTY_ASSIGNED_CONTEXT ( ( #2640 ) ) GLOBAL_UNIT_ASSIGNED_CONTEXT ( ( #2643, #2642, #2641 ) ) REPRESENTATION_CONTEXT ( 'NONE', 'WORKASPACE' ) );
#2640 = UNCERTAINTY_MEASURE_WITH_UNIT (LENGTH_MEASURE( 1.000000000000000100E-005 ), #2643, 'distance_accuracy_value', 'NONE');
#2641 =( NAMED_UNIT ( * ) SI_UNIT ( $, .STERADIAN. ) SOLID_ANGLE_UNIT ( ) );
#2642 =( NAMED_UNIT ( * ) PLANE_ANGLE_UNIT ( ) SI_UNIT ( $, .RADIAN. ) );
#2643 =( LENGTH_UNIT ( ) NAMED_UNIT ( * ) SI_UNIT ( .MILLI., .METRE. ) );
#2644 = MECHANICAL_DESIGN_GEOMETRIC_PRESENTATION_REPRESENTATION (  '', ( #2593 ), #2639 ) ;
#2645 =( BOUNDED_CURVE ( )  B_SPLINE_CURVE ( 3, ( #2690, #2689, #2688, #2687 ),
 .UNSPECIFIED., .F., .T. ) 
 B_SPLINE_CURVE_WITH_KNOTS ( ( 4, 4 ),
 ( 5.507472325450592600, 7.058898288908551400 ),
 .UNSPECIFIED. ) 
 CURVE ( )  GEOMETRIC_REPRESENTATION_ITEM ( )  RATIONAL_B_SPLINE_CURVE ( ( 1.000000000000000000, 0.8092813118237096600, 0.8092813118237096600, 1.000000000000000000 ) ) 
 REPRESENTATION_ITEM ( '' )  );
#2646 = DIRECTION ( 'NONE',  ( -0.9902680687415710300, 0.0000000000000000000, 0.1391731009600615800 ) ) ;
#2647 = DIRECTION ( 'NONE',  ( -0.1378445374916260900, 0.1378445374916257800, -0.9808148484639899200 ) ) ;
#2648 = AXIS2_PLACEMENT_3D ( 'NONE', #2650, #2647, #2646 ) ;
#2649 = CYLINDRICAL_SURFACE ( 'NONE', #2648, 0.1000000000000001200 ) ;
#2650 = CARTESIAN_POINT ( 'NONE',  ( -1.903265426930793100, 1.553265426930789700, 2.572078057249278100 ) ) ;
#2651 =( GEOMETRIC_REPRESENTATION_CONTEXT ( 3 ) GLOBAL_UNCERTAINTY_ASSIGNED_CONTEXT ( ( #2652 ) ) GLOBAL_UNIT_ASSIGNED_CONTEXT ( ( #2655, #2654, #2653 ) ) REPRESENTATION_CONTEXT ( 'NONE', 'WORKASPACE' ) );
#2652 = UNCERTAINTY_MEASURE_WITH_UNIT (LENGTH_MEASURE( 1.000000000000000100E-005 ), #2655, 'distance_accuracy_value', 'NONE');
#2653 =( NAMED_UNIT ( * ) SI_UNIT ( $, .STERADIAN. ) SOLID_ANGLE_UNIT ( ) );
#2654 =( NAMED_UNIT ( * ) PLANE_ANGLE_UNIT ( ) SI_UNIT ( $, .RADIAN. ) );
#2655 =( LENGTH_UNIT ( ) NAMED_UNIT ( * ) SI_UNIT ( .MILLI., .METRE. ) );
#2656 = MECHANICAL_DESIGN_GEOMETRIC_PRESENTATION_REPRESENTATION (  '', ( #2658 ), #2651 ) ;
#2657 = PRESENTATION_LAYER_ASSIGNMENT (  '', '', ( #2658 ) ) ;
#2658 = STYLED_ITEM ( 'NONE', ( #2659 ), #456 ) ;
#2659 = PRESENTATION_STYLE_ASSIGNMENT (( #2660 ) ) ;
#2660 = SURFACE_STYLE_USAGE ( .BOTH. , #2661 ) ;
#2661 = SURFACE_SIDE_STYLE ('',( #2662 ) ) ;
#2662 = SURFACE_STYLE_FILL_AREA ( #2663 ) ;
#2663 = FILL_AREA_STYLE ('',( #2628 ) ) ;
#2664 = SPHERICAL_SURFACE ( 'NONE', #2717, 0.1000000000000000100 ) ;
#2665 = CARTESIAN_POINT ( 'NONE',  ( -1.910584520566285500, 1.560584520566282100, 2.520000000000000000 ) ) ;
#2666 =( GEOMETRIC_REPRESENTATION_CONTEXT ( 3 ) GLOBAL_UNCERTAINTY_ASSIGNED_CONTEXT ( ( #2667 ) ) GLOBAL_UNIT_ASSIGNED_CONTEXT ( ( #2670, #2669, #2668 ) ) REPRESENTATION_CONTEXT ( 'NONE', 'WORKASPACE' ) );
#2667 = UNCERTAINTY_MEASURE_WITH_UNIT (LENGTH_MEASURE( 1.000000000000000100E-005 ), #2670, 'distance_accuracy_value', 'NONE');
#2668 =( NAMED_UNIT ( * ) SI_UNIT ( $, .STERADIAN. ) SOLID_ANGLE_UNIT ( ) );
#2669 =( NAMED_UNIT ( * ) PLANE_ANGLE_UNIT ( ) SI_UNIT ( $, .RADIAN. ) );
#2670 =( LENGTH_UNIT ( ) NAMED_UNIT ( * ) SI_UNIT ( .MILLI., .METRE. ) );
#2671 = MECHANICAL_DESIGN_GEOMETRIC_PRESENTATION_REPRESENTATION (  '', ( #2673 ), #2666 ) ;
#2672 = PRESENTATION_LAYER_ASSIGNMENT (  '', '', ( #2673 ) ) ;
#2673 = STYLED_ITEM ( 'NONE', ( #2674 ), #467 ) ;
#2674 = PRESENTATION_STYLE_ASSIGNMENT (( #2675 ) ) ;
#2675 = SURFACE_STYLE_USAGE ( .BOTH. , #2676 ) ;
#2676 = SURFACE_SIDE_STYLE ('',( #2677 ) ) ;
#2677 = SURFACE_STYLE_FILL_AREA ( #2678 ) ;
#2678 = FILL_AREA_STYLE ('',( #2686 ) ) ;
#2679 = COLOUR_RGB ( '',0.1254901960784313700, 0.1254901960784313700, 0.1254901960784313700 ) ;
#2680 = FACE_OUTER_BOUND ( 'NONE', #468, .T. ) ;
#2681 = DIRECTION ( 'NONE',  ( 0.9902680687415708100, 0.0000000000000000000, 0.1391731009600618600 ) ) ;
#2682 = DIRECTION ( 'NONE',  ( -0.1378445374916257000, 0.1378445374916250900, 0.9808148484639900300 ) ) ;
#2683 = CARTESIAN_POINT ( 'NONE',  ( 1.910584520566286400, -1.560584520566282300, 2.519999999999999600 ) ) ;
#2684 = AXIS2_PLACEMENT_3D ( 'NONE', #2683, #2682, #2681 ) ;
#2685 = CIRCLE ( 'NONE', #2684, 0.09999999999999992200 ) ;
#2686 = FILL_AREA_STYLE_COLOUR ( '', #2679 ) ;
#2687 = CARTESIAN_POINT ( 'NONE',  ( -2.050968503025311300, 1.799995309899464500, 1.535033371799319200 ) ) ;
#2688 = CARTESIAN_POINT ( 'NONE',  ( -2.108648687084983700, 1.799436649370100800, 1.539008448015050500 ) ) ;
#2689 = CARTESIAN_POINT ( 'NONE',  ( -2.149436649370104500, 1.758648687084978700, 1.539008448015050500 ) ) ;
#2690 = CARTESIAN_POINT ( 'NONE',  ( -2.149995309899464900, 1.700968503025304300, 1.535033371799343000 ) ) ;
#2691 = UNCERTAINTY_MEASURE_WITH_UNIT (LENGTH_MEASURE( 1.000000000000000100E-005 ), #2694, 'distance_accuracy_value', 'NONE');
#2692 =( NAMED_UNIT ( * ) SI_UNIT ( $, .STERADIAN. ) SOLID_ANGLE_UNIT ( ) );
#2693 =( NAMED_UNIT ( * ) PLANE_ANGLE_UNIT ( ) SI_UNIT ( $, .RADIAN. ) );
#2694 =( LENGTH_UNIT ( ) NAMED_UNIT ( * ) SI_UNIT ( .MILLI., .METRE. ) );
#2695 = MECHANICAL_DESIGN_GEOMETRIC_PRESENTATION_REPRESENTATION (  '', ( #2697 ), #2745 ) ;
#2696 = PRESENTATION_LAYER_ASSIGNMENT (  '', '', ( #2697 ) ) ;
#2697 = STYLED_ITEM ( 'NONE', ( #2698 ), #474 ) ;
#2698 = PRESENTATION_STYLE_ASSIGNMENT (( #2699 ) ) ;
#2699 = SURFACE_STYLE_USAGE ( .BOTH. , #2700 ) ;
#2700 = SURFACE_SIDE_STYLE ('',( #2701 ) ) ;
#2701 = SURFACE_STYLE_FILL_AREA ( #2702 ) ;
#2702 = FILL_AREA_STYLE ('',( #2710 ) ) ;
#2703 = COLOUR_RGB ( '',0.1254901960784313700, 0.1254901960784313700, 0.1254901960784313700 ) ;
#2704 = FACE_OUTER_BOUND ( 'NONE', #475, .T. ) ;
#2705 = DIRECTION ( 'NONE',  ( 0.0000000000000000000, -0.9902680687415708100, -0.1391731009600618600 ) ) ;
#2706 = DIRECTION ( 'NONE',  ( -0.1378445374916248100, 0.1378445374916251200, -0.9808148484639901400 ) ) ;
#2707 = CARTESIAN_POINT ( 'NONE',  ( -1.910584520566285500, 1.560584520566282100, 2.520000000000000000 ) ) ;
#2708 = AXIS2_PLACEMENT_3D ( 'NONE', #2707, #2706, #2705 ) ;
#2709 = CIRCLE ( 'NONE', #2708, 0.09999999999999992200 ) ;
#2710 = FILL_AREA_STYLE_COLOUR ( '', #2703 ) ;
#2711 = DIRECTION ( 'NONE',  ( 0.0000000000000000000, 0.0000000000000000000, 1.000000000000000000 ) ) ;
#2712 = DIRECTION ( 'NONE',  ( -0.0000000000000000000, -1.000000000000000000, 0.0000000000000000000 ) ) ;
#2713 = CARTESIAN_POINT ( 'NONE',  ( -1.910584520566285500, 1.560584520566282300, 2.520000000000000000 ) ) ;
#2714 = AXIS2_PLACEMENT_3D ( 'NONE', #2713, #2712, #2711 ) ;
#2715 = DIRECTION ( 'NONE',  ( 1.000000000000000000, 0.0000000000000000000, 0.0000000000000000000 ) ) ;
#2716 = DIRECTION ( 'NONE',  ( 0.0000000000000000000, 1.000000000000000000, 0.0000000000000000000 ) ) ;
#2717 = AXIS2_PLACEMENT_3D ( 'NONE', #2665, #2716, #2715 ) ;
#2718 = CIRCLE ( 'NONE', #2714, 0.09999999999999982500 ) ;
#2719 =( GEOMETRIC_REPRESENTATION_CONTEXT ( 3 ) GLOBAL_UNCERTAINTY_ASSIGNED_CONTEXT ( ( #2720 ) ) GLOBAL_UNIT_ASSIGNED_CONTEXT ( ( #2723, #2722, #2721 ) ) REPRESENTATION_CONTEXT ( 'NONE', 'WORKASPACE' ) );
#2720 = UNCERTAINTY_MEASURE_WITH_UNIT (LENGTH_MEASURE( 1.000000000000000100E-005 ), #2723, 'distance_accuracy_value', 'NONE');
#2721 =( NAMED_UNIT ( * ) SI_UNIT ( $, .STERADIAN. ) SOLID_ANGLE_UNIT ( ) );
#2722 =( NAMED_UNIT ( * ) PLANE_ANGLE_UNIT ( ) SI_UNIT ( $, .RADIAN. ) );
#2723 =( LENGTH_UNIT ( ) NAMED_UNIT ( * ) SI_UNIT ( .MILLI., .METRE. ) );
#2724 = MECHANICAL_DESIGN_GEOMETRIC_PRESENTATION_REPRESENTATION (  '', ( #2726 ), #2719 ) ;
#2725 = PRESENTATION_LAYER_ASSIGNMENT (  '', '', ( #2726 ) ) ;
#2726 = STYLED_ITEM ( 'NONE', ( #2727 ), #480 ) ;
#2727 = PRESENTATION_STYLE_ASSIGNMENT (( #2728 ) ) ;
#2728 = SURFACE_STYLE_USAGE ( .BOTH. , #2729 ) ;
#2729 = SURFACE_SIDE_STYLE ('',( #2730 ) ) ;
#2730 = SURFACE_STYLE_FILL_AREA ( #2731 ) ;
#2731 = FILL_AREA_STYLE ('',( #2738 ) ) ;
#2732 = COLOUR_RGB ( '',0.1254901960784313700, 0.1254901960784313700, 0.1254901960784313700 ) ;
#2733 = FACE_OUTER_BOUND ( 'NONE', #481, .T. ) ;
#2734 = DIRECTION ( 'NONE',  ( 2.168404344971007700E-015, -1.000000000000000000, 0.0000000000000000000 ) ) ;
#2735 = DIRECTION ( 'NONE',  ( -1.000000000000000000, -2.189714495920903800E-015, 0.0000000000000000000 ) ) ;
#2736 = CARTESIAN_POINT ( 'NONE',  ( -1.910584520566285200, 1.560584520566282300, 2.520000000000000000 ) ) ;
#2737 = AXIS2_PLACEMENT_3D ( 'NONE', #2736, #2735, #2734 ) ;
#2738 = FILL_AREA_STYLE_COLOUR ( '', #2732 ) ;
#2739 = DIRECTION ( 'NONE',  ( 1.000000000000000000, 0.0000000000000000000, 0.0000000000000000000 ) ) ;
#2740 = DIRECTION ( 'NONE',  ( 0.0000000000000000000, 1.000000000000000000, 0.0000000000000000000 ) ) ;
#2741 = AXIS2_PLACEMENT_3D ( 'NONE', #2744, #2740, #2739 ) ;
#2742 = SPHERICAL_SURFACE ( 'NONE', #2741, 0.1000000000000000100 ) ;
#2743 = CIRCLE ( 'NONE', #2737, 0.1000000000000000500 ) ;
#2744 = CARTESIAN_POINT ( 'NONE',  ( 1.910584520566286400, -1.560584520566282300, 2.519999999999999600 ) ) ;
#2745 =( GEOMETRIC_REPRESENTATION_CONTEXT ( 3 ) GLOBAL_UNCERTAINTY_ASSIGNED_CONTEXT ( ( #2691 ) ) GLOBAL_UNIT_ASSIGNED_CONTEXT ( ( #2694, #2693, #2692 ) ) REPRESENTATION_CONTEXT ( 'NONE', 'WORKASPACE' ) );
#2746 = CYLINDRICAL_SURFACE ( 'NONE', #2797, 0.09999999999999992200 ) ;
#2747 =( GEOMETRIC_REPRESENTATION_CONTEXT ( 3 ) GLOBAL_UNCERTAINTY_ASSIGNED_CONTEXT ( ( #2748 ) ) GLOBAL_UNIT_ASSIGNED_CONTEXT ( ( #2751, #2750, #2749 ) ) REPRESENTATION_CONTEXT ( 'NONE', 'WORKASPACE' ) );
#2748 = UNCERTAINTY_MEASURE_WITH_UNIT (LENGTH_MEASURE( 1.000000000000000100E-005 ), #2751, 'distance_accuracy_value', 'NONE');
#2749 =( NAMED_UNIT ( * ) SI_UNIT ( $, .STERADIAN. ) SOLID_ANGLE_UNIT ( ) );
#2750 =( NAMED_UNIT ( * ) PLANE_ANGLE_UNIT ( ) SI_UNIT ( $, .RADIAN. ) );
#2751 =( LENGTH_UNIT ( ) NAMED_UNIT ( * ) SI_UNIT ( .MILLI., .METRE. ) );
#2752 = MECHANICAL_DESIGN_GEOMETRIC_PRESENTATION_REPRESENTATION (  '', ( #2754 ), #2747 ) ;
#2753 = PRESENTATION_LAYER_ASSIGNMENT (  '', '', ( #2754 ) ) ;
#2754 = STYLED_ITEM ( 'NONE', ( #2755 ), #487 ) ;
#2755 = PRESENTATION_STYLE_ASSIGNMENT (( #2756 ) ) ;
#2756 = SURFACE_STYLE_USAGE ( .BOTH. , #2757 ) ;
#2757 = SURFACE_SIDE_STYLE ('',( #2758 ) ) ;
#2758 = SURFACE_STYLE_FILL_AREA ( #2759 ) ;
#2759 = FILL_AREA_STYLE ('',( #2766 ) ) ;
#2760 = COLOUR_RGB ( '',0.1254901960784313700, 0.1254901960784313700, 0.1254901960784313700 ) ;
#2761 = FACE_OUTER_BOUND ( 'NONE', #488, .T. ) ;
#2762 = DIRECTION ( 'NONE',  ( 0.0000000000000000000, 0.9902680687415703600, -0.1391731009600639700 ) ) ;
#2763 = DIRECTION ( 'NONE',  ( 0.1378445374916250900, -0.1378445374916270600, -0.9808148484639898100 ) ) ;
#2764 = CARTESIAN_POINT ( 'NONE',  ( -1.938692687506764000, 1.588692687506759700, 0.4500000000000000700 ) ) ;
#2765 = AXIS2_PLACEMENT_3D ( 'NONE', #2764, #2763, #2762 ) ;
#2766 = FILL_AREA_STYLE_COLOUR ( '', #2760 ) ;
#2767 = DIRECTION ( 'NONE',  ( 0.0000000000000000000, 0.9902680687415708100, -0.1391731009600618600 ) ) ;
#2768 = DIRECTION ( 'NONE',  ( 0.1378445374916251700, -0.1378445374916257300, -0.9808148484639901400 ) ) ;
#2769 = AXIS2_PLACEMENT_3D ( 'NONE', #2772, #2768, #2767 ) ;
#2770 = CYLINDRICAL_SURFACE ( 'NONE', #2769, 0.09999999999999992200 ) ;
#2771 = CIRCLE ( 'NONE', #2765, 0.09999999999999996400 ) ;
#2772 = CARTESIAN_POINT ( 'NONE',  ( -2.052854813021493600, 1.702854813021490400, 1.262305731330558100 ) ) ;
#2773 = FILL_AREA_STYLE_COLOUR ( '', #2822 ) ;
#2774 = DIRECTION ( 'NONE',  ( 1.000000000000000000, 0.0000000000000000000, 0.0000000000000000000 ) ) ;
#2775 = DIRECTION ( 'NONE',  ( 0.0000000000000000000, 1.000000000000000000, 0.0000000000000000000 ) ) ;
#2776 = AXIS2_PLACEMENT_3D ( 'NONE', #2779, #2775, #2774 ) ;
#2777 = SPHERICAL_SURFACE ( 'NONE', #2776, 0.1000000000000000100 ) ;
#2778 = CIRCLE ( 'NONE', #2827, 0.09999999999999992200 ) ;
#2779 = CARTESIAN_POINT ( 'NONE',  ( -1.910584520566285500, -1.560584520566282300, 2.520000000000000000 ) ) ;
#2780 =( GEOMETRIC_REPRESENTATION_CONTEXT ( 3 ) GLOBAL_UNCERTAINTY_ASSIGNED_CONTEXT ( ( #2781 ) ) GLOBAL_UNIT_ASSIGNED_CONTEXT ( ( #2784, #2783, #2782 ) ) REPRESENTATION_CONTEXT ( 'NONE', 'WORKASPACE' ) );
#2781 = UNCERTAINTY_MEASURE_WITH_UNIT (LENGTH_MEASURE( 1.000000000000000100E-005 ), #2784, 'distance_accuracy_value', 'NONE');
#2782 =( NAMED_UNIT ( * ) SI_UNIT ( $, .STERADIAN. ) SOLID_ANGLE_UNIT ( ) );
#2783 =( NAMED_UNIT ( * ) PLANE_ANGLE_UNIT ( ) SI_UNIT ( $, .RADIAN. ) );
#2784 =( LENGTH_UNIT ( ) NAMED_UNIT ( * ) SI_UNIT ( .MILLI., .METRE. ) );
#2785 = MECHANICAL_DESIGN_GEOMETRIC_PRESENTATION_REPRESENTATION (  '', ( #2787 ), #2780 ) ;
#2786 = PRESENTATION_LAYER_ASSIGNMENT (  '', '', ( #2787 ) ) ;
#2787 = STYLED_ITEM ( 'NONE', ( #2788 ), #492 ) ;
#2788 = PRESENTATION_STYLE_ASSIGNMENT (( #2789 ) ) ;
#2789 = SURFACE_STYLE_USAGE ( .BOTH. , #2790 ) ;
#2790 = SURFACE_SIDE_STYLE ('',( #2791 ) ) ;
#2791 = SURFACE_STYLE_FILL_AREA ( #2792 ) ;
#2792 = FILL_AREA_STYLE ('',( #2799 ) ) ;
#2793 = COLOUR_RGB ( '',0.1254901960784313700, 0.1254901960784313700, 0.1254901960784313700 ) ;
#2794 = DIRECTION ( 'NONE',  ( -0.9902680687415708100, 0.0000000000000000000, 0.1391731009600618600 ) ) ;
#2795 = DIRECTION ( 'NONE',  ( -0.1378445374916260900, -0.1378445374916255900, -0.9808148484639899200 ) ) ;
#2796 = CARTESIAN_POINT ( 'NONE',  ( -1.834861407472184100, -1.484861407472181100, 3.058797946194452800 ) ) ;
#2797 = AXIS2_PLACEMENT_3D ( 'NONE', #2796, #2795, #2794 ) ;
#2798 = FACE_OUTER_BOUND ( 'NONE', #493, .T. ) ;
#2799 = FILL_AREA_STYLE_COLOUR ( '', #2793 ) ;
#2800 = CARTESIAN_POINT ( 'NONE',  ( -1.938692687506763400, 1.588692687506759700, 0.4500000000000000100 ) ) ;
#2801 = AXIS2_PLACEMENT_3D ( 'NONE', #2800, #2853, #2852 ) ;
#2802 = FILL_AREA_STYLE_COLOUR ( '', #2850 ) ;
#2803 = DIRECTION ( 'NONE',  ( 0.0000000000000000000, 1.000000000000000000, 0.0000000000000000000 ) ) ;
#2804 = DIRECTION ( 'NONE',  ( 1.000000000000000000, -2.004929977727047800E-018, 0.0000000000000000000 ) ) ;
#2805 = AXIS2_PLACEMENT_3D ( 'NONE', #2808, #2804, #2803 ) ;
#2806 = CYLINDRICAL_SURFACE ( 'NONE', #2805, 0.1000000000000000500 ) ;
#2807 = CIRCLE ( 'NONE', #2801, 0.1000000000000000500 ) ;
#2808 = CARTESIAN_POINT ( 'NONE',  ( -2.025621361288386900, 1.588692687506759700, 0.4500000000000000100 ) ) ;
#2809 =( GEOMETRIC_REPRESENTATION_CONTEXT ( 3 ) GLOBAL_UNCERTAINTY_ASSIGNED_CONTEXT ( ( #2810 ) ) GLOBAL_UNIT_ASSIGNED_CONTEXT ( ( #2813, #2812, #2811 ) ) REPRESENTATION_CONTEXT ( 'NONE', 'WORKASPACE' ) );
#2810 = UNCERTAINTY_MEASURE_WITH_UNIT (LENGTH_MEASURE( 1.000000000000000100E-005 ), #2813, 'distance_accuracy_value', 'NONE');
#2811 =( NAMED_UNIT ( * ) SI_UNIT ( $, .STERADIAN. ) SOLID_ANGLE_UNIT ( ) );
#2812 =( NAMED_UNIT ( * ) PLANE_ANGLE_UNIT ( ) SI_UNIT ( $, .RADIAN. ) );
#2813 =( LENGTH_UNIT ( ) NAMED_UNIT ( * ) SI_UNIT ( .MILLI., .METRE. ) );
#2814 = MECHANICAL_DESIGN_GEOMETRIC_PRESENTATION_REPRESENTATION (  '', ( #2816 ), #2809 ) ;
#2815 = PRESENTATION_LAYER_ASSIGNMENT (  '', '', ( #2816 ) ) ;
#2816 = STYLED_ITEM ( 'NONE', ( #2817 ), #498 ) ;
#2817 = PRESENTATION_STYLE_ASSIGNMENT (( #2818 ) ) ;
#2818 = SURFACE_STYLE_USAGE ( .BOTH. , #2819 ) ;
#2819 = SURFACE_SIDE_STYLE ('',( #2820 ) ) ;
#2820 = SURFACE_STYLE_FILL_AREA ( #2821 ) ;
#2821 = FILL_AREA_STYLE ('',( #2773 ) ) ;
#2822 = COLOUR_RGB ( '',0.1254901960784313700, 0.1254901960784313700, 0.1254901960784313700 ) ;
#2823 = FACE_OUTER_BOUND ( 'NONE', #499, .T. ) ;
#2824 = DIRECTION ( 'NONE',  ( 0.9902680687415708100, 0.0000000000000000000, -0.1391731009600618600 ) ) ;
#2825 = DIRECTION ( 'NONE',  ( -0.1378445374916251500, -0.1378445374916251500, -0.9808148484639902500 ) ) ;
#2826 = CARTESIAN_POINT ( 'NONE',  ( -1.910584520566285500, -1.560584520566282100, 2.520000000000000000 ) ) ;
#2827 = AXIS2_PLACEMENT_3D ( 'NONE', #2826, #2825, #2824 ) ;
#2828 = COLOUR_RGB ( '',0.1254901960784313700, 0.1254901960784313700, 0.1254901960784313700 ) ;
#2829 = FACE_OUTER_BOUND ( 'NONE', #440, .T. ) ;
#2830 = FILL_AREA_STYLE_COLOUR ( '', #2828 ) ;
#2831 =( BOUNDED_CURVE ( )  B_SPLINE_CURVE ( 3, ( #2874, #2873, #2872, #2871 ),
 .UNSPECIFIED., .F., .T. ) 
 B_SPLINE_CURVE_WITH_KNOTS ( ( 4, 4 ),
 ( 2.365879671860794600, 3.917305635318752500 ),
 .UNSPECIFIED. ) 
 CURVE ( )  GEOMETRIC_REPRESENTATION_ITEM ( )  RATIONAL_B_SPLINE_CURVE ( ( 1.000000000000000000, 0.8092813118237099900, 0.8092813118237099900, 1.000000000000000000 ) ) 
 REPRESENTATION_ITEM ( '' )  );
#2832 = DIRECTION ( 'NONE',  ( 1.000000000000000000, 0.0000000000000000000, 0.0000000000000000000 ) ) ;
#2833 = DIRECTION ( 'NONE',  ( 0.0000000000000000000, 0.0000000000000000000, 1.000000000000000000 ) ) ;
#2834 = AXIS2_PLACEMENT_3D ( 'NONE', #2836, #2833, #2832 ) ;
#2835 = CYLINDRICAL_SURFACE ( 'NONE', #2834, 0.1000000000000000500 ) ;
#2836 = CARTESIAN_POINT ( 'NONE',  ( -2.050000000000000300, 1.700000000000000000, 0.1499999999999999900 ) ) ;
#2837 =( GEOMETRIC_REPRESENTATION_CONTEXT ( 3 ) GLOBAL_UNCERTAINTY_ASSIGNED_CONTEXT ( ( #2838 ) ) GLOBAL_UNIT_ASSIGNED_CONTEXT ( ( #2841, #2840, #2839 ) ) REPRESENTATION_CONTEXT ( 'NONE', 'WORKASPACE' ) );
#2838 = UNCERTAINTY_MEASURE_WITH_UNIT (LENGTH_MEASURE( 1.000000000000000100E-005 ), #2841, 'distance_accuracy_value', 'NONE');
#2839 =( NAMED_UNIT ( * ) SI_UNIT ( $, .STERADIAN. ) SOLID_ANGLE_UNIT ( ) );
#2840 =( NAMED_UNIT ( * ) PLANE_ANGLE_UNIT ( ) SI_UNIT ( $, .RADIAN. ) );
#2841 =( LENGTH_UNIT ( ) NAMED_UNIT ( * ) SI_UNIT ( .MILLI., .METRE. ) );
#2842 = MECHANICAL_DESIGN_GEOMETRIC_PRESENTATION_REPRESENTATION (  '', ( #2844 ), #2837 ) ;
#2843 = PRESENTATION_LAYER_ASSIGNMENT (  '', '', ( #2844 ) ) ;
#2844 = STYLED_ITEM ( 'NONE', ( #2845 ), #505 ) ;
#2845 = PRESENTATION_STYLE_ASSIGNMENT (( #2846 ) ) ;
#2846 = SURFACE_STYLE_USAGE ( .BOTH. , #2847 ) ;
#2847 = SURFACE_SIDE_STYLE ('',( #2848 ) ) ;
#2848 = SURFACE_STYLE_FILL_AREA ( #2849 ) ;
#2849 = FILL_AREA_STYLE ('',( #2802 ) ) ;
#2850 = COLOUR_RGB ( '',0.1254901960784313700, 0.1254901960784313700, 0.1254901960784313700 ) ;
#2851 = FACE_OUTER_BOUND ( 'NONE', #506, .T. ) ;
#2852 = DIRECTION ( 'NONE',  ( 2.168404344971007700E-015, 0.0000000000000000000, 1.000000000000000000 ) ) ;
#2853 = DIRECTION ( 'NONE',  ( -1.000000000000000000, 3.047493566145111700E-016, 2.168404344971009300E-015 ) ) ;
#2854 = CYLINDRICAL_SURFACE ( 'NONE', #2904, 0.09999999999999982500 ) ;
#2855 = FACE_OUTER_BOUND ( 'NONE', #518, .T. ) ;
#2856 = FILL_AREA_STYLE_COLOUR ( '', #2901 ) ;
#2857 = CARTESIAN_POINT ( 'NONE',  ( -1.910584520566285200, 1.800000000000000000, 2.520000000000000000 ) ) ;
#2858 =( GEOMETRIC_REPRESENTATION_CONTEXT ( 3 ) GLOBAL_UNCERTAINTY_ASSIGNED_CONTEXT ( ( #2859 ) ) GLOBAL_UNIT_ASSIGNED_CONTEXT ( ( #2862, #2861, #2860 ) ) REPRESENTATION_CONTEXT ( 'NONE', 'WORKASPACE' ) );
#2859 = UNCERTAINTY_MEASURE_WITH_UNIT (LENGTH_MEASURE( 1.000000000000000100E-005 ), #2862, 'distance_accuracy_value', 'NONE');
#2860 =( NAMED_UNIT ( * ) SI_UNIT ( $, .STERADIAN. ) SOLID_ANGLE_UNIT ( ) );
#2861 =( NAMED_UNIT ( * ) PLANE_ANGLE_UNIT ( ) SI_UNIT ( $, .RADIAN. ) );
#2862 =( LENGTH_UNIT ( ) NAMED_UNIT ( * ) SI_UNIT ( .MILLI., .METRE. ) );
#2863 = MECHANICAL_DESIGN_GEOMETRIC_PRESENTATION_REPRESENTATION (  '', ( #2865 ), #2858 ) ;
#2864 = PRESENTATION_LAYER_ASSIGNMENT (  '', '', ( #2865 ) ) ;
#2865 = STYLED_ITEM ( 'NONE', ( #2866 ), #515 ) ;
#2866 = PRESENTATION_STYLE_ASSIGNMENT (( #2867 ) ) ;
#2867 = SURFACE_STYLE_USAGE ( .BOTH. , #2868 ) ;
#2868 = SURFACE_SIDE_STYLE ('',( #2869 ) ) ;
#2869 = SURFACE_STYLE_FILL_AREA ( #2870 ) ;
#2870 = FILL_AREA_STYLE ('',( #2830 ) ) ;
#2871 = CARTESIAN_POINT ( 'NONE',  ( -2.050968503025310900, 1.799995309899464500, 1.234966628200681300 ) ) ;
#2872 = CARTESIAN_POINT ( 'NONE',  ( -2.108648687084985000, 1.799436649370101900, 1.230991551984970300 ) ) ;
#2873 = CARTESIAN_POINT ( 'NONE',  ( -2.149436649370105800, 1.758648687084980000, 1.230991551984970600 ) ) ;
#2874 = CARTESIAN_POINT ( 'NONE',  ( -2.149995309899464400, 1.700968503025304100, 1.234966628200657500 ) ) ;
#2875 = FILL_AREA_STYLE_COLOUR ( '', #2934 ) ;
#2876 = FACE_OUTER_BOUND ( 'NONE', #524, .T. ) ;
#2877 = DIRECTION ( 'NONE',  ( 0.0000000000000000000, -2.168404344971008900E-015, -1.000000000000000000 ) ) ;
#2878 = DIRECTION ( 'NONE',  ( -3.047493566145097400E-016, -1.000000000000000000, 2.168404344971007700E-015 ) ) ;
#2879 = AXIS2_PLACEMENT_3D ( 'NONE', #2886, #2878, #2877 ) ;
#2880 = CIRCLE ( 'NONE', #2879, 0.09999999999999999200 ) ;
#2881 = FILL_AREA_STYLE ('',( #2875 ) ) ;
#2882 = DIRECTION ( 'NONE',  ( 1.000000000000000000, 0.0000000000000000000, -7.426042277297976500E-017 ) ) ;
#2883 = DIRECTION ( 'NONE',  ( 7.426042277297976500E-017, 0.0000000000000000000, 1.000000000000000000 ) ) ;
#2884 = CARTESIAN_POINT ( 'NONE',  ( -2.159995309899464600, 1.020000000000000000, 0.2999666282006568900 ) ) ;
#2885 = AXIS2_PLACEMENT_3D ( 'NONE', #2884, #2883, #2882 ) ;
#2886 = CARTESIAN_POINT ( 'NONE',  ( -1.938692687506764000, -1.588692687506759300, 0.4500000000000000100 ) ) ;
#2887 = PLANE ( 'NONE',  #2885 ) ;
#2888 =( GEOMETRIC_REPRESENTATION_CONTEXT ( 3 ) GLOBAL_UNCERTAINTY_ASSIGNED_CONTEXT ( ( #2889 ) ) GLOBAL_UNIT_ASSIGNED_CONTEXT ( ( #2892, #2891, #2890 ) ) REPRESENTATION_CONTEXT ( 'NONE', 'WORKASPACE' ) );
#2889 = UNCERTAINTY_MEASURE_WITH_UNIT (LENGTH_MEASURE( 1.000000000000000100E-005 ), #2892, 'distance_accuracy_value', 'NONE');
#2890 =( NAMED_UNIT ( * ) SI_UNIT ( $, .STERADIAN. ) SOLID_ANGLE_UNIT ( ) );
#2891 =( NAMED_UNIT ( * ) PLANE_ANGLE_UNIT ( ) SI_UNIT ( $, .RADIAN. ) );
#2892 =( LENGTH_UNIT ( ) NAMED_UNIT ( * ) SI_UNIT ( .MILLI., .METRE. ) );
#2893 = MECHANICAL_DESIGN_GEOMETRIC_PRESENTATION_REPRESENTATION (  '', ( #2895 ), #2888 ) ;
#2894 = PRESENTATION_LAYER_ASSIGNMENT (  '', '', ( #2895 ) ) ;
#2895 = STYLED_ITEM ( 'NONE', ( #2896 ), #517 ) ;
#2896 = PRESENTATION_STYLE_ASSIGNMENT (( #2897 ) ) ;
#2897 = SURFACE_STYLE_USAGE ( .BOTH. , #2898 ) ;
#2898 = SURFACE_SIDE_STYLE ('',( #2899 ) ) ;
#2899 = SURFACE_STYLE_FILL_AREA ( #2900 ) ;
#2900 = FILL_AREA_STYLE ('',( #2856 ) ) ;
#2901 = COLOUR_RGB ( '',0.7529411764705882200, 0.7529411764705882200, 0.7529411764705882200 ) ;
#2902 = DIRECTION ( 'NONE',  ( 0.0000000000000000000, 0.0000000000000000000, -1.000000000000000000 ) ) ;
#2903 = DIRECTION ( 'NONE',  ( 0.0000000000000000000, -1.000000000000000000, 0.0000000000000000000 ) ) ;
#2904 = AXIS2_PLACEMENT_3D ( 'NONE', #2857, #2903, #2902 ) ;
#2905 = SURFACE_STYLE_USAGE ( .BOTH. , #2906 ) ;
#2906 = SURFACE_SIDE_STYLE ('',( #2907 ) ) ;
#2907 = SURFACE_STYLE_FILL_AREA ( #2908 ) ;
#2908 = FILL_AREA_STYLE ('',( #2915 ) ) ;
#2909 = COLOUR_RGB ( '',0.1254901960784313700, 0.1254901960784313700, 0.1254901960784313700 ) ;
#2910 = FACE_OUTER_BOUND ( 'NONE', #585, .T. ) ;
#2911 = DIRECTION ( 'NONE',  ( 0.0000000000000000000, 0.9902680687415707000, 0.1391731009600623600 ) ) ;
#2912 = DIRECTION ( 'NONE',  ( 0.1378445374916243700, 0.1378445374916256700, -0.9808148484639902500 ) ) ;
#2913 = CARTESIAN_POINT ( 'NONE',  ( -1.938692687506763600, -1.588692687506760000, 0.4499999999999999600 ) ) ;
#2914 = AXIS2_PLACEMENT_3D ( 'NONE', #2913, #2912, #2911 ) ;
#2915 = FILL_AREA_STYLE_COLOUR ( '', #2909 ) ;
#2916 = DIRECTION ( 'NONE',  ( 0.0000000000000000000, 0.9902680687415708100, 0.1391731009600618600 ) ) ;
#2917 = DIRECTION ( 'NONE',  ( 0.1378445374916251700, 0.1378445374916255400, -0.9808148484639901400 ) ) ;
#2918 = AXIS2_PLACEMENT_3D ( 'NONE', #2921, #2917, #2916 ) ;
#2919 = CYLINDRICAL_SURFACE ( 'NONE', #2918, 0.09999999999999992200 ) ;
#2920 = CIRCLE ( 'NONE', #2914, 0.09999999999999993600 ) ;
#2921 = CARTESIAN_POINT ( 'NONE',  ( -1.984450793562885500, -1.634450793562881100, 0.7755858423853833100 ) ) ;
#2922 =( GEOMETRIC_REPRESENTATION_CONTEXT ( 3 ) GLOBAL_UNCERTAINTY_ASSIGNED_CONTEXT ( ( #2923 ) ) GLOBAL_UNIT_ASSIGNED_CONTEXT ( ( #2926, #2925, #2924 ) ) REPRESENTATION_CONTEXT ( 'NONE', 'WORKASPACE' ) );
#2923 = UNCERTAINTY_MEASURE_WITH_UNIT (LENGTH_MEASURE( 1.000000000000000100E-005 ), #2926, 'distance_accuracy_value', 'NONE');
#2924 =( NAMED_UNIT ( * ) SI_UNIT ( $, .STERADIAN. ) SOLID_ANGLE_UNIT ( ) );
#2925 =( NAMED_UNIT ( * ) PLANE_ANGLE_UNIT ( ) SI_UNIT ( $, .RADIAN. ) );
#2926 =( LENGTH_UNIT ( ) NAMED_UNIT ( * ) SI_UNIT ( .MILLI., .METRE. ) );
#2927 = MECHANICAL_DESIGN_GEOMETRIC_PRESENTATION_REPRESENTATION (  '', ( #2929 ), #2922 ) ;
#2928 = PRESENTATION_LAYER_ASSIGNMENT (  '', '', ( #2929 ) ) ;
#2929 = STYLED_ITEM ( 'NONE', ( #2930 ), #523 ) ;
#2930 = PRESENTATION_STYLE_ASSIGNMENT (( #2931 ) ) ;
#2931 = SURFACE_STYLE_USAGE ( .BOTH. , #2932 ) ;
#2932 = SURFACE_SIDE_STYLE ('',( #2933 ) ) ;
#2933 = SURFACE_STYLE_FILL_AREA ( #2881 ) ;
#2934 = COLOUR_RGB ( '',0.1254901960784313700, 0.1254901960784313700, 0.1254901960784313700 ) ;
#2935 =( BOUNDED_CURVE ( )  B_SPLINE_CURVE ( 3, ( #5246, #5247, #5245, #5244 ),
 .UNSPECIFIED., .F., .T. ) 
 B_SPLINE_CURVE_WITH_KNOTS ( ( 4, 4 ),
 ( 5.507472325450621900, 7.058898288908586900 ),
 .UNSPECIFIED. ) 
 CURVE ( )  GEOMETRIC_REPRESENTATION_ITEM ( )  RATIONAL_B_SPLINE_CURVE ( ( 1.000000000000000000, 0.8092813118237082200, 0.8092813118237082200, 1.000000000000000000 ) ) 
 REPRESENTATION_ITEM ( '' )  );
#2936 = UNCERTAINTY_MEASURE_WITH_UNIT (LENGTH_MEASURE( 1.000000000000000100E-005 ), #3139, 'distance_accuracy_value', 'NONE');
#2937 = DIRECTION ( 'NONE',  ( 1.000000000000000000, 0.0000000000000000000, 0.0000000000000000000 ) ) ;
#2938 = DIRECTION ( 'NONE',  ( 0.0000000000000000000, 1.000000000000000000, 0.0000000000000000000 ) ) ;
#2939 = AXIS2_PLACEMENT_3D ( 'NONE', #2941, #2938, #2937 ) ;
#2940 = SPHERICAL_SURFACE ( 'NONE', #2939, 0.1000000000000000100 ) ;
#2941 = CARTESIAN_POINT ( 'NONE',  ( -1.938692687506763600, -1.588692687506760000, 0.4500000000000000100 ) ) ;
#2942 =( GEOMETRIC_REPRESENTATION_CONTEXT ( 3 ) GLOBAL_UNCERTAINTY_ASSIGNED_CONTEXT ( ( #2943 ) ) GLOBAL_UNIT_ASSIGNED_CONTEXT ( ( #2946, #2945, #2944 ) ) REPRESENTATION_CONTEXT ( 'NONE', 'WORKASPACE' ) );
#2943 = UNCERTAINTY_MEASURE_WITH_UNIT (LENGTH_MEASURE( 1.000000000000000100E-005 ), #2946, 'distance_accuracy_value', 'NONE');
#2944 =( NAMED_UNIT ( * ) SI_UNIT ( $, .STERADIAN. ) SOLID_ANGLE_UNIT ( ) );
#2945 =( NAMED_UNIT ( * ) PLANE_ANGLE_UNIT ( ) SI_UNIT ( $, .RADIAN. ) );
#2946 =( LENGTH_UNIT ( ) NAMED_UNIT ( * ) SI_UNIT ( .MILLI., .METRE. ) );
#2947 = MECHANICAL_DESIGN_GEOMETRIC_PRESENTATION_REPRESENTATION (  '', ( #2949 ), #2942 ) ;
#2948 = PRESENTATION_LAYER_ASSIGNMENT (  '', '', ( #2949 ) ) ;
#2949 = STYLED_ITEM ( 'NONE', ( #2950 ), #530 ) ;
#2950 = PRESENTATION_STYLE_ASSIGNMENT (( #2905 ) ) ;
#2951 =( BOUNDED_CURVE ( )  B_SPLINE_CURVE ( 3, ( #2992, #2991, #2990, #2989 ),
 .UNSPECIFIED., .F., .F. ) 
 B_SPLINE_CURVE_WITH_KNOTS ( ( 4, 4 ),
 ( 5.507472325450620200, 7.058898288908580700 ),
 .UNSPECIFIED. ) 
 CURVE ( )  GEOMETRIC_REPRESENTATION_ITEM ( )  RATIONAL_B_SPLINE_CURVE ( ( 1.000000000000000000, 0.8092813118237094400, 0.8092813118237094400, 1.000000000000000000 ) ) 
 REPRESENTATION_ITEM ( '' )  );
#2952 = FACE_OUTER_BOUND ( 'NONE', #546, .T. ) ;
#2953 = DIRECTION ( 'NONE',  ( 0.0000000000000000000, 0.0000000000000000000, -1.000000000000000000 ) ) ;
#2954 = DIRECTION ( 'NONE',  ( -0.0000000000000000000, -1.000000000000000000, 0.0000000000000000000 ) ) ;
#2955 = AXIS2_PLACEMENT_3D ( 'NONE', #2957, #2954, #2953 ) ;
#2956 = CYLINDRICAL_SURFACE ( 'NONE', #2955, 0.09999999999999999200 ) ;
#2957 = CARTESIAN_POINT ( 'NONE',  ( -1.938692687506763600, 1.800000000000000000, 0.4500000000000000100 ) ) ;
#2958 =( GEOMETRIC_REPRESENTATION_CONTEXT ( 3 ) GLOBAL_UNCERTAINTY_ASSIGNED_CONTEXT ( ( #2959 ) ) GLOBAL_UNIT_ASSIGNED_CONTEXT ( ( #2962, #2961, #2960 ) ) REPRESENTATION_CONTEXT ( 'NONE', 'WORKASPACE' ) );
#2959 = UNCERTAINTY_MEASURE_WITH_UNIT (LENGTH_MEASURE( 1.000000000000000100E-005 ), #2962, 'distance_accuracy_value', 'NONE');
#2960 =( NAMED_UNIT ( * ) SI_UNIT ( $, .STERADIAN. ) SOLID_ANGLE_UNIT ( ) );
#2961 =( NAMED_UNIT ( * ) PLANE_ANGLE_UNIT ( ) SI_UNIT ( $, .RADIAN. ) );
#2962 =( LENGTH_UNIT ( ) NAMED_UNIT ( * ) SI_UNIT ( .MILLI., .METRE. ) );
#2963 = MECHANICAL_DESIGN_GEOMETRIC_PRESENTATION_REPRESENTATION (  '', ( #2965 ), #2958 ) ;
#2964 = PRESENTATION_LAYER_ASSIGNMENT (  '', '', ( #2965 ) ) ;
#2965 = STYLED_ITEM ( 'NONE', ( #2966 ), #539 ) ;
#2966 = PRESENTATION_STYLE_ASSIGNMENT (( #2967 ) ) ;
#2967 = SURFACE_STYLE_USAGE ( .BOTH. , #2968 ) ;
#2968 = SURFACE_SIDE_STYLE ('',( #2969 ) ) ;
#2969 = SURFACE_STYLE_FILL_AREA ( #2970 ) ;
#2970 = FILL_AREA_STYLE ('',( #2971 ) ) ;
#2971 = FILL_AREA_STYLE_COLOUR ( '', #2972 ) ;
#2972 = COLOUR_RGB ( '',0.1254901960784313700, 0.1254901960784313700, 0.1254901960784313700 ) ;
#2973 = FACE_OUTER_BOUND ( 'NONE', #540, .T. ) ;
#2974 = CARTESIAN_POINT ( 'NONE',  ( -1.938692687506763600, 1.588692687506759700, 0.4500000000000000100 ) ) ;
#2975 =( GEOMETRIC_REPRESENTATION_CONTEXT ( 3 ) GLOBAL_UNCERTAINTY_ASSIGNED_CONTEXT ( ( #2976 ) ) GLOBAL_UNIT_ASSIGNED_CONTEXT ( ( #2979, #2978, #2977 ) ) REPRESENTATION_CONTEXT ( 'NONE', 'WORKASPACE' ) );
#2976 = UNCERTAINTY_MEASURE_WITH_UNIT (LENGTH_MEASURE( 1.000000000000000100E-005 ), #2979, 'distance_accuracy_value', 'NONE');
#2977 =( NAMED_UNIT ( * ) SI_UNIT ( $, .STERADIAN. ) SOLID_ANGLE_UNIT ( ) );
#2978 =( NAMED_UNIT ( * ) PLANE_ANGLE_UNIT ( ) SI_UNIT ( $, .RADIAN. ) );
#2979 =( LENGTH_UNIT ( ) NAMED_UNIT ( * ) SI_UNIT ( .MILLI., .METRE. ) );
#2980 = MECHANICAL_DESIGN_GEOMETRIC_PRESENTATION_REPRESENTATION (  '', ( #2982 ), #2975 ) ;
#2981 = PRESENTATION_LAYER_ASSIGNMENT (  '', '', ( #2982 ) ) ;
#2982 = STYLED_ITEM ( 'NONE', ( #2983 ), #545 ) ;
#2983 = PRESENTATION_STYLE_ASSIGNMENT (( #2984 ) ) ;
#2984 = SURFACE_STYLE_USAGE ( .BOTH. , #2985 ) ;
#2985 = SURFACE_SIDE_STYLE ('',( #2986 ) ) ;
#2986 = SURFACE_STYLE_FILL_AREA ( #2987 ) ;
#2987 = FILL_AREA_STYLE ('',( #2993 ) ) ;
#2988 = COLOUR_RGB ( '',0.1254901960784313700, 0.1254901960784313700, 0.1254901960784313700 ) ;
#2989 = CARTESIAN_POINT ( 'NONE',  ( -2.149995309899464400, -1.700968503025303900, 1.535033371799343000 ) ) ;
#2990 = CARTESIAN_POINT ( 'NONE',  ( -2.149436649370105400, -1.758648687084978900, 1.539008448015039200 ) ) ;
#2991 = CARTESIAN_POINT ( 'NONE',  ( -2.108648687084984100, -1.799436649370101500, 1.539008448015039900 ) ) ;
#2992 = CARTESIAN_POINT ( 'NONE',  ( -2.050968503025310900, -1.799995309899464100, 1.535033371799321000 ) ) ;
#2993 = FILL_AREA_STYLE_COLOUR ( '', #2988 ) ;
#2994 = AXIS2_PLACEMENT_3D ( 'NONE', #2996, #3054, #3053 ) ;
#2995 = CYLINDRICAL_SURFACE ( 'NONE', #2994, 0.09999999999999982500 ) ;
#2996 = CARTESIAN_POINT ( 'NONE',  ( -2.050000000000000300, -1.699999999999999700, 1.535000000000000100 ) ) ;
#2997 =( GEOMETRIC_REPRESENTATION_CONTEXT ( 3 ) GLOBAL_UNCERTAINTY_ASSIGNED_CONTEXT ( ( #2998 ) ) GLOBAL_UNIT_ASSIGNED_CONTEXT ( ( #3001, #3000, #2999 ) ) REPRESENTATION_CONTEXT ( 'NONE', 'WORKASPACE' ) );
#2998 = UNCERTAINTY_MEASURE_WITH_UNIT (LENGTH_MEASURE( 1.000000000000000100E-005 ), #3001, 'distance_accuracy_value', 'NONE');
#2999 =( NAMED_UNIT ( * ) SI_UNIT ( $, .STERADIAN. ) SOLID_ANGLE_UNIT ( ) );
#3000 =( NAMED_UNIT ( * ) PLANE_ANGLE_UNIT ( ) SI_UNIT ( $, .RADIAN. ) );
#3001 =( LENGTH_UNIT ( ) NAMED_UNIT ( * ) SI_UNIT ( .MILLI., .METRE. ) );
#3002 = MECHANICAL_DESIGN_GEOMETRIC_PRESENTATION_REPRESENTATION (  '', ( #3004 ), #2997 ) ;
#3003 = PRESENTATION_LAYER_ASSIGNMENT (  '', '', ( #3004 ) ) ;
#3004 = STYLED_ITEM ( 'NONE', ( #3005 ), #551 ) ;
#3005 = PRESENTATION_STYLE_ASSIGNMENT (( #3006 ) ) ;
#3006 = SURFACE_STYLE_USAGE ( .BOTH. , #3007 ) ;
#3007 = SURFACE_SIDE_STYLE ('',( #3008 ) ) ;
#3008 = SURFACE_STYLE_FILL_AREA ( #3009 ) ;
#3009 = FILL_AREA_STYLE ('',( #3016 ) ) ;
#3010 = COLOUR_RGB ( '',0.1254901960784313700, 0.1254901960784313700, 0.1254901960784313700 ) ;
#3011 = FACE_OUTER_BOUND ( 'NONE', #552, .T. ) ;
#3012 = DIRECTION ( 'NONE',  ( 0.0000000000000000000, 0.0000000000000000000, 1.000000000000000000 ) ) ;
#3013 = DIRECTION ( 'NONE',  ( -0.0000000000000000000, -1.000000000000000000, -0.0000000000000000000 ) ) ;
#3014 = CARTESIAN_POINT ( 'NONE',  ( -1.938692687506763600, 1.588692687506759700, 0.4500000000000000100 ) ) ;
#3015 = AXIS2_PLACEMENT_3D ( 'NONE', #3014, #3013, #3012 ) ;
#3016 = FILL_AREA_STYLE_COLOUR ( '', #3010 ) ;
#3017 = DIRECTION ( 'NONE',  ( 1.000000000000000000, 0.0000000000000000000, 0.0000000000000000000 ) ) ;
#3018 = DIRECTION ( 'NONE',  ( 0.0000000000000000000, 1.000000000000000000, 0.0000000000000000000 ) ) ;
#3019 = AXIS2_PLACEMENT_3D ( 'NONE', #2974, #3018, #3017 ) ;
#3020 = SPHERICAL_SURFACE ( 'NONE', #3019, 0.1000000000000000100 ) ;
#3021 = CIRCLE ( 'NONE', #3015, 0.1000000000000000500 ) ;
#3022 =( LENGTH_UNIT ( ) NAMED_UNIT ( * ) SI_UNIT ( .MILLI., .METRE. ) );
#3023 = MECHANICAL_DESIGN_GEOMETRIC_PRESENTATION_REPRESENTATION (  '', ( #3025 ), #3075 ) ;
#3024 = PRESENTATION_LAYER_ASSIGNMENT (  '', '', ( #3025 ) ) ;
#3025 = STYLED_ITEM ( 'NONE', ( #3026 ), #563 ) ;
#3026 = PRESENTATION_STYLE_ASSIGNMENT (( #3027 ) ) ;
#3027 = SURFACE_STYLE_USAGE ( .BOTH. , #3028 ) ;
#3028 = SURFACE_SIDE_STYLE ('',( #3029 ) ) ;
#3029 = SURFACE_STYLE_FILL_AREA ( #3030 ) ;
#3030 = FILL_AREA_STYLE ('',( #3038 ) ) ;
#3031 = COLOUR_RGB ( '',0.7529411764705882200, 0.7529411764705882200, 0.7529411764705882200 ) ;
#3032 = FACE_OUTER_BOUND ( 'NONE', #564, .T. ) ;
#3033 = DIRECTION ( 'NONE',  ( 0.0000000000000000000, 0.0000000000000000000, 1.000000000000000000 ) ) ;
#3034 = DIRECTION ( 'NONE',  ( 1.000000000000000000, 0.0000000000000000000, -1.224646799147353200E-016 ) ) ;
#3035 = CARTESIAN_POINT ( 'NONE',  ( -1.429995309899464700, -1.020000000000000000, 0.2699666282006572000 ) ) ;
#3036 = AXIS2_PLACEMENT_3D ( 'NONE', #3035, #3034, #3033 ) ;
#3037 = CIRCLE ( 'NONE', #3036, 0.03000000000000007900 ) ;
#3038 = FILL_AREA_STYLE_COLOUR ( '', #3031 ) ;
#3039 = CARTESIAN_POINT ( 'NONE',  ( -1.429995309899464700, -1.050000000000000000, 0.2699666282006572000 ) ) ;
#3040 = DIRECTION ( 'NONE',  ( 1.000000000000000000, 0.0000000000000000000, -7.426042277297976500E-017 ) ) ;
#3041 = VECTOR ( 'NONE', #3040, 1000.000000000000000 ) ;
#3042 = CARTESIAN_POINT ( 'NONE',  ( -2.159995309899464600, -1.050000000000000000, 0.2699666282006572500 ) ) ;
#3043 = LINE ( 'NONE', #3042, #3041 ) ;
#3044 = DIRECTION ( 'NONE',  ( 0.0000000000000000000, 0.0000000000000000000, 1.000000000000000000 ) ) ;
#3045 = DIRECTION ( 'NONE',  ( 1.000000000000000000, 0.0000000000000000000, -1.224646799147353200E-016 ) ) ;
#3046 = CARTESIAN_POINT ( 'NONE',  ( -2.159995309899464600, -1.020000000000000000, 0.2699666282006572500 ) ) ;
#3047 = AXIS2_PLACEMENT_3D ( 'NONE', #3046, #3045, #3044 ) ;
#3048 = CIRCLE ( 'NONE', #3047, 0.03000000000000007900 ) ;
#3049 = DIRECTION ( 'NONE',  ( 1.000000000000000000, 0.0000000000000000000, -7.426042277297976500E-017 ) ) ;
#3050 = VECTOR ( 'NONE', #3049, 1000.000000000000000 ) ;
#3051 = CARTESIAN_POINT ( 'NONE',  ( -2.159995309899464600, 1.020000000000000000, -3.337179934259290600E-005 ) ) ;
#3052 = LINE ( 'NONE', #3051, #3050 ) ;
#3053 = DIRECTION ( 'NONE',  ( -1.000000000000000000, 0.0000000000000000000, 0.0000000000000000000 ) ) ;
#3054 = DIRECTION ( 'NONE',  ( 0.0000000000000000000, 0.0000000000000000000, -1.000000000000000000 ) ) ;
#3055 = LINE ( 'NONE', #3109, #3108 ) ;
#3056 = CARTESIAN_POINT ( 'NONE',  ( -2.159995309899464600, -1.020000000000000000, 0.2999666282006568900 ) ) ;
#3057 = CARTESIAN_POINT ( 'NONE',  ( -2.159995309899464600, 1.020000000000000000, 0.2999666282006568900 ) ) ;
#3058 = DIRECTION ( 'NONE',  ( 0.0000000000000000000, -1.000000000000000000, 0.0000000000000000000 ) ) ;
#3059 = VECTOR ( 'NONE', #3058, 1000.000000000000000 ) ;
#3060 = CARTESIAN_POINT ( 'NONE',  ( -2.159995309899464600, 1.020000000000000000, 0.2999666282006568900 ) ) ;
#3061 = LINE ( 'NONE', #3060, #3059 ) ;
#3062 = CARTESIAN_POINT ( 'NONE',  ( -1.429995309899464700, -1.020000000000000000, -3.337179934308079700E-005 ) ) ;
#3063 = CARTESIAN_POINT ( 'NONE',  ( -2.159995309899464600, -1.020000000000000000, -3.337179934302658700E-005 ) ) ;
#3064 = CARTESIAN_POINT ( 'NONE',  ( -2.159995309899464600, -1.050000000000000000, 0.02996662820065748600 ) ) ;
#3065 = DIRECTION ( 'NONE',  ( 0.0000000000000000000, 0.0000000000000000000, -1.000000000000000000 ) ) ;
#3066 = DIRECTION ( 'NONE',  ( 1.000000000000000000, 0.0000000000000000000, -1.224646799147353200E-016 ) ) ;
#3067 = CARTESIAN_POINT ( 'NONE',  ( -2.159995309899464600, -1.020000000000000000, 0.02996662820065748600 ) ) ;
#3068 = AXIS2_PLACEMENT_3D ( 'NONE', #3067, #3066, #3065 ) ;
#3069 = DIRECTION ( 'NONE',  ( 0.0000000000000000000, 0.0000000000000000000, -1.000000000000000000 ) ) ;
#3070 = DIRECTION ( 'NONE',  ( 1.000000000000000000, 0.0000000000000000000, -7.426042277297976500E-017 ) ) ;
#3071 = AXIS2_PLACEMENT_3D ( 'NONE', #3074, #3070, #3069 ) ;
#3072 = CYLINDRICAL_SURFACE ( 'NONE', #3071, 0.03000000000000018600 ) ;
#3073 = CIRCLE ( 'NONE', #3068, 0.03000000000000018600 ) ;
#3074 = CARTESIAN_POINT ( 'NONE',  ( -2.159995309899464600, -1.020000000000000000, 0.02996662820065748600 ) ) ;
#3075 =( GEOMETRIC_REPRESENTATION_CONTEXT ( 3 ) GLOBAL_UNCERTAINTY_ASSIGNED_CONTEXT ( ( #3076 ) ) GLOBAL_UNIT_ASSIGNED_CONTEXT ( ( #3022, #3078, #3077 ) ) REPRESENTATION_CONTEXT ( 'NONE', 'WORKASPACE' ) );
#3076 = UNCERTAINTY_MEASURE_WITH_UNIT (LENGTH_MEASURE( 1.000000000000000100E-005 ), #3022, 'distance_accuracy_value', 'NONE');
#3077 =( NAMED_UNIT ( * ) SI_UNIT ( $, .STERADIAN. ) SOLID_ANGLE_UNIT ( ) );
#3078 =( NAMED_UNIT ( * ) PLANE_ANGLE_UNIT ( ) SI_UNIT ( $, .RADIAN. ) );
#3079 = AXIS2_PLACEMENT_3D ( 'NONE', #3135, #3134, #3133 ) ;
#3080 = CYLINDRICAL_SURFACE ( 'NONE', #3079, 0.03000000000000007900 ) ;
#3081 =( GEOMETRIC_REPRESENTATION_CONTEXT ( 3 ) GLOBAL_UNCERTAINTY_ASSIGNED_CONTEXT ( ( #3082 ) ) GLOBAL_UNIT_ASSIGNED_CONTEXT ( ( #3085, #3084, #3083 ) ) REPRESENTATION_CONTEXT ( 'NONE', 'WORKASPACE' ) );
#3082 = UNCERTAINTY_MEASURE_WITH_UNIT (LENGTH_MEASURE( 1.000000000000000100E-005 ), #3085, 'distance_accuracy_value', 'NONE');
#3083 =( NAMED_UNIT ( * ) SI_UNIT ( $, .STERADIAN. ) SOLID_ANGLE_UNIT ( ) );
#3084 =( NAMED_UNIT ( * ) PLANE_ANGLE_UNIT ( ) SI_UNIT ( $, .RADIAN. ) );
#3085 =( LENGTH_UNIT ( ) NAMED_UNIT ( * ) SI_UNIT ( .MILLI., .METRE. ) );
#3086 = MECHANICAL_DESIGN_GEOMETRIC_PRESENTATION_REPRESENTATION (  '', ( #3088 ), #3081 ) ;
#3087 = PRESENTATION_LAYER_ASSIGNMENT (  '', '', ( #3088 ) ) ;
#3088 = STYLED_ITEM ( 'NONE', ( #3089 ), #582 ) ;
#3089 = PRESENTATION_STYLE_ASSIGNMENT (( #3090 ) ) ;
#3090 = SURFACE_STYLE_USAGE ( .BOTH. , #3091 ) ;
#3091 = SURFACE_SIDE_STYLE ('',( #3092 ) ) ;
#3092 = SURFACE_STYLE_FILL_AREA ( #3093 ) ;
#3093 = FILL_AREA_STYLE ('',( #3100 ) ) ;
#3094 = COLOUR_RGB ( '',0.7529411764705882200, 0.7529411764705882200, 0.7529411764705882200 ) ;
#3095 = FACE_OUTER_BOUND ( 'NONE', #583, .T. ) ;
#3096 = DIRECTION ( 'NONE',  ( 1.000000000000000000, 0.0000000000000000000, -7.426042277297976500E-017 ) ) ;
#3097 = VECTOR ( 'NONE', #3096, 1000.000000000000000 ) ;
#3098 = CARTESIAN_POINT ( 'NONE',  ( -2.159995309899464600, 1.020000000000000000, 0.2999666282006568900 ) ) ;
#3099 = LINE ( 'NONE', #3098, #3097 ) ;
#3100 = FILL_AREA_STYLE_COLOUR ( '', #3094 ) ;
#3101 = CARTESIAN_POINT ( 'NONE',  ( -1.429995309899464700, 1.020000000000000000, 0.2999666282006568400 ) ) ;
#3102 = DIRECTION ( 'NONE',  ( 0.0000000000000000000, -1.000000000000000000, 0.0000000000000000000 ) ) ;
#3103 = VECTOR ( 'NONE', #3102, 1000.000000000000000 ) ;
#3104 = CARTESIAN_POINT ( 'NONE',  ( -1.429995309899464700, 1.020000000000000000, 0.2999666282006568400 ) ) ;
#3105 = LINE ( 'NONE', #3104, #3103 ) ;
#3106 = CARTESIAN_POINT ( 'NONE',  ( -1.429995309899464700, -1.020000000000000000, 0.2999666282006568400 ) ) ;
#3107 = DIRECTION ( 'NONE',  ( 1.000000000000000000, 0.0000000000000000000, -7.426042277297976500E-017 ) ) ;
#3108 = VECTOR ( 'NONE', #3107, 1000.000000000000000 ) ;
#3109 = CARTESIAN_POINT ( 'NONE',  ( -2.159995309899464600, -1.020000000000000000, 0.2999666282006568900 ) ) ;
#3110 = CARTESIAN_POINT ( 'NONE',  ( -2.025621361288386900, -1.588692687506759500, 0.4500000000000000100 ) ) ;
#3111 = CYLINDRICAL_SURFACE ( 'NONE', #3169, 0.1000000000000000500 ) ;
#3112 =( GEOMETRIC_REPRESENTATION_CONTEXT ( 3 ) GLOBAL_UNCERTAINTY_ASSIGNED_CONTEXT ( ( #3113 ) ) GLOBAL_UNIT_ASSIGNED_CONTEXT ( ( #3116, #3115, #3114 ) ) REPRESENTATION_CONTEXT ( 'NONE', 'WORKASPACE' ) );
#3113 = UNCERTAINTY_MEASURE_WITH_UNIT (LENGTH_MEASURE( 1.000000000000000100E-005 ), #3116, 'distance_accuracy_value', 'NONE');
#3114 =( NAMED_UNIT ( * ) SI_UNIT ( $, .STERADIAN. ) SOLID_ANGLE_UNIT ( ) );
#3115 =( NAMED_UNIT ( * ) PLANE_ANGLE_UNIT ( ) SI_UNIT ( $, .RADIAN. ) );
#3116 =( LENGTH_UNIT ( ) NAMED_UNIT ( * ) SI_UNIT ( .MILLI., .METRE. ) );
#3117 = MECHANICAL_DESIGN_GEOMETRIC_PRESENTATION_REPRESENTATION (  '', ( #3119 ), #3112 ) ;
#3118 = PRESENTATION_LAYER_ASSIGNMENT (  '', '', ( #3119 ) ) ;
#3119 = STYLED_ITEM ( 'NONE', ( #3120 ), #590 ) ;
#3120 = PRESENTATION_STYLE_ASSIGNMENT (( #3121 ) ) ;
#3121 = SURFACE_STYLE_USAGE ( .BOTH. , #3122 ) ;
#3122 = SURFACE_SIDE_STYLE ('',( #3123 ) ) ;
#3123 = SURFACE_STYLE_FILL_AREA ( #3124 ) ;
#3124 = FILL_AREA_STYLE ('',( #3132 ) ) ;
#3125 = COLOUR_RGB ( '',0.1254901960784313700, 0.1254901960784313700, 0.1254901960784313700 ) ;
#3126 = FACE_OUTER_BOUND ( 'NONE', #591, .T. ) ;
#3127 = DIRECTION ( 'NONE',  ( 0.0000000000000000000, 0.0000000000000000000, 1.000000000000000000 ) ) ;
#3128 = DIRECTION ( 'NONE',  ( 1.000000000000000000, -0.0000000000000000000, 0.0000000000000000000 ) ) ;
#3129 = CARTESIAN_POINT ( 'NONE',  ( -1.938692687506763600, -1.588692687506759500, 0.4500000000000000100 ) ) ;
#3130 = AXIS2_PLACEMENT_3D ( 'NONE', #3129, #3128, #3127 ) ;
#3131 = CIRCLE ( 'NONE', #3130, 0.1000000000000000500 ) ;
#3132 = FILL_AREA_STYLE_COLOUR ( '', #3125 ) ;
#3133 = DIRECTION ( 'NONE',  ( 0.0000000000000000000, 0.0000000000000000000, -1.000000000000000000 ) ) ;
#3134 = DIRECTION ( 'NONE',  ( 1.000000000000000000, 0.0000000000000000000, -7.426042277297976500E-017 ) ) ;
#3135 = CARTESIAN_POINT ( 'NONE',  ( -2.159995309899464600, -1.020000000000000000, 0.2699666282006572500 ) ) ;
#3136 = CARTESIAN_POINT ( 'NONE',  ( -2.159995309899464600, -1.050000000000000000, 0.2699666282006572500 ) ) ;
#3137 =( NAMED_UNIT ( * ) SI_UNIT ( $, .STERADIAN. ) SOLID_ANGLE_UNIT ( ) );
#3138 =( NAMED_UNIT ( * ) PLANE_ANGLE_UNIT ( ) SI_UNIT ( $, .RADIAN. ) );
#3139 =( LENGTH_UNIT ( ) NAMED_UNIT ( * ) SI_UNIT ( .MILLI., .METRE. ) );
#3140 = MECHANICAL_DESIGN_GEOMETRIC_PRESENTATION_REPRESENTATION (  '', ( #3142 ), #3195 ) ;
#3141 = PRESENTATION_LAYER_ASSIGNMENT (  '', '', ( #3142 ) ) ;
#3142 = STYLED_ITEM ( 'NONE', ( #3143 ), #605 ) ;
#3143 = PRESENTATION_STYLE_ASSIGNMENT (( #3144 ) ) ;
#3144 = SURFACE_STYLE_USAGE ( .BOTH. , #3145 ) ;
#3145 = SURFACE_SIDE_STYLE ('',( #3146 ) ) ;
#3146 = SURFACE_STYLE_FILL_AREA ( #3147 ) ;
#3147 = FILL_AREA_STYLE ('',( #3154 ) ) ;
#3148 = COLOUR_RGB ( '',0.7529411764705882200, 0.7529411764705882200, 0.7529411764705882200 ) ;
#3149 = FACE_OUTER_BOUND ( 'NONE', #606, .T. ) ;
#3150 = DIRECTION ( 'NONE',  ( 1.000000000000000000, 0.0000000000000000000, -7.426042277297976500E-017 ) ) ;
#3151 = VECTOR ( 'NONE', #3150, 1000.000000000000000 ) ;
#3152 = CARTESIAN_POINT ( 'NONE',  ( -2.159995309899464600, 1.050000000000000000, 0.2699666282006572500 ) ) ;
#3153 = LINE ( 'NONE', #3152, #3151 ) ;
#3154 = FILL_AREA_STYLE_COLOUR ( '', #3148 ) ;
#3155 = CARTESIAN_POINT ( 'NONE',  ( -1.429995309899464700, 1.050000000000000000, 0.2699666282006572000 ) ) ;
#3156 = DIRECTION ( 'NONE',  ( 0.0000000000000000000, 0.0000000000000000000, 1.000000000000000000 ) ) ;
#3157 = DIRECTION ( 'NONE',  ( 1.000000000000000000, 0.0000000000000000000, -1.224646799147353200E-016 ) ) ;
#3158 = CARTESIAN_POINT ( 'NONE',  ( -1.429995309899464700, 1.020000000000000000, 0.2699666282006572000 ) ) ;
#3159 = AXIS2_PLACEMENT_3D ( 'NONE', #3158, #3157, #3156 ) ;
#3160 = CIRCLE ( 'NONE', #3159, 0.02999999999999997100 ) ;
#3161 = CARTESIAN_POINT ( 'NONE',  ( -2.159995309899464600, 1.050000000000000000, 0.2699666282006572500 ) ) ;
#3162 = DIRECTION ( 'NONE',  ( 0.0000000000000000000, 0.0000000000000000000, 1.000000000000000000 ) ) ;
#3163 = DIRECTION ( 'NONE',  ( 1.000000000000000000, 0.0000000000000000000, -1.224646799147353200E-016 ) ) ;
#3164 = CARTESIAN_POINT ( 'NONE',  ( -2.159995309899464600, 1.020000000000000000, 0.2699666282006572500 ) ) ;
#3165 = AXIS2_PLACEMENT_3D ( 'NONE', #3164, #3163, #3162 ) ;
#3166 = CIRCLE ( 'NONE', #3165, 0.02999999999999997100 ) ;
#3167 = DIRECTION ( 'NONE',  ( 0.0000000000000000000, 1.000000000000000000, 0.0000000000000000000 ) ) ;
#3168 = DIRECTION ( 'NONE',  ( 1.000000000000000000, 2.004929977727045100E-018, 0.0000000000000000000 ) ) ;
#3169 = AXIS2_PLACEMENT_3D ( 'NONE', #3110, #3168, #3167 ) ;
#3170 = UNCERTAINTY_MEASURE_WITH_UNIT (LENGTH_MEASURE( 1.000000000000000100E-005 ), #3173, 'distance_accuracy_value', 'NONE');
#3171 =( NAMED_UNIT ( * ) SI_UNIT ( $, .STERADIAN. ) SOLID_ANGLE_UNIT ( ) );
#3172 =( NAMED_UNIT ( * ) PLANE_ANGLE_UNIT ( ) SI_UNIT ( $, .RADIAN. ) );
#3173 =( LENGTH_UNIT ( ) NAMED_UNIT ( * ) SI_UNIT ( .MILLI., .METRE. ) );
#3174 = MECHANICAL_DESIGN_GEOMETRIC_PRESENTATION_REPRESENTATION (  '', ( #3176 ), #3224 ) ;
#3175 = PRESENTATION_LAYER_ASSIGNMENT (  '', '', ( #3176 ) ) ;
#3176 = STYLED_ITEM ( 'NONE', ( #3177 ), #612 ) ;
#3177 = PRESENTATION_STYLE_ASSIGNMENT (( #3178 ) ) ;
#3178 = SURFACE_STYLE_USAGE ( .BOTH. , #3179 ) ;
#3179 = SURFACE_SIDE_STYLE ('',( #3180 ) ) ;
#3180 = SURFACE_STYLE_FILL_AREA ( #3181 ) ;
#3181 = FILL_AREA_STYLE ('',( #3188 ) ) ;
#3182 = COLOUR_RGB ( '',0.7529411764705882200, 0.7529411764705882200, 0.7529411764705882200 ) ;
#3183 = FACE_OUTER_BOUND ( 'NONE', #613, .T. ) ;
#3184 = DIRECTION ( 'NONE',  ( 2.603460235613685200E-032, 1.000000000000000000, 2.125886612716675300E-016 ) ) ;
#3185 = VECTOR ( 'NONE', #3184, 1000.000000000000000 ) ;
#3186 = CARTESIAN_POINT ( 'NONE',  ( -1.429995309899464700, 1.020000000000000000, -3.337179934264711600E-005 ) ) ;
#3187 = LINE ( 'NONE', #3186, #3185 ) ;
#3188 = FILL_AREA_STYLE_COLOUR ( '', #3182 ) ;
#3189 = DIRECTION ( 'NONE',  ( 0.0000000000000000000, 0.0000000000000000000, -1.000000000000000000 ) ) ;
#3190 = DIRECTION ( 'NONE',  ( -0.0000000000000000000, -1.000000000000000000, -0.0000000000000000000 ) ) ;
#3191 = AXIS2_PLACEMENT_3D ( 'NONE', #3194, #3190, #3189 ) ;
#3192 = CYLINDRICAL_SURFACE ( 'NONE', #3191, 0.1400333718778851200 ) ;
#3193 = CARTESIAN_POINT ( 'NONE',  ( -1.429995309899464700, 1.020000000000000000, -3.337179934264711600E-005 ) ) ;
#3194 = CARTESIAN_POINT ( 'NONE',  ( -2.160000000000000100, 0.0000000000000000000, 0.4399999999999999500 ) ) ;
#3195 =( GEOMETRIC_REPRESENTATION_CONTEXT ( 3 ) GLOBAL_UNCERTAINTY_ASSIGNED_CONTEXT ( ( #2936 ) ) GLOBAL_UNIT_ASSIGNED_CONTEXT ( ( #3139, #3138, #3137 ) ) REPRESENTATION_CONTEXT ( 'NONE', 'WORKASPACE' ) );
#3196 = CARTESIAN_POINT ( 'NONE',  ( -1.429995309899464700, -1.020000000000000000, 0.02996662820065743000 ) ) ;
#3197 = AXIS2_PLACEMENT_3D ( 'NONE', #3196, #3252, #3251 ) ;
#3198 = CIRCLE ( 'NONE', #3197, 0.03000000000000018600 ) ;
#3199 = DIRECTION ( 'NONE',  ( 1.000000000000000000, 0.0000000000000000000, -7.426042277297976500E-017 ) ) ;
#3200 = VECTOR ( 'NONE', #3199, 1000.000000000000000 ) ;
#3201 = CARTESIAN_POINT ( 'NONE',  ( -2.159995309899464600, -1.020000000000000000, -3.337179934302658700E-005 ) ) ;
#3202 = LINE ( 'NONE', #3201, #3200 ) ;
#3203 = DIRECTION ( 'NONE',  ( 0.0000000000000000000, 0.0000000000000000000, -1.000000000000000000 ) ) ;
#3204 = DIRECTION ( 'NONE',  ( 1.000000000000000000, 0.0000000000000000000, -1.224646799147353200E-016 ) ) ;
#3205 = CARTESIAN_POINT ( 'NONE',  ( -1.429995309899464700, 1.020000000000000000, 0.02996662820065743000 ) ) ;
#3206 = AXIS2_PLACEMENT_3D ( 'NONE', #3205, #3204, #3203 ) ;
#3207 = CIRCLE ( 'NONE', #3206, 0.03000000000000018600 ) ;
#3208 = CARTESIAN_POINT ( 'NONE',  ( -1.429995309899464700, 1.050000000000000000, 0.02996662820065743000 ) ) ;
#3209 = DIRECTION ( 'NONE',  ( 1.000000000000000000, 0.0000000000000000000, -7.426042277297976500E-017 ) ) ;
#3210 = VECTOR ( 'NONE', #3209, 1000.000000000000000 ) ;
#3211 = CARTESIAN_POINT ( 'NONE',  ( -2.159995309899464600, 1.050000000000000000, 0.02996662820065748600 ) ) ;
#3212 = LINE ( 'NONE', #3211, #3210 ) ;
#3213 = CARTESIAN_POINT ( 'NONE',  ( -2.159995309899464600, 1.050000000000000000, 0.02996662820065748600 ) ) ;
#3214 = DIRECTION ( 'NONE',  ( 0.0000000000000000000, 0.0000000000000000000, -1.000000000000000000 ) ) ;
#3215 = DIRECTION ( 'NONE',  ( 1.000000000000000000, 0.0000000000000000000, -1.224646799147353200E-016 ) ) ;
#3216 = CARTESIAN_POINT ( 'NONE',  ( -2.159995309899464600, 1.020000000000000000, 0.02996662820065748600 ) ) ;
#3217 = AXIS2_PLACEMENT_3D ( 'NONE', #3216, #3215, #3214 ) ;
#3218 = DIRECTION ( 'NONE',  ( 0.0000000000000000000, 0.0000000000000000000, -1.000000000000000000 ) ) ;
#3219 = DIRECTION ( 'NONE',  ( 1.000000000000000000, 0.0000000000000000000, -7.426042277297976500E-017 ) ) ;
#3220 = AXIS2_PLACEMENT_3D ( 'NONE', #3223, #3219, #3218 ) ;
#3221 = CYLINDRICAL_SURFACE ( 'NONE', #3220, 0.03000000000000018600 ) ;
#3222 = CIRCLE ( 'NONE', #3217, 0.03000000000000018600 ) ;
#3223 = CARTESIAN_POINT ( 'NONE',  ( -2.159995309899464600, 1.020000000000000000, 0.02996662820065748600 ) ) ;
#3224 =( GEOMETRIC_REPRESENTATION_CONTEXT ( 3 ) GLOBAL_UNCERTAINTY_ASSIGNED_CONTEXT ( ( #3170 ) ) GLOBAL_UNIT_ASSIGNED_CONTEXT ( ( #3173, #3172, #3171 ) ) REPRESENTATION_CONTEXT ( 'NONE', 'WORKASPACE' ) );
#3225 = DIRECTION ( 'NONE',  ( 0.0000000000000000000, 1.000000000000000000, 2.125886612716675300E-016 ) ) ;
#3226 = DIRECTION ( 'NONE',  ( -7.426042277297976500E-017, 2.125886612716675300E-016, -1.000000000000000000 ) ) ;
#3227 = CARTESIAN_POINT ( 'NONE',  ( -2.159995309899464600, 1.020000000000000000, -3.337179934259290600E-005 ) ) ;
#3228 = AXIS2_PLACEMENT_3D ( 'NONE', #3227, #3226, #3225 ) ;
#3229 = PLANE ( 'NONE',  #3228 ) ;
#3230 =( GEOMETRIC_REPRESENTATION_CONTEXT ( 3 ) GLOBAL_UNCERTAINTY_ASSIGNED_CONTEXT ( ( #3231 ) ) GLOBAL_UNIT_ASSIGNED_CONTEXT ( ( #3234, #3233, #3232 ) ) REPRESENTATION_CONTEXT ( 'NONE', 'WORKASPACE' ) );
#3231 = UNCERTAINTY_MEASURE_WITH_UNIT (LENGTH_MEASURE( 1.000000000000000100E-005 ), #3234, 'distance_accuracy_value', 'NONE');
#3232 =( NAMED_UNIT ( * ) SI_UNIT ( $, .STERADIAN. ) SOLID_ANGLE_UNIT ( ) );
#3233 =( NAMED_UNIT ( * ) PLANE_ANGLE_UNIT ( ) SI_UNIT ( $, .RADIAN. ) );
#3234 =( LENGTH_UNIT ( ) NAMED_UNIT ( * ) SI_UNIT ( .MILLI., .METRE. ) );
#3235 = MECHANICAL_DESIGN_GEOMETRIC_PRESENTATION_REPRESENTATION (  '', ( #3237 ), #3230 ) ;
#3236 = PRESENTATION_LAYER_ASSIGNMENT (  '', '', ( #3237 ) ) ;
#3237 = STYLED_ITEM ( 'NONE', ( #3238 ), #630 ) ;
#3238 = PRESENTATION_STYLE_ASSIGNMENT (( #3239 ) ) ;
#3239 = SURFACE_STYLE_USAGE ( .BOTH. , #3240 ) ;
#3240 = SURFACE_SIDE_STYLE ('',( #3241 ) ) ;
#3241 = SURFACE_STYLE_FILL_AREA ( #3242 ) ;
#3242 = FILL_AREA_STYLE ('',( #3249 ) ) ;
#3243 = COLOUR_RGB ( '',0.7529411764705882200, 0.7529411764705882200, 0.7529411764705882200 ) ;
#3244 = FACE_OUTER_BOUND ( 'NONE', #631, .T. ) ;
#3245 = DIRECTION ( 'NONE',  ( 1.000000000000000000, 0.0000000000000000000, -7.426042277297976500E-017 ) ) ;
#3246 = VECTOR ( 'NONE', #3245, 1000.000000000000000 ) ;
#3247 = CARTESIAN_POINT ( 'NONE',  ( -2.159995309899464600, -1.050000000000000000, 0.02996662820065748600 ) ) ;
#3248 = LINE ( 'NONE', #3247, #3246 ) ;
#3249 = FILL_AREA_STYLE_COLOUR ( '', #3243 ) ;
#3250 = CARTESIAN_POINT ( 'NONE',  ( -1.429995309899464700, -1.050000000000000000, 0.02996662820065743000 ) ) ;
#3251 = DIRECTION ( 'NONE',  ( 0.0000000000000000000, 0.0000000000000000000, -1.000000000000000000 ) ) ;
#3252 = DIRECTION ( 'NONE',  ( 1.000000000000000000, 0.0000000000000000000, -1.224646799147353200E-016 ) ) ;
#3253 = CARTESIAN_POINT ( 'NONE',  ( -2.600033371799342700, 1.020000000000000000, 0.4399953098994646200 ) ) ;
#3254 = LINE ( 'NONE', #3253, #3307 ) ;
#3255 = DIRECTION ( 'NONE',  ( 0.0000000000000000000, 0.0000000000000000000, -1.000000000000000000 ) ) ;
#3256 = DIRECTION ( 'NONE',  ( -0.0000000000000000000, -1.000000000000000000, -0.0000000000000000000 ) ) ;
#3257 = AXIS2_PLACEMENT_3D ( 'NONE', #3259, #3256, #3255 ) ;
#3258 = CYLINDRICAL_SURFACE ( 'NONE', #3257, 0.4400333718243374400 ) ;
#3259 = CARTESIAN_POINT ( 'NONE',  ( -2.160000000000000100, 0.0000000000000000000, 0.4399999999999999500 ) ) ;
#3260 =( GEOMETRIC_REPRESENTATION_CONTEXT ( 3 ) GLOBAL_UNCERTAINTY_ASSIGNED_CONTEXT ( ( #3261 ) ) GLOBAL_UNIT_ASSIGNED_CONTEXT ( ( #3264, #3263, #3262 ) ) REPRESENTATION_CONTEXT ( 'NONE', 'WORKASPACE' ) );
#3261 = UNCERTAINTY_MEASURE_WITH_UNIT (LENGTH_MEASURE( 1.000000000000000100E-005 ), #3264, 'distance_accuracy_value', 'NONE');
#3262 =( NAMED_UNIT ( * ) SI_UNIT ( $, .STERADIAN. ) SOLID_ANGLE_UNIT ( ) );
#3263 =( NAMED_UNIT ( * ) PLANE_ANGLE_UNIT ( ) SI_UNIT ( $, .RADIAN. ) );
#3264 =( LENGTH_UNIT ( ) NAMED_UNIT ( * ) SI_UNIT ( .MILLI., .METRE. ) );
#3265 = MECHANICAL_DESIGN_GEOMETRIC_PRESENTATION_REPRESENTATION (  '', ( #3267 ), #3260 ) ;
#3266 = PRESENTATION_LAYER_ASSIGNMENT (  '', '', ( #3267 ) ) ;
#3267 = STYLED_ITEM ( 'NONE', ( #3268 ), #636 ) ;
#3268 = PRESENTATION_STYLE_ASSIGNMENT (( #3269 ) ) ;
#3269 = SURFACE_STYLE_USAGE ( .BOTH. , #3270 ) ;
#3270 = SURFACE_SIDE_STYLE ('',( #3271 ) ) ;
#3271 = SURFACE_STYLE_FILL_AREA ( #3272 ) ;
#3272 = FILL_AREA_STYLE ('',( #3273 ) ) ;
#3273 = FILL_AREA_STYLE_COLOUR ( '', #3274 ) ;
#3274 = COLOUR_RGB ( '',0.7529411764705882200, 0.7529411764705882200, 0.7529411764705882200 ) ;
#3275 = FACE_OUTER_BOUND ( 'NONE', #637, .T. ) ;
#3276 = CARTESIAN_POINT ( 'NONE',  ( -2.159995309899464600, 1.020000000000000000, -3.337179934259290600E-005 ) ) ;
#3277 = DIRECTION ( 'NONE',  ( 2.603460235613685200E-032, 1.000000000000000000, 2.125886612716675300E-016 ) ) ;
#3278 = VECTOR ( 'NONE', #3277, 1000.000000000000000 ) ;
#3279 = CARTESIAN_POINT ( 'NONE',  ( -2.159995309899464600, 1.020000000000000000, -3.337179934259290600E-005 ) ) ;
#3280 = LINE ( 'NONE', #3279, #3278 ) ;
#3281 = TOROIDAL_SURFACE ( 'NONE', #3335, 0.4100333718261658400, 0.03000000000000018600 ) ;
#3282 = CIRCLE ( 'NONE', #3331, 0.1700333718640270900 ) ;
#3283 = CARTESIAN_POINT ( 'NONE',  ( -2.160000000000000100, 1.020000000000000000, 0.4399999999999999500 ) ) ;
#3284 =( GEOMETRIC_REPRESENTATION_CONTEXT ( 3 ) GLOBAL_UNCERTAINTY_ASSIGNED_CONTEXT ( ( #3285 ) ) GLOBAL_UNIT_ASSIGNED_CONTEXT ( ( #3288, #3287, #3286 ) ) REPRESENTATION_CONTEXT ( 'NONE', 'WORKASPACE' ) );
#3285 = UNCERTAINTY_MEASURE_WITH_UNIT (LENGTH_MEASURE( 1.000000000000000100E-005 ), #3288, 'distance_accuracy_value', 'NONE');
#3286 =( NAMED_UNIT ( * ) SI_UNIT ( $, .STERADIAN. ) SOLID_ANGLE_UNIT ( ) );
#3287 =( NAMED_UNIT ( * ) PLANE_ANGLE_UNIT ( ) SI_UNIT ( $, .RADIAN. ) );
#3288 =( LENGTH_UNIT ( ) NAMED_UNIT ( * ) SI_UNIT ( .MILLI., .METRE. ) );
#3289 = MECHANICAL_DESIGN_GEOMETRIC_PRESENTATION_REPRESENTATION (  '', ( #3291 ), #3284 ) ;
#3290 = PRESENTATION_LAYER_ASSIGNMENT (  '', '', ( #3291 ) ) ;
#3291 = STYLED_ITEM ( 'NONE', ( #3292 ), #645 ) ;
#3292 = PRESENTATION_STYLE_ASSIGNMENT (( #3293 ) ) ;
#3293 = SURFACE_STYLE_USAGE ( .BOTH. , #3294 ) ;
#3294 = SURFACE_SIDE_STYLE ('',( #3295 ) ) ;
#3295 = SURFACE_STYLE_FILL_AREA ( #3296 ) ;
#3296 = FILL_AREA_STYLE ('',( #3304 ) ) ;
#3297 = COLOUR_RGB ( '',0.7529411764705882200, 0.7529411764705882200, 0.7529411764705882200 ) ;
#3298 = FACE_OUTER_BOUND ( 'NONE', #646, .T. ) ;
#3299 = DIRECTION ( 'NONE',  ( 0.0000000000000000000, 0.0000000000000000000, -1.000000000000000000 ) ) ;
#3300 = DIRECTION ( 'NONE',  ( -0.0000000000000000000, -1.000000000000000000, -0.0000000000000000000 ) ) ;
#3301 = CARTESIAN_POINT ( 'NONE',  ( -2.160000000000000100, 1.020000000000000000, 0.4399999999999999500 ) ) ;
#3302 = AXIS2_PLACEMENT_3D ( 'NONE', #3301, #3300, #3299 ) ;
#3303 = CIRCLE ( 'NONE', #3302, 0.4400333718243372200 ) ;
#3304 = FILL_AREA_STYLE_COLOUR ( '', #3297 ) ;
#3305 = CARTESIAN_POINT ( 'NONE',  ( -2.600033371799342700, 1.020000000000000000, 0.4399953098994646200 ) ) ;
#3306 = DIRECTION ( 'NONE',  ( 2.125886612716675300E-016, 1.000000000000000000, -1.301730117806842600E-032 ) ) ;
#3307 = VECTOR ( 'NONE', #3306, 1000.000000000000000 ) ;
#3308 = DIRECTION ( 'NONE',  ( -0.0000000000000000000, -1.000000000000000000, -0.0000000000000000000 ) ) ;
#3309 = AXIS2_PLACEMENT_3D ( 'NONE', #3312, #3308, #3371 ) ;
#3310 = TOROIDAL_SURFACE ( 'NONE', #3309, 0.4100333718261658400, 0.03000000000000018600 ) ;
#3311 = CIRCLE ( 'NONE', #3370, 0.03000000000000007900 ) ;
#3312 = CARTESIAN_POINT ( 'NONE',  ( -2.160000000000000100, -1.020000000000000000, 0.4399999999999999500 ) ) ;
#3313 =( GEOMETRIC_REPRESENTATION_CONTEXT ( 3 ) GLOBAL_UNCERTAINTY_ASSIGNED_CONTEXT ( ( #3314 ) ) GLOBAL_UNIT_ASSIGNED_CONTEXT ( ( #3317, #3316, #3315 ) ) REPRESENTATION_CONTEXT ( 'NONE', 'WORKASPACE' ) );
#3314 = UNCERTAINTY_MEASURE_WITH_UNIT (LENGTH_MEASURE( 1.000000000000000100E-005 ), #3317, 'distance_accuracy_value', 'NONE');
#3315 =( NAMED_UNIT ( * ) SI_UNIT ( $, .STERADIAN. ) SOLID_ANGLE_UNIT ( ) );
#3316 =( NAMED_UNIT ( * ) PLANE_ANGLE_UNIT ( ) SI_UNIT ( $, .RADIAN. ) );
#3317 =( LENGTH_UNIT ( ) NAMED_UNIT ( * ) SI_UNIT ( .MILLI., .METRE. ) );
#3318 = MECHANICAL_DESIGN_GEOMETRIC_PRESENTATION_REPRESENTATION (  '', ( #3320 ), #3313 ) ;
#3319 = PRESENTATION_LAYER_ASSIGNMENT (  '', '', ( #3320 ) ) ;
#3320 = STYLED_ITEM ( 'NONE', ( #3321 ), #651 ) ;
#3321 = PRESENTATION_STYLE_ASSIGNMENT (( #3322 ) ) ;
#3322 = SURFACE_STYLE_USAGE ( .BOTH. , #3323 ) ;
#3323 = SURFACE_SIDE_STYLE ('',( #3324 ) ) ;
#3324 = SURFACE_STYLE_FILL_AREA ( #3325 ) ;
#3325 = FILL_AREA_STYLE ('',( #3332 ) ) ;
#3326 = COLOUR_RGB ( '',0.7529411764705882200, 0.7529411764705882200, 0.7529411764705882200 ) ;
#3327 = FACE_OUTER_BOUND ( 'NONE', #652, .T. ) ;
#3328 = DIRECTION ( 'NONE',  ( 0.0000000000000000000, 0.0000000000000000000, -1.000000000000000000 ) ) ;
#3329 = DIRECTION ( 'NONE',  ( -0.0000000000000000000, -1.000000000000000000, -0.0000000000000000000 ) ) ;
#3330 = CARTESIAN_POINT ( 'NONE',  ( -2.160000000000000100, -1.050000000000000000, 0.4399999999999999500 ) ) ;
#3331 = AXIS2_PLACEMENT_3D ( 'NONE', #3330, #3329, #3328 ) ;
#3332 = FILL_AREA_STYLE_COLOUR ( '', #3326 ) ;
#3333 = DIRECTION ( 'NONE',  ( 0.0000000000000000000, 0.0000000000000000000, -1.000000000000000000 ) ) ;
#3334 = DIRECTION ( 'NONE',  ( -0.0000000000000000000, -1.000000000000000000, -0.0000000000000000000 ) ) ;
#3335 = AXIS2_PLACEMENT_3D ( 'NONE', #3283, #3334, #3333 ) ;
#3336 = PRESENTATION_STYLE_ASSIGNMENT (( #3337 ) ) ;
#3337 = SURFACE_STYLE_USAGE ( .BOTH. , #3338 ) ;
#3338 = SURFACE_SIDE_STYLE ('',( #3339 ) ) ;
#3339 = SURFACE_STYLE_FILL_AREA ( #3340 ) ;
#3340 = FILL_AREA_STYLE ('',( #3348 ) ) ;
#3341 = COLOUR_RGB ( '',0.7529411764705882200, 0.7529411764705882200, 0.7529411764705882200 ) ;
#3342 = FACE_OUTER_BOUND ( 'NONE', #670, .T. ) ;
#3343 = DIRECTION ( 'NONE',  ( 0.0000000000000000000, 0.0000000000000000000, -1.000000000000000000 ) ) ;
#3344 = DIRECTION ( 'NONE',  ( -0.0000000000000000000, -1.000000000000000000, -0.0000000000000000000 ) ) ;
#3345 = CARTESIAN_POINT ( 'NONE',  ( -2.160000000000000100, 1.020000000000000000, 0.4399999999999999500 ) ) ;
#3346 = AXIS2_PLACEMENT_3D ( 'NONE', #3345, #3344, #3343 ) ;
#3347 = CIRCLE ( 'NONE', #3346, 0.1400333718778851200 ) ;
#3348 = FILL_AREA_STYLE_COLOUR ( '', #3341 ) ;
#3349 = DIRECTION ( 'NONE',  ( 0.0000000000000000000, 0.0000000000000000000, -1.000000000000000000 ) ) ;
#3350 = DIRECTION ( 'NONE',  ( -0.0000000000000000000, -1.000000000000000000, -0.0000000000000000000 ) ) ;
#3351 = CARTESIAN_POINT ( 'NONE',  ( -2.160000000000000100, -1.020000000000000000, 0.4399999999999999500 ) ) ;
#3352 = AXIS2_PLACEMENT_3D ( 'NONE', #3351, #3350, #3349 ) ;
#3353 = CIRCLE ( 'NONE', #3352, 0.1400333718778851200 ) ;
#3354 = CARTESIAN_POINT ( 'NONE',  ( -2.300033371799342900, -1.020000000000000000, 0.4399953098994646200 ) ) ;
#3355 = CARTESIAN_POINT ( 'NONE',  ( -2.300033371799342900, 1.020000000000000000, 0.4399953098994646200 ) ) ;
#3356 = DIRECTION ( 'NONE',  ( 0.0000000000000000000, -1.000000000000000000, 0.0000000000000000000 ) ) ;
#3357 = VECTOR ( 'NONE', #3356, 1000.000000000000000 ) ;
#3358 = CARTESIAN_POINT ( 'NONE',  ( -2.300033371799342900, 1.020000000000000000, 0.4399953098994646200 ) ) ;
#3359 = DIRECTION ( 'NONE',  ( 0.0000000000000000000, 0.0000000000000000000, -1.000000000000000000 ) ) ;
#3360 = DIRECTION ( 'NONE',  ( -0.0000000000000000000, -1.000000000000000000, -0.0000000000000000000 ) ) ;
#3361 = CARTESIAN_POINT ( 'NONE',  ( -2.160000000000000100, -1.020000000000000000, 0.4399999999999999500 ) ) ;
#3362 = AXIS2_PLACEMENT_3D ( 'NONE', #3361, #3360, #3359 ) ;
#3363 = CIRCLE ( 'NONE', #3362, 0.4400333718243376600 ) ;
#3364 = LINE ( 'NONE', #3358, #3357 ) ;
#3365 = CARTESIAN_POINT ( 'NONE',  ( -2.600033371799343100, -1.020000000000000000, 0.4399953098994646200 ) ) ;
#3366 = CARTESIAN_POINT ( 'NONE',  ( -2.570033371799342400, -1.050000000000000000, 0.4399953098994646200 ) ) ;
#3367 = DIRECTION ( 'NONE',  ( -1.000000000000000000, 0.0000000000000000000, 0.0000000000000000000 ) ) ;
#3368 = DIRECTION ( 'NONE',  ( -6.123233995736766000E-017, 0.0000000000000000000, -1.000000000000000000 ) ) ;
#3369 = CARTESIAN_POINT ( 'NONE',  ( -2.570033371799342400, -1.020000000000000000, 0.4399953098994646200 ) ) ;
#3370 = AXIS2_PLACEMENT_3D ( 'NONE', #3369, #3368, #3367 ) ;
#3371 = DIRECTION ( 'NONE',  ( 0.0000000000000000000, 0.0000000000000000000, -1.000000000000000000 ) ) ;
#3372 = PRESENTATION_LAYER_ASSIGNMENT (  '', '', ( #3373 ) ) ;
#3373 = STYLED_ITEM ( 'NONE', ( #3374 ), #675 ) ;
#3374 = PRESENTATION_STYLE_ASSIGNMENT (( #3375 ) ) ;
#3375 = SURFACE_STYLE_USAGE ( .BOTH. , #3376 ) ;
#3376 = SURFACE_SIDE_STYLE ('',( #3377 ) ) ;
#3377 = SURFACE_STYLE_FILL_AREA ( #3378 ) ;
#3378 = FILL_AREA_STYLE ('',( #3379 ) ) ;
#3379 = FILL_AREA_STYLE_COLOUR ( '', #3380 ) ;
#3380 = COLOUR_RGB ( '',0.7529411764705882200, 0.7529411764705882200, 0.7529411764705882200 ) ;
#3381 = FACE_OUTER_BOUND ( 'NONE', #595, .T. ) ;
#3382 = CARTESIAN_POINT ( 'NONE',  ( -2.330033371799342700, -1.050000000000000000, 0.4399953098994646200 ) ) ;
#3383 = DIRECTION ( 'NONE',  ( 1.000000000000000000, 0.0000000000000000000, 0.0000000000000000000 ) ) ;
#3384 = DIRECTION ( 'NONE',  ( -6.123233995736766000E-017, 0.0000000000000000000, -1.000000000000000000 ) ) ;
#3385 = CARTESIAN_POINT ( 'NONE',  ( -2.330033371799342700, -1.020000000000000000, 0.4399953098994646200 ) ) ;
#3386 = AXIS2_PLACEMENT_3D ( 'NONE', #3385, #3384, #3383 ) ;
#3387 = DIRECTION ( 'NONE',  ( 0.0000000000000000000, 0.0000000000000000000, -1.000000000000000000 ) ) ;
#3388 = DIRECTION ( 'NONE',  ( -0.0000000000000000000, -1.000000000000000000, -0.0000000000000000000 ) ) ;
#3389 = AXIS2_PLACEMENT_3D ( 'NONE', #3392, #3388, #3387 ) ;
#3390 = TOROIDAL_SURFACE ( 'NONE', #3389, 0.1700333718640270900, 0.03000000000000007900 ) ;
#3391 = CIRCLE ( 'NONE', #3386, 0.03000000000000007900 ) ;
#3392 = CARTESIAN_POINT ( 'NONE',  ( -2.160000000000000100, -1.020000000000000000, 0.4399999999999999500 ) ) ;
#3393 =( GEOMETRIC_REPRESENTATION_CONTEXT ( 3 ) GLOBAL_UNCERTAINTY_ASSIGNED_CONTEXT ( ( #3394 ) ) GLOBAL_UNIT_ASSIGNED_CONTEXT ( ( #3397, #3396, #3395 ) ) REPRESENTATION_CONTEXT ( 'NONE', 'WORKASPACE' ) );
#3394 = UNCERTAINTY_MEASURE_WITH_UNIT (LENGTH_MEASURE( 1.000000000000000100E-005 ), #3397, 'distance_accuracy_value', 'NONE');
#3395 =( NAMED_UNIT ( * ) SI_UNIT ( $, .STERADIAN. ) SOLID_ANGLE_UNIT ( ) );
#3396 =( NAMED_UNIT ( * ) PLANE_ANGLE_UNIT ( ) SI_UNIT ( $, .RADIAN. ) );
#3397 =( LENGTH_UNIT ( ) NAMED_UNIT ( * ) SI_UNIT ( .MILLI., .METRE. ) );
#3398 = MECHANICAL_DESIGN_GEOMETRIC_PRESENTATION_REPRESENTATION (  '', ( #3400 ), #3393 ) ;
#3399 = PRESENTATION_LAYER_ASSIGNMENT (  '', '', ( #3400 ) ) ;
#3400 = STYLED_ITEM ( 'NONE', ( #3336 ), #669 ) ;
#3401 =( LENGTH_UNIT ( ) NAMED_UNIT ( * ) SI_UNIT ( .MILLI., .METRE. ) );
#3402 = MECHANICAL_DESIGN_GEOMETRIC_PRESENTATION_REPRESENTATION (  '', ( #3404 ), #3450 ) ;
#3403 = PRESENTATION_LAYER_ASSIGNMENT (  '', '', ( #3404 ) ) ;
#3404 = STYLED_ITEM ( 'NONE', ( #3405 ), #679 ) ;
#3405 = PRESENTATION_STYLE_ASSIGNMENT (( #3406 ) ) ;
#3406 = SURFACE_STYLE_USAGE ( .BOTH. , #3407 ) ;
#3407 = SURFACE_SIDE_STYLE ('',( #3408 ) ) ;
#3408 = SURFACE_STYLE_FILL_AREA ( #3409 ) ;
#3409 = FILL_AREA_STYLE ('',( #3416 ) ) ;
#3410 = COLOUR_RGB ( '',0.7529411764705882200, 0.7529411764705882200, 0.7529411764705882200 ) ;
#3411 = FACE_OUTER_BOUND ( 'NONE', #680, .T. ) ;
#3412 = DIRECTION ( 'NONE',  ( 0.0000000000000000000, 0.0000000000000000000, -1.000000000000000000 ) ) ;
#3413 = VECTOR ( 'NONE', #3412, 1000.000000000000000 ) ;
#3414 = CARTESIAN_POINT ( 'NONE',  ( -2.330033371799342700, -1.050000000000000000, 1.094961938100122100 ) ) ;
#3415 = LINE ( 'NONE', #3414, #3413 ) ;
#3416 = FILL_AREA_STYLE_COLOUR ( '', #3410 ) ;
#3417 = DIRECTION ( 'NONE',  ( 0.0000000000000000000, 0.0000000000000000000, -1.000000000000000000 ) ) ;
#3418 = DIRECTION ( 'NONE',  ( 1.000000000000000000, 0.0000000000000000000, -7.426042277297976500E-017 ) ) ;
#3419 = AXIS2_PLACEMENT_3D ( 'NONE', #3421, #3418, #3417 ) ;
#3420 = CYLINDRICAL_SURFACE ( 'NONE', #3419, 0.02999999999999997100 ) ;
#3421 = CARTESIAN_POINT ( 'NONE',  ( -2.159995309899464600, 1.020000000000000000, 0.2699666282006572500 ) ) ;
#3422 =( GEOMETRIC_REPRESENTATION_CONTEXT ( 3 ) GLOBAL_UNCERTAINTY_ASSIGNED_CONTEXT ( ( #3423 ) ) GLOBAL_UNIT_ASSIGNED_CONTEXT ( ( #3426, #3425, #3424 ) ) REPRESENTATION_CONTEXT ( 'NONE', 'WORKASPACE' ) );
#3423 = UNCERTAINTY_MEASURE_WITH_UNIT (LENGTH_MEASURE( 1.000000000000000100E-005 ), #3426, 'distance_accuracy_value', 'NONE');
#3424 =( NAMED_UNIT ( * ) SI_UNIT ( $, .STERADIAN. ) SOLID_ANGLE_UNIT ( ) );
#3425 =( NAMED_UNIT ( * ) PLANE_ANGLE_UNIT ( ) SI_UNIT ( $, .RADIAN. ) );
#3426 =( LENGTH_UNIT ( ) NAMED_UNIT ( * ) SI_UNIT ( .MILLI., .METRE. ) );
#3427 = MECHANICAL_DESIGN_GEOMETRIC_PRESENTATION_REPRESENTATION (  '', ( #3373 ), #3422 ) ;
#3428 = SURFACE_STYLE_FILL_AREA ( #3429 ) ;
#3429 = FILL_AREA_STYLE ('',( #3430 ) ) ;
#3430 = FILL_AREA_STYLE_COLOUR ( '', #3431 ) ;
#3431 = COLOUR_RGB ( '',0.7529411764705882200, 0.7529411764705882200, 0.7529411764705882200 ) ;
#3432 = DIRECTION ( 'NONE',  ( 0.0000000000000000000, 0.0000000000000000000, -1.000000000000000000 ) ) ;
#3433 = DIRECTION ( 'NONE',  ( -0.0000000000000000000, -1.000000000000000000, -0.0000000000000000000 ) ) ;
#3434 = CARTESIAN_POINT ( 'NONE',  ( -2.160000000000000100, 1.050000000000000000, 0.4399999999999999500 ) ) ;
#3435 = AXIS2_PLACEMENT_3D ( 'NONE', #3434, #3433, #3432 ) ;
#3436 = CIRCLE ( 'NONE', #3435, 0.1700333718640270900 ) ;
#3437 = FACE_OUTER_BOUND ( 'NONE', #689, .T. ) ;
#3438 = CARTESIAN_POINT ( 'NONE',  ( -2.600033371799343100, -1.020000000000000000, 1.094961938100122100 ) ) ;
#3439 = CARTESIAN_POINT ( 'NONE',  ( -2.570033371799342400, -1.050000000000000000, 1.094961938100122100 ) ) ;
#3440 = DIRECTION ( 'NONE',  ( -1.000000000000000000, 0.0000000000000000000, 0.0000000000000000000 ) ) ;
#3441 = DIRECTION ( 'NONE',  ( -6.123233995736766000E-017, 0.0000000000000000000, -1.000000000000000000 ) ) ;
#3442 = CARTESIAN_POINT ( 'NONE',  ( -2.570033371799342400, -1.020000000000000000, 1.094961938100122100 ) ) ;
#3443 = AXIS2_PLACEMENT_3D ( 'NONE', #3442, #3441, #3440 ) ;
#3444 = DIRECTION ( 'NONE',  ( -1.000000000000000000, 0.0000000000000000000, 0.0000000000000000000 ) ) ;
#3445 = DIRECTION ( 'NONE',  ( 0.0000000000000000000, 0.0000000000000000000, -1.000000000000000000 ) ) ;
#3446 = AXIS2_PLACEMENT_3D ( 'NONE', #3449, #3445, #3444 ) ;
#3447 = CYLINDRICAL_SURFACE ( 'NONE', #3446, 0.03000000000000007900 ) ;
#3448 = CIRCLE ( 'NONE', #3443, 0.03000000000000007900 ) ;
#3449 = CARTESIAN_POINT ( 'NONE',  ( -2.570033371799342400, -1.020000000000000000, 1.094961938100122100 ) ) ;
#3450 =( GEOMETRIC_REPRESENTATION_CONTEXT ( 3 ) GLOBAL_UNCERTAINTY_ASSIGNED_CONTEXT ( ( #3451 ) ) GLOBAL_UNIT_ASSIGNED_CONTEXT ( ( #3401, #3453, #3452 ) ) REPRESENTATION_CONTEXT ( 'NONE', 'WORKASPACE' ) );
#3451 = UNCERTAINTY_MEASURE_WITH_UNIT (LENGTH_MEASURE( 1.000000000000000100E-005 ), #3401, 'distance_accuracy_value', 'NONE');
#3452 =( NAMED_UNIT ( * ) SI_UNIT ( $, .STERADIAN. ) SOLID_ANGLE_UNIT ( ) );
#3453 =( NAMED_UNIT ( * ) PLANE_ANGLE_UNIT ( ) SI_UNIT ( $, .RADIAN. ) );
#3454 = LINE ( 'NONE', #3505, #3504 ) ;
#3455 = CARTESIAN_POINT ( 'NONE',  ( -2.300033371799342900, -1.020000000000000000, 1.094961938100122100 ) ) ;
#3456 = CARTESIAN_POINT ( 'NONE',  ( -2.300033371799342900, 1.020000000000000000, 1.094961938100122100 ) ) ;
#3457 = DIRECTION ( 'NONE',  ( 0.0000000000000000000, -1.000000000000000000, 0.0000000000000000000 ) ) ;
#3458 = VECTOR ( 'NONE', #3457, 1000.000000000000000 ) ;
#3459 = CARTESIAN_POINT ( 'NONE',  ( -2.300033371799342900, 1.020000000000000000, 1.094961938100122100 ) ) ;
#3460 = DIRECTION ( 'NONE',  ( 0.0000000000000000000, 0.0000000000000000000, -1.000000000000000000 ) ) ;
#3461 = DIRECTION ( 'NONE',  ( 1.000000000000000000, 0.0000000000000000000, 0.0000000000000000000 ) ) ;
#3462 = CARTESIAN_POINT ( 'NONE',  ( -2.300033371799342900, 1.020000000000000000, 1.094961938100122100 ) ) ;
#3463 = AXIS2_PLACEMENT_3D ( 'NONE', #3462, #3461, #3460 ) ;
#3464 = LINE ( 'NONE', #3459, #3458 ) ;
#3465 = PLANE ( 'NONE',  #3463 ) ;
#3466 =( GEOMETRIC_REPRESENTATION_CONTEXT ( 3 ) GLOBAL_UNCERTAINTY_ASSIGNED_CONTEXT ( ( #3467 ) ) GLOBAL_UNIT_ASSIGNED_CONTEXT ( ( #3470, #3469, #3468 ) ) REPRESENTATION_CONTEXT ( 'NONE', 'WORKASPACE' ) );
#3467 = UNCERTAINTY_MEASURE_WITH_UNIT (LENGTH_MEASURE( 1.000000000000000100E-005 ), #3470, 'distance_accuracy_value', 'NONE');
#3468 =( NAMED_UNIT ( * ) SI_UNIT ( $, .STERADIAN. ) SOLID_ANGLE_UNIT ( ) );
#3469 =( NAMED_UNIT ( * ) PLANE_ANGLE_UNIT ( ) SI_UNIT ( $, .RADIAN. ) );
#3470 =( LENGTH_UNIT ( ) NAMED_UNIT ( * ) SI_UNIT ( .MILLI., .METRE. ) );
#3471 = MECHANICAL_DESIGN_GEOMETRIC_PRESENTATION_REPRESENTATION (  '', ( #3473 ), #3466 ) ;
#3472 = PRESENTATION_LAYER_ASSIGNMENT (  '', '', ( #3473 ) ) ;
#3473 = STYLED_ITEM ( 'NONE', ( #3474 ), #688 ) ;
#3474 = PRESENTATION_STYLE_ASSIGNMENT (( #3475 ) ) ;
#3475 = SURFACE_STYLE_USAGE ( .BOTH. , #3476 ) ;
#3476 = SURFACE_SIDE_STYLE ('',( #3428 ) ) ;
#3477 = CARTESIAN_POINT ( 'NONE',  ( -2.570033371799342400, 1.020000000000000000, 0.4399953098994646200 ) ) ;
#3478 = DIRECTION ( 'NONE',  ( -1.000000000000000000, 0.0000000000000000000, 0.0000000000000000000 ) ) ;
#3479 = DIRECTION ( 'NONE',  ( 0.0000000000000000000, 0.0000000000000000000, -1.000000000000000000 ) ) ;
#3480 = AXIS2_PLACEMENT_3D ( 'NONE', #3482, #3479, #3478 ) ;
#3481 = CYLINDRICAL_SURFACE ( 'NONE', #3480, 0.03000000000000007900 ) ;
#3482 = CARTESIAN_POINT ( 'NONE',  ( -2.330033371799342700, -1.020000000000000000, 1.094961938100122100 ) ) ;
#3483 =( GEOMETRIC_REPRESENTATION_CONTEXT ( 3 ) GLOBAL_UNCERTAINTY_ASSIGNED_CONTEXT ( ( #3484 ) ) GLOBAL_UNIT_ASSIGNED_CONTEXT ( ( #3487, #3486, #3485 ) ) REPRESENTATION_CONTEXT ( 'NONE', 'WORKASPACE' ) );
#3484 = UNCERTAINTY_MEASURE_WITH_UNIT (LENGTH_MEASURE( 1.000000000000000100E-005 ), #3487, 'distance_accuracy_value', 'NONE');
#3485 =( NAMED_UNIT ( * ) SI_UNIT ( $, .STERADIAN. ) SOLID_ANGLE_UNIT ( ) );
#3486 =( NAMED_UNIT ( * ) PLANE_ANGLE_UNIT ( ) SI_UNIT ( $, .RADIAN. ) );
#3487 =( LENGTH_UNIT ( ) NAMED_UNIT ( * ) SI_UNIT ( .MILLI., .METRE. ) );
#3488 = MECHANICAL_DESIGN_GEOMETRIC_PRESENTATION_REPRESENTATION (  '', ( #3490 ), #3483 ) ;
#3489 = PRESENTATION_LAYER_ASSIGNMENT (  '', '', ( #3490 ) ) ;
#3490 = STYLED_ITEM ( 'NONE', ( #3491 ), #699 ) ;
#3491 = PRESENTATION_STYLE_ASSIGNMENT (( #3492 ) ) ;
#3492 = SURFACE_STYLE_USAGE ( .BOTH. , #3493 ) ;
#3493 = SURFACE_SIDE_STYLE ('',( #3494 ) ) ;
#3494 = SURFACE_STYLE_FILL_AREA ( #3495 ) ;
#3495 = FILL_AREA_STYLE ('',( #3502 ) ) ;
#3496 = COLOUR_RGB ( '',0.7529411764705882200, 0.7529411764705882200, 0.7529411764705882200 ) ;
#3497 = FACE_OUTER_BOUND ( 'NONE', #700, .T. ) ;
#3498 = DIRECTION ( 'NONE',  ( 0.0000000000000000000, 0.0000000000000000000, -1.000000000000000000 ) ) ;
#3499 = VECTOR ( 'NONE', #3498, 1000.000000000000000 ) ;
#3500 = CARTESIAN_POINT ( 'NONE',  ( -2.300033371799342900, 1.020000000000000000, 1.094961938100122100 ) ) ;
#3501 = LINE ( 'NONE', #3500, #3499 ) ;
#3502 = FILL_AREA_STYLE_COLOUR ( '', #3496 ) ;
#3503 = DIRECTION ( 'NONE',  ( 0.0000000000000000000, 0.0000000000000000000, -1.000000000000000000 ) ) ;
#3504 = VECTOR ( 'NONE', #3503, 1000.000000000000000 ) ;
#3505 = CARTESIAN_POINT ( 'NONE',  ( -2.300033371799342900, -1.020000000000000000, 1.094961938100122100 ) ) ;
#3506 = TOROIDAL_SURFACE ( 'NONE', #3565, 0.1700333718640270900, 0.02999999999999997100 ) ;
#3507 = CARTESIAN_POINT ( 'NONE',  ( -2.160000000000000100, 1.020000000000000000, 0.4399999999999999500 ) ) ;
#3508 =( GEOMETRIC_REPRESENTATION_CONTEXT ( 3 ) GLOBAL_UNCERTAINTY_ASSIGNED_CONTEXT ( ( #3509 ) ) GLOBAL_UNIT_ASSIGNED_CONTEXT ( ( #3512, #3511, #3510 ) ) REPRESENTATION_CONTEXT ( 'NONE', 'WORKASPACE' ) );
#3509 = UNCERTAINTY_MEASURE_WITH_UNIT (LENGTH_MEASURE( 1.000000000000000100E-005 ), #3512, 'distance_accuracy_value', 'NONE');
#3510 =( NAMED_UNIT ( * ) SI_UNIT ( $, .STERADIAN. ) SOLID_ANGLE_UNIT ( ) );
#3511 =( NAMED_UNIT ( * ) PLANE_ANGLE_UNIT ( ) SI_UNIT ( $, .RADIAN. ) );
#3512 =( LENGTH_UNIT ( ) NAMED_UNIT ( * ) SI_UNIT ( .MILLI., .METRE. ) );
#3513 = MECHANICAL_DESIGN_GEOMETRIC_PRESENTATION_REPRESENTATION (  '', ( #3515 ), #3508 ) ;
#3514 = PRESENTATION_LAYER_ASSIGNMENT (  '', '', ( #3515 ) ) ;
#3515 = STYLED_ITEM ( 'NONE', ( #3516 ), #707 ) ;
#3516 = PRESENTATION_STYLE_ASSIGNMENT (( #3517 ) ) ;
#3517 = SURFACE_STYLE_USAGE ( .BOTH. , #3518 ) ;
#3518 = SURFACE_SIDE_STYLE ('',( #3519 ) ) ;
#3519 = SURFACE_STYLE_FILL_AREA ( #3520 ) ;
#3520 = FILL_AREA_STYLE ('',( #3528 ) ) ;
#3521 = COLOUR_RGB ( '',0.7529411764705882200, 0.7529411764705882200, 0.7529411764705882200 ) ;
#3522 = FACE_OUTER_BOUND ( 'NONE', #708, .T. ) ;
#3523 = DIRECTION ( 'NONE',  ( 0.0000000000000000000, 0.0000000000000000000, -1.000000000000000000 ) ) ;
#3524 = DIRECTION ( 'NONE',  ( -0.0000000000000000000, -1.000000000000000000, -0.0000000000000000000 ) ) ;
#3525 = CARTESIAN_POINT ( 'NONE',  ( -2.160000000000000100, 1.050000000000000000, 0.4399999999999999500 ) ) ;
#3526 = AXIS2_PLACEMENT_3D ( 'NONE', #3525, #3524, #3523 ) ;
#3527 = CIRCLE ( 'NONE', #3526, 0.4100333718261658400 ) ;
#3528 = FILL_AREA_STYLE_COLOUR ( '', #3521 ) ;
#3529 = CARTESIAN_POINT ( 'NONE',  ( -2.570033371799342400, 1.050000000000000000, 0.4399953098994646200 ) ) ;
#3530 = DIRECTION ( 'NONE',  ( -1.000000000000000000, 0.0000000000000000000, 0.0000000000000000000 ) ) ;
#3531 = DIRECTION ( 'NONE',  ( -6.123233995736766000E-017, 0.0000000000000000000, -1.000000000000000000 ) ) ;
#3532 = AXIS2_PLACEMENT_3D ( 'NONE', #3477, #3531, #3530 ) ;
#3533 = CIRCLE ( 'NONE', #3532, 0.03000000000000007900 ) ;
#3534 = UNCERTAINTY_MEASURE_WITH_UNIT (LENGTH_MEASURE( 1.000000000000000100E-005 ), #3537, 'distance_accuracy_value', 'NONE');
#3535 =( NAMED_UNIT ( * ) SI_UNIT ( $, .STERADIAN. ) SOLID_ANGLE_UNIT ( ) );
#3536 =( NAMED_UNIT ( * ) PLANE_ANGLE_UNIT ( ) SI_UNIT ( $, .RADIAN. ) );
#3537 =( LENGTH_UNIT ( ) NAMED_UNIT ( * ) SI_UNIT ( .MILLI., .METRE. ) );
#3538 = MECHANICAL_DESIGN_GEOMETRIC_PRESENTATION_REPRESENTATION (  '', ( #3540 ), #3596 ) ;
#3539 = PRESENTATION_LAYER_ASSIGNMENT (  '', '', ( #3540 ) ) ;
#3540 = STYLED_ITEM ( 'NONE', ( #3541 ), #717 ) ;
#3541 = PRESENTATION_STYLE_ASSIGNMENT (( #3542 ) ) ;
#3542 = SURFACE_STYLE_USAGE ( .BOTH. , #3543 ) ;
#3543 = SURFACE_SIDE_STYLE ('',( #3544 ) ) ;
#3544 = SURFACE_STYLE_FILL_AREA ( #3545 ) ;
#3545 = FILL_AREA_STYLE ('',( #3551 ) ) ;
#3546 = COLOUR_RGB ( '',0.7529411764705882200, 0.7529411764705882200, 0.7529411764705882200 ) ;
#3547 = FACE_OUTER_BOUND ( 'NONE', #718, .T. ) ;
#3548 = DIRECTION ( 'NONE',  ( 0.0000000000000000000, 0.0000000000000000000, -1.000000000000000000 ) ) ;
#3549 = VECTOR ( 'NONE', #3548, 1000.000000000000000 ) ;
#3550 = CARTESIAN_POINT ( 'NONE',  ( -2.330033371799342700, 1.050000000000000000, 1.094961938100122100 ) ) ;
#3551 = FILL_AREA_STYLE_COLOUR ( '', #3546 ) ;
#3552 = DIRECTION ( 'NONE',  ( 0.0000000000000000000, 0.0000000000000000000, -1.000000000000000000 ) ) ;
#3553 = DIRECTION ( 'NONE',  ( -0.0000000000000000000, -1.000000000000000000, -0.0000000000000000000 ) ) ;
#3554 = CARTESIAN_POINT ( 'NONE',  ( -2.160000000000000100, -1.050000000000000000, 0.4399999999999999500 ) ) ;
#3555 = AXIS2_PLACEMENT_3D ( 'NONE', #3554, #3553, #3552 ) ;
#3556 = CIRCLE ( 'NONE', #3555, 0.4100333718261658400 ) ;
#3557 = LINE ( 'NONE', #3550, #3549 ) ;
#3558 = CARTESIAN_POINT ( 'NONE',  ( -2.330033371799342700, 1.050000000000000000, 0.4399953098994646200 ) ) ;
#3559 = DIRECTION ( 'NONE',  ( 1.000000000000000000, 0.0000000000000000000, 0.0000000000000000000 ) ) ;
#3560 = DIRECTION ( 'NONE',  ( -6.123233995736766000E-017, 0.0000000000000000000, -1.000000000000000000 ) ) ;
#3561 = CARTESIAN_POINT ( 'NONE',  ( -2.330033371799342700, 1.020000000000000000, 0.4399953098994646200 ) ) ;
#3562 = AXIS2_PLACEMENT_3D ( 'NONE', #3561, #3560, #3559 ) ;
#3563 = DIRECTION ( 'NONE',  ( 0.0000000000000000000, 0.0000000000000000000, -1.000000000000000000 ) ) ;
#3564 = DIRECTION ( 'NONE',  ( -0.0000000000000000000, -1.000000000000000000, -0.0000000000000000000 ) ) ;
#3565 = AXIS2_PLACEMENT_3D ( 'NONE', #3507, #3564, #3563 ) ;
#3566 = CIRCLE ( 'NONE', #3562, 0.03000000000000007900 ) ;
#3567 =( NAMED_UNIT ( * ) PLANE_ANGLE_UNIT ( ) SI_UNIT ( $, .RADIAN. ) );
#3568 =( LENGTH_UNIT ( ) NAMED_UNIT ( * ) SI_UNIT ( .MILLI., .METRE. ) );
#3569 = MECHANICAL_DESIGN_GEOMETRIC_PRESENTATION_REPRESENTATION (  '', ( #3571 ), #3622 ) ;
#3570 = PRESENTATION_LAYER_ASSIGNMENT (  '', '', ( #3571 ) ) ;
#3571 = STYLED_ITEM ( 'NONE', ( #3572 ), #727 ) ;
#3572 = PRESENTATION_STYLE_ASSIGNMENT (( #3573 ) ) ;
#3573 = SURFACE_STYLE_USAGE ( .BOTH. , #3574 ) ;
#3574 = SURFACE_SIDE_STYLE ('',( #3575 ) ) ;
#3575 = SURFACE_STYLE_FILL_AREA ( #3576 ) ;
#3576 = FILL_AREA_STYLE ('',( #3584 ) ) ;
#3577 = COLOUR_RGB ( '',0.7529411764705882200, 0.7529411764705882200, 0.7529411764705882200 ) ;
#3578 = FACE_OUTER_BOUND ( 'NONE', #752, .T. ) ;
#3579 = DIRECTION ( 'NONE',  ( 0.0000000000000000000, 0.0000000000000000000, -1.000000000000000000 ) ) ;
#3580 = DIRECTION ( 'NONE',  ( -0.0000000000000000000, -1.000000000000000000, -0.0000000000000000000 ) ) ;
#3581 = CARTESIAN_POINT ( 'NONE',  ( -2.160000000000000100, -1.020000000000000000, 1.094966628200657400 ) ) ;
#3582 = AXIS2_PLACEMENT_3D ( 'NONE', #3581, #3580, #3579 ) ;
#3583 = CIRCLE ( 'NONE', #3582, 0.1400333718778851700 ) ;
#3584 = FILL_AREA_STYLE_COLOUR ( '', #3577 ) ;
#3585 = CARTESIAN_POINT ( 'NONE',  ( -2.160004690100534800, -1.020000000000000000, 1.235000000000000300 ) ) ;
#3586 = CARTESIAN_POINT ( 'NONE',  ( -2.160004690100534800, 1.020000000000000000, 1.235000000000000300 ) ) ;
#3587 = DIRECTION ( 'NONE',  ( 0.0000000000000000000, -1.000000000000000000, 0.0000000000000000000 ) ) ;
#3588 = VECTOR ( 'NONE', #3587, 1000.000000000000000 ) ;
#3589 = CARTESIAN_POINT ( 'NONE',  ( -2.160004690100534800, 1.020000000000000000, 1.235000000000000300 ) ) ;
#3590 = LINE ( 'NONE', #3589, #3588 ) ;
#3591 = DIRECTION ( 'NONE',  ( 0.0000000000000000000, 0.0000000000000000000, -1.000000000000000000 ) ) ;
#3592 = DIRECTION ( 'NONE',  ( -0.0000000000000000000, -1.000000000000000000, -0.0000000000000000000 ) ) ;
#3593 = AXIS2_PLACEMENT_3D ( 'NONE', #3595, #3592, #3591 ) ;
#3594 = CYLINDRICAL_SURFACE ( 'NONE', #3593, 0.1400333718778851700 ) ;
#3595 = CARTESIAN_POINT ( 'NONE',  ( -2.160000000000000100, 0.0000000000000000000, 1.094966628200657400 ) ) ;
#3596 =( GEOMETRIC_REPRESENTATION_CONTEXT ( 3 ) GLOBAL_UNCERTAINTY_ASSIGNED_CONTEXT ( ( #3534 ) ) GLOBAL_UNIT_ASSIGNED_CONTEXT ( ( #3537, #3536, #3535 ) ) REPRESENTATION_CONTEXT ( 'NONE', 'WORKASPACE' ) );
#3597 = PRESENTATION_LAYER_ASSIGNMENT (  '', '', ( #3598 ) ) ;
#3598 = STYLED_ITEM ( 'NONE', ( #3599 ), #735 ) ;
#3599 = PRESENTATION_STYLE_ASSIGNMENT (( #3600 ) ) ;
#3600 = SURFACE_STYLE_USAGE ( .BOTH. , #3601 ) ;
#3601 = SURFACE_SIDE_STYLE ('',( #3602 ) ) ;
#3602 = SURFACE_STYLE_FILL_AREA ( #3603 ) ;
#3603 = FILL_AREA_STYLE ('',( #3610 ) ) ;
#3604 = COLOUR_RGB ( '',0.7529411764705882200, 0.7529411764705882200, 0.7529411764705882200 ) ;
#3605 = FACE_OUTER_BOUND ( 'NONE', #736, .T. ) ;
#3606 = DIRECTION ( 'NONE',  ( 0.0000000000000000000, 0.0000000000000000000, -1.000000000000000000 ) ) ;
#3607 = VECTOR ( 'NONE', #3606, 1000.000000000000000 ) ;
#3608 = CARTESIAN_POINT ( 'NONE',  ( -2.570033371799342400, 1.050000000000000000, 1.094961938100122100 ) ) ;
#3609 = LINE ( 'NONE', #3608, #3607 ) ;
#3610 = FILL_AREA_STYLE_COLOUR ( '', #3604 ) ;
#3611 = CARTESIAN_POINT ( 'NONE',  ( -2.570033371799342400, 1.050000000000000000, 1.094961938100122100 ) ) ;
#3612 = DIRECTION ( 'NONE',  ( -1.000000000000000000, 0.0000000000000000000, 0.0000000000000000000 ) ) ;
#3613 = DIRECTION ( 'NONE',  ( -6.123233995736766000E-017, 0.0000000000000000000, -1.000000000000000000 ) ) ;
#3614 = CARTESIAN_POINT ( 'NONE',  ( -2.570033371799342400, 1.020000000000000000, 1.094961938100122100 ) ) ;
#3615 = AXIS2_PLACEMENT_3D ( 'NONE', #3614, #3613, #3612 ) ;
#3616 = DIRECTION ( 'NONE',  ( -1.000000000000000000, 0.0000000000000000000, 0.0000000000000000000 ) ) ;
#3617 = DIRECTION ( 'NONE',  ( 0.0000000000000000000, 0.0000000000000000000, -1.000000000000000000 ) ) ;
#3618 = AXIS2_PLACEMENT_3D ( 'NONE', #3621, #3617, #3616 ) ;
#3619 = CYLINDRICAL_SURFACE ( 'NONE', #3618, 0.03000000000000007900 ) ;
#3620 = CIRCLE ( 'NONE', #3615, 0.03000000000000007900 ) ;
#3621 = CARTESIAN_POINT ( 'NONE',  ( -2.570033371799342400, 1.020000000000000000, 1.094961938100122100 ) ) ;
#3622 =( GEOMETRIC_REPRESENTATION_CONTEXT ( 3 ) GLOBAL_UNCERTAINTY_ASSIGNED_CONTEXT ( ( #3623 ) ) GLOBAL_UNIT_ASSIGNED_CONTEXT ( ( #3568, #3567, #3624 ) ) REPRESENTATION_CONTEXT ( 'NONE', 'WORKASPACE' ) );
#3623 = UNCERTAINTY_MEASURE_WITH_UNIT (LENGTH_MEASURE( 1.000000000000000100E-005 ), #3568, 'distance_accuracy_value', 'NONE');
#3624 =( NAMED_UNIT ( * ) SI_UNIT ( $, .STERADIAN. ) SOLID_ANGLE_UNIT ( ) );
#3625 = DIRECTION ( 'NONE',  ( 0.0000000000000000000, 0.0000000000000000000, -1.000000000000000000 ) ) ;
#3626 = VECTOR ( 'NONE', #3625, 1000.000000000000000 ) ;
#3627 = CARTESIAN_POINT ( 'NONE',  ( -2.600033371799343100, -1.020000000000000000, 1.094961938100122100 ) ) ;
#3628 = LINE ( 'NONE', #3627, #3626 ) ;
#3629 = LINE ( 'NONE', #3673, #3672 ) ;
#3630 = CARTESIAN_POINT ( 'NONE',  ( -2.330033371799342700, 1.050000000000000000, 1.094961938100122100 ) ) ;
#3631 = DIRECTION ( 'NONE',  ( 1.000000000000000000, 0.0000000000000000000, 0.0000000000000000000 ) ) ;
#3632 = DIRECTION ( 'NONE',  ( -6.123233995736766000E-017, 0.0000000000000000000, -1.000000000000000000 ) ) ;
#3633 = CARTESIAN_POINT ( 'NONE',  ( -2.330033371799342700, 1.020000000000000000, 1.094961938100122100 ) ) ;
#3634 = AXIS2_PLACEMENT_3D ( 'NONE', #3633, #3632, #3631 ) ;
#3635 = DIRECTION ( 'NONE',  ( -1.000000000000000000, 0.0000000000000000000, 0.0000000000000000000 ) ) ;
#3636 = DIRECTION ( 'NONE',  ( 0.0000000000000000000, 0.0000000000000000000, -1.000000000000000000 ) ) ;
#3637 = AXIS2_PLACEMENT_3D ( 'NONE', #3640, #3636, #3635 ) ;
#3638 = CYLINDRICAL_SURFACE ( 'NONE', #3637, 0.03000000000000007900 ) ;
#3639 = CIRCLE ( 'NONE', #3634, 0.03000000000000007900 ) ;
#3640 = CARTESIAN_POINT ( 'NONE',  ( -2.330033371799342700, 1.020000000000000000, 1.094961938100122100 ) ) ;
#3641 =( GEOMETRIC_REPRESENTATION_CONTEXT ( 3 ) GLOBAL_UNCERTAINTY_ASSIGNED_CONTEXT ( ( #3642 ) ) GLOBAL_UNIT_ASSIGNED_CONTEXT ( ( #3645, #3644, #3643 ) ) REPRESENTATION_CONTEXT ( 'NONE', 'WORKASPACE' ) );
#3642 = UNCERTAINTY_MEASURE_WITH_UNIT (LENGTH_MEASURE( 1.000000000000000100E-005 ), #3645, 'distance_accuracy_value', 'NONE');
#3643 =( NAMED_UNIT ( * ) SI_UNIT ( $, .STERADIAN. ) SOLID_ANGLE_UNIT ( ) );
#3644 =( NAMED_UNIT ( * ) PLANE_ANGLE_UNIT ( ) SI_UNIT ( $, .RADIAN. ) );
#3645 =( LENGTH_UNIT ( ) NAMED_UNIT ( * ) SI_UNIT ( .MILLI., .METRE. ) );
#3646 = MECHANICAL_DESIGN_GEOMETRIC_PRESENTATION_REPRESENTATION (  '', ( #3598 ), #3641 ) ;
#3647 = DIRECTION ( 'NONE',  ( 2.125886612716675300E-016, 1.000000000000000000, -1.301730117806842600E-032 ) ) ;
#3648 = VECTOR ( 'NONE', #3647, 1000.000000000000000 ) ;
#3649 = CARTESIAN_POINT ( 'NONE',  ( -2.600033371799342700, 1.020000000000000000, 1.094961938100122100 ) ) ;
#3650 = DIRECTION ( 'NONE',  ( -2.125886612716675600E-016, -1.000000000000000000, 0.0000000000000000000 ) ) ;
#3651 = DIRECTION ( 'NONE',  ( -1.000000000000000000, 2.125886612716675600E-016, 0.0000000000000000000 ) ) ;
#3652 = CARTESIAN_POINT ( 'NONE',  ( -2.600033371799342700, 1.020000000000000000, 1.094961938100122100 ) ) ;
#3653 = AXIS2_PLACEMENT_3D ( 'NONE', #3652, #3651, #3650 ) ;
#3654 = LINE ( 'NONE', #3649, #3648 ) ;
#3655 = PLANE ( 'NONE',  #3653 ) ;
#3656 =( GEOMETRIC_REPRESENTATION_CONTEXT ( 3 ) GLOBAL_UNCERTAINTY_ASSIGNED_CONTEXT ( ( #3657 ) ) GLOBAL_UNIT_ASSIGNED_CONTEXT ( ( #3660, #3659, #3658 ) ) REPRESENTATION_CONTEXT ( 'NONE', 'WORKASPACE' ) );
#3657 = UNCERTAINTY_MEASURE_WITH_UNIT (LENGTH_MEASURE( 1.000000000000000100E-005 ), #3660, 'distance_accuracy_value', 'NONE');
#3658 =( NAMED_UNIT ( * ) SI_UNIT ( $, .STERADIAN. ) SOLID_ANGLE_UNIT ( ) );
#3659 =( NAMED_UNIT ( * ) PLANE_ANGLE_UNIT ( ) SI_UNIT ( $, .RADIAN. ) );
#3660 =( LENGTH_UNIT ( ) NAMED_UNIT ( * ) SI_UNIT ( .MILLI., .METRE. ) );
#3661 = MECHANICAL_DESIGN_GEOMETRIC_PRESENTATION_REPRESENTATION (  '', ( #3663 ), #3656 ) ;
#3662 = PRESENTATION_LAYER_ASSIGNMENT (  '', '', ( #3663 ) ) ;
#3663 = STYLED_ITEM ( 'NONE', ( #3664 ), #744 ) ;
#3664 = PRESENTATION_STYLE_ASSIGNMENT (( #3665 ) ) ;
#3665 = SURFACE_STYLE_USAGE ( .BOTH. , #3666 ) ;
#3666 = SURFACE_SIDE_STYLE ('',( #3667 ) ) ;
#3667 = SURFACE_STYLE_FILL_AREA ( #3668 ) ;
#3668 = FILL_AREA_STYLE ('',( #3674 ) ) ;
#3669 = COLOUR_RGB ( '',0.7529411764705882200, 0.7529411764705882200, 0.7529411764705882200 ) ;
#3670 = FACE_OUTER_BOUND ( 'NONE', #745, .T. ) ;
#3671 = DIRECTION ( 'NONE',  ( 0.0000000000000000000, 0.0000000000000000000, -1.000000000000000000 ) ) ;
#3672 = VECTOR ( 'NONE', #3671, 1000.000000000000000 ) ;
#3673 = CARTESIAN_POINT ( 'NONE',  ( -2.570033371799342400, -1.050000000000000000, 1.094961938100122100 ) ) ;
#3674 = FILL_AREA_STYLE_COLOUR ( '', #3669 ) ;
#3675 =( NAMED_UNIT ( * ) PLANE_ANGLE_UNIT ( ) SI_UNIT ( $, .RADIAN. ) );
#3676 =( LENGTH_UNIT ( ) NAMED_UNIT ( * ) SI_UNIT ( .MILLI., .METRE. ) );
#3677 = MECHANICAL_DESIGN_GEOMETRIC_PRESENTATION_REPRESENTATION (  '', ( #3679 ), #3732 ) ;
#3678 = PRESENTATION_LAYER_ASSIGNMENT (  '', '', ( #3679 ) ) ;
#3679 = STYLED_ITEM ( 'NONE', ( #3680 ), #763 ) ;
#3680 = PRESENTATION_STYLE_ASSIGNMENT (( #3681 ) ) ;
#3681 = SURFACE_STYLE_USAGE ( .BOTH. , #3682 ) ;
#3682 = SURFACE_SIDE_STYLE ('',( #3683 ) ) ;
#3683 = SURFACE_STYLE_FILL_AREA ( #3684 ) ;
#3684 = FILL_AREA_STYLE ('',( #3692 ) ) ;
#3685 = COLOUR_RGB ( '',0.7529411764705882200, 0.7529411764705882200, 0.7529411764705882200 ) ;
#3686 = FACE_OUTER_BOUND ( 'NONE', #818, .T. ) ;
#3687 = DIRECTION ( 'NONE',  ( 0.0000000000000000000, 0.0000000000000000000, -1.000000000000000000 ) ) ;
#3688 = DIRECTION ( 'NONE',  ( -0.0000000000000000000, -1.000000000000000000, -0.0000000000000000000 ) ) ;
#3689 = CARTESIAN_POINT ( 'NONE',  ( -2.160000000000000100, 1.050000000000000000, 1.094966628200657400 ) ) ;
#3690 = AXIS2_PLACEMENT_3D ( 'NONE', #3689, #3688, #3687 ) ;
#3691 = CIRCLE ( 'NONE', #3690, 0.4100333718261660600 ) ;
#3692 = FILL_AREA_STYLE_COLOUR ( '', #3685 ) ;
#3693 = CARTESIAN_POINT ( 'NONE',  ( -2.160004690100534800, 1.050000000000000000, 1.505000000000000100 ) ) ;
#3694 = DIRECTION ( 'NONE',  ( 0.0000000000000000000, 0.0000000000000000000, 1.000000000000000000 ) ) ;
#3695 = DIRECTION ( 'NONE',  ( -1.000000000000000000, 0.0000000000000000000, 0.0000000000000000000 ) ) ;
#3696 = CARTESIAN_POINT ( 'NONE',  ( -2.160004690100534800, 1.020000000000000000, 1.505000000000000100 ) ) ;
#3697 = AXIS2_PLACEMENT_3D ( 'NONE', #3696, #3695, #3694 ) ;
#3698 = CIRCLE ( 'NONE', #3697, 0.03000000000000029700 ) ;
#3699 = DIRECTION ( 'NONE',  ( 1.000000000000000000, 0.0000000000000000000, 0.0000000000000000000 ) ) ;
#3700 = DIRECTION ( 'NONE',  ( -6.123233995736766000E-017, 0.0000000000000000000, -1.000000000000000000 ) ) ;
#3701 = CARTESIAN_POINT ( 'NONE',  ( -2.330033371799342700, -1.020000000000000000, 1.094961938100122100 ) ) ;
#3702 = AXIS2_PLACEMENT_3D ( 'NONE', #3701, #3700, #3699 ) ;
#3703 = CIRCLE ( 'NONE', #3702, 0.03000000000000007900 ) ;
#3704 = DIRECTION ( 'NONE',  ( 0.0000000000000000000, 0.0000000000000000000, -1.000000000000000000 ) ) ;
#3705 = VECTOR ( 'NONE', #3704, 1000.000000000000000 ) ;
#3706 = CARTESIAN_POINT ( 'NONE',  ( -2.600033371799342700, 1.020000000000000000, 1.094961938100122100 ) ) ;
#3707 = LINE ( 'NONE', #3706, #3705 ) ;
#3708 = CARTESIAN_POINT ( 'NONE',  ( -2.600033371799342700, 1.020000000000000000, 1.094961938100122100 ) ) ;
#3709 = DIRECTION ( 'NONE',  ( 0.0000000000000000000, 0.0000000000000000000, -1.000000000000000000 ) ) ;
#3710 = DIRECTION ( 'NONE',  ( -0.0000000000000000000, -1.000000000000000000, -0.0000000000000000000 ) ) ;
#3711 = AXIS2_PLACEMENT_3D ( 'NONE', #3719, #3710, #3709 ) ;
#3712 = CIRCLE ( 'NONE', #3711, 0.4100333718261662800 ) ;
#3713 = FILL_AREA_STYLE_COLOUR ( '', #3759 ) ;
#3714 = DIRECTION ( 'NONE',  ( 0.0000000000000000000, 0.0000000000000000000, -1.000000000000000000 ) ) ;
#3715 = DIRECTION ( 'NONE',  ( -0.0000000000000000000, -1.000000000000000000, -0.0000000000000000000 ) ) ;
#3716 = CARTESIAN_POINT ( 'NONE',  ( -2.160000000000000100, -1.020000000000000000, 1.094966628200657400 ) ) ;
#3717 = AXIS2_PLACEMENT_3D ( 'NONE', #3716, #3715, #3714 ) ;
#3718 = CIRCLE ( 'NONE', #3717, 0.4400333718243376600 ) ;
#3719 = CARTESIAN_POINT ( 'NONE',  ( -2.160000000000000100, -1.050000000000000000, 1.094966628200657400 ) ) ;
#3720 = CARTESIAN_POINT ( 'NONE',  ( -2.160004690100534800, -1.020000000000000000, 1.535000000000000400 ) ) ;
#3721 = CARTESIAN_POINT ( 'NONE',  ( -2.160004690100534800, -1.050000000000000000, 1.505000000000000300 ) ) ;
#3722 = DIRECTION ( 'NONE',  ( 0.0000000000000000000, 0.0000000000000000000, 1.000000000000000000 ) ) ;
#3723 = DIRECTION ( 'NONE',  ( -1.000000000000000000, 0.0000000000000000000, 0.0000000000000000000 ) ) ;
#3724 = CARTESIAN_POINT ( 'NONE',  ( -2.160004690100534800, -1.020000000000000000, 1.505000000000000300 ) ) ;
#3725 = AXIS2_PLACEMENT_3D ( 'NONE', #3724, #3723, #3722 ) ;
#3726 = DIRECTION ( 'NONE',  ( 0.0000000000000000000, 0.0000000000000000000, -1.000000000000000000 ) ) ;
#3727 = DIRECTION ( 'NONE',  ( -0.0000000000000000000, -1.000000000000000000, -0.0000000000000000000 ) ) ;
#3728 = AXIS2_PLACEMENT_3D ( 'NONE', #3731, #3727, #3726 ) ;
#3729 = TOROIDAL_SURFACE ( 'NONE', #3728, 0.1700333718640273100, 0.02999999999999997100 ) ;
#3730 = CIRCLE ( 'NONE', #3725, 0.03000000000000007900 ) ;
#3731 = CARTESIAN_POINT ( 'NONE',  ( -2.160000000000000100, 1.020000000000000000, 1.094966628200657400 ) ) ;
#3732 =( GEOMETRIC_REPRESENTATION_CONTEXT ( 3 ) GLOBAL_UNCERTAINTY_ASSIGNED_CONTEXT ( ( #3733 ) ) GLOBAL_UNIT_ASSIGNED_CONTEXT ( ( #3676, #3675, #3734 ) ) REPRESENTATION_CONTEXT ( 'NONE', 'WORKASPACE' ) );
#3733 = UNCERTAINTY_MEASURE_WITH_UNIT (LENGTH_MEASURE( 1.000000000000000100E-005 ), #3676, 'distance_accuracy_value', 'NONE');
#3734 =( NAMED_UNIT ( * ) SI_UNIT ( $, .STERADIAN. ) SOLID_ANGLE_UNIT ( ) );
#3735 = CIRCLE ( 'NONE', #3787, 0.4400333718243374400 ) ;
#3736 = CARTESIAN_POINT ( 'NONE',  ( -2.160004690100534800, 1.020000000000000000, 1.535000000000000100 ) ) ;
#3737 = DIRECTION ( 'NONE',  ( -0.0000000000000000000, 1.000000000000000000, -2.125886612716675300E-016 ) ) ;
#3738 = VECTOR ( 'NONE', #3737, 1000.000000000000000 ) ;
#3739 = CARTESIAN_POINT ( 'NONE',  ( -2.160004690100534800, 1.020000000000000000, 1.535000000000000100 ) ) ;
#3740 = LINE ( 'NONE', #3739, #3738 ) ;
#3741 = DIRECTION ( 'NONE',  ( 0.0000000000000000000, 0.0000000000000000000, -1.000000000000000000 ) ) ;
#3742 = DIRECTION ( 'NONE',  ( -0.0000000000000000000, -1.000000000000000000, -0.0000000000000000000 ) ) ;
#3743 = AXIS2_PLACEMENT_3D ( 'NONE', #3745, #3742, #3741 ) ;
#3744 = CYLINDRICAL_SURFACE ( 'NONE', #3743, 0.4400333718243375500 ) ;
#3745 = CARTESIAN_POINT ( 'NONE',  ( -2.160000000000000100, 0.0000000000000000000, 1.094966628200657400 ) ) ;
#3746 =( GEOMETRIC_REPRESENTATION_CONTEXT ( 3 ) GLOBAL_UNCERTAINTY_ASSIGNED_CONTEXT ( ( #3747 ) ) GLOBAL_UNIT_ASSIGNED_CONTEXT ( ( #3750, #3749, #3748 ) ) REPRESENTATION_CONTEXT ( 'NONE', 'WORKASPACE' ) );
#3747 = UNCERTAINTY_MEASURE_WITH_UNIT (LENGTH_MEASURE( 1.000000000000000100E-005 ), #3750, 'distance_accuracy_value', 'NONE');
#3748 =( NAMED_UNIT ( * ) SI_UNIT ( $, .STERADIAN. ) SOLID_ANGLE_UNIT ( ) );
#3749 =( NAMED_UNIT ( * ) PLANE_ANGLE_UNIT ( ) SI_UNIT ( $, .RADIAN. ) );
#3750 =( LENGTH_UNIT ( ) NAMED_UNIT ( * ) SI_UNIT ( .MILLI., .METRE. ) );
#3751 = MECHANICAL_DESIGN_GEOMETRIC_PRESENTATION_REPRESENTATION (  '', ( #3753 ), #3746 ) ;
#3752 = PRESENTATION_LAYER_ASSIGNMENT (  '', '', ( #3753 ) ) ;
#3753 = STYLED_ITEM ( 'NONE', ( #3754 ), #773 ) ;
#3754 = PRESENTATION_STYLE_ASSIGNMENT (( #3755 ) ) ;
#3755 = SURFACE_STYLE_USAGE ( .BOTH. , #3756 ) ;
#3756 = SURFACE_SIDE_STYLE ('',( #3757 ) ) ;
#3757 = SURFACE_STYLE_FILL_AREA ( #3758 ) ;
#3758 = FILL_AREA_STYLE ('',( #3713 ) ) ;
#3759 = COLOUR_RGB ( '',0.7529411764705882200, 0.7529411764705882200, 0.7529411764705882200 ) ;
#3760 = FACE_OUTER_BOUND ( 'NONE', #774, .T. ) ;
#3761 = TOROIDAL_SURFACE ( 'NONE', #3817, 0.1700333718640275000, 0.03000000000000007900 ) ;
#3762 = CIRCLE ( 'NONE', #3814, 0.03000000000000007900 ) ;
#3763 = CARTESIAN_POINT ( 'NONE',  ( -2.160000000000000100, -1.020000000000000000, 1.094966628200657400 ) ) ;
#3764 =( GEOMETRIC_REPRESENTATION_CONTEXT ( 3 ) GLOBAL_UNCERTAINTY_ASSIGNED_CONTEXT ( ( #3765 ) ) GLOBAL_UNIT_ASSIGNED_CONTEXT ( ( #3768, #3767, #3766 ) ) REPRESENTATION_CONTEXT ( 'NONE', 'WORKASPACE' ) );
#3765 = UNCERTAINTY_MEASURE_WITH_UNIT (LENGTH_MEASURE( 1.000000000000000100E-005 ), #3768, 'distance_accuracy_value', 'NONE');
#3766 =( NAMED_UNIT ( * ) SI_UNIT ( $, .STERADIAN. ) SOLID_ANGLE_UNIT ( ) );
#3767 =( NAMED_UNIT ( * ) PLANE_ANGLE_UNIT ( ) SI_UNIT ( $, .RADIAN. ) );
#3768 =( LENGTH_UNIT ( ) NAMED_UNIT ( * ) SI_UNIT ( .MILLI., .METRE. ) );
#3769 = MECHANICAL_DESIGN_GEOMETRIC_PRESENTATION_REPRESENTATION (  '', ( #3771 ), #3764 ) ;
#3770 = PRESENTATION_LAYER_ASSIGNMENT (  '', '', ( #3771 ) ) ;
#3771 = STYLED_ITEM ( 'NONE', ( #3772 ), #782 ) ;
#3772 = PRESENTATION_STYLE_ASSIGNMENT (( #3773 ) ) ;
#3773 = SURFACE_STYLE_USAGE ( .BOTH. , #3774 ) ;
#3774 = SURFACE_SIDE_STYLE ('',( #3775 ) ) ;
#3775 = SURFACE_STYLE_FILL_AREA ( #3776 ) ;
#3776 = FILL_AREA_STYLE ('',( #3783 ) ) ;
#3777 = COLOUR_RGB ( '',0.7529411764705882200, 0.7529411764705882200, 0.7529411764705882200 ) ;
#3778 = FACE_OUTER_BOUND ( 'NONE', #783, .T. ) ;
#3779 = DIRECTION ( 'NONE',  ( 0.0000000000000000000, 0.0000000000000000000, -1.000000000000000000 ) ) ;
#3780 = DIRECTION ( 'NONE',  ( -0.0000000000000000000, -1.000000000000000000, -0.0000000000000000000 ) ) ;
#3781 = AXIS2_PLACEMENT_3D ( 'NONE', #3788, #3780, #3779 ) ;
#3782 = CIRCLE ( 'NONE', #3781, 0.1400333718778851700 ) ;
#3783 = FILL_AREA_STYLE_COLOUR ( '', #3777 ) ;
#3784 = DIRECTION ( 'NONE',  ( 0.0000000000000000000, 0.0000000000000000000, -1.000000000000000000 ) ) ;
#3785 = DIRECTION ( 'NONE',  ( -0.0000000000000000000, -1.000000000000000000, -0.0000000000000000000 ) ) ;
#3786 = CARTESIAN_POINT ( 'NONE',  ( -2.160000000000000100, 1.020000000000000000, 1.094966628200657400 ) ) ;
#3787 = AXIS2_PLACEMENT_3D ( 'NONE', #3786, #3785, #3784 ) ;
#3788 = CARTESIAN_POINT ( 'NONE',  ( -2.160000000000000100, 1.020000000000000000, 1.094966628200657400 ) ) ;
#3789 =( GEOMETRIC_REPRESENTATION_CONTEXT ( 3 ) GLOBAL_UNCERTAINTY_ASSIGNED_CONTEXT ( ( #3790 ) ) GLOBAL_UNIT_ASSIGNED_CONTEXT ( ( #3793, #3792, #3791 ) ) REPRESENTATION_CONTEXT ( 'NONE', 'WORKASPACE' ) );
#3790 = UNCERTAINTY_MEASURE_WITH_UNIT (LENGTH_MEASURE( 1.000000000000000100E-005 ), #3793, 'distance_accuracy_value', 'NONE');
#3791 =( NAMED_UNIT ( * ) SI_UNIT ( $, .STERADIAN. ) SOLID_ANGLE_UNIT ( ) );
#3792 =( NAMED_UNIT ( * ) PLANE_ANGLE_UNIT ( ) SI_UNIT ( $, .RADIAN. ) );
#3793 =( LENGTH_UNIT ( ) NAMED_UNIT ( * ) SI_UNIT ( .MILLI., .METRE. ) );
#3794 = MECHANICAL_DESIGN_GEOMETRIC_PRESENTATION_REPRESENTATION (  '', ( #3796 ), #3789 ) ;
#3795 = PRESENTATION_LAYER_ASSIGNMENT (  '', '', ( #3796 ) ) ;
#3796 = STYLED_ITEM ( 'NONE', ( #3797 ), #791 ) ;
#3797 = PRESENTATION_STYLE_ASSIGNMENT (( #3798 ) ) ;
#3798 = SURFACE_STYLE_USAGE ( .BOTH. , #3799 ) ;
#3799 = SURFACE_SIDE_STYLE ('',( #3800 ) ) ;
#3800 = SURFACE_STYLE_FILL_AREA ( #3801 ) ;
#3801 = FILL_AREA_STYLE ('',( #3802 ) ) ;
#3802 = FILL_AREA_STYLE_COLOUR ( '', #3803 ) ;
#3803 = COLOUR_RGB ( '',0.7529411764705882200, 0.7529411764705882200, 0.7529411764705882200 ) ;
#3804 = DIRECTION ( 'NONE',  ( 0.0000000000000000000, 0.0000000000000000000, -1.000000000000000000 ) ) ;
#3805 = DIRECTION ( 'NONE',  ( -0.0000000000000000000, -1.000000000000000000, -0.0000000000000000000 ) ) ;
#3806 = CARTESIAN_POINT ( 'NONE',  ( -2.160000000000000100, -1.050000000000000000, 1.094966628200657400 ) ) ;
#3807 = AXIS2_PLACEMENT_3D ( 'NONE', #3806, #3805, #3804 ) ;
#3808 = CIRCLE ( 'NONE', #3807, 0.1700333718640275000 ) ;
#3809 = FACE_OUTER_BOUND ( 'NONE', #792, .T. ) ;
#3810 = CARTESIAN_POINT ( 'NONE',  ( -2.160004690100534800, -1.050000000000000000, 1.265000000000000600 ) ) ;
#3811 = DIRECTION ( 'NONE',  ( 0.0000000000000000000, 0.0000000000000000000, -1.000000000000000000 ) ) ;
#3812 = DIRECTION ( 'NONE',  ( -1.000000000000000000, 0.0000000000000000000, 0.0000000000000000000 ) ) ;
#3813 = CARTESIAN_POINT ( 'NONE',  ( -2.160004690100534800, -1.020000000000000000, 1.265000000000000600 ) ) ;
#3814 = AXIS2_PLACEMENT_3D ( 'NONE', #3813, #3812, #3811 ) ;
#3815 = DIRECTION ( 'NONE',  ( 0.0000000000000000000, 0.0000000000000000000, -1.000000000000000000 ) ) ;
#3816 = DIRECTION ( 'NONE',  ( -0.0000000000000000000, -1.000000000000000000, -0.0000000000000000000 ) ) ;
#3817 = AXIS2_PLACEMENT_3D ( 'NONE', #3763, #3816, #3815 ) ;
#3818 = PLANE ( 'NONE',  #3871 ) ;
#3819 =( GEOMETRIC_REPRESENTATION_CONTEXT ( 3 ) GLOBAL_UNCERTAINTY_ASSIGNED_CONTEXT ( ( #3820 ) ) GLOBAL_UNIT_ASSIGNED_CONTEXT ( ( #3823, #3822, #3821 ) ) REPRESENTATION_CONTEXT ( 'NONE', 'WORKASPACE' ) );
#3820 = UNCERTAINTY_MEASURE_WITH_UNIT (LENGTH_MEASURE( 1.000000000000000100E-005 ), #3823, 'distance_accuracy_value', 'NONE');
#3821 =( NAMED_UNIT ( * ) SI_UNIT ( $, .STERADIAN. ) SOLID_ANGLE_UNIT ( ) );
#3822 =( NAMED_UNIT ( * ) PLANE_ANGLE_UNIT ( ) SI_UNIT ( $, .RADIAN. ) );
#3823 =( LENGTH_UNIT ( ) NAMED_UNIT ( * ) SI_UNIT ( .MILLI., .METRE. ) );
#3824 = MECHANICAL_DESIGN_GEOMETRIC_PRESENTATION_REPRESENTATION (  '', ( #3826 ), #3819 ) ;
#3825 = PRESENTATION_LAYER_ASSIGNMENT (  '', '', ( #3826 ) ) ;
#3826 = STYLED_ITEM ( 'NONE', ( #3827 ), #799 ) ;
#3827 = PRESENTATION_STYLE_ASSIGNMENT (( #3828 ) ) ;
#3828 = SURFACE_STYLE_USAGE ( .BOTH. , #3829 ) ;
#3829 = SURFACE_SIDE_STYLE ('',( #3830 ) ) ;
#3830 = SURFACE_STYLE_FILL_AREA ( #3831 ) ;
#3831 = FILL_AREA_STYLE ('',( #3838 ) ) ;
#3832 = COLOUR_RGB ( '',0.7529411764705882200, 0.7529411764705882200, 0.7529411764705882200 ) ;
#3833 = FACE_OUTER_BOUND ( 'NONE', #800, .T. ) ;
#3834 = DIRECTION ( 'NONE',  ( 1.000000000000000000, -0.0000000000000000000, -0.0000000000000000000 ) ) ;
#3835 = VECTOR ( 'NONE', #3834, 1000.000000000000000 ) ;
#3836 = CARTESIAN_POINT ( 'NONE',  ( -2.160004690100534800, -1.050000000000000000, 1.265000000000000600 ) ) ;
#3837 = LINE ( 'NONE', #3836, #3835 ) ;
#3838 = FILL_AREA_STYLE_COLOUR ( '', #3832 ) ;
#3839 = DIRECTION ( 'NONE',  ( 0.0000000000000000000, 0.0000000000000000000, -1.000000000000000000 ) ) ;
#3840 = DIRECTION ( 'NONE',  ( -0.0000000000000000000, -1.000000000000000000, -0.0000000000000000000 ) ) ;
#3841 = CARTESIAN_POINT ( 'NONE',  ( -2.160000000000000100, -1.020000000000000000, 1.094966628200657400 ) ) ;
#3842 = AXIS2_PLACEMENT_3D ( 'NONE', #3841, #3840, #3839 ) ;
#3843 = TOROIDAL_SURFACE ( 'NONE', #3842, 0.4100333718261662800, 0.03000000000000018600 ) ;
#3844 =( GEOMETRIC_REPRESENTATION_CONTEXT ( 3 ) GLOBAL_UNCERTAINTY_ASSIGNED_CONTEXT ( ( #3845 ) ) GLOBAL_UNIT_ASSIGNED_CONTEXT ( ( #3848, #3847, #3846 ) ) REPRESENTATION_CONTEXT ( 'NONE', 'WORKASPACE' ) );
#3845 = UNCERTAINTY_MEASURE_WITH_UNIT (LENGTH_MEASURE( 1.000000000000000100E-005 ), #3848, 'distance_accuracy_value', 'NONE');
#3846 =( NAMED_UNIT ( * ) SI_UNIT ( $, .STERADIAN. ) SOLID_ANGLE_UNIT ( ) );
#3847 =( NAMED_UNIT ( * ) PLANE_ANGLE_UNIT ( ) SI_UNIT ( $, .RADIAN. ) );
#3848 =( LENGTH_UNIT ( ) NAMED_UNIT ( * ) SI_UNIT ( .MILLI., .METRE. ) );
#3849 = MECHANICAL_DESIGN_GEOMETRIC_PRESENTATION_REPRESENTATION (  '', ( #3851 ), #3844 ) ;
#3850 = PRESENTATION_LAYER_ASSIGNMENT (  '', '', ( #3851 ) ) ;
#3851 = STYLED_ITEM ( 'NONE', ( #3852 ), #809 ) ;
#3852 = PRESENTATION_STYLE_ASSIGNMENT (( #3853 ) ) ;
#3853 = SURFACE_STYLE_USAGE ( .BOTH. , #3854 ) ;
#3854 = SURFACE_SIDE_STYLE ('',( #3855 ) ) ;
#3855 = SURFACE_STYLE_FILL_AREA ( #3856 ) ;
#3856 = FILL_AREA_STYLE ('',( #3862 ) ) ;
#3857 = COLOUR_RGB ( '',0.7529411764705882200, 0.7529411764705882200, 0.7529411764705882200 ) ;
#3858 = FACE_OUTER_BOUND ( 'NONE', #810, .T. ) ;
#3859 = DIRECTION ( 'NONE',  ( 1.000000000000000000, -0.0000000000000000000, -0.0000000000000000000 ) ) ;
#3860 = VECTOR ( 'NONE', #3859, 1000.000000000000000 ) ;
#3861 = CARTESIAN_POINT ( 'NONE',  ( -2.160004690100534800, 1.050000000000000000, 1.265000000000000300 ) ) ;
#3862 = FILL_AREA_STYLE_COLOUR ( '', #3857 ) ;
#3863 = LINE ( 'NONE', #3861, #3860 ) ;
#3864 = DIRECTION ( 'NONE',  ( 1.000000000000000000, -0.0000000000000000000, -0.0000000000000000000 ) ) ;
#3865 = VECTOR ( 'NONE', #3864, 1000.000000000000000 ) ;
#3866 = CARTESIAN_POINT ( 'NONE',  ( -2.160004690100534800, -1.050000000000000000, 1.505000000000000300 ) ) ;
#3867 = LINE ( 'NONE', #3866, #3865 ) ;
#3868 = DIRECTION ( 'NONE',  ( 0.0000000000000000000, 0.0000000000000000000, 1.000000000000000000 ) ) ;
#3869 = DIRECTION ( 'NONE',  ( 0.0000000000000000000, 1.000000000000000000, -0.0000000000000000000 ) ) ;
#3870 = CARTESIAN_POINT ( 'NONE',  ( -2.160004690100534800, -1.050000000000000000, 1.265000000000000600 ) ) ;
#3871 = AXIS2_PLACEMENT_3D ( 'NONE', #3870, #3869, #3868 ) ;
#3872 = AXIS2_PLACEMENT_3D ( 'NONE', #3874, #3927, #3926 ) ;
#3873 = CYLINDRICAL_SURFACE ( 'NONE', #3872, 0.03000000000000007900 ) ;
#3874 = CARTESIAN_POINT ( 'NONE',  ( -2.160004690100534800, -1.020000000000000000, 1.265000000000000600 ) ) ;
#3875 =( GEOMETRIC_REPRESENTATION_CONTEXT ( 3 ) GLOBAL_UNCERTAINTY_ASSIGNED_CONTEXT ( ( #3876 ) ) GLOBAL_UNIT_ASSIGNED_CONTEXT ( ( #3879, #3878, #3877 ) ) REPRESENTATION_CONTEXT ( 'NONE', 'WORKASPACE' ) );
#3876 = UNCERTAINTY_MEASURE_WITH_UNIT (LENGTH_MEASURE( 1.000000000000000100E-005 ), #3879, 'distance_accuracy_value', 'NONE');
#3877 =( NAMED_UNIT ( * ) SI_UNIT ( $, .STERADIAN. ) SOLID_ANGLE_UNIT ( ) );
#3878 =( NAMED_UNIT ( * ) PLANE_ANGLE_UNIT ( ) SI_UNIT ( $, .RADIAN. ) );
#3879 =( LENGTH_UNIT ( ) NAMED_UNIT ( * ) SI_UNIT ( .MILLI., .METRE. ) );
#3880 = MECHANICAL_DESIGN_GEOMETRIC_PRESENTATION_REPRESENTATION (  '', ( #3882 ), #3875 ) ;
#3881 = PRESENTATION_LAYER_ASSIGNMENT (  '', '', ( #3882 ) ) ;
#3882 = STYLED_ITEM ( 'NONE', ( #3883 ), #816 ) ;
#3883 = PRESENTATION_STYLE_ASSIGNMENT (( #3884 ) ) ;
#3884 = SURFACE_STYLE_USAGE ( .BOTH. , #3885 ) ;
#3885 = SURFACE_SIDE_STYLE ('',( #3886 ) ) ;
#3886 = SURFACE_STYLE_FILL_AREA ( #3887 ) ;
#3887 = FILL_AREA_STYLE ('',( #3894 ) ) ;
#3888 = COLOUR_RGB ( '',0.7529411764705882200, 0.7529411764705882200, 0.7529411764705882200 ) ;
#3889 = FACE_OUTER_BOUND ( 'NONE', #817, .T. ) ;
#3890 = DIRECTION ( 'NONE',  ( 1.000000000000000000, -0.0000000000000000000, -0.0000000000000000000 ) ) ;
#3891 = VECTOR ( 'NONE', #3890, 1000.000000000000000 ) ;
#3892 = CARTESIAN_POINT ( 'NONE',  ( -2.160004690100534800, -1.020000000000000000, 1.235000000000000300 ) ) ;
#3893 = LINE ( 'NONE', #3892, #3891 ) ;
#3894 = FILL_AREA_STYLE_COLOUR ( '', #3888 ) ;
#3895 = DIRECTION ( 'NONE',  ( 1.000000000000000000, 0.0000000000000000000, -0.0000000000000000000 ) ) ;
#3896 = DIRECTION ( 'NONE',  ( 0.0000000000000000000, 0.0000000000000000000, 1.000000000000000000 ) ) ;
#3897 = AXIS2_PLACEMENT_3D ( 'NONE', #3898, #3896, #3895 ) ;
#3898 = CARTESIAN_POINT ( 'NONE',  ( -2.160004690100534800, 1.020000000000000000, 1.235000000000000300 ) ) ;
#3899 = PLANE ( 'NONE',  #3897 ) ;
#3900 =( GEOMETRIC_REPRESENTATION_CONTEXT ( 3 ) GLOBAL_UNCERTAINTY_ASSIGNED_CONTEXT ( ( #3901 ) ) GLOBAL_UNIT_ASSIGNED_CONTEXT ( ( #3904, #3903, #3902 ) ) REPRESENTATION_CONTEXT ( 'NONE', 'WORKASPACE' ) );
#3901 = UNCERTAINTY_MEASURE_WITH_UNIT (LENGTH_MEASURE( 1.000000000000000100E-005 ), #3904, 'distance_accuracy_value', 'NONE');
#3902 =( NAMED_UNIT ( * ) SI_UNIT ( $, .STERADIAN. ) SOLID_ANGLE_UNIT ( ) );
#3903 =( NAMED_UNIT ( * ) PLANE_ANGLE_UNIT ( ) SI_UNIT ( $, .RADIAN. ) );
#3904 =( LENGTH_UNIT ( ) NAMED_UNIT ( * ) SI_UNIT ( .MILLI., .METRE. ) );
#3905 = MECHANICAL_DESIGN_GEOMETRIC_PRESENTATION_REPRESENTATION (  '', ( #3907 ), #3900 ) ;
#3906 = PRESENTATION_LAYER_ASSIGNMENT (  '', '', ( #3907 ) ) ;
#3907 = STYLED_ITEM ( 'NONE', ( #3908 ), #826 ) ;
#3908 = PRESENTATION_STYLE_ASSIGNMENT (( #3909 ) ) ;
#3909 = SURFACE_STYLE_USAGE ( .BOTH. , #3910 ) ;
#3910 = SURFACE_SIDE_STYLE ('',( #3911 ) ) ;
#3911 = SURFACE_STYLE_FILL_AREA ( #3912 ) ;
#3912 = FILL_AREA_STYLE ('',( #3920 ) ) ;
#3913 = COLOUR_RGB ( '',0.7529411764705882200, 0.7529411764705882200, 0.7529411764705882200 ) ;
#3914 = FACE_OUTER_BOUND ( 'NONE', #827, .T. ) ;
#3915 = DIRECTION ( 'NONE',  ( 0.0000000000000000000, 0.0000000000000000000, -1.000000000000000000 ) ) ;
#3916 = DIRECTION ( 'NONE',  ( -0.0000000000000000000, -1.000000000000000000, -0.0000000000000000000 ) ) ;
#3917 = CARTESIAN_POINT ( 'NONE',  ( -2.160000000000000100, 1.050000000000000000, 1.094966628200657400 ) ) ;
#3918 = AXIS2_PLACEMENT_3D ( 'NONE', #3917, #3916, #3915 ) ;
#3919 = CIRCLE ( 'NONE', #3918, 0.1700333718640273100 ) ;
#3920 = FILL_AREA_STYLE_COLOUR ( '', #3913 ) ;
#3921 = CARTESIAN_POINT ( 'NONE',  ( -2.160004690100534800, 1.050000000000000000, 1.265000000000000300 ) ) ;
#3922 = DIRECTION ( 'NONE',  ( 0.0000000000000000000, 0.0000000000000000000, -1.000000000000000000 ) ) ;
#3923 = DIRECTION ( 'NONE',  ( -1.000000000000000000, 0.0000000000000000000, 0.0000000000000000000 ) ) ;
#3924 = CARTESIAN_POINT ( 'NONE',  ( -2.160004690100534800, 1.020000000000000000, 1.265000000000000300 ) ) ;
#3925 = AXIS2_PLACEMENT_3D ( 'NONE', #3924, #3923, #3922 ) ;
#3926 = DIRECTION ( 'NONE',  ( 0.0000000000000000000, 0.0000000000000000000, -1.000000000000000000 ) ) ;
#3927 = DIRECTION ( 'NONE',  ( 1.000000000000000000, -0.0000000000000000000, -0.0000000000000000000 ) ) ;
#3928 = CIRCLE ( 'NONE', #3925, 0.02999999999999986000 ) ;
#3929 = TOROIDAL_SURFACE ( 'NONE', #3979, 0.4100333718261660600, 0.03000000000000018600 ) ;
#3930 =( GEOMETRIC_REPRESENTATION_CONTEXT ( 3 ) GLOBAL_UNCERTAINTY_ASSIGNED_CONTEXT ( ( #3931 ) ) GLOBAL_UNIT_ASSIGNED_CONTEXT ( ( #3934, #3933, #3932 ) ) REPRESENTATION_CONTEXT ( 'NONE', 'WORKASPACE' ) );
#3931 = UNCERTAINTY_MEASURE_WITH_UNIT (LENGTH_MEASURE( 1.000000000000000100E-005 ), #3934, 'distance_accuracy_value', 'NONE');
#3932 =( NAMED_UNIT ( * ) SI_UNIT ( $, .STERADIAN. ) SOLID_ANGLE_UNIT ( ) );
#3933 =( NAMED_UNIT ( * ) PLANE_ANGLE_UNIT ( ) SI_UNIT ( $, .RADIAN. ) );
#3934 =( LENGTH_UNIT ( ) NAMED_UNIT ( * ) SI_UNIT ( .MILLI., .METRE. ) );
#3935 = MECHANICAL_DESIGN_GEOMETRIC_PRESENTATION_REPRESENTATION (  '', ( #3937 ), #3930 ) ;
#3936 = PRESENTATION_LAYER_ASSIGNMENT (  '', '', ( #3937 ) ) ;
#3937 = STYLED_ITEM ( 'NONE', ( #3938 ), #833 ) ;
#3938 = PRESENTATION_STYLE_ASSIGNMENT (( #3939 ) ) ;
#3939 = SURFACE_STYLE_USAGE ( .BOTH. , #3940 ) ;
#3940 = SURFACE_SIDE_STYLE ('',( #3941 ) ) ;
#3941 = SURFACE_STYLE_FILL_AREA ( #3942 ) ;
#3942 = FILL_AREA_STYLE ('',( #3949 ) ) ;
#3943 = COLOUR_RGB ( '',0.7529411764705882200, 0.7529411764705882200, 0.7529411764705882200 ) ;
#3944 = FACE_OUTER_BOUND ( 'NONE', #755, .T. ) ;
#3945 = DIRECTION ( 'NONE',  ( 1.000000000000000000, -0.0000000000000000000, -0.0000000000000000000 ) ) ;
#3946 = VECTOR ( 'NONE', #3945, 1000.000000000000000 ) ;
#3947 = CARTESIAN_POINT ( 'NONE',  ( -2.160004690100534800, 1.020000000000000000, 1.235000000000000300 ) ) ;
#3948 = LINE ( 'NONE', #3947, #3946 ) ;
#3949 = FILL_AREA_STYLE_COLOUR ( '', #3943 ) ;
#3950 = DIRECTION ( 'NONE',  ( 0.0000000000000000000, 0.0000000000000000000, -1.000000000000000000 ) ) ;
#3951 = DIRECTION ( 'NONE',  ( 1.000000000000000000, -0.0000000000000000000, -0.0000000000000000000 ) ) ;
#3952 = AXIS2_PLACEMENT_3D ( 'NONE', #3954, #3951, #3950 ) ;
#3953 = CYLINDRICAL_SURFACE ( 'NONE', #3952, 0.02999999999999986000 ) ;
#3954 = CARTESIAN_POINT ( 'NONE',  ( -2.160004690100534800, 1.020000000000000000, 1.265000000000000300 ) ) ;
#3955 = LINE ( 'NONE', #4012, #4011 ) ;
#3956 = FILL_AREA_STYLE_COLOUR ( '', #4008 ) ;
#3957 = DIRECTION ( 'NONE',  ( 0.0000000000000000000, 0.0000000000000000000, -1.000000000000000000 ) ) ;
#3958 = DIRECTION ( 'NONE',  ( 1.000000000000000000, -0.0000000000000000000, -0.0000000000000000000 ) ) ;
#3959 = AXIS2_PLACEMENT_3D ( 'NONE', #3961, #3958, #3957 ) ;
#3960 = CYLINDRICAL_SURFACE ( 'NONE', #3959, 0.03000000000000029700 ) ;
#3961 = CARTESIAN_POINT ( 'NONE',  ( -2.160004690100534800, 1.020000000000000000, 1.505000000000000100 ) ) ;
#3962 =( GEOMETRIC_REPRESENTATION_CONTEXT ( 3 ) GLOBAL_UNCERTAINTY_ASSIGNED_CONTEXT ( ( #3963 ) ) GLOBAL_UNIT_ASSIGNED_CONTEXT ( ( #3966, #3965, #3964 ) ) REPRESENTATION_CONTEXT ( 'NONE', 'WORKASPACE' ) );
#3963 = UNCERTAINTY_MEASURE_WITH_UNIT (LENGTH_MEASURE( 1.000000000000000100E-005 ), #3966, 'distance_accuracy_value', 'NONE');
#3964 =( NAMED_UNIT ( * ) SI_UNIT ( $, .STERADIAN. ) SOLID_ANGLE_UNIT ( ) );
#3965 =( NAMED_UNIT ( * ) PLANE_ANGLE_UNIT ( ) SI_UNIT ( $, .RADIAN. ) );
#3966 =( LENGTH_UNIT ( ) NAMED_UNIT ( * ) SI_UNIT ( .MILLI., .METRE. ) );
#3967 = MECHANICAL_DESIGN_GEOMETRIC_PRESENTATION_REPRESENTATION (  '', ( #3969 ), #3962 ) ;
#3968 = PRESENTATION_LAYER_ASSIGNMENT (  '', '', ( #3969 ) ) ;
#3969 = STYLED_ITEM ( 'NONE', ( #3970 ), #839 ) ;
#3970 = PRESENTATION_STYLE_ASSIGNMENT (( #3971 ) ) ;
#3971 = SURFACE_STYLE_USAGE ( .BOTH. , #3972 ) ;
#3972 = SURFACE_SIDE_STYLE ('',( #3973 ) ) ;
#3973 = SURFACE_STYLE_FILL_AREA ( #3974 ) ;
#3974 = FILL_AREA_STYLE ('',( #3981 ) ) ;
#3975 = COLOUR_RGB ( '',0.7529411764705882200, 0.7529411764705882200, 0.7529411764705882200 ) ;
#3976 = DIRECTION ( 'NONE',  ( 0.0000000000000000000, 0.0000000000000000000, -1.000000000000000000 ) ) ;
#3977 = DIRECTION ( 'NONE',  ( -0.0000000000000000000, -1.000000000000000000, -0.0000000000000000000 ) ) ;
#3978 = CARTESIAN_POINT ( 'NONE',  ( -2.160000000000000100, 1.020000000000000000, 1.094966628200657400 ) ) ;
#3979 = AXIS2_PLACEMENT_3D ( 'NONE', #3978, #3977, #3976 ) ;
#3980 = FACE_OUTER_BOUND ( 'NONE', #840, .T. ) ;
#3981 = FILL_AREA_STYLE_COLOUR ( '', #3975 ) ;
#3982 = FILL_AREA_STYLE ('',( #3988 ) ) ;
#3983 = COLOUR_RGB ( '',0.7529411764705882200, 0.7529411764705882200, 0.7529411764705882200 ) ;
#3984 = FACE_OUTER_BOUND ( 'NONE', #857, .T. ) ;
#3985 = DIRECTION ( 'NONE',  ( 1.000000000000000000, -0.0000000000000000000, -0.0000000000000000000 ) ) ;
#3986 = VECTOR ( 'NONE', #3985, 1000.000000000000000 ) ;
#3987 = CARTESIAN_POINT ( 'NONE',  ( -2.160004690100534800, -1.020000000000000000, 1.535000000000000400 ) ) ;
#3988 = FILL_AREA_STYLE_COLOUR ( '', #3983 ) ;
#3989 = DIRECTION ( 'NONE',  ( 0.0000000000000000000, -9.035018104045878800E-016, -1.000000000000000000 ) ) ;
#3990 = DIRECTION ( 'NONE',  ( 0.0000000000000000000, -1.000000000000000000, 9.035018104045878800E-016 ) ) ;
#3991 = CARTESIAN_POINT ( 'NONE',  ( -2.160004690100534800, 1.050000000000000000, 1.265000000000000300 ) ) ;
#3992 = AXIS2_PLACEMENT_3D ( 'NONE', #3991, #3990, #3989 ) ;
#3993 = LINE ( 'NONE', #3987, #3986 ) ;
#3994 = PLANE ( 'NONE',  #3992 ) ;
#3995 =( GEOMETRIC_REPRESENTATION_CONTEXT ( 3 ) GLOBAL_UNCERTAINTY_ASSIGNED_CONTEXT ( ( #3996 ) ) GLOBAL_UNIT_ASSIGNED_CONTEXT ( ( #3999, #3998, #3997 ) ) REPRESENTATION_CONTEXT ( 'NONE', 'WORKASPACE' ) );
#3996 = UNCERTAINTY_MEASURE_WITH_UNIT (LENGTH_MEASURE( 1.000000000000000100E-005 ), #3999, 'distance_accuracy_value', 'NONE');
#3997 =( NAMED_UNIT ( * ) SI_UNIT ( $, .STERADIAN. ) SOLID_ANGLE_UNIT ( ) );
#3998 =( NAMED_UNIT ( * ) PLANE_ANGLE_UNIT ( ) SI_UNIT ( $, .RADIAN. ) );
#3999 =( LENGTH_UNIT ( ) NAMED_UNIT ( * ) SI_UNIT ( .MILLI., .METRE. ) );
#4000 = MECHANICAL_DESIGN_GEOMETRIC_PRESENTATION_REPRESENTATION (  '', ( #4002 ), #3995 ) ;
#4001 = PRESENTATION_LAYER_ASSIGNMENT (  '', '', ( #4002 ) ) ;
#4002 = STYLED_ITEM ( 'NONE', ( #4003 ), #846 ) ;
#4003 = PRESENTATION_STYLE_ASSIGNMENT (( #4004 ) ) ;
#4004 = SURFACE_STYLE_USAGE ( .BOTH. , #4005 ) ;
#4005 = SURFACE_SIDE_STYLE ('',( #4006 ) ) ;
#4006 = SURFACE_STYLE_FILL_AREA ( #4007 ) ;
#4007 = FILL_AREA_STYLE ('',( #3956 ) ) ;
#4008 = COLOUR_RGB ( '',0.7529411764705882200, 0.7529411764705882200, 0.7529411764705882200 ) ;
#4009 = FACE_OUTER_BOUND ( 'NONE', #847, .T. ) ;
#4010 = DIRECTION ( 'NONE',  ( 1.000000000000000000, -0.0000000000000000000, -0.0000000000000000000 ) ) ;
#4011 = VECTOR ( 'NONE', #4010, 1000.000000000000000 ) ;
#4012 = CARTESIAN_POINT ( 'NONE',  ( -2.160004690100534800, 1.050000000000000000, 1.505000000000000100 ) ) ;
#4013 = FACE_OUTER_BOUND ( 'NONE', #873, .T. ) ;
#4014 = DIRECTION ( 'NONE',  ( -1.224646799147353200E-016, 0.0000000000000000000, -1.000000000000000000 ) ) ;
#4015 = VECTOR ( 'NONE', #4014, 1000.000000000000000 ) ;
#4016 = CARTESIAN_POINT ( 'NONE',  ( -1.429995309899464700, -1.050000000000000000, 0.2699666282006572000 ) ) ;
#4017 = FILL_AREA_STYLE_COLOUR ( '', #4070 ) ;
#4018 = LINE ( 'NONE', #4016, #4015 ) ;
#4019 = DIRECTION ( 'NONE',  ( 1.000000000000000000, -0.0000000000000000000, -0.0000000000000000000 ) ) ;
#4020 = VECTOR ( 'NONE', #4019, 1000.000000000000000 ) ;
#4021 = CARTESIAN_POINT ( 'NONE',  ( -2.160004690100534800, 1.020000000000000000, 1.535000000000000100 ) ) ;
#4022 = DIRECTION ( 'NONE',  ( 0.0000000000000000000, 1.000000000000000000, -2.125886612716675300E-016 ) ) ;
#4023 = DIRECTION ( 'NONE',  ( 0.0000000000000000000, -2.125886612716675300E-016, -1.000000000000000000 ) ) ;
#4024 = CARTESIAN_POINT ( 'NONE',  ( -2.160004690100534800, 1.020000000000000000, 1.535000000000000100 ) ) ;
#4025 = AXIS2_PLACEMENT_3D ( 'NONE', #4024, #4023, #4022 ) ;
#4026 = LINE ( 'NONE', #4021, #4020 ) ;
#4027 = PLANE ( 'NONE',  #4025 ) ;
#4028 =( GEOMETRIC_REPRESENTATION_CONTEXT ( 3 ) GLOBAL_UNCERTAINTY_ASSIGNED_CONTEXT ( ( #4029 ) ) GLOBAL_UNIT_ASSIGNED_CONTEXT ( ( #4032, #4031, #4030 ) ) REPRESENTATION_CONTEXT ( 'NONE', 'WORKASPACE' ) );
#4029 = UNCERTAINTY_MEASURE_WITH_UNIT (LENGTH_MEASURE( 1.000000000000000100E-005 ), #4032, 'distance_accuracy_value', 'NONE');
#4030 =( NAMED_UNIT ( * ) SI_UNIT ( $, .STERADIAN. ) SOLID_ANGLE_UNIT ( ) );
#4031 =( NAMED_UNIT ( * ) PLANE_ANGLE_UNIT ( ) SI_UNIT ( $, .RADIAN. ) );
#4032 =( LENGTH_UNIT ( ) NAMED_UNIT ( * ) SI_UNIT ( .MILLI., .METRE. ) );
#4033 = MECHANICAL_DESIGN_GEOMETRIC_PRESENTATION_REPRESENTATION (  '', ( #4035 ), #4028 ) ;
#4034 = PRESENTATION_LAYER_ASSIGNMENT (  '', '', ( #4035 ) ) ;
#4035 = STYLED_ITEM ( 'NONE', ( #4036 ), #856 ) ;
#4036 = PRESENTATION_STYLE_ASSIGNMENT (( #4037 ) ) ;
#4037 = SURFACE_STYLE_USAGE ( .BOTH. , #4038 ) ;
#4038 = SURFACE_SIDE_STYLE ('',( #4039 ) ) ;
#4039 = SURFACE_STYLE_FILL_AREA ( #3982 ) ;
#4040 =( LENGTH_UNIT ( ) NAMED_UNIT ( * ) SI_UNIT ( .MILLI., .METRE. ) );
#4041 = MECHANICAL_DESIGN_GEOMETRIC_PRESENTATION_REPRESENTATION (  '', ( #4043 ), #4091 ) ;
#4042 = PRESENTATION_LAYER_ASSIGNMENT (  '', '', ( #4043 ) ) ;
#4043 = STYLED_ITEM ( 'NONE', ( #4044 ), #875 ) ;
#4044 = PRESENTATION_STYLE_ASSIGNMENT (( #4045 ) ) ;
#4045 = SURFACE_STYLE_USAGE ( .BOTH. , #4046 ) ;
#4046 = SURFACE_SIDE_STYLE ('',( #4047 ) ) ;
#4047 = SURFACE_STYLE_FILL_AREA ( #4048 ) ;
#4048 = FILL_AREA_STYLE ('',( #4055 ) ) ;
#4049 = COLOUR_RGB ( '',0.7529411764705882200, 0.7529411764705882200, 0.7529411764705882200 ) ;
#4050 = DIRECTION ( 'NONE',  ( 0.0000000000000000000, 0.0000000000000000000, -1.000000000000000000 ) ) ;
#4051 = DIRECTION ( 'NONE',  ( 1.000000000000000000, -0.0000000000000000000, -0.0000000000000000000 ) ) ;
#4052 = AXIS2_PLACEMENT_3D ( 'NONE', #4056, #4051, #4050 ) ;
#4053 = CYLINDRICAL_SURFACE ( 'NONE', #4052, 0.03000000000000007900 ) ;
#4054 = FACE_OUTER_BOUND ( 'NONE', #876, .T. ) ;
#4055 = FILL_AREA_STYLE_COLOUR ( '', #4049 ) ;
#4056 = CARTESIAN_POINT ( 'NONE',  ( -2.160004690100534800, -1.020000000000000000, 1.505000000000000300 ) ) ;
#4057 =( GEOMETRIC_REPRESENTATION_CONTEXT ( 3 ) GLOBAL_UNCERTAINTY_ASSIGNED_CONTEXT ( ( #4058 ) ) GLOBAL_UNIT_ASSIGNED_CONTEXT ( ( #4061, #4060, #4059 ) ) REPRESENTATION_CONTEXT ( 'NONE', 'WORKASPACE' ) );
#4058 = UNCERTAINTY_MEASURE_WITH_UNIT (LENGTH_MEASURE( 1.000000000000000100E-005 ), #4061, 'distance_accuracy_value', 'NONE');
#4059 =( NAMED_UNIT ( * ) SI_UNIT ( $, .STERADIAN. ) SOLID_ANGLE_UNIT ( ) );
#4060 =( NAMED_UNIT ( * ) PLANE_ANGLE_UNIT ( ) SI_UNIT ( $, .RADIAN. ) );
#4061 =( LENGTH_UNIT ( ) NAMED_UNIT ( * ) SI_UNIT ( .MILLI., .METRE. ) );
#4062 = MECHANICAL_DESIGN_GEOMETRIC_PRESENTATION_REPRESENTATION (  '', ( #4064 ), #4057 ) ;
#4063 = PRESENTATION_LAYER_ASSIGNMENT (  '', '', ( #4064 ) ) ;
#4064 = STYLED_ITEM ( 'NONE', ( #4065 ), #872 ) ;
#4065 = PRESENTATION_STYLE_ASSIGNMENT (( #4066 ) ) ;
#4066 = SURFACE_STYLE_USAGE ( .BOTH. , #4067 ) ;
#4067 = SURFACE_SIDE_STYLE ('',( #4068 ) ) ;
#4068 = SURFACE_STYLE_FILL_AREA ( #4069 ) ;
#4069 = FILL_AREA_STYLE ('',( #4017 ) ) ;
#4070 = COLOUR_RGB ( '',0.7529411764705882200, 0.7529411764705882200, 0.7529411764705882200 ) ;
#4071 = DIRECTION ( 'NONE',  ( 1.000000000000000000, 0.0000000000000000000, 1.224646799147353200E-016 ) ) ;
#4072 = CARTESIAN_POINT ( 'NONE',  ( 2.159995309899464600, 1.020000000000000000, 0.02996662820065748600 ) ) ;
#4073 = AXIS2_PLACEMENT_3D ( 'NONE', #4072, #4071, #4126 ) ;
#4074 = CIRCLE ( 'NONE', #4073, 0.03000000000000018600 ) ;
#4075 = CARTESIAN_POINT ( 'NONE',  ( 1.429995309899464700, -1.050000000000000000, 0.02996662820065743000 ) ) ;
#4076 = DIRECTION ( 'NONE',  ( -1.000000000000000000, 0.0000000000000000000, -7.426042277297976500E-017 ) ) ;
#4077 = VECTOR ( 'NONE', #4076, 1000.000000000000000 ) ;
#4078 = CARTESIAN_POINT ( 'NONE',  ( 2.159995309899464600, -1.050000000000000000, 0.02996662820065748600 ) ) ;
#4079 = LINE ( 'NONE', #4078, #4077 ) ;
#4080 = CARTESIAN_POINT ( 'NONE',  ( 2.159995309899464600, -1.050000000000000000, 0.02996662820065748600 ) ) ;
#4081 = DIRECTION ( 'NONE',  ( 0.0000000000000000000, 0.0000000000000000000, -1.000000000000000000 ) ) ;
#4082 = DIRECTION ( 'NONE',  ( 1.000000000000000000, 0.0000000000000000000, 1.224646799147353200E-016 ) ) ;
#4083 = CARTESIAN_POINT ( 'NONE',  ( 2.159995309899464600, -1.020000000000000000, 0.02996662820065748600 ) ) ;
#4084 = AXIS2_PLACEMENT_3D ( 'NONE', #4083, #4082, #4081 ) ;
#4085 = DIRECTION ( 'NONE',  ( 0.0000000000000000000, 0.0000000000000000000, 1.000000000000000000 ) ) ;
#4086 = DIRECTION ( 'NONE',  ( -1.000000000000000000, 0.0000000000000000000, -7.426042277297976500E-017 ) ) ;
#4087 = AXIS2_PLACEMENT_3D ( 'NONE', #4090, #4086, #4085 ) ;
#4088 = CYLINDRICAL_SURFACE ( 'NONE', #4087, 0.03000000000000018600 ) ;
#4089 = CIRCLE ( 'NONE', #4084, 0.03000000000000018600 ) ;
#4090 = CARTESIAN_POINT ( 'NONE',  ( 2.159995309899464600, -1.020000000000000000, 0.02996662820065748600 ) ) ;
#4091 =( GEOMETRIC_REPRESENTATION_CONTEXT ( 3 ) GLOBAL_UNCERTAINTY_ASSIGNED_CONTEXT ( ( #4092 ) ) GLOBAL_UNIT_ASSIGNED_CONTEXT ( ( #4040, #5248, #4093 ) ) REPRESENTATION_CONTEXT ( 'NONE', 'WORKASPACE' ) );
#4092 = UNCERTAINTY_MEASURE_WITH_UNIT (LENGTH_MEASURE( 1.000000000000000100E-005 ), #4040, 'distance_accuracy_value', 'NONE');
#4093 =( NAMED_UNIT ( * ) SI_UNIT ( $, .STERADIAN. ) SOLID_ANGLE_UNIT ( ) );
#4094 = UNCERTAINTY_MEASURE_WITH_UNIT (LENGTH_MEASURE( 1.000000000000000100E-005 ), #4097, 'distance_accuracy_value', 'NONE');
#4095 =( NAMED_UNIT ( * ) SI_UNIT ( $, .STERADIAN. ) SOLID_ANGLE_UNIT ( ) );
#4096 =( NAMED_UNIT ( * ) PLANE_ANGLE_UNIT ( ) SI_UNIT ( $, .RADIAN. ) );
#4097 =( LENGTH_UNIT ( ) NAMED_UNIT ( * ) SI_UNIT ( .MILLI., .METRE. ) );
#4098 = MECHANICAL_DESIGN_GEOMETRIC_PRESENTATION_REPRESENTATION (  '', ( #4100 ), #4152 ) ;
#4099 = PRESENTATION_LAYER_ASSIGNMENT (  '', '', ( #4100 ) ) ;
#4100 = STYLED_ITEM ( 'NONE', ( #4101 ), #895 ) ;
#4101 = PRESENTATION_STYLE_ASSIGNMENT (( #4102 ) ) ;
#4102 = SURFACE_STYLE_USAGE ( .BOTH. , #4103 ) ;
#4103 = SURFACE_SIDE_STYLE ('',( #4104 ) ) ;
#4104 = SURFACE_STYLE_FILL_AREA ( #4105 ) ;
#4105 = FILL_AREA_STYLE ('',( #4112 ) ) ;
#4106 = COLOUR_RGB ( '',0.7529411764705882200, 0.7529411764705882200, 0.7529411764705882200 ) ;
#4107 = FACE_OUTER_BOUND ( 'NONE', #896, .T. ) ;
#4108 = DIRECTION ( 'NONE',  ( -1.000000000000000000, 0.0000000000000000000, -7.426042277297976500E-017 ) ) ;
#4109 = VECTOR ( 'NONE', #4108, 1000.000000000000000 ) ;
#4110 = CARTESIAN_POINT ( 'NONE',  ( 2.159995309899464600, 1.050000000000000000, 0.02996662820065748600 ) ) ;
#4111 = LINE ( 'NONE', #4110, #4109 ) ;
#4112 = FILL_AREA_STYLE_COLOUR ( '', #4106 ) ;
#4113 = CARTESIAN_POINT ( 'NONE',  ( 1.429995309899464700, 1.050000000000000000, 0.02996662820065743000 ) ) ;
#4114 = DIRECTION ( 'NONE',  ( 0.0000000000000000000, 0.0000000000000000000, -1.000000000000000000 ) ) ;
#4115 = DIRECTION ( 'NONE',  ( 1.000000000000000000, 0.0000000000000000000, 1.224646799147353200E-016 ) ) ;
#4116 = CARTESIAN_POINT ( 'NONE',  ( 1.429995309899464700, 1.020000000000000000, 0.02996662820065743000 ) ) ;
#4117 = AXIS2_PLACEMENT_3D ( 'NONE', #4116, #4115, #4114 ) ;
#4118 = CIRCLE ( 'NONE', #4117, 0.03000000000000018600 ) ;
#4119 = CARTESIAN_POINT ( 'NONE',  ( 1.429995309899464700, 1.020000000000000000, -3.337179934264711600E-005 ) ) ;
#4120 = DIRECTION ( 'NONE',  ( -1.000000000000000000, 0.0000000000000000000, -7.426042277297976500E-017 ) ) ;
#4121 = VECTOR ( 'NONE', #4120, 1000.000000000000000 ) ;
#4122 = CARTESIAN_POINT ( 'NONE',  ( 2.159995309899464600, 1.020000000000000000, -3.337179934259290600E-005 ) ) ;
#4123 = LINE ( 'NONE', #4122, #4121 ) ;
#4124 = CARTESIAN_POINT ( 'NONE',  ( 2.159995309899464600, 1.050000000000000000, 0.02996662820065748600 ) ) ;
#4125 = CARTESIAN_POINT ( 'NONE',  ( 2.159995309899464600, 1.020000000000000000, -3.337179934259290600E-005 ) ) ;
#4126 = DIRECTION ( 'NONE',  ( 0.0000000000000000000, 0.0000000000000000000, -1.000000000000000000 ) ) ;
#4127 = UNCERTAINTY_MEASURE_WITH_UNIT (LENGTH_MEASURE( 1.000000000000000100E-005 ), #4130, 'distance_accuracy_value', 'NONE');
#4128 =( NAMED_UNIT ( * ) SI_UNIT ( $, .STERADIAN. ) SOLID_ANGLE_UNIT ( ) );
#4129 =( NAMED_UNIT ( * ) PLANE_ANGLE_UNIT ( ) SI_UNIT ( $, .RADIAN. ) );
#4130 =( LENGTH_UNIT ( ) NAMED_UNIT ( * ) SI_UNIT ( .MILLI., .METRE. ) );
#4131 = MECHANICAL_DESIGN_GEOMETRIC_PRESENTATION_REPRESENTATION (  '', ( #4133 ), #4178 ) ;
#4132 = PRESENTATION_LAYER_ASSIGNMENT (  '', '', ( #4133 ) ) ;
#4133 = STYLED_ITEM ( 'NONE', ( #4134 ), #900 ) ;
#4134 = PRESENTATION_STYLE_ASSIGNMENT (( #4135 ) ) ;
#4135 = SURFACE_STYLE_USAGE ( .BOTH. , #4136 ) ;
#4136 = SURFACE_SIDE_STYLE ('',( #4137 ) ) ;
#4137 = SURFACE_STYLE_FILL_AREA ( #4138 ) ;
#4138 = FILL_AREA_STYLE ('',( #4140 ) ) ;
#4139 = COLOUR_RGB ( '',0.7529411764705882200, 0.7529411764705882200, 0.7529411764705882200 ) ;
#4140 = FILL_AREA_STYLE_COLOUR ( '', #4139 ) ;
#4141 = FACE_OUTER_BOUND ( 'NONE', #901, .T. ) ;
#4142 = CARTESIAN_POINT ( 'NONE',  ( 2.159995309899464600, -1.020000000000000000, -3.337179934302658700E-005 ) ) ;
#4143 = DIRECTION ( 'NONE',  ( -2.603460235613685200E-032, 1.000000000000000000, 2.125886612716675300E-016 ) ) ;
#4144 = VECTOR ( 'NONE', #4143, 1000.000000000000000 ) ;
#4145 = CARTESIAN_POINT ( 'NONE',  ( 2.159995309899464600, 1.020000000000000000, -3.337179934259290600E-005 ) ) ;
#4146 = DIRECTION ( 'NONE',  ( 0.0000000000000000000, -1.000000000000000000, -2.125886612716675300E-016 ) ) ;
#4147 = DIRECTION ( 'NONE',  ( -7.426042277297976500E-017, -2.125886612716675300E-016, 1.000000000000000000 ) ) ;
#4148 = CARTESIAN_POINT ( 'NONE',  ( 2.159995309899464600, 1.020000000000000000, -3.337179934259290600E-005 ) ) ;
#4149 = AXIS2_PLACEMENT_3D ( 'NONE', #4148, #4147, #4146 ) ;
#4150 = LINE ( 'NONE', #4145, #4144 ) ;
#4151 = PLANE ( 'NONE',  #4149 ) ;
#4152 =( GEOMETRIC_REPRESENTATION_CONTEXT ( 3 ) GLOBAL_UNCERTAINTY_ASSIGNED_CONTEXT ( ( #4094 ) ) GLOBAL_UNIT_ASSIGNED_CONTEXT ( ( #4097, #4096, #4095 ) ) REPRESENTATION_CONTEXT ( 'NONE', 'WORKASPACE' ) );
#4153 = DIRECTION ( 'NONE',  ( -1.000000000000000000, 0.0000000000000000000, -7.426042277297976500E-017 ) ) ;
#4154 = AXIS2_PLACEMENT_3D ( 'NONE', #4156, #4153, #4208 ) ;
#4155 = CYLINDRICAL_SURFACE ( 'NONE', #4154, 0.03000000000000018600 ) ;
#4156 = CARTESIAN_POINT ( 'NONE',  ( 2.159995309899464600, 1.020000000000000000, 0.02996662820065748600 ) ) ;
#4157 =( GEOMETRIC_REPRESENTATION_CONTEXT ( 3 ) GLOBAL_UNCERTAINTY_ASSIGNED_CONTEXT ( ( #4158 ) ) GLOBAL_UNIT_ASSIGNED_CONTEXT ( ( #4161, #4160, #4159 ) ) REPRESENTATION_CONTEXT ( 'NONE', 'WORKASPACE' ) );
#4158 = UNCERTAINTY_MEASURE_WITH_UNIT (LENGTH_MEASURE( 1.000000000000000100E-005 ), #4161, 'distance_accuracy_value', 'NONE');
#4159 =( NAMED_UNIT ( * ) SI_UNIT ( $, .STERADIAN. ) SOLID_ANGLE_UNIT ( ) );
#4160 =( NAMED_UNIT ( * ) PLANE_ANGLE_UNIT ( ) SI_UNIT ( $, .RADIAN. ) );
#4161 =( LENGTH_UNIT ( ) NAMED_UNIT ( * ) SI_UNIT ( .MILLI., .METRE. ) );
#4162 = MECHANICAL_DESIGN_GEOMETRIC_PRESENTATION_REPRESENTATION (  '', ( #4164 ), #4157 ) ;
#4163 = PRESENTATION_LAYER_ASSIGNMENT (  '', '', ( #4164 ) ) ;
#4164 = STYLED_ITEM ( 'NONE', ( #4165 ), #910 ) ;
#4165 = PRESENTATION_STYLE_ASSIGNMENT (( #4166 ) ) ;
#4166 = SURFACE_STYLE_USAGE ( .BOTH. , #4167 ) ;
#4167 = SURFACE_SIDE_STYLE ('',( #4168 ) ) ;
#4168 = SURFACE_STYLE_FILL_AREA ( #4175 ) ;
#4169 = COLOUR_RGB ( '',0.7529411764705882200, 0.7529411764705882200, 0.7529411764705882200 ) ;
#4170 = FACE_OUTER_BOUND ( 'NONE', #911, .T. ) ;
#4171 = DIRECTION ( 'NONE',  ( 1.224646799147353200E-016, 0.0000000000000000000, 1.000000000000000000 ) ) ;
#4172 = DIRECTION ( 'NONE',  ( -1.000000000000000000, 0.0000000000000000000, 1.224646799147353200E-016 ) ) ;
#4173 = CARTESIAN_POINT ( 'NONE',  ( -1.429995309899464700, 1.020000000000000000, 0.2699666282006572000 ) ) ;
#4174 = AXIS2_PLACEMENT_3D ( 'NONE', #4173, #4172, #4171 ) ;
#4175 = FILL_AREA_STYLE ('',( #4176 ) ) ;
#4176 = FILL_AREA_STYLE_COLOUR ( '', #4169 ) ;
#4177 = PLANE ( 'NONE',  #4174 ) ;
#4178 =( GEOMETRIC_REPRESENTATION_CONTEXT ( 3 ) GLOBAL_UNCERTAINTY_ASSIGNED_CONTEXT ( ( #4127 ) ) GLOBAL_UNIT_ASSIGNED_CONTEXT ( ( #4130, #4129, #4128 ) ) REPRESENTATION_CONTEXT ( 'NONE', 'WORKASPACE' ) );
#4179 = AXIS2_PLACEMENT_3D ( 'NONE', #4181, #4232, #4231 ) ;
#4180 = TOROIDAL_SURFACE ( 'NONE', #4179, 0.4100333718261658400, 0.03000000000000018600 ) ;
#4181 = CARTESIAN_POINT ( 'NONE',  ( 2.160000000000000100, 1.020000000000000000, 0.4399999999999999500 ) ) ;
#4182 =( GEOMETRIC_REPRESENTATION_CONTEXT ( 3 ) GLOBAL_UNCERTAINTY_ASSIGNED_CONTEXT ( ( #4183 ) ) GLOBAL_UNIT_ASSIGNED_CONTEXT ( ( #4186, #4185, #4184 ) ) REPRESENTATION_CONTEXT ( 'NONE', 'WORKASPACE' ) );
#4183 = UNCERTAINTY_MEASURE_WITH_UNIT (LENGTH_MEASURE( 1.000000000000000100E-005 ), #4186, 'distance_accuracy_value', 'NONE');
#4184 =( NAMED_UNIT ( * ) SI_UNIT ( $, .STERADIAN. ) SOLID_ANGLE_UNIT ( ) );
#4185 =( NAMED_UNIT ( * ) PLANE_ANGLE_UNIT ( ) SI_UNIT ( $, .RADIAN. ) );
#4186 =( LENGTH_UNIT ( ) NAMED_UNIT ( * ) SI_UNIT ( .MILLI., .METRE. ) );
#4187 = MECHANICAL_DESIGN_GEOMETRIC_PRESENTATION_REPRESENTATION (  '', ( #4189 ), #4182 ) ;
#4188 = PRESENTATION_LAYER_ASSIGNMENT (  '', '', ( #4189 ) ) ;
#4189 = STYLED_ITEM ( 'NONE', ( #4190 ), #921 ) ;
#4190 = PRESENTATION_STYLE_ASSIGNMENT (( #4191 ) ) ;
#4191 = SURFACE_STYLE_USAGE ( .BOTH. , #4192 ) ;
#4192 = SURFACE_SIDE_STYLE ('',( #4193 ) ) ;
#4193 = SURFACE_STYLE_FILL_AREA ( #4194 ) ;
#4194 = FILL_AREA_STYLE ('',( #4202 ) ) ;
#4195 = COLOUR_RGB ( '',0.7529411764705882200, 0.7529411764705882200, 0.7529411764705882200 ) ;
#4196 = FACE_OUTER_BOUND ( 'NONE', #922, .T. ) ;
#4197 = DIRECTION ( 'NONE',  ( 0.0000000000000000000, 0.0000000000000000000, 1.000000000000000000 ) ) ;
#4198 = DIRECTION ( 'NONE',  ( 1.000000000000000000, 0.0000000000000000000, 1.224646799147353200E-016 ) ) ;
#4199 = CARTESIAN_POINT ( 'NONE',  ( 1.429995309899464700, 1.020000000000000000, 0.2699666282006572000 ) ) ;
#4200 = AXIS2_PLACEMENT_3D ( 'NONE', #4199, #4198, #4197 ) ;
#4201 = CIRCLE ( 'NONE', #4200, 0.02999999999999997100 ) ;
#4202 = FILL_AREA_STYLE_COLOUR ( '', #4195 ) ;
#4203 = CARTESIAN_POINT ( 'NONE',  ( 1.429995309899464700, 1.050000000000000000, 0.2699666282006572000 ) ) ;
#4204 = DIRECTION ( 'NONE',  ( 1.224646799147353200E-016, -9.035018104045878800E-016, 1.000000000000000000 ) ) ;
#4205 = VECTOR ( 'NONE', #4204, 1000.000000000000000 ) ;
#4206 = CARTESIAN_POINT ( 'NONE',  ( -1.429995309899464700, 1.050000000000000000, 0.2699666282006572000 ) ) ;
#4207 = LINE ( 'NONE', #4206, #4205 ) ;
#4208 = DIRECTION ( 'NONE',  ( 0.0000000000000000000, 0.0000000000000000000, 1.000000000000000000 ) ) ;
#4209 = AXIS2_PLACEMENT_3D ( 'NONE', #4267, #4266, #4265 ) ;
#4210 = PLANE ( 'NONE',  #4209 ) ;
#4211 =( GEOMETRIC_REPRESENTATION_CONTEXT ( 3 ) GLOBAL_UNCERTAINTY_ASSIGNED_CONTEXT ( ( #4212 ) ) GLOBAL_UNIT_ASSIGNED_CONTEXT ( ( #4215, #4214, #4213 ) ) REPRESENTATION_CONTEXT ( 'NONE', 'WORKASPACE' ) );
#4212 = UNCERTAINTY_MEASURE_WITH_UNIT (LENGTH_MEASURE( 1.000000000000000100E-005 ), #4215, 'distance_accuracy_value', 'NONE');
#4213 =( NAMED_UNIT ( * ) SI_UNIT ( $, .STERADIAN. ) SOLID_ANGLE_UNIT ( ) );
#4214 =( NAMED_UNIT ( * ) PLANE_ANGLE_UNIT ( ) SI_UNIT ( $, .RADIAN. ) );
#4215 =( LENGTH_UNIT ( ) NAMED_UNIT ( * ) SI_UNIT ( .MILLI., .METRE. ) );
#4216 = MECHANICAL_DESIGN_GEOMETRIC_PRESENTATION_REPRESENTATION (  '', ( #4218 ), #4211 ) ;
#4217 = PRESENTATION_LAYER_ASSIGNMENT (  '', '', ( #4218 ) ) ;
#4218 = STYLED_ITEM ( 'NONE', ( #4219 ), #926 ) ;
#4219 = PRESENTATION_STYLE_ASSIGNMENT (( #4220 ) ) ;
#4220 = SURFACE_STYLE_USAGE ( .BOTH. , #4221 ) ;
#4221 = SURFACE_SIDE_STYLE ('',( #4222 ) ) ;
#4222 = SURFACE_STYLE_FILL_AREA ( #4223 ) ;
#4223 = FILL_AREA_STYLE ('',( #4230 ) ) ;
#4224 = COLOUR_RGB ( '',0.7529411764705882200, 0.7529411764705882200, 0.7529411764705882200 ) ;
#4225 = FACE_OUTER_BOUND ( 'NONE', #927, .T. ) ;
#4226 = DIRECTION ( 'NONE',  ( -1.000000000000000000, 0.0000000000000000000, -7.426042277297976500E-017 ) ) ;
#4227 = VECTOR ( 'NONE', #4226, 1000.000000000000000 ) ;
#4228 = CARTESIAN_POINT ( 'NONE',  ( 2.159995309899464600, -1.050000000000000000, 0.2699666282006572500 ) ) ;
#4229 = LINE ( 'NONE', #4228, #4227 ) ;
#4230 = FILL_AREA_STYLE_COLOUR ( '', #4224 ) ;
#4231 = DIRECTION ( 'NONE',  ( 0.0000000000000000000, 0.0000000000000000000, 1.000000000000000000 ) ) ;
#4232 = DIRECTION ( 'NONE',  ( -0.0000000000000000000, 1.000000000000000000, 0.0000000000000000000 ) ) ;
#4233 =( NAMED_UNIT ( * ) PLANE_ANGLE_UNIT ( ) SI_UNIT ( $, .RADIAN. ) );
#4234 =( LENGTH_UNIT ( ) NAMED_UNIT ( * ) SI_UNIT ( .MILLI., .METRE. ) );
#4235 = MECHANICAL_DESIGN_GEOMETRIC_PRESENTATION_REPRESENTATION (  '', ( #4237 ), #4291 ) ;
#4236 = PRESENTATION_LAYER_ASSIGNMENT (  '', '', ( #4237 ) ) ;
#4237 = STYLED_ITEM ( 'NONE', ( #4238 ), #940 ) ;
#4238 = PRESENTATION_STYLE_ASSIGNMENT (( #4239 ) ) ;
#4239 = SURFACE_STYLE_USAGE ( .BOTH. , #4240 ) ;
#4240 = SURFACE_SIDE_STYLE ('',( #4241 ) ) ;
#4241 = SURFACE_STYLE_FILL_AREA ( #4242 ) ;
#4242 = FILL_AREA_STYLE ('',( #4250 ) ) ;
#4243 = COLOUR_RGB ( '',0.7529411764705882200, 0.7529411764705882200, 0.7529411764705882200 ) ;
#4244 = FACE_OUTER_BOUND ( 'NONE', #941, .T. ) ;
#4245 = DIRECTION ( 'NONE',  ( 0.0000000000000000000, 0.0000000000000000000, -1.000000000000000000 ) ) ;
#4246 = DIRECTION ( 'NONE',  ( 1.000000000000000000, 0.0000000000000000000, 1.224646799147353200E-016 ) ) ;
#4247 = CARTESIAN_POINT ( 'NONE',  ( 1.429995309899464700, -1.020000000000000000, 0.02996662820065743000 ) ) ;
#4248 = AXIS2_PLACEMENT_3D ( 'NONE', #4247, #4246, #4245 ) ;
#4249 = CIRCLE ( 'NONE', #4248, 0.03000000000000018600 ) ;
#4250 = FILL_AREA_STYLE_COLOUR ( '', #4243 ) ;
#4251 = DIRECTION ( 'NONE',  ( 0.0000000000000000000, -1.000000000000000000, 0.0000000000000000000 ) ) ;
#4252 = VECTOR ( 'NONE', #4251, 1000.000000000000000 ) ;
#4253 = CARTESIAN_POINT ( 'NONE',  ( 1.429995309899464700, 1.020000000000000000, 0.2999666282006568400 ) ) ;
#4254 = LINE ( 'NONE', #4253, #4252 ) ;
#4255 = CARTESIAN_POINT ( 'NONE',  ( 1.429995309899464700, 1.020000000000000000, 0.2999666282006568400 ) ) ;
#4256 = DIRECTION ( 'NONE',  ( -1.000000000000000000, 0.0000000000000000000, -7.426042277297976500E-017 ) ) ;
#4257 = VECTOR ( 'NONE', #4256, 1000.000000000000000 ) ;
#4258 = CARTESIAN_POINT ( 'NONE',  ( 2.159995309899464600, 1.020000000000000000, 0.2999666282006568900 ) ) ;
#4259 = LINE ( 'NONE', #4258, #4257 ) ;
#4260 = CARTESIAN_POINT ( 'NONE',  ( 2.159995309899464600, 1.020000000000000000, 0.2999666282006568900 ) ) ;
#4261 = DIRECTION ( 'NONE',  ( 0.0000000000000000000, -1.000000000000000000, 0.0000000000000000000 ) ) ;
#4262 = VECTOR ( 'NONE', #4261, 1000.000000000000000 ) ;
#4263 = CARTESIAN_POINT ( 'NONE',  ( 2.159995309899464600, 1.020000000000000000, 0.2999666282006568900 ) ) ;
#4264 = LINE ( 'NONE', #4263, #4262 ) ;
#4265 = DIRECTION ( 'NONE',  ( -1.000000000000000000, 0.0000000000000000000, -7.426042277297976500E-017 ) ) ;
#4266 = DIRECTION ( 'NONE',  ( 7.426042277297976500E-017, 0.0000000000000000000, -1.000000000000000000 ) ) ;
#4267 = CARTESIAN_POINT ( 'NONE',  ( 2.159995309899464600, 1.020000000000000000, 0.2999666282006568900 ) ) ;
#4268 = DIRECTION ( 'NONE',  ( 0.0000000000000000000, 0.0000000000000000000, 1.000000000000000000 ) ) ;
#4269 = DIRECTION ( 'NONE',  ( 1.000000000000000000, 0.0000000000000000000, 1.224646799147353200E-016 ) ) ;
#4270 = CARTESIAN_POINT ( 'NONE',  ( 1.429995309899464700, -1.020000000000000000, 0.2699666282006572000 ) ) ;
#4271 = AXIS2_PLACEMENT_3D ( 'NONE', #4270, #4269, #4268 ) ;
#4272 = CIRCLE ( 'NONE', #4271, 0.03000000000000007900 ) ;
#4273 =( NAMED_UNIT ( * ) PLANE_ANGLE_UNIT ( ) SI_UNIT ( $, .RADIAN. ) );
#4274 = CARTESIAN_POINT ( 'NONE',  ( 1.429995309899464700, -1.020000000000000000, 0.2999666282006568400 ) ) ;
#4275 = DIRECTION ( 'NONE',  ( -1.000000000000000000, 0.0000000000000000000, -7.426042277297976500E-017 ) ) ;
#4276 = VECTOR ( 'NONE', #4275, 1000.000000000000000 ) ;
#4277 = CARTESIAN_POINT ( 'NONE',  ( 2.159995309899464600, -1.020000000000000000, 0.2999666282006568900 ) ) ;
#4278 = LINE ( 'NONE', #4277, #4276 ) ;
#4279 = CARTESIAN_POINT ( 'NONE',  ( 2.159995309899464600, -1.050000000000000000, 0.2699666282006572500 ) ) ;
#4280 = CARTESIAN_POINT ( 'NONE',  ( 2.159995309899464600, -1.020000000000000000, 0.2999666282006568900 ) ) ;
#4281 = DIRECTION ( 'NONE',  ( 0.0000000000000000000, 0.0000000000000000000, 1.000000000000000000 ) ) ;
#4282 = DIRECTION ( 'NONE',  ( 1.000000000000000000, 0.0000000000000000000, 1.224646799147353200E-016 ) ) ;
#4283 = CARTESIAN_POINT ( 'NONE',  ( 2.159995309899464600, -1.020000000000000000, 0.2699666282006572500 ) ) ;
#4284 = AXIS2_PLACEMENT_3D ( 'NONE', #4283, #4282, #4281 ) ;
#4285 = DIRECTION ( 'NONE',  ( 0.0000000000000000000, 0.0000000000000000000, 1.000000000000000000 ) ) ;
#4286 = DIRECTION ( 'NONE',  ( -1.000000000000000000, 0.0000000000000000000, -7.426042277297976500E-017 ) ) ;
#4287 = AXIS2_PLACEMENT_3D ( 'NONE', #4290, #4286, #4285 ) ;
#4288 = CYLINDRICAL_SURFACE ( 'NONE', #4287, 0.03000000000000007900 ) ;
#4289 = CIRCLE ( 'NONE', #4284, 0.03000000000000007900 ) ;
#4290 = CARTESIAN_POINT ( 'NONE',  ( 2.159995309899464600, -1.020000000000000000, 0.2699666282006572500 ) ) ;
#4291 =( GEOMETRIC_REPRESENTATION_CONTEXT ( 3 ) GLOBAL_UNCERTAINTY_ASSIGNED_CONTEXT ( ( #4292 ) ) GLOBAL_UNIT_ASSIGNED_CONTEXT ( ( #4234, #4233, #4293 ) ) REPRESENTATION_CONTEXT ( 'NONE', 'WORKASPACE' ) );
#4292 = UNCERTAINTY_MEASURE_WITH_UNIT (LENGTH_MEASURE( 1.000000000000000100E-005 ), #4234, 'distance_accuracy_value', 'NONE');
#4293 =( NAMED_UNIT ( * ) SI_UNIT ( $, .STERADIAN. ) SOLID_ANGLE_UNIT ( ) );
#4294 =( NAMED_UNIT ( * ) PLANE_ANGLE_UNIT ( ) SI_UNIT ( $, .RADIAN. ) );
#4295 =( LENGTH_UNIT ( ) NAMED_UNIT ( * ) SI_UNIT ( .MILLI., .METRE. ) );
#4296 = MECHANICAL_DESIGN_GEOMETRIC_PRESENTATION_REPRESENTATION (  '', ( #4298 ), #4354 ) ;
#4297 = PRESENTATION_LAYER_ASSIGNMENT (  '', '', ( #4298 ) ) ;
#4298 = STYLED_ITEM ( 'NONE', ( #4299 ), #965 ) ;
#4299 = PRESENTATION_STYLE_ASSIGNMENT (( #4300 ) ) ;
#4300 = SURFACE_STYLE_USAGE ( .BOTH. , #4301 ) ;
#4301 = SURFACE_SIDE_STYLE ('',( #4302 ) ) ;
#4302 = SURFACE_STYLE_FILL_AREA ( #4303 ) ;
#4303 = FILL_AREA_STYLE ('',( #4311 ) ) ;
#4304 = COLOUR_RGB ( '',0.7529411764705882200, 0.7529411764705882200, 0.7529411764705882200 ) ;
#4305 = FACE_OUTER_BOUND ( 'NONE', #966, .T. ) ;
#4306 = DIRECTION ( 'NONE',  ( 0.0000000000000000000, 0.0000000000000000000, 1.000000000000000000 ) ) ;
#4307 = DIRECTION ( 'NONE',  ( -0.0000000000000000000, 1.000000000000000000, 0.0000000000000000000 ) ) ;
#4308 = CARTESIAN_POINT ( 'NONE',  ( 2.160000000000000100, -1.020000000000000000, 0.4399999999999999500 ) ) ;
#4309 = AXIS2_PLACEMENT_3D ( 'NONE', #4308, #4307, #4306 ) ;
#4310 = CIRCLE ( 'NONE', #4309, 0.4400333718243376600 ) ;
#4311 = FILL_AREA_STYLE_COLOUR ( '', #4304 ) ;
#4312 = CARTESIAN_POINT ( 'NONE',  ( 2.300033371799342900, 1.020000000000000000, 0.4399953098994646200 ) ) ;
#4313 = DIRECTION ( 'NONE',  ( 0.0000000000000000000, -1.000000000000000000, 0.0000000000000000000 ) ) ;
#4314 = VECTOR ( 'NONE', #4313, 1000.000000000000000 ) ;
#4315 = CARTESIAN_POINT ( 'NONE',  ( 2.300033371799342900, 1.020000000000000000, 0.4399953098994646200 ) ) ;
#4316 = LINE ( 'NONE', #4315, #4314 ) ;
#4317 = DIRECTION ( 'NONE',  ( -2.603460235613685200E-032, 1.000000000000000000, 2.125886612716675300E-016 ) ) ;
#4318 = VECTOR ( 'NONE', #4317, 1000.000000000000000 ) ;
#4319 = CARTESIAN_POINT ( 'NONE',  ( 1.429995309899464700, 1.020000000000000000, -3.337179934264711600E-005 ) ) ;
#4320 = LINE ( 'NONE', #4319, #4318 ) ;
#4321 = CARTESIAN_POINT ( 'NONE',  ( 1.429995309899464700, -1.020000000000000000, -3.337179934308079700E-005 ) ) ;
#4322 = DIRECTION ( 'NONE',  ( -1.000000000000000000, 0.0000000000000000000, -7.426042277297976500E-017 ) ) ;
#4323 = VECTOR ( 'NONE', #4322, 1000.000000000000000 ) ;
#4324 = CARTESIAN_POINT ( 'NONE',  ( 2.159995309899464600, -1.020000000000000000, -3.337179934302658700E-005 ) ) ;
#4325 = LINE ( 'NONE', #4324, #4323 ) ;
#4326 = CARTESIAN_POINT ( 'NONE',  ( 1.429995309899464700, -1.050000000000000000, 0.2699666282006572000 ) ) ;
#4327 = MECHANICAL_DESIGN_GEOMETRIC_PRESENTATION_REPRESENTATION (  '', ( #4329 ), #4375 ) ;
#4328 = PRESENTATION_LAYER_ASSIGNMENT (  '', '', ( #4329 ) ) ;
#4329 = STYLED_ITEM ( 'NONE', ( #4330 ), #974 ) ;
#4330 = PRESENTATION_STYLE_ASSIGNMENT (( #4331 ) ) ;
#4331 = SURFACE_STYLE_USAGE ( .BOTH. , #4332 ) ;
#4332 = SURFACE_SIDE_STYLE ('',( #4333 ) ) ;
#4333 = SURFACE_STYLE_FILL_AREA ( #4334 ) ;
#4334 = FILL_AREA_STYLE ('',( #4335 ) ) ;
#4335 = FILL_AREA_STYLE_COLOUR ( '', #4336 ) ;
#4336 = COLOUR_RGB ( '',0.7529411764705882200, 0.7529411764705882200, 0.7529411764705882200 ) ;
#4337 = DIRECTION ( 'NONE',  ( 0.0000000000000000000, 0.0000000000000000000, 1.000000000000000000 ) ) ;
#4338 = DIRECTION ( 'NONE',  ( -0.0000000000000000000, 1.000000000000000000, 0.0000000000000000000 ) ) ;
#4339 = CARTESIAN_POINT ( 'NONE',  ( 2.160000000000000100, -1.050000000000000000, 0.4399999999999999500 ) ) ;
#4340 = AXIS2_PLACEMENT_3D ( 'NONE', #4339, #4338, #4337 ) ;
#4341 = CIRCLE ( 'NONE', #4340, 0.4100333718261658400 ) ;
#4342 = FACE_OUTER_BOUND ( 'NONE', #975, .T. ) ;
#4343 = CARTESIAN_POINT ( 'NONE',  ( 2.570033371799342400, -1.050000000000000000, 0.4399953098994646200 ) ) ;
#4344 = DIRECTION ( 'NONE',  ( 1.000000000000000000, 0.0000000000000000000, 0.0000000000000000000 ) ) ;
#4345 = DIRECTION ( 'NONE',  ( -6.123233995736766000E-017, -0.0000000000000000000, 1.000000000000000000 ) ) ;
#4346 = CARTESIAN_POINT ( 'NONE',  ( 2.570033371799342400, -1.020000000000000000, 0.4399953098994646200 ) ) ;
#4347 = AXIS2_PLACEMENT_3D ( 'NONE', #4346, #4345, #4344 ) ;
#4348 = DIRECTION ( 'NONE',  ( 0.0000000000000000000, 0.0000000000000000000, 1.000000000000000000 ) ) ;
#4349 = DIRECTION ( 'NONE',  ( -0.0000000000000000000, 1.000000000000000000, 0.0000000000000000000 ) ) ;
#4350 = AXIS2_PLACEMENT_3D ( 'NONE', #4353, #4349, #4348 ) ;
#4351 = TOROIDAL_SURFACE ( 'NONE', #4350, 0.4100333718261658400, 0.03000000000000018600 ) ;
#4352 = CIRCLE ( 'NONE', #4347, 0.03000000000000007900 ) ;
#4353 = CARTESIAN_POINT ( 'NONE',  ( 2.160000000000000100, -1.020000000000000000, 0.4399999999999999500 ) ) ;
#4354 =( GEOMETRIC_REPRESENTATION_CONTEXT ( 3 ) GLOBAL_UNCERTAINTY_ASSIGNED_CONTEXT ( ( #4355 ) ) GLOBAL_UNIT_ASSIGNED_CONTEXT ( ( #4295, #4294, #4356 ) ) REPRESENTATION_CONTEXT ( 'NONE', 'WORKASPACE' ) );
#4355 = UNCERTAINTY_MEASURE_WITH_UNIT (LENGTH_MEASURE( 1.000000000000000100E-005 ), #4295, 'distance_accuracy_value', 'NONE');
#4356 =( NAMED_UNIT ( * ) SI_UNIT ( $, .STERADIAN. ) SOLID_ANGLE_UNIT ( ) );
#4357 = DIRECTION ( 'NONE',  ( 0.0000000000000000000, 0.0000000000000000000, 1.000000000000000000 ) ) ;
#4358 = DIRECTION ( 'NONE',  ( -0.0000000000000000000, 1.000000000000000000, 0.0000000000000000000 ) ) ;
#4359 = CARTESIAN_POINT ( 'NONE',  ( 2.160000000000000100, 1.020000000000000000, 0.4399999999999999500 ) ) ;
#4360 = AXIS2_PLACEMENT_3D ( 'NONE', #4359, #4358, #4357 ) ;
#4361 = CIRCLE ( 'NONE', #4360, 0.4400333718243372200 ) ;
#4362 = CARTESIAN_POINT ( 'NONE',  ( 2.160000000000000100, 1.050000000000000000, 0.4399999999999999500 ) ) ;
#4363 = CARTESIAN_POINT ( 'NONE',  ( 2.570033371799342400, 1.050000000000000000, 0.4399953098994646200 ) ) ;
#4364 = CARTESIAN_POINT ( 'NONE',  ( 2.600033371799342700, 1.020000000000000000, 0.4399953098994646200 ) ) ;
#4365 = DIRECTION ( 'NONE',  ( 1.000000000000000000, 0.0000000000000000000, 0.0000000000000000000 ) ) ;
#4366 = DIRECTION ( 'NONE',  ( -6.123233995736766000E-017, -0.0000000000000000000, 1.000000000000000000 ) ) ;
#4367 = CARTESIAN_POINT ( 'NONE',  ( 2.570033371799342400, 1.020000000000000000, 0.4399953098994646200 ) ) ;
#4368 = AXIS2_PLACEMENT_3D ( 'NONE', #4367, #4366, #4365 ) ;
#4369 = DIRECTION ( 'NONE',  ( 0.0000000000000000000, 0.0000000000000000000, 1.000000000000000000 ) ) ;
#4370 = DIRECTION ( 'NONE',  ( -0.0000000000000000000, 1.000000000000000000, 0.0000000000000000000 ) ) ;
#4371 = AXIS2_PLACEMENT_3D ( 'NONE', #4374, #4370, #4369 ) ;
#4372 = TOROIDAL_SURFACE ( 'NONE', #4371, 0.1700333718640270900, 0.03000000000000007900 ) ;
#4373 = CIRCLE ( 'NONE', #4368, 0.03000000000000007900 ) ;
#4374 = CARTESIAN_POINT ( 'NONE',  ( 2.160000000000000100, -1.020000000000000000, 0.4399999999999999500 ) ) ;
#4375 =( GEOMETRIC_REPRESENTATION_CONTEXT ( 3 ) GLOBAL_UNCERTAINTY_ASSIGNED_CONTEXT ( ( #4376 ) ) GLOBAL_UNIT_ASSIGNED_CONTEXT ( ( #4379, #4378, #4377 ) ) REPRESENTATION_CONTEXT ( 'NONE', 'WORKASPACE' ) );
#4376 = UNCERTAINTY_MEASURE_WITH_UNIT (LENGTH_MEASURE( 1.000000000000000100E-005 ), #4379, 'distance_accuracy_value', 'NONE');
#4377 =( NAMED_UNIT ( * ) SI_UNIT ( $, .STERADIAN. ) SOLID_ANGLE_UNIT ( ) );
#4378 =( NAMED_UNIT ( * ) PLANE_ANGLE_UNIT ( ) SI_UNIT ( $, .RADIAN. ) );
#4379 =( LENGTH_UNIT ( ) NAMED_UNIT ( * ) SI_UNIT ( .MILLI., .METRE. ) );
#4380 = LINE ( 'NONE', #4381, #4434 ) ;
#4381 = CARTESIAN_POINT ( 'NONE',  ( 2.600033371799342700, 1.020000000000000000, 0.4399953098994646200 ) ) ;
#4382 = DIRECTION ( 'NONE',  ( 0.0000000000000000000, 0.0000000000000000000, 1.000000000000000000 ) ) ;
#4383 = DIRECTION ( 'NONE',  ( -0.0000000000000000000, 1.000000000000000000, 0.0000000000000000000 ) ) ;
#4384 = AXIS2_PLACEMENT_3D ( 'NONE', #4386, #4383, #4382 ) ;
#4385 = CYLINDRICAL_SURFACE ( 'NONE', #4384, 0.4400333718243374400 ) ;
#4386 = CARTESIAN_POINT ( 'NONE',  ( 2.160000000000000100, 0.0000000000000000000, 0.4399999999999999500 ) ) ;
#4387 =( GEOMETRIC_REPRESENTATION_CONTEXT ( 3 ) GLOBAL_UNCERTAINTY_ASSIGNED_CONTEXT ( ( #4388 ) ) GLOBAL_UNIT_ASSIGNED_CONTEXT ( ( #4391, #4390, #4389 ) ) REPRESENTATION_CONTEXT ( 'NONE', 'WORKASPACE' ) );
#4388 = UNCERTAINTY_MEASURE_WITH_UNIT (LENGTH_MEASURE( 1.000000000000000100E-005 ), #4391, 'distance_accuracy_value', 'NONE');
#4389 =( NAMED_UNIT ( * ) SI_UNIT ( $, .STERADIAN. ) SOLID_ANGLE_UNIT ( ) );
#4390 =( NAMED_UNIT ( * ) PLANE_ANGLE_UNIT ( ) SI_UNIT ( $, .RADIAN. ) );
#4391 =( LENGTH_UNIT ( ) NAMED_UNIT ( * ) SI_UNIT ( .MILLI., .METRE. ) );
#4392 = MECHANICAL_DESIGN_GEOMETRIC_PRESENTATION_REPRESENTATION (  '', ( #4394 ), #4387 ) ;
#4393 = PRESENTATION_LAYER_ASSIGNMENT (  '', '', ( #4394 ) ) ;
#4394 = STYLED_ITEM ( 'NONE', ( #4395 ), #984 ) ;
#4395 = PRESENTATION_STYLE_ASSIGNMENT (( #4396 ) ) ;
#4396 = SURFACE_STYLE_USAGE ( .BOTH. , #4397 ) ;
#4397 = SURFACE_SIDE_STYLE ('',( #4398 ) ) ;
#4398 = SURFACE_STYLE_FILL_AREA ( #4399 ) ;
#4399 = FILL_AREA_STYLE ('',( #4406 ) ) ;
#4400 = COLOUR_RGB ( '',0.7529411764705882200, 0.7529411764705882200, 0.7529411764705882200 ) ;
#4401 = FACE_OUTER_BOUND ( 'NONE', #985, .T. ) ;
#4402 = DIRECTION ( 'NONE',  ( 0.0000000000000000000, 0.0000000000000000000, 1.000000000000000000 ) ) ;
#4403 = DIRECTION ( 'NONE',  ( -0.0000000000000000000, 1.000000000000000000, 0.0000000000000000000 ) ) ;
#4404 = AXIS2_PLACEMENT_3D ( 'NONE', #4362, #4403, #4402 ) ;
#4405 = CIRCLE ( 'NONE', #4404, 0.4100333718261658400 ) ;
#4406 = FILL_AREA_STYLE_COLOUR ( '', #4400 ) ;
#4407 = DIRECTION ( 'NONE',  ( 1.000000000000000000, 0.0000000000000000000, 1.224646799147353200E-016 ) ) ;
#4408 = CARTESIAN_POINT ( 'NONE',  ( 2.159995309899464600, 1.020000000000000000, 0.2699666282006572500 ) ) ;
#4409 = AXIS2_PLACEMENT_3D ( 'NONE', #4408, #4407, #4465 ) ;
#4410 = DIRECTION ( 'NONE',  ( 0.0000000000000000000, 0.0000000000000000000, 1.000000000000000000 ) ) ;
#4411 = DIRECTION ( 'NONE',  ( -1.000000000000000000, 0.0000000000000000000, -7.426042277297976500E-017 ) ) ;
#4412 = AXIS2_PLACEMENT_3D ( 'NONE', #4415, #4411, #4410 ) ;
#4413 = CYLINDRICAL_SURFACE ( 'NONE', #4412, 0.02999999999999997100 ) ;
#4414 = CIRCLE ( 'NONE', #4409, 0.02999999999999997100 ) ;
#4415 = CARTESIAN_POINT ( 'NONE',  ( 2.159995309899464600, 1.020000000000000000, 0.2699666282006572500 ) ) ;
#4416 =( GEOMETRIC_REPRESENTATION_CONTEXT ( 3 ) GLOBAL_UNCERTAINTY_ASSIGNED_CONTEXT ( ( #4417 ) ) GLOBAL_UNIT_ASSIGNED_CONTEXT ( ( #4420, #4419, #4418 ) ) REPRESENTATION_CONTEXT ( 'NONE', 'WORKASPACE' ) );
#4417 = UNCERTAINTY_MEASURE_WITH_UNIT (LENGTH_MEASURE( 1.000000000000000100E-005 ), #4420, 'distance_accuracy_value', 'NONE');
#4418 =( NAMED_UNIT ( * ) SI_UNIT ( $, .STERADIAN. ) SOLID_ANGLE_UNIT ( ) );
#4419 =( NAMED_UNIT ( * ) PLANE_ANGLE_UNIT ( ) SI_UNIT ( $, .RADIAN. ) );
#4420 =( LENGTH_UNIT ( ) NAMED_UNIT ( * ) SI_UNIT ( .MILLI., .METRE. ) );
#4421 = MECHANICAL_DESIGN_GEOMETRIC_PRESENTATION_REPRESENTATION (  '', ( #4423 ), #4416 ) ;
#4422 = PRESENTATION_LAYER_ASSIGNMENT (  '', '', ( #4423 ) ) ;
#4423 = STYLED_ITEM ( 'NONE', ( #4424 ), #990 ) ;
#4424 = PRESENTATION_STYLE_ASSIGNMENT (( #4425 ) ) ;
#4425 = SURFACE_STYLE_USAGE ( .BOTH. , #4426 ) ;
#4426 = SURFACE_SIDE_STYLE ('',( #4427 ) ) ;
#4427 = SURFACE_STYLE_FILL_AREA ( #4428 ) ;
#4428 = FILL_AREA_STYLE ('',( #4429 ) ) ;
#4429 = FILL_AREA_STYLE_COLOUR ( '', #4430 ) ;
#4430 = COLOUR_RGB ( '',0.7529411764705882200, 0.7529411764705882200, 0.7529411764705882200 ) ;
#4431 = FACE_OUTER_BOUND ( 'NONE', #991, .T. ) ;
#4432 = CARTESIAN_POINT ( 'NONE',  ( 2.600033371799343100, -1.020000000000000000, 0.4399953098994646200 ) ) ;
#4433 = DIRECTION ( 'NONE',  ( -2.125886612716675300E-016, 1.000000000000000000, -1.301730117806842600E-032 ) ) ;
#4434 = VECTOR ( 'NONE', #4433, 1000.000000000000000 ) ;
#4435 = UNCERTAINTY_MEASURE_WITH_UNIT (LENGTH_MEASURE( 1.000000000000000100E-005 ), #4438, 'distance_accuracy_value', 'NONE');
#4436 =( NAMED_UNIT ( * ) SI_UNIT ( $, .STERADIAN. ) SOLID_ANGLE_UNIT ( ) );
#4437 =( NAMED_UNIT ( * ) PLANE_ANGLE_UNIT ( ) SI_UNIT ( $, .RADIAN. ) );
#4438 =( LENGTH_UNIT ( ) NAMED_UNIT ( * ) SI_UNIT ( .MILLI., .METRE. ) );
#4439 = MECHANICAL_DESIGN_GEOMETRIC_PRESENTATION_REPRESENTATION (  '', ( #4441 ), #4498 ) ;
#4440 = PRESENTATION_LAYER_ASSIGNMENT (  '', '', ( #4441 ) ) ;
#4441 = STYLED_ITEM ( 'NONE', ( #4442 ), #1002 ) ;
#4442 = PRESENTATION_STYLE_ASSIGNMENT (( #4443 ) ) ;
#4443 = SURFACE_STYLE_USAGE ( .BOTH. , #4444 ) ;
#4444 = SURFACE_SIDE_STYLE ('',( #4445 ) ) ;
#4445 = SURFACE_STYLE_FILL_AREA ( #4446 ) ;
#4446 = FILL_AREA_STYLE ('',( #4453 ) ) ;
#4447 = COLOUR_RGB ( '',0.7529411764705882200, 0.7529411764705882200, 0.7529411764705882200 ) ;
#4448 = FACE_OUTER_BOUND ( 'NONE', #1027, .T. ) ;
#4449 = DIRECTION ( 'NONE',  ( 0.0000000000000000000, 0.0000000000000000000, -1.000000000000000000 ) ) ;
#4450 = VECTOR ( 'NONE', #4449, 1000.000000000000000 ) ;
#4451 = CARTESIAN_POINT ( 'NONE',  ( 2.570033371799342400, -1.050000000000000000, 1.094961938100122100 ) ) ;
#4452 = LINE ( 'NONE', #4451, #4450 ) ;
#4453 = FILL_AREA_STYLE_COLOUR ( '', #4447 ) ;
#4454 = CARTESIAN_POINT ( 'NONE',  ( 2.570033371799342400, -1.050000000000000000, 1.094961938100122100 ) ) ;
#4455 = DIRECTION ( 'NONE',  ( 1.000000000000000000, 0.0000000000000000000, 0.0000000000000000000 ) ) ;
#4456 = DIRECTION ( 'NONE',  ( -6.123233995736766000E-017, -0.0000000000000000000, 1.000000000000000000 ) ) ;
#4457 = CARTESIAN_POINT ( 'NONE',  ( 2.570033371799342400, -1.020000000000000000, 1.094961938100122100 ) ) ;
#4458 = AXIS2_PLACEMENT_3D ( 'NONE', #4457, #4456, #4455 ) ;
#4459 = CIRCLE ( 'NONE', #4458, 0.03000000000000007900 ) ;
#4460 = DIRECTION ( 'NONE',  ( -1.000000000000000000, 0.0000000000000000000, -7.426042277297976500E-017 ) ) ;
#4461 = VECTOR ( 'NONE', #4460, 1000.000000000000000 ) ;
#4462 = CARTESIAN_POINT ( 'NONE',  ( 2.159995309899464600, 1.050000000000000000, 0.2699666282006572500 ) ) ;
#4463 = LINE ( 'NONE', #4462, #4461 ) ;
#4464 = CARTESIAN_POINT ( 'NONE',  ( 2.159995309899464600, 1.050000000000000000, 0.2699666282006572500 ) ) ;
#4465 = DIRECTION ( 'NONE',  ( 0.0000000000000000000, 0.0000000000000000000, 1.000000000000000000 ) ) ;
#4466 =( LENGTH_UNIT ( ) NAMED_UNIT ( * ) SI_UNIT ( .MILLI., .METRE. ) );
#4467 = MECHANICAL_DESIGN_GEOMETRIC_PRESENTATION_REPRESENTATION (  '', ( #4469 ), #4522 ) ;
#4468 = PRESENTATION_LAYER_ASSIGNMENT (  '', '', ( #4469 ) ) ;
#4469 = STYLED_ITEM ( 'NONE', ( #4470 ), #1012 ) ;
#4470 = PRESENTATION_STYLE_ASSIGNMENT (( #4471 ) ) ;
#4471 = SURFACE_STYLE_USAGE ( .BOTH. , #4472 ) ;
#4472 = SURFACE_SIDE_STYLE ('',( #4473 ) ) ;
#4473 = SURFACE_STYLE_FILL_AREA ( #4474 ) ;
#4474 = FILL_AREA_STYLE ('',( #4481 ) ) ;
#4475 = COLOUR_RGB ( '',0.7529411764705882200, 0.7529411764705882200, 0.7529411764705882200 ) ;
#4476 = FACE_OUTER_BOUND ( 'NONE', #1013, .T. ) ;
#4477 = DIRECTION ( 'NONE',  ( 0.0000000000000000000, 0.0000000000000000000, -1.000000000000000000 ) ) ;
#4478 = VECTOR ( 'NONE', #4477, 1000.000000000000000 ) ;
#4479 = CARTESIAN_POINT ( 'NONE',  ( 2.570033371799342400, 1.050000000000000000, 1.094961938100122100 ) ) ;
#4480 = LINE ( 'NONE', #4479, #4478 ) ;
#4481 = FILL_AREA_STYLE_COLOUR ( '', #4475 ) ;
#4482 = DIRECTION ( 'NONE',  ( 0.0000000000000000000, 0.0000000000000000000, -1.000000000000000000 ) ) ;
#4483 = VECTOR ( 'NONE', #4482, 1000.000000000000000 ) ;
#4484 = CARTESIAN_POINT ( 'NONE',  ( 2.600033371799342700, 1.020000000000000000, 1.094961938100122100 ) ) ;
#4485 = LINE ( 'NONE', #4484, #4483 ) ;
#4486 = CARTESIAN_POINT ( 'NONE',  ( 2.570033371799342400, 1.050000000000000000, 1.094961938100122100 ) ) ;
#4487 = CARTESIAN_POINT ( 'NONE',  ( 2.600033371799342700, 1.020000000000000000, 1.094961938100122100 ) ) ;
#4488 = DIRECTION ( 'NONE',  ( 1.000000000000000000, 0.0000000000000000000, 0.0000000000000000000 ) ) ;
#4489 = DIRECTION ( 'NONE',  ( -6.123233995736766000E-017, -0.0000000000000000000, 1.000000000000000000 ) ) ;
#4490 = CARTESIAN_POINT ( 'NONE',  ( 2.570033371799342400, 1.020000000000000000, 1.094961938100122100 ) ) ;
#4491 = AXIS2_PLACEMENT_3D ( 'NONE', #4490, #4489, #4488 ) ;
#4492 = DIRECTION ( 'NONE',  ( -1.000000000000000000, 0.0000000000000000000, 0.0000000000000000000 ) ) ;
#4493 = DIRECTION ( 'NONE',  ( 0.0000000000000000000, 0.0000000000000000000, -1.000000000000000000 ) ) ;
#4494 = AXIS2_PLACEMENT_3D ( 'NONE', #4497, #4493, #4492 ) ;
#4495 = CYLINDRICAL_SURFACE ( 'NONE', #4494, 0.03000000000000007900 ) ;
#4496 = CIRCLE ( 'NONE', #4491, 0.03000000000000007900 ) ;
#4497 = CARTESIAN_POINT ( 'NONE',  ( 2.570033371799342400, 1.020000000000000000, 1.094961938100122100 ) ) ;
#4498 =( GEOMETRIC_REPRESENTATION_CONTEXT ( 3 ) GLOBAL_UNCERTAINTY_ASSIGNED_CONTEXT ( ( #4435 ) ) GLOBAL_UNIT_ASSIGNED_CONTEXT ( ( #4438, #4437, #4436 ) ) REPRESENTATION_CONTEXT ( 'NONE', 'WORKASPACE' ) );
#4499 =( LENGTH_UNIT ( ) NAMED_UNIT ( * ) SI_UNIT ( .MILLI., .METRE. ) );
#4500 = MECHANICAL_DESIGN_GEOMETRIC_PRESENTATION_REPRESENTATION (  '', ( #4502 ), #4548 ) ;
#4501 = PRESENTATION_LAYER_ASSIGNMENT (  '', '', ( #4502 ) ) ;
#4502 = STYLED_ITEM ( 'NONE', ( #4503 ), #1019 ) ;
#4503 = PRESENTATION_STYLE_ASSIGNMENT (( #4504 ) ) ;
#4504 = SURFACE_STYLE_USAGE ( .BOTH. , #4505 ) ;
#4505 = SURFACE_SIDE_STYLE ('',( #4506 ) ) ;
#4506 = SURFACE_STYLE_FILL_AREA ( #4507 ) ;
#4507 = FILL_AREA_STYLE ('',( #4515 ) ) ;
#4508 = COLOUR_RGB ( '',0.7529411764705882200, 0.7529411764705882200, 0.7529411764705882200 ) ;
#4509 = FACE_OUTER_BOUND ( 'NONE', #1020, .T. ) ;
#4510 = DIRECTION ( 'NONE',  ( 0.0000000000000000000, 0.0000000000000000000, 1.000000000000000000 ) ) ;
#4511 = DIRECTION ( 'NONE',  ( -0.0000000000000000000, 1.000000000000000000, 0.0000000000000000000 ) ) ;
#4512 = CARTESIAN_POINT ( 'NONE',  ( 2.160000000000000100, 1.020000000000000000, 0.4399999999999999500 ) ) ;
#4513 = AXIS2_PLACEMENT_3D ( 'NONE', #4512, #4511, #4510 ) ;
#4514 = CIRCLE ( 'NONE', #4513, 0.1400333718778850600 ) ;
#4515 = FILL_AREA_STYLE_COLOUR ( '', #4508 ) ;
#4516 = CARTESIAN_POINT ( 'NONE',  ( 2.600033371799343100, -1.020000000000000000, 1.094961938100122100 ) ) ;
#4517 = DIRECTION ( 'NONE',  ( 2.125886612716675600E-016, -1.000000000000000000, 0.0000000000000000000 ) ) ;
#4518 = DIRECTION ( 'NONE',  ( -1.000000000000000000, -2.125886612716675600E-016, 0.0000000000000000000 ) ) ;
#4519 = CARTESIAN_POINT ( 'NONE',  ( 2.600033371799342700, 1.020000000000000000, 1.094961938100122100 ) ) ;
#4520 = AXIS2_PLACEMENT_3D ( 'NONE', #4519, #4518, #4517 ) ;
#4521 = PLANE ( 'NONE',  #4520 ) ;
#4522 =( GEOMETRIC_REPRESENTATION_CONTEXT ( 3 ) GLOBAL_UNCERTAINTY_ASSIGNED_CONTEXT ( ( #4523 ) ) GLOBAL_UNIT_ASSIGNED_CONTEXT ( ( #4466, #4525, #4524 ) ) REPRESENTATION_CONTEXT ( 'NONE', 'WORKASPACE' ) );
#4523 = UNCERTAINTY_MEASURE_WITH_UNIT (LENGTH_MEASURE( 1.000000000000000100E-005 ), #4466, 'distance_accuracy_value', 'NONE');
#4524 =( NAMED_UNIT ( * ) SI_UNIT ( $, .STERADIAN. ) SOLID_ANGLE_UNIT ( ) );
#4525 =( NAMED_UNIT ( * ) PLANE_ANGLE_UNIT ( ) SI_UNIT ( $, .RADIAN. ) );
#4526 = CARTESIAN_POINT ( 'NONE',  ( 2.300033371799342900, -1.020000000000000000, 0.4399953098994646200 ) ) ;
#4527 = DIRECTION ( 'NONE',  ( -1.000000000000000000, 0.0000000000000000000, 0.0000000000000000000 ) ) ;
#4528 = DIRECTION ( 'NONE',  ( -6.123233995736766000E-017, -0.0000000000000000000, 1.000000000000000000 ) ) ;
#4529 = AXIS2_PLACEMENT_3D ( 'NONE', #4536, #4528, #4527 ) ;
#4530 = CIRCLE ( 'NONE', #4529, 0.03000000000000007900 ) ;
#4531 = DIRECTION ( 'NONE',  ( 0.0000000000000000000, 0.0000000000000000000, 1.000000000000000000 ) ) ;
#4532 = DIRECTION ( 'NONE',  ( -0.0000000000000000000, 1.000000000000000000, 0.0000000000000000000 ) ) ;
#4533 = CARTESIAN_POINT ( 'NONE',  ( 2.160000000000000100, 1.050000000000000000, 0.4399999999999999500 ) ) ;
#4534 = AXIS2_PLACEMENT_3D ( 'NONE', #4533, #4532, #4531 ) ;
#4535 = CIRCLE ( 'NONE', #4534, 0.1700333718640270900 ) ;
#4536 = CARTESIAN_POINT ( 'NONE',  ( 2.330033371799342700, -1.020000000000000000, 0.4399953098994646200 ) ) ;
#4537 = CARTESIAN_POINT ( 'NONE',  ( 2.330033371799342700, 1.050000000000000000, 0.4399953098994646200 ) ) ;
#4538 = DIRECTION ( 'NONE',  ( -1.000000000000000000, 0.0000000000000000000, 0.0000000000000000000 ) ) ;
#4539 = DIRECTION ( 'NONE',  ( -6.123233995736766000E-017, -0.0000000000000000000, 1.000000000000000000 ) ) ;
#4540 = CARTESIAN_POINT ( 'NONE',  ( 2.330033371799342700, 1.020000000000000000, 0.4399953098994646200 ) ) ;
#4541 = AXIS2_PLACEMENT_3D ( 'NONE', #4540, #4539, #4538 ) ;
#4542 = DIRECTION ( 'NONE',  ( 0.0000000000000000000, 0.0000000000000000000, 1.000000000000000000 ) ) ;
#4543 = DIRECTION ( 'NONE',  ( -0.0000000000000000000, 1.000000000000000000, 0.0000000000000000000 ) ) ;
#4544 = AXIS2_PLACEMENT_3D ( 'NONE', #4547, #4543, #4542 ) ;
#4545 = TOROIDAL_SURFACE ( 'NONE', #4544, 0.1700333718640270900, 0.02999999999999997100 ) ;
#4546 = CIRCLE ( 'NONE', #4541, 0.03000000000000007900 ) ;
#4547 = CARTESIAN_POINT ( 'NONE',  ( 2.160000000000000100, 1.020000000000000000, 0.4399999999999999500 ) ) ;
#4548 =( GEOMETRIC_REPRESENTATION_CONTEXT ( 3 ) GLOBAL_UNCERTAINTY_ASSIGNED_CONTEXT ( ( #4549 ) ) GLOBAL_UNIT_ASSIGNED_CONTEXT ( ( #4499, #4273, #4550 ) ) REPRESENTATION_CONTEXT ( 'NONE', 'WORKASPACE' ) );
#4549 = UNCERTAINTY_MEASURE_WITH_UNIT (LENGTH_MEASURE( 1.000000000000000100E-005 ), #4499, 'distance_accuracy_value', 'NONE');
#4550 =( NAMED_UNIT ( * ) SI_UNIT ( $, .STERADIAN. ) SOLID_ANGLE_UNIT ( ) );
#4551 = CYLINDRICAL_SURFACE ( 'NONE', #4608, 0.1400333718778850600 ) ;
#4552 =( GEOMETRIC_REPRESENTATION_CONTEXT ( 3 ) GLOBAL_UNCERTAINTY_ASSIGNED_CONTEXT ( ( #4553 ) ) GLOBAL_UNIT_ASSIGNED_CONTEXT ( ( #4556, #4555, #4554 ) ) REPRESENTATION_CONTEXT ( 'NONE', 'WORKASPACE' ) );
#4553 = UNCERTAINTY_MEASURE_WITH_UNIT (LENGTH_MEASURE( 1.000000000000000100E-005 ), #4556, 'distance_accuracy_value', 'NONE');
#4554 =( NAMED_UNIT ( * ) SI_UNIT ( $, .STERADIAN. ) SOLID_ANGLE_UNIT ( ) );
#4555 =( NAMED_UNIT ( * ) PLANE_ANGLE_UNIT ( ) SI_UNIT ( $, .RADIAN. ) );
#4556 =( LENGTH_UNIT ( ) NAMED_UNIT ( * ) SI_UNIT ( .MILLI., .METRE. ) );
#4557 = MECHANICAL_DESIGN_GEOMETRIC_PRESENTATION_REPRESENTATION (  '', ( #4559 ), #4552 ) ;
#4558 = PRESENTATION_LAYER_ASSIGNMENT (  '', '', ( #4559 ) ) ;
#4559 = STYLED_ITEM ( 'NONE', ( #4560 ), #1037 ) ;
#4560 = PRESENTATION_STYLE_ASSIGNMENT (( #4561 ) ) ;
#4561 = SURFACE_STYLE_USAGE ( .BOTH. , #4562 ) ;
#4562 = SURFACE_SIDE_STYLE ('',( #4563 ) ) ;
#4563 = SURFACE_STYLE_FILL_AREA ( #4564 ) ;
#4564 = FILL_AREA_STYLE ('',( #4571 ) ) ;
#4565 = COLOUR_RGB ( '',0.7529411764705882200, 0.7529411764705882200, 0.7529411764705882200 ) ;
#4566 = FACE_OUTER_BOUND ( 'NONE', #958, .T. ) ;
#4567 = DIRECTION ( 'NONE',  ( 0.0000000000000000000, 0.0000000000000000000, 1.000000000000000000 ) ) ;
#4568 = DIRECTION ( 'NONE',  ( -0.0000000000000000000, 1.000000000000000000, 0.0000000000000000000 ) ) ;
#4569 = AXIS2_PLACEMENT_3D ( 'NONE', #4577, #4568, #4567 ) ;
#4570 = CIRCLE ( 'NONE', #4569, 0.1700333718640270900 ) ;
#4571 = FILL_AREA_STYLE_COLOUR ( '', #4565 ) ;
#4572 = DIRECTION ( 'NONE',  ( 0.0000000000000000000, 0.0000000000000000000, 1.000000000000000000 ) ) ;
#4573 = DIRECTION ( 'NONE',  ( -0.0000000000000000000, 1.000000000000000000, 0.0000000000000000000 ) ) ;
#4574 = CARTESIAN_POINT ( 'NONE',  ( 2.160000000000000100, -1.020000000000000000, 0.4399999999999999500 ) ) ;
#4575 = AXIS2_PLACEMENT_3D ( 'NONE', #4574, #4573, #4572 ) ;
#4576 = CIRCLE ( 'NONE', #4575, 0.1400333718778850600 ) ;
#4577 = CARTESIAN_POINT ( 'NONE',  ( 2.160000000000000100, -1.050000000000000000, 0.4399999999999999500 ) ) ;
#4578 = CARTESIAN_POINT ( 'NONE',  ( 2.330033371799342700, -1.050000000000000000, 0.4399953098994646200 ) ) ;
#4579 = UNCERTAINTY_MEASURE_WITH_UNIT (LENGTH_MEASURE( 1.000000000000000100E-005 ), #4582, 'distance_accuracy_value', 'NONE');
#4580 =( NAMED_UNIT ( * ) SI_UNIT ( $, .STERADIAN. ) SOLID_ANGLE_UNIT ( ) );
#4581 =( NAMED_UNIT ( * ) PLANE_ANGLE_UNIT ( ) SI_UNIT ( $, .RADIAN. ) );
#4582 =( LENGTH_UNIT ( ) NAMED_UNIT ( * ) SI_UNIT ( .MILLI., .METRE. ) );
#4583 = MECHANICAL_DESIGN_GEOMETRIC_PRESENTATION_REPRESENTATION (  '', ( #4585 ), #4637 ) ;
#4584 = PRESENTATION_LAYER_ASSIGNMENT (  '', '', ( #4585 ) ) ;
#4585 = STYLED_ITEM ( 'NONE', ( #4586 ), #1045 ) ;
#4586 = PRESENTATION_STYLE_ASSIGNMENT (( #4587 ) ) ;
#4587 = SURFACE_STYLE_USAGE ( .BOTH. , #4588 ) ;
#4588 = SURFACE_SIDE_STYLE ('',( #4589 ) ) ;
#4589 = SURFACE_STYLE_FILL_AREA ( #4590 ) ;
#4590 = FILL_AREA_STYLE ('',( #4598 ) ) ;
#4591 = COLOUR_RGB ( '',0.7529411764705882200, 0.7529411764705882200, 0.7529411764705882200 ) ;
#4592 = FACE_OUTER_BOUND ( 'NONE', #1046, .T. ) ;
#4593 = DIRECTION ( 'NONE',  ( 0.0000000000000000000, 0.0000000000000000000, 1.000000000000000000 ) ) ;
#4594 = DIRECTION ( 'NONE',  ( -0.0000000000000000000, 1.000000000000000000, 0.0000000000000000000 ) ) ;
#4595 = CARTESIAN_POINT ( 'NONE',  ( 2.160000000000000100, 1.020000000000000000, 1.094966628200657400 ) ) ;
#4596 = AXIS2_PLACEMENT_3D ( 'NONE', #4595, #4594, #4593 ) ;
#4597 = CIRCLE ( 'NONE', #4596, 0.4400333718243374400 ) ;
#4598 = FILL_AREA_STYLE_COLOUR ( '', #4591 ) ;
#4599 = CARTESIAN_POINT ( 'NONE',  ( 2.160004690100534800, 1.050000000000000000, 1.505000000000000100 ) ) ;
#4600 = CARTESIAN_POINT ( 'NONE',  ( 2.160004690100534800, 1.020000000000000000, 1.535000000000000100 ) ) ;
#4601 = DIRECTION ( 'NONE',  ( 0.0000000000000000000, 0.0000000000000000000, 1.000000000000000000 ) ) ;
#4602 = DIRECTION ( 'NONE',  ( -1.000000000000000000, -0.0000000000000000000, -0.0000000000000000000 ) ) ;
#4603 = CARTESIAN_POINT ( 'NONE',  ( 2.160004690100534800, 1.020000000000000000, 1.505000000000000100 ) ) ;
#4604 = AXIS2_PLACEMENT_3D ( 'NONE', #4603, #4602, #4601 ) ;
#4605 = DIRECTION ( 'NONE',  ( 0.0000000000000000000, 0.0000000000000000000, 1.000000000000000000 ) ) ;
#4606 = DIRECTION ( 'NONE',  ( -0.0000000000000000000, 1.000000000000000000, 0.0000000000000000000 ) ) ;
#4607 = CARTESIAN_POINT ( 'NONE',  ( 2.160000000000000100, 0.0000000000000000000, 0.4399999999999999500 ) ) ;
#4608 = AXIS2_PLACEMENT_3D ( 'NONE', #4607, #4606, #4605 ) ;
#4609 = CIRCLE ( 'NONE', #4604, 0.03000000000000029700 ) ;
#4610 =( NAMED_UNIT ( * ) PLANE_ANGLE_UNIT ( ) SI_UNIT ( $, .RADIAN. ) );
#4611 =( LENGTH_UNIT ( ) NAMED_UNIT ( * ) SI_UNIT ( .MILLI., .METRE. ) );
#4612 = MECHANICAL_DESIGN_GEOMETRIC_PRESENTATION_REPRESENTATION (  '', ( #4614 ), #4663 ) ;
#4613 = PRESENTATION_LAYER_ASSIGNMENT (  '', '', ( #4614 ) ) ;
#4614 = STYLED_ITEM ( 'NONE', ( #4615 ), #1054 ) ;
#4615 = PRESENTATION_STYLE_ASSIGNMENT (( #4616 ) ) ;
#4616 = SURFACE_STYLE_USAGE ( .BOTH. , #4617 ) ;
#4617 = SURFACE_SIDE_STYLE ('',( #4618 ) ) ;
#4618 = SURFACE_STYLE_FILL_AREA ( #4619 ) ;
#4619 = FILL_AREA_STYLE ('',( #4626 ) ) ;
#4620 = COLOUR_RGB ( '',0.7529411764705882200, 0.7529411764705882200, 0.7529411764705882200 ) ;
#4621 = FACE_OUTER_BOUND ( 'NONE', #1055, .T. ) ;
#4622 = DIRECTION ( 'NONE',  ( 0.0000000000000000000, 0.0000000000000000000, -1.000000000000000000 ) ) ;
#4623 = VECTOR ( 'NONE', #4622, 1000.000000000000000 ) ;
#4624 = CARTESIAN_POINT ( 'NONE',  ( 2.300033371799342900, 1.020000000000000000, 1.094961938100122100 ) ) ;
#4625 = LINE ( 'NONE', #4624, #4623 ) ;
#4626 = FILL_AREA_STYLE_COLOUR ( '', #4620 ) ;
#4627 = CARTESIAN_POINT ( 'NONE',  ( 2.300033371799342900, 1.020000000000000000, 1.094961938100122100 ) ) ;
#4628 = DIRECTION ( 'NONE',  ( 0.0000000000000000000, -1.000000000000000000, 0.0000000000000000000 ) ) ;
#4629 = VECTOR ( 'NONE', #4628, 1000.000000000000000 ) ;
#4630 = CARTESIAN_POINT ( 'NONE',  ( 2.300033371799342900, 1.020000000000000000, 1.094961938100122100 ) ) ;
#4631 = DIRECTION ( 'NONE',  ( 0.0000000000000000000, 0.0000000000000000000, -1.000000000000000000 ) ) ;
#4632 = DIRECTION ( 'NONE',  ( 1.000000000000000000, 0.0000000000000000000, 0.0000000000000000000 ) ) ;
#4633 = CARTESIAN_POINT ( 'NONE',  ( 2.300033371799342900, 1.020000000000000000, 1.094961938100122100 ) ) ;
#4634 = AXIS2_PLACEMENT_3D ( 'NONE', #4633, #4632, #4631 ) ;
#4635 = LINE ( 'NONE', #4630, #4629 ) ;
#4636 = PLANE ( 'NONE',  #4634 ) ;
#4637 =( GEOMETRIC_REPRESENTATION_CONTEXT ( 3 ) GLOBAL_UNCERTAINTY_ASSIGNED_CONTEXT ( ( #4579 ) ) GLOBAL_UNIT_ASSIGNED_CONTEXT ( ( #4582, #4581, #4580 ) ) REPRESENTATION_CONTEXT ( 'NONE', 'WORKASPACE' ) );
#4638 =( NAMED_UNIT ( * ) SI_UNIT ( $, .STERADIAN. ) SOLID_ANGLE_UNIT ( ) );
#4639 =( NAMED_UNIT ( * ) PLANE_ANGLE_UNIT ( ) SI_UNIT ( $, .RADIAN. ) );
#4640 =( LENGTH_UNIT ( ) NAMED_UNIT ( * ) SI_UNIT ( .MILLI., .METRE. ) );
#4641 = MECHANICAL_DESIGN_GEOMETRIC_PRESENTATION_REPRESENTATION (  '', ( #4643 ), #4691 ) ;
#4642 = PRESENTATION_LAYER_ASSIGNMENT (  '', '', ( #4643 ) ) ;
#4643 = STYLED_ITEM ( 'NONE', ( #4644 ), #1061 ) ;
#4644 = PRESENTATION_STYLE_ASSIGNMENT (( #4645 ) ) ;
#4645 = SURFACE_STYLE_USAGE ( .BOTH. , #4646 ) ;
#4646 = SURFACE_SIDE_STYLE ('',( #4647 ) ) ;
#4647 = SURFACE_STYLE_FILL_AREA ( #4648 ) ;
#4648 = FILL_AREA_STYLE ('',( #4656 ) ) ;
#4649 = COLOUR_RGB ( '',0.7529411764705882200, 0.7529411764705882200, 0.7529411764705882200 ) ;
#4650 = FACE_OUTER_BOUND ( 'NONE', #1062, .T. ) ;
#4651 = CARTESIAN_POINT ( 'NONE',  ( 2.330033371799342700, 1.050000000000000000, 1.094961938100122100 ) ) ;
#4652 = DIRECTION ( 'NONE',  ( -1.000000000000000000, 0.0000000000000000000, 0.0000000000000000000 ) ) ;
#4653 = DIRECTION ( 'NONE',  ( -6.123233995736766000E-017, -0.0000000000000000000, 1.000000000000000000 ) ) ;
#4654 = CARTESIAN_POINT ( 'NONE',  ( 2.330033371799342700, 1.020000000000000000, 1.094961938100122100 ) ) ;
#4655 = AXIS2_PLACEMENT_3D ( 'NONE', #4654, #4653, #4652 ) ;
#4656 = FILL_AREA_STYLE_COLOUR ( '', #4649 ) ;
#4657 = DIRECTION ( 'NONE',  ( -1.000000000000000000, 0.0000000000000000000, 0.0000000000000000000 ) ) ;
#4658 = DIRECTION ( 'NONE',  ( 0.0000000000000000000, 0.0000000000000000000, -1.000000000000000000 ) ) ;
#4659 = AXIS2_PLACEMENT_3D ( 'NONE', #4662, #4658, #4657 ) ;
#4660 = CYLINDRICAL_SURFACE ( 'NONE', #4659, 0.03000000000000007900 ) ;
#4661 = CIRCLE ( 'NONE', #4655, 0.03000000000000007900 ) ;
#4662 = CARTESIAN_POINT ( 'NONE',  ( 2.330033371799342700, 1.020000000000000000, 1.094961938100122100 ) ) ;
#4663 =( GEOMETRIC_REPRESENTATION_CONTEXT ( 3 ) GLOBAL_UNCERTAINTY_ASSIGNED_CONTEXT ( ( #4664 ) ) GLOBAL_UNIT_ASSIGNED_CONTEXT ( ( #4611, #4610, #4665 ) ) REPRESENTATION_CONTEXT ( 'NONE', 'WORKASPACE' ) );
#4664 = UNCERTAINTY_MEASURE_WITH_UNIT (LENGTH_MEASURE( 1.000000000000000100E-005 ), #4611, 'distance_accuracy_value', 'NONE');
#4665 =( NAMED_UNIT ( * ) SI_UNIT ( $, .STERADIAN. ) SOLID_ANGLE_UNIT ( ) );
#4666 = LINE ( 'NONE', #4723, #4722 ) ;
#4667 = DIRECTION ( 'NONE',  ( -2.125886612716675300E-016, 1.000000000000000000, -1.301730117806842600E-032 ) ) ;
#4668 = VECTOR ( 'NONE', #4667, 1000.000000000000000 ) ;
#4669 = CARTESIAN_POINT ( 'NONE',  ( 2.600033371799342700, 1.020000000000000000, 1.094961938100122100 ) ) ;
#4670 = LINE ( 'NONE', #4669, #4668 ) ;
#4671 = DIRECTION ( 'NONE',  ( 0.0000000000000000000, 0.0000000000000000000, -1.000000000000000000 ) ) ;
#4672 = VECTOR ( 'NONE', #4671, 1000.000000000000000 ) ;
#4673 = CARTESIAN_POINT ( 'NONE',  ( 2.330033371799342700, -1.050000000000000000, 1.094961938100122100 ) ) ;
#4674 = LINE ( 'NONE', #4673, #4672 ) ;
#4675 = DIRECTION ( 'NONE',  ( 0.0000000000000000000, 0.0000000000000000000, -1.000000000000000000 ) ) ;
#4676 = VECTOR ( 'NONE', #4675, 1000.000000000000000 ) ;
#4677 = CARTESIAN_POINT ( 'NONE',  ( 2.300033371799342900, -1.020000000000000000, 1.094961938100122100 ) ) ;
#4678 = LINE ( 'NONE', #4677, #4676 ) ;
#4679 = CARTESIAN_POINT ( 'NONE',  ( 2.330033371799342700, -1.050000000000000000, 1.094961938100122100 ) ) ;
#4680 = CARTESIAN_POINT ( 'NONE',  ( 2.300033371799342900, -1.020000000000000000, 1.094961938100122100 ) ) ;
#4681 = DIRECTION ( 'NONE',  ( -1.000000000000000000, 0.0000000000000000000, 0.0000000000000000000 ) ) ;
#4682 = DIRECTION ( 'NONE',  ( -6.123233995736766000E-017, -0.0000000000000000000, 1.000000000000000000 ) ) ;
#4683 = CARTESIAN_POINT ( 'NONE',  ( 2.330033371799342700, -1.020000000000000000, 1.094961938100122100 ) ) ;
#4684 = AXIS2_PLACEMENT_3D ( 'NONE', #4683, #4682, #4681 ) ;
#4685 = DIRECTION ( 'NONE',  ( -1.000000000000000000, 0.0000000000000000000, 0.0000000000000000000 ) ) ;
#4686 = DIRECTION ( 'NONE',  ( 0.0000000000000000000, 0.0000000000000000000, -1.000000000000000000 ) ) ;
#4687 = AXIS2_PLACEMENT_3D ( 'NONE', #4690, #4686, #4685 ) ;
#4688 = CYLINDRICAL_SURFACE ( 'NONE', #4687, 0.03000000000000007900 ) ;
#4689 = CIRCLE ( 'NONE', #4684, 0.03000000000000007900 ) ;
#4690 = CARTESIAN_POINT ( 'NONE',  ( 2.330033371799342700, -1.020000000000000000, 1.094961938100122100 ) ) ;
#4691 =( GEOMETRIC_REPRESENTATION_CONTEXT ( 3 ) GLOBAL_UNCERTAINTY_ASSIGNED_CONTEXT ( ( #4692 ) ) GLOBAL_UNIT_ASSIGNED_CONTEXT ( ( #4640, #4639, #4638 ) ) REPRESENTATION_CONTEXT ( 'NONE', 'WORKASPACE' ) );
#4692 = UNCERTAINTY_MEASURE_WITH_UNIT (LENGTH_MEASURE( 1.000000000000000100E-005 ), #4640, 'distance_accuracy_value', 'NONE');
#4693 = FACE_OUTER_BOUND ( 'NONE', #1082, .T. ) ;
#4694 = PRESENTATION_STYLE_ASSIGNMENT (( #4695 ) ) ;
#4695 = SURFACE_STYLE_USAGE ( .BOTH. , #4696 ) ;
#4696 = SURFACE_SIDE_STYLE ('',( #4697 ) ) ;
#4697 = SURFACE_STYLE_FILL_AREA ( #4702 ) ;
#4698 = DIRECTION ( 'NONE',  ( -1.000000000000000000, 0.0000000000000000000, 0.0000000000000000000 ) ) ;
#4699 = DIRECTION ( 'NONE',  ( 0.0000000000000000000, 0.0000000000000000000, -1.000000000000000000 ) ) ;
#4700 = AXIS2_PLACEMENT_3D ( 'NONE', #4705, #4699, #4698 ) ;
#4701 = CYLINDRICAL_SURFACE ( 'NONE', #4700, 0.03000000000000007900 ) ;
#4702 = FILL_AREA_STYLE ('',( #4703 ) ) ;
#4703 = FILL_AREA_STYLE_COLOUR ( '', #4704 ) ;
#4704 = COLOUR_RGB ( '',0.7529411764705882200, 0.7529411764705882200, 0.7529411764705882200 ) ;
#4705 = CARTESIAN_POINT ( 'NONE',  ( 2.570033371799342400, -1.020000000000000000, 1.094961938100122100 ) ) ;
#4706 =( GEOMETRIC_REPRESENTATION_CONTEXT ( 3 ) GLOBAL_UNCERTAINTY_ASSIGNED_CONTEXT ( ( #4707 ) ) GLOBAL_UNIT_ASSIGNED_CONTEXT ( ( #4710, #4709, #4708 ) ) REPRESENTATION_CONTEXT ( 'NONE', 'WORKASPACE' ) );
#4707 = UNCERTAINTY_MEASURE_WITH_UNIT (LENGTH_MEASURE( 1.000000000000000100E-005 ), #4710, 'distance_accuracy_value', 'NONE');
#4708 =( NAMED_UNIT ( * ) SI_UNIT ( $, .STERADIAN. ) SOLID_ANGLE_UNIT ( ) );
#4709 =( NAMED_UNIT ( * ) PLANE_ANGLE_UNIT ( ) SI_UNIT ( $, .RADIAN. ) );
#4710 =( LENGTH_UNIT ( ) NAMED_UNIT ( * ) SI_UNIT ( .MILLI., .METRE. ) );
#4711 = MECHANICAL_DESIGN_GEOMETRIC_PRESENTATION_REPRESENTATION (  '', ( #4713 ), #4706 ) ;
#4712 = PRESENTATION_LAYER_ASSIGNMENT (  '', '', ( #4713 ) ) ;
#4713 = STYLED_ITEM ( 'NONE', ( #4714 ), #1078 ) ;
#4714 = PRESENTATION_STYLE_ASSIGNMENT (( #4715 ) ) ;
#4715 = SURFACE_STYLE_USAGE ( .BOTH. , #4716 ) ;
#4716 = SURFACE_SIDE_STYLE ('',( #4717 ) ) ;
#4717 = SURFACE_STYLE_FILL_AREA ( #4718 ) ;
#4718 = FILL_AREA_STYLE ('',( #4724 ) ) ;
#4719 = COLOUR_RGB ( '',0.7529411764705882200, 0.7529411764705882200, 0.7529411764705882200 ) ;
#4720 = FACE_OUTER_BOUND ( 'NONE', #5239, .T. ) ;
#4721 = DIRECTION ( 'NONE',  ( 0.0000000000000000000, 0.0000000000000000000, -1.000000000000000000 ) ) ;
#4722 = VECTOR ( 'NONE', #4721, 1000.000000000000000 ) ;
#4723 = CARTESIAN_POINT ( 'NONE',  ( 2.600033371799343100, -1.020000000000000000, 1.094961938100122100 ) ) ;
#4724 = FILL_AREA_STYLE_COLOUR ( '', #4719 ) ;
#4725 = PRESENTATION_LAYER_ASSIGNMENT (  '', '', ( #4726 ) ) ;
#4726 = STYLED_ITEM ( 'NONE', ( #4727 ), #1088 ) ;
#4727 = PRESENTATION_STYLE_ASSIGNMENT (( #4728 ) ) ;
#4728 = SURFACE_STYLE_USAGE ( .BOTH. , #4729 ) ;
#4729 = SURFACE_SIDE_STYLE ('',( #4730 ) ) ;
#4730 = SURFACE_STYLE_FILL_AREA ( #4731 ) ;
#4731 = FILL_AREA_STYLE ('',( #4739 ) ) ;
#4732 = COLOUR_RGB ( '',0.7529411764705882200, 0.7529411764705882200, 0.7529411764705882200 ) ;
#4733 = FACE_OUTER_BOUND ( 'NONE', #1089, .T. ) ;
#4734 = DIRECTION ( 'NONE',  ( 0.0000000000000000000, 0.0000000000000000000, 1.000000000000000000 ) ) ;
#4735 = DIRECTION ( 'NONE',  ( -0.0000000000000000000, 1.000000000000000000, 0.0000000000000000000 ) ) ;
#4736 = CARTESIAN_POINT ( 'NONE',  ( 2.160000000000000100, -1.050000000000000000, 1.094966628200657400 ) ) ;
#4737 = AXIS2_PLACEMENT_3D ( 'NONE', #4736, #4735, #4734 ) ;
#4738 = CIRCLE ( 'NONE', #4737, 0.4100333718261663900 ) ;
#4739 = FILL_AREA_STYLE_COLOUR ( '', #4732 ) ;
#4740 = CARTESIAN_POINT ( 'NONE',  ( 2.160004690100534800, -1.050000000000000000, 1.505000000000000300 ) ) ;
#4741 = DIRECTION ( 'NONE',  ( 0.0000000000000000000, 0.0000000000000000000, 1.000000000000000000 ) ) ;
#4742 = DIRECTION ( 'NONE',  ( -0.0000000000000000000, 1.000000000000000000, 0.0000000000000000000 ) ) ;
#4743 = AXIS2_PLACEMENT_3D ( 'NONE', #4745, #4742, #4741 ) ;
#4744 = TOROIDAL_SURFACE ( 'NONE', #4743, 0.1700333718640273100, 0.02999999999999997100 ) ;
#4745 = CARTESIAN_POINT ( 'NONE',  ( 2.160000000000000100, 1.020000000000000000, 1.094966628200657400 ) ) ;
#4746 =( GEOMETRIC_REPRESENTATION_CONTEXT ( 3 ) GLOBAL_UNCERTAINTY_ASSIGNED_CONTEXT ( ( #4747 ) ) GLOBAL_UNIT_ASSIGNED_CONTEXT ( ( #4750, #4749, #4748 ) ) REPRESENTATION_CONTEXT ( 'NONE', 'WORKASPACE' ) );
#4747 = UNCERTAINTY_MEASURE_WITH_UNIT (LENGTH_MEASURE( 1.000000000000000100E-005 ), #4750, 'distance_accuracy_value', 'NONE');
#4748 =( NAMED_UNIT ( * ) SI_UNIT ( $, .STERADIAN. ) SOLID_ANGLE_UNIT ( ) );
#4749 =( NAMED_UNIT ( * ) PLANE_ANGLE_UNIT ( ) SI_UNIT ( $, .RADIAN. ) );
#4750 =( LENGTH_UNIT ( ) NAMED_UNIT ( * ) SI_UNIT ( .MILLI., .METRE. ) );
#4751 = MECHANICAL_DESIGN_GEOMETRIC_PRESENTATION_REPRESENTATION (  '', ( #4753 ), #4746 ) ;
#4752 = PRESENTATION_LAYER_ASSIGNMENT (  '', '', ( #4753 ) ) ;
#4753 = STYLED_ITEM ( 'NONE', ( #4694 ), #1081 ) ;
#4754 = CIRCLE ( 'NONE', #4801, 0.1400333718778851700 ) ;
#4755 = CARTESIAN_POINT ( 'NONE',  ( 2.160000000000000100, 1.050000000000000000, 1.094966628200657400 ) ) ;
#4756 = CARTESIAN_POINT ( 'NONE',  ( 2.160004690100534800, -1.050000000000000000, 1.265000000000000600 ) ) ;
#4757 = CARTESIAN_POINT ( 'NONE',  ( 2.160004690100534800, -1.020000000000000000, 1.235000000000000300 ) ) ;
#4758 = DIRECTION ( 'NONE',  ( 0.0000000000000000000, 0.0000000000000000000, -1.000000000000000000 ) ) ;
#4759 = DIRECTION ( 'NONE',  ( -1.000000000000000000, -0.0000000000000000000, -0.0000000000000000000 ) ) ;
#4760 = CARTESIAN_POINT ( 'NONE',  ( 2.160004690100534800, -1.020000000000000000, 1.265000000000000600 ) ) ;
#4761 = AXIS2_PLACEMENT_3D ( 'NONE', #4760, #4759, #4758 ) ;
#4762 = DIRECTION ( 'NONE',  ( 0.0000000000000000000, 0.0000000000000000000, 1.000000000000000000 ) ) ;
#4763 = DIRECTION ( 'NONE',  ( -0.0000000000000000000, 1.000000000000000000, 0.0000000000000000000 ) ) ;
#4764 = AXIS2_PLACEMENT_3D ( 'NONE', #4767, #4763, #4762 ) ;
#4765 = TOROIDAL_SURFACE ( 'NONE', #4764, 0.1700333718640275000, 0.03000000000000007900 ) ;
#4766 = CIRCLE ( 'NONE', #4761, 0.03000000000000007900 ) ;
#4767 = CARTESIAN_POINT ( 'NONE',  ( 2.160000000000000100, -1.020000000000000000, 1.094966628200657400 ) ) ;
#4768 =( GEOMETRIC_REPRESENTATION_CONTEXT ( 3 ) GLOBAL_UNCERTAINTY_ASSIGNED_CONTEXT ( ( #4769 ) ) GLOBAL_UNIT_ASSIGNED_CONTEXT ( ( #4772, #4771, #4770 ) ) REPRESENTATION_CONTEXT ( 'NONE', 'WORKASPACE' ) );
#4769 = UNCERTAINTY_MEASURE_WITH_UNIT (LENGTH_MEASURE( 1.000000000000000100E-005 ), #4772, 'distance_accuracy_value', 'NONE');
#4770 =( NAMED_UNIT ( * ) SI_UNIT ( $, .STERADIAN. ) SOLID_ANGLE_UNIT ( ) );
#4771 =( NAMED_UNIT ( * ) PLANE_ANGLE_UNIT ( ) SI_UNIT ( $, .RADIAN. ) );
#4772 =( LENGTH_UNIT ( ) NAMED_UNIT ( * ) SI_UNIT ( .MILLI., .METRE. ) );
#4773 = MECHANICAL_DESIGN_GEOMETRIC_PRESENTATION_REPRESENTATION (  '', ( #4726 ), #4768 ) ;
#4774 = DIRECTION ( 'NONE',  ( -0.0000000000000000000, 1.000000000000000000, 0.0000000000000000000 ) ) ;
#4775 = AXIS2_PLACEMENT_3D ( 'NONE', #4777, #4774, #4829 ) ;
#4776 = CYLINDRICAL_SURFACE ( 'NONE', #4775, 0.4400333718243376600 ) ;
#4777 = CARTESIAN_POINT ( 'NONE',  ( 2.160000000000000100, 0.0000000000000000000, 1.094966628200657400 ) ) ;
#4778 =( GEOMETRIC_REPRESENTATION_CONTEXT ( 3 ) GLOBAL_UNCERTAINTY_ASSIGNED_CONTEXT ( ( #4779 ) ) GLOBAL_UNIT_ASSIGNED_CONTEXT ( ( #4782, #4781, #4780 ) ) REPRESENTATION_CONTEXT ( 'NONE', 'WORKASPACE' ) );
#4779 = UNCERTAINTY_MEASURE_WITH_UNIT (LENGTH_MEASURE( 1.000000000000000100E-005 ), #4782, 'distance_accuracy_value', 'NONE');
#4780 =( NAMED_UNIT ( * ) SI_UNIT ( $, .STERADIAN. ) SOLID_ANGLE_UNIT ( ) );
#4781 =( NAMED_UNIT ( * ) PLANE_ANGLE_UNIT ( ) SI_UNIT ( $, .RADIAN. ) );
#4782 =( LENGTH_UNIT ( ) NAMED_UNIT ( * ) SI_UNIT ( .MILLI., .METRE. ) );
#4783 = MECHANICAL_DESIGN_GEOMETRIC_PRESENTATION_REPRESENTATION (  '', ( #4785 ), #4778 ) ;
#4784 = PRESENTATION_LAYER_ASSIGNMENT (  '', '', ( #4785 ) ) ;
#4785 = STYLED_ITEM ( 'NONE', ( #4786 ), #1098 ) ;
#4786 = PRESENTATION_STYLE_ASSIGNMENT (( #4787 ) ) ;
#4787 = SURFACE_STYLE_USAGE ( .BOTH. , #4788 ) ;
#4788 = SURFACE_SIDE_STYLE ('',( #4789 ) ) ;
#4789 = SURFACE_STYLE_FILL_AREA ( #4790 ) ;
#4790 = FILL_AREA_STYLE ('',( #4797 ) ) ;
#4791 = COLOUR_RGB ( '',0.7529411764705882200, 0.7529411764705882200, 0.7529411764705882200 ) ;
#4792 = FACE_OUTER_BOUND ( 'NONE', #1099, .T. ) ;
#4793 = DIRECTION ( 'NONE',  ( 0.0000000000000000000, 0.0000000000000000000, 1.000000000000000000 ) ) ;
#4794 = DIRECTION ( 'NONE',  ( -0.0000000000000000000, 1.000000000000000000, 0.0000000000000000000 ) ) ;
#4795 = AXIS2_PLACEMENT_3D ( 'NONE', #4755, #4794, #4793 ) ;
#4796 = CIRCLE ( 'NONE', #4795, 0.4100333718261659500 ) ;
#4797 = FILL_AREA_STYLE_COLOUR ( '', #4791 ) ;
#4798 = DIRECTION ( 'NONE',  ( 0.0000000000000000000, 0.0000000000000000000, 1.000000000000000000 ) ) ;
#4799 = DIRECTION ( 'NONE',  ( -0.0000000000000000000, 1.000000000000000000, 0.0000000000000000000 ) ) ;
#4800 = CARTESIAN_POINT ( 'NONE',  ( 2.160000000000000100, -1.020000000000000000, 1.094966628200657400 ) ) ;
#4801 = AXIS2_PLACEMENT_3D ( 'NONE', #4800, #4799, #4798 ) ;
#4802 = CARTESIAN_POINT ( 'NONE',  ( 2.160000000000000100, -1.020000000000000000, 1.094966628200657400 ) ) ;
#4803 =( GEOMETRIC_REPRESENTATION_CONTEXT ( 3 ) GLOBAL_UNCERTAINTY_ASSIGNED_CONTEXT ( ( #4804 ) ) GLOBAL_UNIT_ASSIGNED_CONTEXT ( ( #4807, #4806, #4805 ) ) REPRESENTATION_CONTEXT ( 'NONE', 'WORKASPACE' ) );
#4804 = UNCERTAINTY_MEASURE_WITH_UNIT (LENGTH_MEASURE( 1.000000000000000100E-005 ), #4807, 'distance_accuracy_value', 'NONE');
#4805 =( NAMED_UNIT ( * ) SI_UNIT ( $, .STERADIAN. ) SOLID_ANGLE_UNIT ( ) );
#4806 =( NAMED_UNIT ( * ) PLANE_ANGLE_UNIT ( ) SI_UNIT ( $, .RADIAN. ) );
#4807 =( LENGTH_UNIT ( ) NAMED_UNIT ( * ) SI_UNIT ( .MILLI., .METRE. ) );
#4808 = MECHANICAL_DESIGN_GEOMETRIC_PRESENTATION_REPRESENTATION (  '', ( #4810 ), #4803 ) ;
#4809 = PRESENTATION_LAYER_ASSIGNMENT (  '', '', ( #4810 ) ) ;
#4810 = STYLED_ITEM ( 'NONE', ( #4811 ), #1107 ) ;
#4811 = PRESENTATION_STYLE_ASSIGNMENT (( #4812 ) ) ;
#4812 = SURFACE_STYLE_USAGE ( .BOTH. , #4813 ) ;
#4813 = SURFACE_SIDE_STYLE ('',( #4814 ) ) ;
#4814 = SURFACE_STYLE_FILL_AREA ( #4815 ) ;
#4815 = FILL_AREA_STYLE ('',( #4823 ) ) ;
#4816 = COLOUR_RGB ( '',0.7529411764705882200, 0.7529411764705882200, 0.7529411764705882200 ) ;
#4817 = FACE_OUTER_BOUND ( 'NONE', #1108, .T. ) ;
#4818 = DIRECTION ( 'NONE',  ( 0.0000000000000000000, 0.0000000000000000000, 1.000000000000000000 ) ) ;
#4819 = DIRECTION ( 'NONE',  ( -0.0000000000000000000, 1.000000000000000000, 0.0000000000000000000 ) ) ;
#4820 = CARTESIAN_POINT ( 'NONE',  ( 2.160000000000000100, -1.020000000000000000, 1.094966628200657400 ) ) ;
#4821 = AXIS2_PLACEMENT_3D ( 'NONE', #4820, #4819, #4818 ) ;
#4822 = CIRCLE ( 'NONE', #4821, 0.4400333718243376600 ) ;
#4823 = FILL_AREA_STYLE_COLOUR ( '', #4816 ) ;
#4824 = CARTESIAN_POINT ( 'NONE',  ( 2.160004690100534800, -1.020000000000000000, 1.535000000000000400 ) ) ;
#4825 = DIRECTION ( 'NONE',  ( 0.0000000000000000000, 1.000000000000000000, -2.125886612716675300E-016 ) ) ;
#4826 = VECTOR ( 'NONE', #4825, 1000.000000000000000 ) ;
#4827 = CARTESIAN_POINT ( 'NONE',  ( 2.160004690100534800, 1.020000000000000000, 1.535000000000000100 ) ) ;
#4828 = LINE ( 'NONE', #4827, #4826 ) ;
#4829 = DIRECTION ( 'NONE',  ( 0.0000000000000000000, 0.0000000000000000000, 1.000000000000000000 ) ) ;
#4830 = TOROIDAL_SURFACE ( 'NONE', #4882, 0.4100333718261660600, 0.03000000000000018600 ) ;
#4831 =( GEOMETRIC_REPRESENTATION_CONTEXT ( 3 ) GLOBAL_UNCERTAINTY_ASSIGNED_CONTEXT ( ( #4832 ) ) GLOBAL_UNIT_ASSIGNED_CONTEXT ( ( #4835, #4834, #4833 ) ) REPRESENTATION_CONTEXT ( 'NONE', 'WORKASPACE' ) );
#4832 = UNCERTAINTY_MEASURE_WITH_UNIT (LENGTH_MEASURE( 1.000000000000000100E-005 ), #4835, 'distance_accuracy_value', 'NONE');
#4833 =( NAMED_UNIT ( * ) SI_UNIT ( $, .STERADIAN. ) SOLID_ANGLE_UNIT ( ) );
#4834 =( NAMED_UNIT ( * ) PLANE_ANGLE_UNIT ( ) SI_UNIT ( $, .RADIAN. ) );
#4835 =( LENGTH_UNIT ( ) NAMED_UNIT ( * ) SI_UNIT ( .MILLI., .METRE. ) );
#4836 = MECHANICAL_DESIGN_GEOMETRIC_PRESENTATION_REPRESENTATION (  '', ( #4838 ), #4831 ) ;
#4837 = PRESENTATION_LAYER_ASSIGNMENT (  '', '', ( #4838 ) ) ;
#4838 = STYLED_ITEM ( 'NONE', ( #4839 ), #1115 ) ;
#4839 = PRESENTATION_STYLE_ASSIGNMENT (( #4840 ) ) ;
#4840 = SURFACE_STYLE_USAGE ( .BOTH. , #4841 ) ;
#4841 = SURFACE_SIDE_STYLE ('',( #4842 ) ) ;
#4842 = SURFACE_STYLE_FILL_AREA ( #4843 ) ;
#4843 = FILL_AREA_STYLE ('',( #4850 ) ) ;
#4844 = COLOUR_RGB ( '',0.7529411764705882200, 0.7529411764705882200, 0.7529411764705882200 ) ;
#4845 = FACE_OUTER_BOUND ( 'NONE', #1116, .T. ) ;
#4846 = DIRECTION ( 'NONE',  ( 0.0000000000000000000, 0.0000000000000000000, -1.000000000000000000 ) ) ;
#4847 = VECTOR ( 'NONE', #4846, 1000.000000000000000 ) ;
#4848 = CARTESIAN_POINT ( 'NONE',  ( 2.330033371799342700, 1.050000000000000000, 1.094961938100122100 ) ) ;
#4849 = LINE ( 'NONE', #4848, #4847 ) ;
#4850 = FILL_AREA_STYLE_COLOUR ( '', #4844 ) ;
#4851 = DIRECTION ( 'NONE',  ( 0.0000000000000000000, 0.0000000000000000000, 1.000000000000000000 ) ) ;
#4852 = DIRECTION ( 'NONE',  ( -1.000000000000000000, -0.0000000000000000000, -0.0000000000000000000 ) ) ;
#4853 = CARTESIAN_POINT ( 'NONE',  ( 2.160004690100534800, -1.020000000000000000, 1.505000000000000300 ) ) ;
#4854 = AXIS2_PLACEMENT_3D ( 'NONE', #4853, #4852, #4851 ) ;
#4855 = DIRECTION ( 'NONE',  ( 0.0000000000000000000, 0.0000000000000000000, 1.000000000000000000 ) ) ;
#4856 = DIRECTION ( 'NONE',  ( -0.0000000000000000000, 1.000000000000000000, 0.0000000000000000000 ) ) ;
#4857 = AXIS2_PLACEMENT_3D ( 'NONE', #4802, #4856, #4855 ) ;
#4858 = TOROIDAL_SURFACE ( 'NONE', #4857, 0.4100333718261662800, 0.03000000000000018600 ) ;
#4859 = CIRCLE ( 'NONE', #4854, 0.03000000000000007900 ) ;
#4860 = DIRECTION ( 'NONE',  ( 0.0000000000000000000, 0.0000000000000000000, 1.000000000000000000 ) ) ;
#4861 = DIRECTION ( 'NONE',  ( -1.000000000000000000, -0.0000000000000000000, -0.0000000000000000000 ) ) ;
#4862 = AXIS2_PLACEMENT_3D ( 'NONE', #4864, #4861, #4860 ) ;
#4863 = CYLINDRICAL_SURFACE ( 'NONE', #4862, 0.03000000000000029700 ) ;
#4864 = CARTESIAN_POINT ( 'NONE',  ( 2.160004690100534800, 1.020000000000000000, 1.505000000000000100 ) ) ;
#4865 =( GEOMETRIC_REPRESENTATION_CONTEXT ( 3 ) GLOBAL_UNCERTAINTY_ASSIGNED_CONTEXT ( ( #4866 ) ) GLOBAL_UNIT_ASSIGNED_CONTEXT ( ( #4869, #4868, #4867 ) ) REPRESENTATION_CONTEXT ( 'NONE', 'WORKASPACE' ) );
#4866 = UNCERTAINTY_MEASURE_WITH_UNIT (LENGTH_MEASURE( 1.000000000000000100E-005 ), #4869, 'distance_accuracy_value', 'NONE');
#4867 =( NAMED_UNIT ( * ) SI_UNIT ( $, .STERADIAN. ) SOLID_ANGLE_UNIT ( ) );
#4868 =( NAMED_UNIT ( * ) PLANE_ANGLE_UNIT ( ) SI_UNIT ( $, .RADIAN. ) );
#4869 =( LENGTH_UNIT ( ) NAMED_UNIT ( * ) SI_UNIT ( .MILLI., .METRE. ) );
#4870 = MECHANICAL_DESIGN_GEOMETRIC_PRESENTATION_REPRESENTATION (  '', ( #4872 ), #4865 ) ;
#4871 = PRESENTATION_LAYER_ASSIGNMENT (  '', '', ( #4872 ) ) ;
#4872 = STYLED_ITEM ( 'NONE', ( #4873 ), #1120 ) ;
#4873 = PRESENTATION_STYLE_ASSIGNMENT (( #4874 ) ) ;
#4874 = SURFACE_STYLE_USAGE ( .BOTH. , #4875 ) ;
#4875 = SURFACE_SIDE_STYLE ('',( #4876 ) ) ;
#4876 = SURFACE_STYLE_FILL_AREA ( #4877 ) ;
#4877 = FILL_AREA_STYLE ('',( #4884 ) ) ;
#4878 = COLOUR_RGB ( '',0.7529411764705882200, 0.7529411764705882200, 0.7529411764705882200 ) ;
#4879 = DIRECTION ( 'NONE',  ( 0.0000000000000000000, 0.0000000000000000000, 1.000000000000000000 ) ) ;
#4880 = DIRECTION ( 'NONE',  ( -0.0000000000000000000, 1.000000000000000000, 0.0000000000000000000 ) ) ;
#4881 = CARTESIAN_POINT ( 'NONE',  ( 2.160000000000000100, 1.020000000000000000, 1.094966628200657400 ) ) ;
#4882 = AXIS2_PLACEMENT_3D ( 'NONE', #4881, #4880, #4879 ) ;
#4883 = FACE_OUTER_BOUND ( 'NONE', #1121, .T. ) ;
#4884 = FILL_AREA_STYLE_COLOUR ( '', #4878 ) ;
#4885 =( LENGTH_UNIT ( ) NAMED_UNIT ( * ) SI_UNIT ( .MILLI., .METRE. ) );
#4886 = MECHANICAL_DESIGN_GEOMETRIC_PRESENTATION_REPRESENTATION (  '', ( #4888 ), #4946 ) ;
#4887 = PRESENTATION_LAYER_ASSIGNMENT (  '', '', ( #4888 ) ) ;
#4888 = STYLED_ITEM ( 'NONE', ( #4889 ), #1143 ) ;
#4889 = PRESENTATION_STYLE_ASSIGNMENT (( #4890 ) ) ;
#4890 = SURFACE_STYLE_USAGE ( .BOTH. , #4891 ) ;
#4891 = SURFACE_SIDE_STYLE ('',( #4892 ) ) ;
#4892 = SURFACE_STYLE_FILL_AREA ( #4893 ) ;
#4893 = FILL_AREA_STYLE ('',( #4901 ) ) ;
#4894 = COLOUR_RGB ( '',0.7529411764705882200, 0.7529411764705882200, 0.7529411764705882200 ) ;
#4895 = FACE_OUTER_BOUND ( 'NONE', #1144, .T. ) ;
#4896 = DIRECTION ( 'NONE',  ( 0.0000000000000000000, 0.0000000000000000000, 1.000000000000000000 ) ) ;
#4897 = DIRECTION ( 'NONE',  ( -0.0000000000000000000, 1.000000000000000000, 0.0000000000000000000 ) ) ;
#4898 = CARTESIAN_POINT ( 'NONE',  ( 2.160000000000000100, 1.050000000000000000, 1.094966628200657400 ) ) ;
#4899 = AXIS2_PLACEMENT_3D ( 'NONE', #4898, #4897, #4896 ) ;
#4900 = CIRCLE ( 'NONE', #4899, 0.1700333718640273900 ) ;
#4901 = FILL_AREA_STYLE_COLOUR ( '', #4894 ) ;
#4902 = CARTESIAN_POINT ( 'NONE',  ( 2.160004690100534800, 1.050000000000000000, 1.265000000000000300 ) ) ;
#4903 = DIRECTION ( 'NONE',  ( 0.0000000000000000000, 0.0000000000000000000, -1.000000000000000000 ) ) ;
#4904 = DIRECTION ( 'NONE',  ( -1.000000000000000000, -0.0000000000000000000, -0.0000000000000000000 ) ) ;
#4905 = CARTESIAN_POINT ( 'NONE',  ( 2.160004690100534800, 1.020000000000000000, 1.265000000000000300 ) ) ;
#4906 = AXIS2_PLACEMENT_3D ( 'NONE', #4905, #4904, #4903 ) ;
#4907 = CIRCLE ( 'NONE', #4906, 0.02999999999999986000 ) ;
#4908 = DIRECTION ( 'NONE',  ( -1.000000000000000000, -0.0000000000000000000, -0.0000000000000000000 ) ) ;
#4909 = VECTOR ( 'NONE', #4908, 1000.000000000000000 ) ;
#4910 = CARTESIAN_POINT ( 'NONE',  ( 2.160004690100534800, 1.050000000000000000, 1.505000000000000100 ) ) ;
#4911 = LINE ( 'NONE', #4910, #4909 ) ;
#4912 = DIRECTION ( 'NONE',  ( 0.0000000000000000000, 9.035018104045878800E-016, 1.000000000000000000 ) ) ;
#4913 = DIRECTION ( 'NONE',  ( 0.0000000000000000000, 1.000000000000000000, -9.035018104045878800E-016 ) ) ;
#4914 = AXIS2_PLACEMENT_3D ( 'NONE', #4915, #4913, #4912 ) ;
#4915 = CARTESIAN_POINT ( 'NONE',  ( 2.160004690100534800, 1.050000000000000000, 1.265000000000000300 ) ) ;
#4916 = PLANE ( 'NONE',  #4914 ) ;
#4917 = FACE_OUTER_BOUND ( 'NONE', #1128, .T. ) ;
#4918 = DIRECTION ( 'NONE',  ( -1.000000000000000000, -0.0000000000000000000, -0.0000000000000000000 ) ) ;
#4919 = VECTOR ( 'NONE', #4918, 1000.000000000000000 ) ;
#4920 = CARTESIAN_POINT ( 'NONE',  ( 2.160004690100534800, 1.020000000000000000, 1.235000000000000300 ) ) ;
#4921 = LINE ( 'NONE', #4920, #4919 ) ;
#4922 = PRESENTATION_LAYER_ASSIGNMENT (  '', '', ( #4923 ) ) ;
#4923 = STYLED_ITEM ( 'NONE', ( #4924 ), #1151 ) ;
#4924 = PRESENTATION_STYLE_ASSIGNMENT (( #4925 ) ) ;
#4925 = SURFACE_STYLE_USAGE ( .BOTH. , #4926 ) ;
#4926 = SURFACE_SIDE_STYLE ('',( #4927 ) ) ;
#4927 = SURFACE_STYLE_FILL_AREA ( #4928 ) ;
#4928 = FILL_AREA_STYLE ('',( #4936 ) ) ;
#4929 = COLOUR_RGB ( '',0.7529411764705882200, 0.7529411764705882200, 0.7529411764705882200 ) ;
#4930 = FACE_OUTER_BOUND ( 'NONE', #1152, .T. ) ;
#4931 = DIRECTION ( 'NONE',  ( 0.0000000000000000000, 0.0000000000000000000, 1.000000000000000000 ) ) ;
#4932 = DIRECTION ( 'NONE',  ( -0.0000000000000000000, 1.000000000000000000, 0.0000000000000000000 ) ) ;
#4933 = CARTESIAN_POINT ( 'NONE',  ( 2.160000000000000100, -1.050000000000000000, 1.094966628200657400 ) ) ;
#4934 = AXIS2_PLACEMENT_3D ( 'NONE', #4933, #4932, #4931 ) ;
#4935 = CIRCLE ( 'NONE', #4934, 0.1700333718640273900 ) ;
#4936 = FILL_AREA_STYLE_COLOUR ( '', #4929 ) ;
#4937 = DIRECTION ( 'NONE',  ( -1.000000000000000000, -0.0000000000000000000, -0.0000000000000000000 ) ) ;
#4938 = VECTOR ( 'NONE', #4937, 1000.000000000000000 ) ;
#4939 = CARTESIAN_POINT ( 'NONE',  ( 2.160004690100534800, 1.050000000000000000, 1.265000000000000300 ) ) ;
#4940 = LINE ( 'NONE', #4939, #4938 ) ;
#4941 = DIRECTION ( 'NONE',  ( 0.0000000000000000000, 0.0000000000000000000, 1.000000000000000000 ) ) ;
#4942 = DIRECTION ( 'NONE',  ( -1.000000000000000000, -0.0000000000000000000, -0.0000000000000000000 ) ) ;
#4943 = AXIS2_PLACEMENT_3D ( 'NONE', #4945, #4942, #4941 ) ;
#4944 = CYLINDRICAL_SURFACE ( 'NONE', #4943, 0.02999999999999986000 ) ;
#4945 = CARTESIAN_POINT ( 'NONE',  ( 2.160004690100534800, 1.020000000000000000, 1.265000000000000300 ) ) ;
#4946 =( GEOMETRIC_REPRESENTATION_CONTEXT ( 3 ) GLOBAL_UNCERTAINTY_ASSIGNED_CONTEXT ( ( #4947 ) ) GLOBAL_UNIT_ASSIGNED_CONTEXT ( ( #4885, #4949, #4948 ) ) REPRESENTATION_CONTEXT ( 'NONE', 'WORKASPACE' ) );
#4947 = UNCERTAINTY_MEASURE_WITH_UNIT (LENGTH_MEASURE( 1.000000000000000100E-005 ), #4885, 'distance_accuracy_value', 'NONE');
#4948 =( NAMED_UNIT ( * ) SI_UNIT ( $, .STERADIAN. ) SOLID_ANGLE_UNIT ( ) );
#4949 =( NAMED_UNIT ( * ) PLANE_ANGLE_UNIT ( ) SI_UNIT ( $, .RADIAN. ) );
#4950 = DIRECTION ( 'NONE',  ( 0.0000000000000000000, 0.0000000000000000000, 1.000000000000000000 ) ) ;
#4951 = DIRECTION ( 'NONE',  ( -0.0000000000000000000, 1.000000000000000000, 0.0000000000000000000 ) ) ;
#4952 = CARTESIAN_POINT ( 'NONE',  ( 2.160000000000000100, 1.020000000000000000, 1.094966628200657400 ) ) ;
#4953 = AXIS2_PLACEMENT_3D ( 'NONE', #4952, #4951, #4950 ) ;
#4954 = CIRCLE ( 'NONE', #4953, 0.1400333718778851700 ) ;
#4955 = CARTESIAN_POINT ( 'NONE',  ( 2.160004690100534800, 1.020000000000000000, 1.235000000000000300 ) ) ;
#4956 = DIRECTION ( 'NONE',  ( 0.0000000000000000000, -1.000000000000000000, 0.0000000000000000000 ) ) ;
#4957 = VECTOR ( 'NONE', #4956, 1000.000000000000000 ) ;
#4958 = CARTESIAN_POINT ( 'NONE',  ( 2.160004690100534800, 1.020000000000000000, 1.235000000000000300 ) ) ;
#4959 = LINE ( 'NONE', #4958, #4957 ) ;
#4960 = DIRECTION ( 'NONE',  ( 0.0000000000000000000, 0.0000000000000000000, 1.000000000000000000 ) ) ;
#4961 = DIRECTION ( 'NONE',  ( -0.0000000000000000000, 1.000000000000000000, 0.0000000000000000000 ) ) ;
#4962 = AXIS2_PLACEMENT_3D ( 'NONE', #4964, #4961, #4960 ) ;
#4963 = CYLINDRICAL_SURFACE ( 'NONE', #4962, 0.1400333718778851700 ) ;
#4964 = CARTESIAN_POINT ( 'NONE',  ( 2.160000000000000100, 0.0000000000000000000, 1.094966628200657400 ) ) ;
#4965 =( GEOMETRIC_REPRESENTATION_CONTEXT ( 3 ) GLOBAL_UNCERTAINTY_ASSIGNED_CONTEXT ( ( #4966 ) ) GLOBAL_UNIT_ASSIGNED_CONTEXT ( ( #4969, #4968, #4967 ) ) REPRESENTATION_CONTEXT ( 'NONE', 'WORKASPACE' ) );
#4966 = UNCERTAINTY_MEASURE_WITH_UNIT (LENGTH_MEASURE( 1.000000000000000100E-005 ), #4969, 'distance_accuracy_value', 'NONE');
#4967 =( NAMED_UNIT ( * ) SI_UNIT ( $, .STERADIAN. ) SOLID_ANGLE_UNIT ( ) );
#4968 =( NAMED_UNIT ( * ) PLANE_ANGLE_UNIT ( ) SI_UNIT ( $, .RADIAN. ) );
#4969 =( LENGTH_UNIT ( ) NAMED_UNIT ( * ) SI_UNIT ( .MILLI., .METRE. ) );
#4970 = MECHANICAL_DESIGN_GEOMETRIC_PRESENTATION_REPRESENTATION (  '', ( #4923 ), #4965 ) ;
#4971 = FILL_AREA_STYLE_COLOUR ( '', #4976 ) ;
#4972 = FACE_OUTER_BOUND ( 'NONE', #1170, .T. ) ;
#4973 = SURFACE_STYLE_USAGE ( .BOTH. , #4974 ) ;
#4974 = SURFACE_SIDE_STYLE ('',( #4975 ) ) ;
#4975 = SURFACE_STYLE_FILL_AREA ( #4980 ) ;
#4976 = COLOUR_RGB ( '',0.7529411764705882200, 0.7529411764705882200, 0.7529411764705882200 ) ;
#4977 = DIRECTION ( 'NONE',  ( 1.224646799147353200E-016, 0.0000000000000000000, -1.000000000000000000 ) ) ;
#4978 = VECTOR ( 'NONE', #4977, 1000.000000000000000 ) ;
#4979 = CARTESIAN_POINT ( 'NONE',  ( 1.429995309899464700, -1.050000000000000000, 0.2699666282006572000 ) ) ;
#4980 = FILL_AREA_STYLE ('',( #4971 ) ) ;
#4981 = DIRECTION ( 'NONE',  ( -1.224646799147353200E-016, 0.0000000000000000000, 1.000000000000000000 ) ) ;
#4982 = DIRECTION ( 'NONE',  ( 1.000000000000000000, 0.0000000000000000000, 1.224646799147353200E-016 ) ) ;
#4983 = CARTESIAN_POINT ( 'NONE',  ( 1.429995309899464700, 1.020000000000000000, 0.2699666282006572000 ) ) ;
#4984 = AXIS2_PLACEMENT_3D ( 'NONE', #4983, #4982, #4981 ) ;
#4985 = LINE ( 'NONE', #4979, #4978 ) ;
#4986 = PLANE ( 'NONE',  #4984 ) ;
#4987 =( GEOMETRIC_REPRESENTATION_CONTEXT ( 3 ) GLOBAL_UNCERTAINTY_ASSIGNED_CONTEXT ( ( #4988 ) ) GLOBAL_UNIT_ASSIGNED_CONTEXT ( ( #4991, #4990, #4989 ) ) REPRESENTATION_CONTEXT ( 'NONE', 'WORKASPACE' ) );
#4988 = UNCERTAINTY_MEASURE_WITH_UNIT (LENGTH_MEASURE( 1.000000000000000100E-005 ), #4991, 'distance_accuracy_value', 'NONE');
#4989 =( NAMED_UNIT ( * ) SI_UNIT ( $, .STERADIAN. ) SOLID_ANGLE_UNIT ( ) );
#4990 =( NAMED_UNIT ( * ) PLANE_ANGLE_UNIT ( ) SI_UNIT ( $, .RADIAN. ) );
#4991 =( LENGTH_UNIT ( ) NAMED_UNIT ( * ) SI_UNIT ( .MILLI., .METRE. ) );
#4992 = MECHANICAL_DESIGN_GEOMETRIC_PRESENTATION_REPRESENTATION (  '', ( #4994 ), #4987 ) ;
#4993 = PRESENTATION_LAYER_ASSIGNMENT (  '', '', ( #4994 ) ) ;
#4994 = STYLED_ITEM ( 'NONE', ( #4995 ), #1158 ) ;
#4995 = PRESENTATION_STYLE_ASSIGNMENT (( #4996 ) ) ;
#4996 = SURFACE_STYLE_USAGE ( .BOTH. , #4997 ) ;
#4997 = SURFACE_SIDE_STYLE ('',( #4998 ) ) ;
#4998 = SURFACE_STYLE_FILL_AREA ( #4999 ) ;
#4999 = FILL_AREA_STYLE ('',( #5000 ) ) ;
#5000 = FILL_AREA_STYLE_COLOUR ( '', #5001 ) ;
#5001 = COLOUR_RGB ( '',0.7529411764705882200, 0.7529411764705882200, 0.7529411764705882200 ) ;
#5002 = FACE_OUTER_BOUND ( 'NONE', #1159, .T. ) ;
#5003 = DIRECTION ( 'NONE',  ( 0.0000000000000000000, -1.000000000000000000, 0.0000000000000000000 ) ) ;
#5004 = AXIS2_PLACEMENT_3D ( 'NONE', #5005, #5003, #5053 ) ;
#5005 = CARTESIAN_POINT ( 'NONE',  ( 2.160004690100534800, -1.050000000000000000, 1.265000000000000600 ) ) ;
#5006 = PLANE ( 'NONE',  #5004 ) ;
#5007 = FACE_OUTER_BOUND ( 'NONE', #1176, .T. ) ;
#5008 = DIRECTION ( 'NONE',  ( -1.000000000000000000, -0.0000000000000000000, -0.0000000000000000000 ) ) ;
#5009 = VECTOR ( 'NONE', #5008, 1000.000000000000000 ) ;
#5010 = CARTESIAN_POINT ( 'NONE',  ( 2.160004690100534800, -1.050000000000000000, 1.505000000000000300 ) ) ;
#5011 = LINE ( 'NONE', #5010, #5009 ) ;
#5012 = DIRECTION ( 'NONE',  ( 0.0000000000000000000, 0.0000000000000000000, 1.000000000000000000 ) ) ;
#5013 = DIRECTION ( 'NONE',  ( -1.000000000000000000, -0.0000000000000000000, -0.0000000000000000000 ) ) ;
#5014 = AXIS2_PLACEMENT_3D ( 'NONE', #5016, #5013, #5012 ) ;
#5015 = CYLINDRICAL_SURFACE ( 'NONE', #5014, 0.03000000000000007900 ) ;
#5016 = CARTESIAN_POINT ( 'NONE',  ( 2.160004690100534800, -1.020000000000000000, 1.265000000000000600 ) ) ;
#5017 =( GEOMETRIC_REPRESENTATION_CONTEXT ( 3 ) GLOBAL_UNCERTAINTY_ASSIGNED_CONTEXT ( ( #5018 ) ) GLOBAL_UNIT_ASSIGNED_CONTEXT ( ( #5021, #5020, #5019 ) ) REPRESENTATION_CONTEXT ( 'NONE', 'WORKASPACE' ) );
#5018 = UNCERTAINTY_MEASURE_WITH_UNIT (LENGTH_MEASURE( 1.000000000000000100E-005 ), #5021, 'distance_accuracy_value', 'NONE');
#5019 =( NAMED_UNIT ( * ) SI_UNIT ( $, .STERADIAN. ) SOLID_ANGLE_UNIT ( ) );
#5020 =( NAMED_UNIT ( * ) PLANE_ANGLE_UNIT ( ) SI_UNIT ( $, .RADIAN. ) );
#5021 =( LENGTH_UNIT ( ) NAMED_UNIT ( * ) SI_UNIT ( .MILLI., .METRE. ) );
#5022 = MECHANICAL_DESIGN_GEOMETRIC_PRESENTATION_REPRESENTATION (  '', ( #5024 ), #5017 ) ;
#5023 = PRESENTATION_LAYER_ASSIGNMENT (  '', '', ( #5024 ) ) ;
#5024 = STYLED_ITEM ( 'NONE', ( #5025 ), #1169 ) ;
#5025 = PRESENTATION_STYLE_ASSIGNMENT (( #4973 ) ) ;
#5026 = CARTESIAN_POINT ( 'NONE',  ( 2.160004690100534800, 1.020000000000000000, 1.535000000000000100 ) ) ;
#5027 = AXIS2_PLACEMENT_3D ( 'NONE', #5026, #5081, #5080 ) ;
#5028 = PLANE ( 'NONE',  #5027 ) ;
#5029 =( GEOMETRIC_REPRESENTATION_CONTEXT ( 3 ) GLOBAL_UNCERTAINTY_ASSIGNED_CONTEXT ( ( #5030 ) ) GLOBAL_UNIT_ASSIGNED_CONTEXT ( ( #5033, #5032, #5031 ) ) REPRESENTATION_CONTEXT ( 'NONE', 'WORKASPACE' ) );
#5030 = UNCERTAINTY_MEASURE_WITH_UNIT (LENGTH_MEASURE( 1.000000000000000100E-005 ), #5033, 'distance_accuracy_value', 'NONE');
#5031 =( NAMED_UNIT ( * ) SI_UNIT ( $, .STERADIAN. ) SOLID_ANGLE_UNIT ( ) );
#5032 =( NAMED_UNIT ( * ) PLANE_ANGLE_UNIT ( ) SI_UNIT ( $, .RADIAN. ) );
#5033 =( LENGTH_UNIT ( ) NAMED_UNIT ( * ) SI_UNIT ( .MILLI., .METRE. ) );
#5034 = MECHANICAL_DESIGN_GEOMETRIC_PRESENTATION_REPRESENTATION (  '', ( #5036 ), #5029 ) ;
#5035 = PRESENTATION_LAYER_ASSIGNMENT (  '', '', ( #5036 ) ) ;
#5036 = STYLED_ITEM ( 'NONE', ( #5037 ), #1185 ) ;
#5037 = PRESENTATION_STYLE_ASSIGNMENT (( #5038 ) ) ;
#5038 = SURFACE_STYLE_USAGE ( .BOTH. , #5039 ) ;
#5039 = SURFACE_SIDE_STYLE ('',( #5040 ) ) ;
#5040 = SURFACE_STYLE_FILL_AREA ( #5041 ) ;
#5041 = FILL_AREA_STYLE ('',( #5047 ) ) ;
#5042 = COLOUR_RGB ( '',0.7529411764705882200, 0.7529411764705882200, 0.7529411764705882200 ) ;
#5043 = FACE_OUTER_BOUND ( 'NONE', #1186, .T. ) ;
#5044 = DIRECTION ( 'NONE',  ( -1.000000000000000000, -0.0000000000000000000, -0.0000000000000000000 ) ) ;
#5045 = VECTOR ( 'NONE', #5044, 1000.000000000000000 ) ;
#5046 = CARTESIAN_POINT ( 'NONE',  ( 2.160004690100534800, 1.020000000000000000, 1.535000000000000100 ) ) ;
#5047 = FILL_AREA_STYLE_COLOUR ( '', #5042 ) ;
#5048 = LINE ( 'NONE', #5046, #5045 ) ;
#5049 = DIRECTION ( 'NONE',  ( -1.000000000000000000, -0.0000000000000000000, -0.0000000000000000000 ) ) ;
#5050 = VECTOR ( 'NONE', #5049, 1000.000000000000000 ) ;
#5051 = CARTESIAN_POINT ( 'NONE',  ( 2.160004690100534800, -1.050000000000000000, 1.265000000000000600 ) ) ;
#5052 = LINE ( 'NONE', #5051, #5050 ) ;
#5053 = DIRECTION ( 'NONE',  ( 0.0000000000000000000, -0.0000000000000000000, -1.000000000000000000 ) ) ;
#5054 = DIRECTION ( 'NONE',  ( 0.0000000000000000000, 0.0000000000000000000, 1.000000000000000000 ) ) ;
#5055 = DIRECTION ( 'NONE',  ( -1.000000000000000000, -0.0000000000000000000, -0.0000000000000000000 ) ) ;
#5056 = AXIS2_PLACEMENT_3D ( 'NONE', #5059, #5055, #5054 ) ;
#5057 = CYLINDRICAL_SURFACE ( 'NONE', #5056, 0.03000000000000007900 ) ;
#5058 = LINE ( 'NONE', #5112, #5111 ) ;
#5059 = CARTESIAN_POINT ( 'NONE',  ( 2.160004690100534800, -1.020000000000000000, 1.505000000000000300 ) ) ;
#5060 =( GEOMETRIC_REPRESENTATION_CONTEXT ( 3 ) GLOBAL_UNCERTAINTY_ASSIGNED_CONTEXT ( ( #5061 ) ) GLOBAL_UNIT_ASSIGNED_CONTEXT ( ( #5064, #5063, #5062 ) ) REPRESENTATION_CONTEXT ( 'NONE', 'WORKASPACE' ) );
#5061 = UNCERTAINTY_MEASURE_WITH_UNIT (LENGTH_MEASURE( 1.000000000000000100E-005 ), #5064, 'distance_accuracy_value', 'NONE');
#5062 =( NAMED_UNIT ( * ) SI_UNIT ( $, .STERADIAN. ) SOLID_ANGLE_UNIT ( ) );
#5063 =( NAMED_UNIT ( * ) PLANE_ANGLE_UNIT ( ) SI_UNIT ( $, .RADIAN. ) );
#5064 =( LENGTH_UNIT ( ) NAMED_UNIT ( * ) SI_UNIT ( .MILLI., .METRE. ) );
#5065 = MECHANICAL_DESIGN_GEOMETRIC_PRESENTATION_REPRESENTATION (  '', ( #5067 ), #5060 ) ;
#5066 = PRESENTATION_LAYER_ASSIGNMENT (  '', '', ( #5067 ) ) ;
#5067 = STYLED_ITEM ( 'NONE', ( #5068 ), #1192 ) ;
#5068 = PRESENTATION_STYLE_ASSIGNMENT (( #5069 ) ) ;
#5069 = SURFACE_STYLE_USAGE ( .BOTH. , #5070 ) ;
#5070 = SURFACE_SIDE_STYLE ('',( #5071 ) ) ;
#5071 = SURFACE_STYLE_FILL_AREA ( #5072 ) ;
#5072 = FILL_AREA_STYLE ('',( #5079 ) ) ;
#5073 = COLOUR_RGB ( '',0.7529411764705882200, 0.7529411764705882200, 0.7529411764705882200 ) ;
#5074 = FACE_OUTER_BOUND ( 'NONE', #1193, .T. ) ;
#5075 = DIRECTION ( 'NONE',  ( -1.000000000000000000, -0.0000000000000000000, -0.0000000000000000000 ) ) ;
#5076 = VECTOR ( 'NONE', #5075, 1000.000000000000000 ) ;
#5077 = CARTESIAN_POINT ( 'NONE',  ( 2.160004690100534800, -1.020000000000000000, 1.535000000000000400 ) ) ;
#5078 = LINE ( 'NONE', #5077, #5076 ) ;
#5079 = FILL_AREA_STYLE_COLOUR ( '', #5073 ) ;
#5080 = DIRECTION ( 'NONE',  ( 0.0000000000000000000, -1.000000000000000000, 2.125886612716675300E-016 ) ) ;
#5081 = DIRECTION ( 'NONE',  ( -0.0000000000000000000, 2.125886612716675300E-016, 1.000000000000000000 ) ) ;
#5082 = DIRECTION ( 'NONE',  ( 2.966353413093036300E-016, 1.000000000000000000, -0.0000000000000000000 ) ) ;
#5083 = AXIS2_PLACEMENT_3D ( 'NONE', #5084, #5082, #5143 ) ;
#5084 = CARTESIAN_POINT ( 'NONE',  ( -1.676999999999999400, -1.499999999999999800, 2.621000000000000000 ) ) ;
#5085 = PLANE ( 'NONE',  #5083 ) ;
#5086 = FACE_OUTER_BOUND ( 'NONE', #1214, .T. ) ;
#5087 = DIRECTION ( 'NONE',  ( -0.0000000000000000000, -0.0000000000000000000, -1.000000000000000000 ) ) ;
#5088 = VECTOR ( 'NONE', #5087, 1000.000000000000000 ) ;
#5089 = CARTESIAN_POINT ( 'NONE',  ( -1.676999999999999600, 1.500000000000000000, 2.621000000000000000 ) ) ;
#5090 = LINE ( 'NONE', #5089, #5088 ) ;
#5091 = CARTESIAN_POINT ( 'NONE',  ( -1.676999999999999600, 1.500000000000000000, 2.621000000000000000 ) ) ;
#5092 = DIRECTION ( 'NONE',  ( 7.228014483236695800E-017, -1.000000000000000000, 0.0000000000000000000 ) ) ;
#5093 = VECTOR ( 'NONE', #5092, 1000.000000000000000 ) ;
#5094 = CARTESIAN_POINT ( 'NONE',  ( -1.676999999999999600, 1.500000000000000000, 2.621000000000000000 ) ) ;
#5095 = LINE ( 'NONE', #5094, #5093 ) ;
#5096 = CARTESIAN_POINT ( 'NONE',  ( -1.676999999999999400, -1.499999999999999800, 2.621000000000000000 ) ) ;
#5097 = DIRECTION ( 'NONE',  ( -0.0000000000000000000, -0.0000000000000000000, -1.000000000000000000 ) ) ;
#5098 = VECTOR ( 'NONE', #5097, 1000.000000000000000 ) ;
#5099 = CARTESIAN_POINT ( 'NONE',  ( -1.676999999999999400, -1.499999999999999800, 2.621000000000000000 ) ) ;
#5100 = LINE ( 'NONE', #5099, #5098 ) ;
#5101 = DIRECTION ( 'NONE',  ( -7.228014483236695800E-017, 1.000000000000000000, -0.0000000000000000000 ) ) ;
#5102 = VECTOR ( 'NONE', #5101, 1000.000000000000000 ) ;
#5103 = CARTESIAN_POINT ( 'NONE',  ( -0.9459999999999999500, 1.500000000000000000, 2.621000000000000000 ) ) ;
#5104 = LINE ( 'NONE', #5103, #5102 ) ;
#5105 = CARTESIAN_POINT ( 'NONE',  ( -0.9459999999999999500, 1.500000000000000000, 2.621000000000000000 ) ) ;
#5106 = DIRECTION ( 'NONE',  ( -0.0000000000000000000, -0.0000000000000000000, -1.000000000000000000 ) ) ;
#5107 = VECTOR ( 'NONE', #5106, 1000.000000000000000 ) ;
#5108 = CARTESIAN_POINT ( 'NONE',  ( -0.9459999999999999500, 1.500000000000000000, 2.621000000000000000 ) ) ;
#5109 = LINE ( 'NONE', #5108, #5107 ) ;
#5110 = DIRECTION ( 'NONE',  ( -1.224646799147353200E-016, -9.035018104045878800E-016, 1.000000000000000000 ) ) ;
#5111 = VECTOR ( 'NONE', #5110, 1000.000000000000000 ) ;
#5112 = CARTESIAN_POINT ( 'NONE',  ( 1.429995309899464700, 1.050000000000000000, 0.2699666282006572000 ) ) ;
#5113 = UNCERTAINTY_MEASURE_WITH_UNIT (LENGTH_MEASURE( 1.000000000000000100E-005 ), #5116, 'distance_accuracy_value', 'NONE');
#5114 =( NAMED_UNIT ( * ) SI_UNIT ( $, .STERADIAN. ) SOLID_ANGLE_UNIT ( ) );
#5115 =( NAMED_UNIT ( * ) PLANE_ANGLE_UNIT ( ) SI_UNIT ( $, .RADIAN. ) );
#5116 =( LENGTH_UNIT ( ) NAMED_UNIT ( * ) SI_UNIT ( .MILLI., .METRE. ) );
#5117 = MECHANICAL_DESIGN_GEOMETRIC_PRESENTATION_REPRESENTATION (  '', ( #5119 ), #5163 ) ;
#5118 = PRESENTATION_LAYER_ASSIGNMENT (  '', '', ( #5119 ) ) ;
#5119 = STYLED_ITEM ( 'NONE', ( #5120 ), #1234 ) ;
#5120 = PRESENTATION_STYLE_ASSIGNMENT (( #5121 ) ) ;
#5121 = SURFACE_STYLE_USAGE ( .BOTH. , #5122 ) ;
#5122 = SURFACE_SIDE_STYLE ('',( #5123 ) ) ;
#5123 = SURFACE_STYLE_FILL_AREA ( #5124 ) ;
#5124 = FILL_AREA_STYLE ('',( #5131 ) ) ;
#5125 = COLOUR_RGB ( '',0.7529411764705882200, 0.7529411764705882200, 0.7529411764705882200 ) ;
#5126 = FACE_OUTER_BOUND ( 'NONE', #1235, .T. ) ;
#5127 = DIRECTION ( 'NONE',  ( -1.000000000000000000, -0.0000000000000000000, -0.0000000000000000000 ) ) ;
#5128 = VECTOR ( 'NONE', #5127, 1000.000000000000000 ) ;
#5129 = CARTESIAN_POINT ( 'NONE',  ( 2.160004690100534800, -1.020000000000000000, 1.235000000000000300 ) ) ;
#5130 = LINE ( 'NONE', #5129, #5128 ) ;
#5131 = FILL_AREA_STYLE_COLOUR ( '', #5125 ) ;
#5132 = DIRECTION ( 'NONE',  ( -7.228014483236695800E-017, 1.000000000000000000, 0.0000000000000000000 ) ) ;
#5133 = DIRECTION ( 'NONE',  ( 1.000000000000000000, 7.228014483236695800E-017, -0.0000000000000000000 ) ) ;
#5134 = AXIS2_PLACEMENT_3D ( 'NONE', #5135, #5133, #5132 ) ;
#5135 = CARTESIAN_POINT ( 'NONE',  ( -1.676999999999999600, 1.500000000000000000, 2.621000000000000000 ) ) ;
#5136 = PLANE ( 'NONE',  #5134 ) ;
#5137 = FACE_OUTER_BOUND ( 'NONE', #1228, .T. ) ;
#5138 = CARTESIAN_POINT ( 'NONE',  ( -0.9459999999999997300, -1.500000000000000000, 2.621000000000000000 ) ) ;
#5139 = DIRECTION ( 'NONE',  ( -0.0000000000000000000, -0.0000000000000000000, -1.000000000000000000 ) ) ;
#5140 = VECTOR ( 'NONE', #5139, 1000.000000000000000 ) ;
#5141 = CARTESIAN_POINT ( 'NONE',  ( -0.9459999999999997300, -1.500000000000000000, 2.621000000000000000 ) ) ;
#5142 = LINE ( 'NONE', #5141, #5140 ) ;
#5143 = DIRECTION ( 'NONE',  ( -1.000000000000000000, 2.966353413093036300E-016, 0.0000000000000000000 ) ) ;
#5144 = DIRECTION ( 'NONE',  ( -1.000000000000000000, 2.004929977727047400E-018, 4.767068558107530200E-035 ) ) ;
#5145 = VECTOR ( 'NONE', #5144, 1000.000000000000000 ) ;
#5146 = CARTESIAN_POINT ( 'NONE',  ( -2.025621361288386900, 1.687719494380916600, 0.4360826899039937400 ) ) ;
#5147 = LINE ( 'NONE', #5146, #5145 ) ;
#5148 = CARTESIAN_POINT ( 'NONE',  ( -2.049999999999999800, 1.800000000000000000, 1.235000000000026100 ) ) ;
#5149 = CARTESIAN_POINT ( 'NONE',  ( -2.050322840650757000, 1.799999999999999800, 1.235000000000026100 ) ) ;
#5150 = CARTESIAN_POINT ( 'NONE',  ( -2.050645677516104400, 1.799998436620934100, 1.234988875979955900 ) ) ;
#5151 = CARTESIAN_POINT ( 'NONE',  ( -2.050968503025310900, 1.799995309899464500, 1.234966628200681300 ) ) ;
#5152 =( BOUNDED_CURVE ( )  B_SPLINE_CURVE ( 3, ( #5151, #5150, #5149, #5148 ),
 .UNSPECIFIED., .F., .F. ) 
 B_SPLINE_CURVE_WITH_KNOTS ( ( 4, 4 ),
 ( 6.273500125511087200, 6.283185307179590700 ),
 .UNSPECIFIED. ) 
 CURVE ( )  GEOMETRIC_REPRESENTATION_ITEM ( )  RATIONAL_B_SPLINE_CURVE ( ( 1.000000000000000000, 0.9999921831199465300, 0.9999921831199465300, 1.000000000000000000 ) ) 
 REPRESENTATION_ITEM ( '' )  );
#5153 = CARTESIAN_POINT ( 'NONE',  ( -0.9490268068741578600, 1.659611327440438900, 0.2360826899039937800 ) ) ;
#5154 = DIRECTION ( 'NONE',  ( -1.000000000000000000, 4.367423927009237500E-035, -1.426581805901979400E-017 ) ) ;
#5155 = VECTOR ( 'NONE', #5154, 1000.000000000000000 ) ;
#5156 = CARTESIAN_POINT ( 'NONE',  ( -0.9499999999999999600, 1.659611327440438900, 0.2360826899039937800 ) ) ;
#5157 = LINE ( 'NONE', #5156, #5155 ) ;
#5158 = DIRECTION ( 'NONE',  ( -1.000000000000000000, 0.0000000000000000000, -0.0000000000000000000 ) ) ;
#5159 = DIRECTION ( 'NONE',  ( 0.0000000000000000000, 0.0000000000000000000, -1.000000000000000000 ) ) ;
#5160 = CARTESIAN_POINT ( 'NONE',  ( 2.160004690100534800, 1.020000000000000000, 1.235000000000000300 ) ) ;
#5161 = AXIS2_PLACEMENT_3D ( 'NONE', #5160, #5159, #5158 ) ;
#5162 = PLANE ( 'NONE',  #5161 ) ;
#5163 =( GEOMETRIC_REPRESENTATION_CONTEXT ( 3 ) GLOBAL_UNCERTAINTY_ASSIGNED_CONTEXT ( ( #5113 ) ) GLOBAL_UNIT_ASSIGNED_CONTEXT ( ( #5116, #5115, #5114 ) ) REPRESENTATION_CONTEXT ( 'NONE', 'WORKASPACE' ) );
#5164 = CARTESIAN_POINT ( 'NONE',  ( 0.9490268068741578600, 1.659611327440438900, 0.2360826899039938100 ) ) ;
#5165 = CARTESIAN_POINT ( 'NONE',  ( 0.9496750746234614600, 1.660259595189743600, 0.2406953546193916500 ) ) ;
#5166 = CARTESIAN_POINT ( 'NONE',  ( 0.9499999999999999600, 1.660912639170522000, 0.2453420039876079400 ) ) ;
#5167 = CARTESIAN_POINT ( 'NONE',  ( 0.9500000000000000700, 1.661567277818143800, 0.2500000000000002200 ) ) ;
#5168 =( BOUNDED_CURVE ( )  B_SPLINE_CURVE ( 3, ( #5167, #5166, #5165, #5164 ),
 .UNSPECIFIED., .F., .T. ) 
 B_SPLINE_CURVE_WITH_KNOTS ( ( 4, 4 ),
 ( 4.712388980384687900, 4.852015320544231800 ),
 .UNSPECIFIED. ) 
 CURVE ( )  GEOMETRIC_REPRESENTATION_ITEM ( )  RATIONAL_B_SPLINE_CURVE ( ( 1.000000000000000000, 0.9983760335065495800, 0.9983760335065495800, 1.000000000000000000 ) ) 
 REPRESENTATION_ITEM ( '' )  );
#5169 = CARTESIAN_POINT ( 'NONE',  ( -0.9499999999999999600, 1.661567277818143800, 0.2499999999999997800 ) ) ;
#5170 = CARTESIAN_POINT ( 'NONE',  ( -0.9499999999999999600, 1.660912639170522000, 0.2453420039876076700 ) ) ;
#5171 = CARTESIAN_POINT ( 'NONE',  ( -0.9496750746234613500, 1.660259595189743600, 0.2406953546193915100 ) ) ;
#5172 = CARTESIAN_POINT ( 'NONE',  ( -0.9490268068741578600, 1.659611327440438900, 0.2360826899039937800 ) ) ;
#5173 =( BOUNDED_CURVE ( )  B_SPLINE_CURVE ( 3, ( #5172, #5171, #5170, #5169 ),
 .UNSPECIFIED., .F., .T. ) 
 B_SPLINE_CURVE_WITH_KNOTS ( ( 4, 4 ),
 ( 1.431169986635354700, 1.570796326794895000 ),
 .UNSPECIFIED. ) 
 CURVE ( )  GEOMETRIC_REPRESENTATION_ITEM ( )  RATIONAL_B_SPLINE_CURVE ( ( 1.000000000000000000, 0.9983760335065495800, 0.9983760335065495800, 1.000000000000000000 ) ) 
 REPRESENTATION_ITEM ( '' )  );
#5174 = CARTESIAN_POINT ( 'NONE',  ( -2.050968503025310900, 1.799995309899464500, 1.234966628200681300 ) ) ;
#5175 = DIRECTION ( 'NONE',  ( -0.1378445374916251700, 0.1378445374916257000, 0.9808148484639900300 ) ) ;
#5176 = VECTOR ( 'NONE', #5175, 1000.000000000000000 ) ;
#5177 = CARTESIAN_POINT ( 'NONE',  ( -2.052854813021493600, 1.801881619895647300, 1.248388421234552200 ) ) ;
#5178 = LINE ( 'NONE', #5177, #5176 ) ;
#5179 = CARTESIAN_POINT ( 'NONE',  ( -1.938692687506763400, 1.687719494380916600, 0.4360826899039937400 ) ) ;
#5180 = VERTEX_POINT ( 'NONE', #5305 ) ;
#5181 = ORIENTED_EDGE ( 'NONE', *, *, #5183, .T. ) ;
#5182 = VERTEX_POINT ( 'NONE', #5304 ) ;
#5183 = EDGE_CURVE ( 'NONE', #5203, #5180, #5303, .T. ) ;
#5184 = ORIENTED_EDGE ( 'NONE', *, *, #5201, .T. ) ;
#5185 = VERTEX_POINT ( 'NONE', #5299 ) ;
#5186 = ORIENTED_EDGE ( 'NONE', *, *, #5195, .T. ) ;
#5187 = ADVANCED_FACE ( 'NONE', ( #5298 ), #5282, .F. ) ;
#5188 = VERTEX_POINT ( 'NONE', #5281 ) ;
#5189 = ORIENTED_EDGE ( 'NONE', *, *, #5194, .T. ) ;
#5190 = ORIENTED_EDGE ( 'NONE', *, *, #5198, .T. ) ;
#5191 = EDGE_CURVE ( 'NONE', #173, #5203, #5329, .T. ) ;
#5192 = EDGE_CURVE ( 'NONE', #5208, #5207, #5324, .T. ) ;
#5193 = EDGE_CURVE ( 'NONE', #5209, #5185, #5320, .T. ) ;
#5194 = EDGE_CURVE ( 'NONE', #5185, #27, #5316, .T. ) ;
#5195 = EDGE_CURVE ( 'NONE', #5206, #5188, #5312, .T. ) ;
#5196 = EDGE_LOOP ( 'NONE', ( #5197, #5199, #5181, #5200, #5186, #5190, #5210, #6 ) ) ;
#5197 = ORIENTED_EDGE ( 'NONE', *, *, #175, .F. ) ;
#5198 = EDGE_CURVE ( 'NONE', #5188, #5207, #5343, .T. ) ;
#5199 = ORIENTED_EDGE ( 'NONE', *, *, #5191, .T. ) ;
#5200 = ORIENTED_EDGE ( 'NONE', *, *, #5202, .T. ) ;
#5201 = EDGE_CURVE ( 'NONE', #161, #5209, #5338, .T. ) ;
#5202 = EDGE_CURVE ( 'NONE', #5180, #5206, #5333, .T. ) ;
#5203 = VERTEX_POINT ( 'NONE', #5372 ) ;
#5204 = ORIENTED_EDGE ( 'NONE', *, *, #5193, .T. ) ;
#5205 = ORIENTED_EDGE ( 'NONE', *, *, #163, .T. ) ;
#5206 = VERTEX_POINT ( 'NONE', #5371 ) ;
#5207 = VERTEX_POINT ( 'NONE', #5370 ) ;
#5208 = VERTEX_POINT ( 'NONE', #5369 ) ;
#5209 = VERTEX_POINT ( 'NONE', #5368 ) ;
#5210 = ORIENTED_EDGE ( 'NONE', *, *, #5192, .F. ) ;
#5211 = ORIENTED_EDGE ( 'NONE', *, *, #5218, .T. ) ;
#5212 = ORIENTED_EDGE ( 'NONE', *, *, #21, .T. ) ;
#5213 = ADVANCED_FACE ( 'NONE', ( #5367 ), #5351, .F. ) ;
#5214 = EDGE_LOOP ( 'NONE', ( #5212, #19, #16, #12 ) ) ;
#5215 = EDGE_CURVE ( 'NONE', #5221, #5229, #5350, .T. ) ;
#5216 = ORIENTED_EDGE ( 'NONE', *, *, #5215, .T. ) ;
#5217 = VERTEX_POINT ( 'NONE', #5402 ) ;
#5218 = EDGE_CURVE ( 'NONE', #5228, #5217, #5401, .T. ) ;
#5219 = EDGE_CURVE ( 'NONE', #5217, #5221, #5397, .T. ) ;
#5220 = ORIENTED_EDGE ( 'NONE', *, *, #5219, .T. ) ;
#5221 = VERTEX_POINT ( 'NONE', #5393 ) ;
#5222 = EDGE_CURVE ( 'NONE', #5229, #5228, #5392, .T. ) ;
#5223 = VERTEX_POINT ( 'NONE', #5388 ) ;
#5224 = ORIENTED_EDGE ( 'NONE', *, *, #5226, .T. ) ;
#5225 = ORIENTED_EDGE ( 'NONE', *, *, #5222, .T. ) ;
#5226 = EDGE_CURVE ( 'NONE', #5207, #5223, #5387, .T. ) ;
#5227 = ORIENTED_EDGE ( 'NONE', *, *, #5192, .T. ) ;
#5228 = VERTEX_POINT ( 'NONE', #5383 ) ;
#5229 = VERTEX_POINT ( 'NONE', #5382 ) ;
#5230 = EDGE_CURVE ( 'NONE', #5233, #5208, #5381, .T. ) ;
#5231 = ORIENTED_EDGE ( 'NONE', *, *, #5230, .T. ) ;
#5232 = VERTEX_POINT ( 'NONE', #5376 ) ;
#5233 = VERTEX_POINT ( 'NONE', #5375 ) ;
#5234 = ORIENTED_EDGE ( 'NONE', *, *, #68, .T. ) ;
#5235 = EDGE_LOOP ( 'NONE', ( #5234, #70, #73, #76 ) ) ;
#5236 = ORIENTED_EDGE ( 'NONE', *, *, #5183, .F. ) ;
#5237 = ORIENTED_EDGE ( 'NONE', *, *, #676, .T. ) ;
#5238 = VERTEX_POINT ( 'NONE', #5374 ) ;
#5239 = EDGE_LOOP ( 'NONE', ( #5240, #999, #1059, #1060 ) ) ;
#5240 = ORIENTED_EDGE ( 'NONE', *, *, #997, .F. ) ;
#5241 = DIRECTION ( 'NONE',  ( 0.0000000000000000000, -1.000000000000000000, 0.0000000000000000000 ) ) ;
#5242 = CARTESIAN_POINT ( 'NONE',  ( -0.9499999999999999600, -1.800000000000000000, 0.1499999999999999900 ) ) ;
#5243 = DIRECTION ( 'NONE',  ( 0.0000000000000000000, -0.0000000000000000000, -1.000000000000000000 ) ) ;
#5244 = CARTESIAN_POINT ( 'NONE',  ( -2.149995309899464900, -1.700968503025303400, 1.234966628200657500 ) ) ;
#5245 = CARTESIAN_POINT ( 'NONE',  ( -2.149436649370104900, -1.758648687084978500, 1.230991551984953000 ) ) ;
#5246 = CARTESIAN_POINT ( 'NONE',  ( -2.050968503025310900, -1.799995309899464300, 1.234966628200679500 ) ) ;
#5247 = CARTESIAN_POINT ( 'NONE',  ( -2.108648687084984100, -1.799436649370100400, 1.230991551984952400 ) ) ;
#5248 =( NAMED_UNIT ( * ) PLANE_ANGLE_UNIT ( ) SI_UNIT ( $, .RADIAN. ) );
#5249 = AXIS2_PLACEMENT_3D ( 'NONE', #5308, #5307, #5306 ) ;
#5250 = PLANE ( 'NONE',  #5249 ) ;
#5251 = FACE_OUTER_BOUND ( 'NONE', #1277, .T. ) ;
#5252 = DIRECTION ( 'NONE',  ( 1.000000000000000000, -2.966353413093036300E-016, 0.0000000000000000000 ) ) ;
#5253 = VECTOR ( 'NONE', #5252, 1000.000000000000000 ) ;
#5254 = CARTESIAN_POINT ( 'NONE',  ( -1.676999999999999400, -1.499999999999999800, 2.621000000000000000 ) ) ;
#5255 = DIRECTION ( 'NONE',  ( 1.000000000000000000, 0.0000000000000000000, -0.0000000000000000000 ) ) ;
#5256 = DIRECTION ( 'NONE',  ( 0.0000000000000000000, 0.0000000000000000000, 1.000000000000000000 ) ) ;
#5257 = AXIS2_PLACEMENT_3D ( 'NONE', #5259, #5256, #5255 ) ;
#5258 = LINE ( 'NONE', #5254, #5253 ) ;
#5259 = CARTESIAN_POINT ( 'NONE',  ( -1.676999999999999400, -1.499999999999999800, 2.621000000000000000 ) ) ;
#5260 = PLANE ( 'NONE',  #5257 ) ;
#5261 = FACE_OUTER_BOUND ( 'NONE', #1268, .T. ) ;
#5262 = DIRECTION ( 'NONE',  ( -1.000000000000000000, -0.0000000000000000000, -0.0000000000000000000 ) ) ;
#5263 = VECTOR ( 'NONE', #5262, 1000.000000000000000 ) ;
#5264 = CARTESIAN_POINT ( 'NONE',  ( -1.676999999999999600, 1.500000000000000000, 2.621000000000000000 ) ) ;
#5265 = LINE ( 'NONE', #5264, #5263 ) ;
#5266 = DIRECTION ( 'NONE',  ( 0.0000000000000000000, -0.0000000000000000000, -1.000000000000000000 ) ) ;
#5267 = DIRECTION ( 'NONE',  ( 0.0000000000000000000, -1.000000000000000000, 0.0000000000000000000 ) ) ;
#5268 = CARTESIAN_POINT ( 'NONE',  ( -1.676999999999999600, 1.500000000000000000, 2.621000000000000000 ) ) ;
#5269 = AXIS2_PLACEMENT_3D ( 'NONE', #5268, #5267, #5266 ) ;
#5270 = PLANE ( 'NONE',  #5269 ) ;
#5271 = FACE_OUTER_BOUND ( 'NONE', #1261, .T. ) ;
#5272 = CARTESIAN_POINT ( 'NONE',  ( 0.9490268068741578600, 1.659611327440438900, 0.2360826899039938100 ) ) ;
#5273 = DIRECTION ( 'NONE',  ( 2.168404344971007700E-015, 1.000000000000000000, 0.0000000000000000000 ) ) ;
#5274 = DIRECTION ( 'NONE',  ( 1.000000000000000000, -2.189714495920899100E-015, 0.0000000000000000000 ) ) ;
#5275 = CARTESIAN_POINT ( 'NONE',  ( 1.938692687506763400, 1.588692687506759700, 0.4500000000000000700 ) ) ;
#5276 = AXIS2_PLACEMENT_3D ( 'NONE', #5275, #5274, #5273 ) ;
#5277 = CIRCLE ( 'NONE', #5276, 0.1000000000000000500 ) ;
#5278 = DIRECTION ( 'NONE',  ( -0.9902680687415708100, 0.0000000000000000000, -0.1391731009600617500 ) ) ;
#5279 = CARTESIAN_POINT ( 'NONE',  ( 2.149999999999999900, 1.800000000000000000, 1.535000000000000100 ) ) ;
#5280 = AXIS2_PLACEMENT_3D ( 'NONE', #5279, #5278, #5330 ) ;
#5281 = CARTESIAN_POINT ( 'NONE',  ( 2.149995309899464900, -1.700968503025303700, 1.535033371799343000 ) ) ;
#5282 = PLANE ( 'NONE',  #5280 ) ;
#5283 =( GEOMETRIC_REPRESENTATION_CONTEXT ( 3 ) GLOBAL_UNCERTAINTY_ASSIGNED_CONTEXT ( ( #5284 ) ) GLOBAL_UNIT_ASSIGNED_CONTEXT ( ( #5287, #5286, #5285 ) ) REPRESENTATION_CONTEXT ( 'NONE', 'WORKASPACE' ) );
#5284 = UNCERTAINTY_MEASURE_WITH_UNIT (LENGTH_MEASURE( 1.000000000000000100E-005 ), #5287, 'distance_accuracy_value', 'NONE');
#5285 =( NAMED_UNIT ( * ) SI_UNIT ( $, .STERADIAN. ) SOLID_ANGLE_UNIT ( ) );
#5286 =( NAMED_UNIT ( * ) PLANE_ANGLE_UNIT ( ) SI_UNIT ( $, .RADIAN. ) );
#5287 =( LENGTH_UNIT ( ) NAMED_UNIT ( * ) SI_UNIT ( .MILLI., .METRE. ) );
#5288 = MECHANICAL_DESIGN_GEOMETRIC_PRESENTATION_REPRESENTATION (  '', ( #5290 ), #5283 ) ;
#5289 = PRESENTATION_LAYER_ASSIGNMENT (  '', '', ( #5290 ) ) ;
#5290 = STYLED_ITEM ( 'NONE', ( #5291 ), #5187 ) ;
#5291 = PRESENTATION_STYLE_ASSIGNMENT (( #5292 ) ) ;
#5292 = SURFACE_STYLE_USAGE ( .BOTH. , #5293 ) ;
#5293 = SURFACE_SIDE_STYLE ('',( #5294 ) ) ;
#5294 = SURFACE_STYLE_FILL_AREA ( #5295 ) ;
#5295 = FILL_AREA_STYLE ('',( #5296 ) ) ;
#5296 = FILL_AREA_STYLE_COLOUR ( '', #5297 ) ;
#5297 = COLOUR_RGB ( '',0.09411764705882352800, 0.09411764705882352800, 0.09411764705882352800 ) ;
#5298 = FACE_OUTER_BOUND ( 'NONE', #5196, .T. ) ;
#5299 = CARTESIAN_POINT ( 'NONE',  ( -2.009611327440442400, -1.560584520566282100, 2.533917310096006400 ) ) ;
#5300 = DIRECTION ( 'NONE',  ( -0.1378445374916249800, -0.1378445374916258100, 0.9808148484639900300 ) ) ;
#5301 = VECTOR ( 'NONE', #5300, 1000.000000000000100 ) ;
#5302 = CARTESIAN_POINT ( 'NONE',  ( 1.999394814243560500, 1.550368007369398800, 2.606611578765448500 ) ) ;
#5303 = LINE ( 'NONE', #5302, #5301 ) ;
#5304 = CARTESIAN_POINT ( 'NONE',  ( 2.050000000000000300, 1.800000000000000000, 1.235000000000026100 ) ) ;
#5305 = CARTESIAN_POINT ( 'NONE',  ( 2.009611327440443200, 1.560584520566282100, 2.533917310096006000 ) ) ;
#5306 = DIRECTION ( 'NONE',  ( 7.228014483236695800E-017, -1.000000000000000000, 0.0000000000000000000 ) ) ;
#5307 = DIRECTION ( 'NONE',  ( -1.000000000000000000, -7.228014483236695800E-017, 0.0000000000000000000 ) ) ;
#5308 = CARTESIAN_POINT ( 'NONE',  ( -0.9459999999999999500, 1.500000000000000000, 2.621000000000000000 ) ) ;
#5309 = DIRECTION ( 'NONE',  ( 0.1378445374916249800, -0.1378445374916256500, -0.9808148484639900300 ) ) ;
#5310 = VECTOR ( 'NONE', #5309, 1000.000000000000100 ) ;
#5311 = CARTESIAN_POINT ( 'NONE',  ( 2.151881619895651200, -1.702854813021490000, 1.521611578765448100 ) ) ;
#5312 = LINE ( 'NONE', #5311, #5310 ) ;
#5313 = DIRECTION ( 'NONE',  ( -0.0000000000000000000, 1.000000000000000000, -0.0000000000000000000 ) ) ;
#5314 = VECTOR ( 'NONE', #5313, 1000.000000000000000 ) ;
#5315 = CARTESIAN_POINT ( 'NONE',  ( -2.009611327440442400, 1.800000000000000000, 2.533917310096006400 ) ) ;
#5316 = LINE ( 'NONE', #5315, #5314 ) ;
#5317 = DIRECTION ( 'NONE',  ( 0.1378445374916260900, 0.1378445374916255600, 0.9808148484639899200 ) ) ;
#5318 = VECTOR ( 'NONE', #5317, 1000.000000000000000 ) ;
#5319 = CARTESIAN_POINT ( 'NONE',  ( -1.999394814243559100, -1.550368007369398800, 2.606611578765448500 ) ) ;
#5320 = LINE ( 'NONE', #5319, #5318 ) ;
#5321 = DIRECTION ( 'NONE',  ( -0.0000000000000000000, -1.000000000000000000, -0.0000000000000000000 ) ) ;
#5322 = VECTOR ( 'NONE', #5321, 1000.000000000000000 ) ;
#5323 = CARTESIAN_POINT ( 'NONE',  ( 2.149999999999999900, 1.800000000000000000, 1.535000000000000100 ) ) ;
#5324 = LINE ( 'NONE', #5323, #5322 ) ;
#5325 = CARTESIAN_POINT ( 'NONE',  ( 2.149995309899464400, 1.700968503025304100, 1.535033371799342700 ) ) ;
#5326 = CARTESIAN_POINT ( 'NONE',  ( 2.149998436620933700, 1.700645677516100300, 1.535011124020068800 ) ) ;
#5327 = CARTESIAN_POINT ( 'NONE',  ( 2.149999999999999900, 1.700322840650755100, 1.534999999999998400 ) ) ;
#5328 = CARTESIAN_POINT ( 'NONE',  ( 2.149999999999999900, 1.700000000000000200, 1.535000000000000100 ) ) ;
#5329 =( BOUNDED_CURVE ( )  B_SPLINE_CURVE ( 3, ( #5328, #5327, #5326, #5325 ),
 .UNSPECIFIED., .F., .T. ) 
 B_SPLINE_CURVE_WITH_KNOTS ( ( 4, 4 ),
 ( 2.168404344970993100E-015, 0.009685181668434718300 ),
 .UNSPECIFIED. ) 
 CURVE ( )  GEOMETRIC_REPRESENTATION_ITEM ( )  RATIONAL_B_SPLINE_CURVE ( ( 1.000000000000000000, 0.9999921831199467500, 0.9999921831199467500, 1.000000000000000000 ) ) 
 REPRESENTATION_ITEM ( '' )  );
#5330 = DIRECTION ( 'NONE',  ( -0.1391731009600617500, 0.0000000000000000000, 0.9902680687415708100 ) ) ;
#5331 = VECTOR ( 'NONE', #5373, 1000.000000000000000 ) ;
#5332 = CARTESIAN_POINT ( 'NONE',  ( 2.009611327440443200, 1.800000000000000000, 2.533917310096006000 ) ) ;
#5333 = LINE ( 'NONE', #5332, #5331 ) ;
#5334 = CARTESIAN_POINT ( 'NONE',  ( -2.149995309899464400, -1.700968503025303900, 1.535033371799343000 ) ) ;
#5335 = CARTESIAN_POINT ( 'NONE',  ( -2.149998436620934200, -1.700645677516099900, 1.535011124020068600 ) ) ;
#5336 = CARTESIAN_POINT ( 'NONE',  ( -2.149999999999999900, -1.700322840650754700, 1.534999999999998400 ) ) ;
#5337 = CARTESIAN_POINT ( 'NONE',  ( -2.149999999999999900, -1.699999999999999700, 1.535000000000000100 ) ) ;
#5338 =( BOUNDED_CURVE ( )  B_SPLINE_CURVE ( 3, ( #5337, #5336, #5335, #5334 ),
 .UNSPECIFIED., .F., .T. ) 
 B_SPLINE_CURVE_WITH_KNOTS ( ( 4, 4 ),
 ( 0.0000000000000000000, 0.009685181668434319400 ),
 .UNSPECIFIED. ) 
 CURVE ( )  GEOMETRIC_REPRESENTATION_ITEM ( )  RATIONAL_B_SPLINE_CURVE ( ( 1.000000000000000000, 0.9999921831199467500, 0.9999921831199467500, 1.000000000000000000 ) ) 
 REPRESENTATION_ITEM ( '' )  );
#5339 = CARTESIAN_POINT ( 'NONE',  ( 2.149999999999999900, -1.699999999999999700, 1.535000000000000100 ) ) ;
#5340 = CARTESIAN_POINT ( 'NONE',  ( 2.149999999999999900, -1.700322840650754700, 1.534999999999998400 ) ) ;
#5341 = CARTESIAN_POINT ( 'NONE',  ( 2.149998436620933700, -1.700645677516099900, 1.535011124020068800 ) ) ;
#5342 = CARTESIAN_POINT ( 'NONE',  ( 2.149995309899464900, -1.700968503025303700, 1.535033371799343000 ) ) ;
#5343 =( BOUNDED_CURVE ( )  B_SPLINE_CURVE ( 3, ( #5342, #5341, #5340, #5339 ),
 .UNSPECIFIED., .F., .T. ) 
 B_SPLINE_CURVE_WITH_KNOTS ( ( 4, 4 ),
 ( 3.131907471921361100, 3.141592653589793100 ),
 .UNSPECIFIED. ) 
 CURVE ( )  GEOMETRIC_REPRESENTATION_ITEM ( )  RATIONAL_B_SPLINE_CURVE ( ( 1.000000000000000000, 0.9999921831199467500, 0.9999921831199467500, 1.000000000000000000 ) ) 
 REPRESENTATION_ITEM ( '' )  );
#5344 = VECTOR ( 'NONE', #5403, 1000.000000000000000 ) ;
#5345 = CARTESIAN_POINT ( 'NONE',  ( -0.9499999999999999600, -1.560584520566281800, 0.1499999999999999900 ) ) ;
#5346 = DIRECTION ( 'NONE',  ( 0.0000000000000000000, -0.0000000000000000000, -1.000000000000000000 ) ) ;
#5347 = DIRECTION ( 'NONE',  ( 0.0000000000000000000, -1.000000000000000000, 0.0000000000000000000 ) ) ;
#5348 = CARTESIAN_POINT ( 'NONE',  ( -0.9499999999999999600, 1.800000000000000000, 0.1499999999999999900 ) ) ;
#5349 = AXIS2_PLACEMENT_3D ( 'NONE', #5348, #5347, #5346 ) ;
#5350 = LINE ( 'NONE', #5345, #5344 ) ;
#5351 = PLANE ( 'NONE',  #5349 ) ;
#5352 =( GEOMETRIC_REPRESENTATION_CONTEXT ( 3 ) GLOBAL_UNCERTAINTY_ASSIGNED_CONTEXT ( ( #5353 ) ) GLOBAL_UNIT_ASSIGNED_CONTEXT ( ( #5356, #5355, #5354 ) ) REPRESENTATION_CONTEXT ( 'NONE', 'WORKASPACE' ) );
#5353 = UNCERTAINTY_MEASURE_WITH_UNIT (LENGTH_MEASURE( 1.000000000000000100E-005 ), #5356, 'distance_accuracy_value', 'NONE');
#5354 =( NAMED_UNIT ( * ) SI_UNIT ( $, .STERADIAN. ) SOLID_ANGLE_UNIT ( ) );
#5355 =( NAMED_UNIT ( * ) PLANE_ANGLE_UNIT ( ) SI_UNIT ( $, .RADIAN. ) );
#5356 =( LENGTH_UNIT ( ) NAMED_UNIT ( * ) SI_UNIT ( .MILLI., .METRE. ) );
#5357 = MECHANICAL_DESIGN_GEOMETRIC_PRESENTATION_REPRESENTATION (  '', ( #5359 ), #5352 ) ;
#5358 = PRESENTATION_LAYER_ASSIGNMENT (  '', '', ( #5359 ) ) ;
#5359 = STYLED_ITEM ( 'NONE', ( #5360 ), #5213 ) ;
#5360 = PRESENTATION_STYLE_ASSIGNMENT (( #5361 ) ) ;
#5361 = SURFACE_STYLE_USAGE ( .BOTH. , #5362 ) ;
#5362 = SURFACE_SIDE_STYLE ('',( #5363 ) ) ;
#5363 = SURFACE_STYLE_FILL_AREA ( #5364 ) ;
#5364 = FILL_AREA_STYLE ('',( #5365 ) ) ;
#5365 = FILL_AREA_STYLE_COLOUR ( '', #5366 ) ;
#5366 = COLOUR_RGB ( '',0.09411764705882352800, 0.09411764705882352800, 0.09411764705882352800 ) ;
#5367 = FACE_OUTER_BOUND ( 'NONE', #5214, .T. ) ;
#5368 = CARTESIAN_POINT ( 'NONE',  ( -2.149995309899464400, -1.700968503025303900, 1.535033371799343000 ) ) ;
#5369 = CARTESIAN_POINT ( 'NONE',  ( 2.149999999999999900, -1.020000000000000000, 1.535000000000000400 ) ) ;
#5370 = CARTESIAN_POINT ( 'NONE',  ( 2.149999999999999900, -1.699999999999999700, 1.535000000000000100 ) ) ;
#5371 = CARTESIAN_POINT ( 'NONE',  ( 2.009611327440443200, -1.560584520566281800, 2.533917310096006000 ) ) ;
#5372 = CARTESIAN_POINT ( 'NONE',  ( 2.149995309899464400, 1.700968503025304100, 1.535033371799342700 ) ) ;
#5373 = DIRECTION ( 'NONE',  ( 0.0000000000000000000, -1.000000000000000000, 0.0000000000000000000 ) ) ;
#5374 = CARTESIAN_POINT ( 'NONE',  ( -2.330033371799342700, -1.050000000000000000, 1.094961938100122100 ) ) ;
#5375 = CARTESIAN_POINT ( 'NONE',  ( 2.149999999999999900, -1.050000000000000000, 1.505000000000000300 ) ) ;
#5376 = CARTESIAN_POINT ( 'NONE',  ( 2.149999999999999900, -1.050000000000000000, 1.265000000000000600 ) ) ;
#5377 = DIRECTION ( 'NONE',  ( 0.0000000000000000000, 0.0000000000000000000, 1.000000000000000000 ) ) ;
#5378 = DIRECTION ( 'NONE',  ( -1.000000000000000000, -0.0000000000000000000, -0.0000000000000000000 ) ) ;
#5379 = CARTESIAN_POINT ( 'NONE',  ( 2.149999999999999900, -1.020000000000000000, 1.505000000000000300 ) ) ;
#5380 = AXIS2_PLACEMENT_3D ( 'NONE', #5379, #5378, #5377 ) ;
#5381 = CIRCLE ( 'NONE', #5380, 0.03000000000000007900 ) ;
#5382 = CARTESIAN_POINT ( 'NONE',  ( -0.8499999999999999800, -1.560584520566281800, 0.1499999999999999900 ) ) ;
#5383 = CARTESIAN_POINT ( 'NONE',  ( -0.8499999999999999800, 1.560584520566282300, 0.1499999999999999900 ) ) ;
#5384 = DIRECTION ( 'NONE',  ( 0.0000000000000000000, 0.0000000000000000000, -1.000000000000000000 ) ) ;
#5385 = VECTOR ( 'NONE', #5384, 1000.000000000000000 ) ;
#5386 = CARTESIAN_POINT ( 'NONE',  ( 2.149999999999999900, -1.699999999999999700, 1.235000000000000100 ) ) ;
#5387 = LINE ( 'NONE', #5386, #5385 ) ;
#5388 = CARTESIAN_POINT ( 'NONE',  ( 2.149999999999999900, -1.699999999999999700, 1.235000000000000100 ) ) ;
#5389 = DIRECTION ( 'NONE',  ( -0.0000000000000000000, 1.000000000000000000, -0.0000000000000000000 ) ) ;
#5390 = VECTOR ( 'NONE', #5389, 1000.000000000000000 ) ;
#5391 = CARTESIAN_POINT ( 'NONE',  ( -0.8499999999999999800, 1.800000000000000000, 0.1499999999999999900 ) ) ;
#5392 = LINE ( 'NONE', #5391, #5390 ) ;
#5393 = CARTESIAN_POINT ( 'NONE',  ( 0.8499999999999999800, -1.560584520566281800, 0.1500000000000000200 ) ) ;
#5394 = DIRECTION ( 'NONE',  ( 0.0000000000000000000, -1.000000000000000000, 0.0000000000000000000 ) ) ;
#5395 = VECTOR ( 'NONE', #5394, 1000.000000000000000 ) ;
#5396 = CARTESIAN_POINT ( 'NONE',  ( 0.8499999999999999800, 1.800000000000000000, 0.1500000000000000200 ) ) ;
#5397 = LINE ( 'NONE', #5396, #5395 ) ;
#5398 = DIRECTION ( 'NONE',  ( 1.000000000000000000, -0.0000000000000000000, 1.426581805901979400E-017 ) ) ;
#5399 = VECTOR ( 'NONE', #5398, 1000.000000000000000 ) ;
#5400 = CARTESIAN_POINT ( 'NONE',  ( 0.9499999999999997300, 1.560584520566282300, 0.1500000000000000200 ) ) ;
#5401 = LINE ( 'NONE', #5400, #5399 ) ;
#5402 = CARTESIAN_POINT ( 'NONE',  ( 0.8499999999999999800, 1.560584520566282300, 0.1500000000000000200 ) ) ;
#5403 = DIRECTION ( 'NONE',  ( -1.000000000000000000, 0.0000000000000000000, -1.426581805901979400E-017 ) ) ;
#5404 = CARTESIAN_POINT ( 'NONE',  ( 0.0000000000000000000, 0.0000000000000000000, 0.0000000000000000000 ) ) ;
#5405 = AXIS2_PLACEMENT_3D ( 'NONE', #5404, #5407, #5406 ) ;
#5406 = DIRECTION ( 'NONE',  ( 1.000000000000000000, 0.0000000000000000000, 0.0000000000000000000 ) ) ;
#5407 = DIRECTION ( 'NONE',  ( 0.0000000000000000000, 0.0000000000000000000, 1.000000000000000000 ) ) ;
#5408 = APPLICATION_CONTEXT ( 'automotive_design' ) ;
#5409 = ADVANCED_BREP_SHAPE_REPRESENTATION ( 'DIOM5226X262N_JEDEC_DO-214AC_SMA', ( #188, #5405 ), #5410 ) ;
#5410 =( GEOMETRIC_REPRESENTATION_CONTEXT ( 3 ) GLOBAL_UNCERTAINTY_ASSIGNED_CONTEXT ( ( #5411 ) ) GLOBAL_UNIT_ASSIGNED_CONTEXT ( ( #5414, #5413, #5412 ) ) REPRESENTATION_CONTEXT ( 'NONE', 'WORKASPACE' ) );
#5411 = UNCERTAINTY_MEASURE_WITH_UNIT (LENGTH_MEASURE( 1.000000000000000100E-005 ), #5414, 'distance_accuracy_value', 'NONE');
#5412 =( NAMED_UNIT ( * ) SI_UNIT ( $, .STERADIAN. ) SOLID_ANGLE_UNIT ( ) );
#5413 =( NAMED_UNIT ( * ) PLANE_ANGLE_UNIT ( ) SI_UNIT ( $, .RADIAN. ) );
#5414 =( LENGTH_UNIT ( ) NAMED_UNIT ( * ) SI_UNIT ( .MILLI., .METRE. ) );
#5415 = PRODUCT_RELATED_PRODUCT_CATEGORY ( 'part', '', ( #5421 ) ) ;
#5416 = PRODUCT_DEFINITION_FORMATION_WITH_SPECIFIED_SOURCE ( 'ANY', '', #5421, .NOT_KNOWN. ) ;
#5417 = PRODUCT_DEFINITION ( 'UNKNOWN', '', #5416, #5418 ) ;
#5418 = PRODUCT_DEFINITION_CONTEXT ( 'detailed design', #5420, 'design' ) ;
#5419 = APPLICATION_PROTOCOL_DEFINITION ( 'draft international standard', 'automotive_design', 1998, #5420 ) ;
#5420 = APPLICATION_CONTEXT ( 'automotive_design' ) ;
#5421 = PRODUCT ( 'DIOM5226X262N_JEDEC_DO-214AC_SMA', 'DIOM5226X262N_JEDEC_DO-214AC_SMA', '', ( #5422 ) ) ;
#5422 = PRODUCT_CONTEXT ( 'NONE', #5408, 'mechanical' ) ;
#5423 = APPLICATION_PROTOCOL_DEFINITION ( 'draft international standard', 'automotive_design', 1998, #5408 ) ;
#5424 = SHAPE_DEFINITION_REPRESENTATION ( #5425, #5409 ) ;
#5425 = PRODUCT_DEFINITION_SHAPE ( 'NONE', 'NONE',  #5417 ) ;
ENDSEC;
END-ISO-10303-21;
