ISO-10303-21;
HEADER;
FILE_DESCRIPTION (( 'STEP AP214' ),
    '1' );
FILE_NAME ('Multiwatt15 V.STEP',
    '2010-03-23T16:47:32',
    ( '.' ),
    ( '.' ),
    'SwSTEP 2.0',
    'SolidWorks 2008',
    '' );
FILE_SCHEMA (( 'AUTOMOTIVE_DESIGN' ));
ENDSEC;

DATA;
#1 = EDGE_CURVE ( 'NONE', #11426, #7, #266, .T. ) ;
#2 = ORIENTED_EDGE ( 'NONE', *, *, #1, .T. ) ;
#3 = VERTEX_POINT ( 'NONE', #262 ) ;
#4 = EDGE_CURVE ( 'NONE', #11427, #15, #260, .T. ) ;
#5 = EDGE_LOOP ( 'NONE', ( #14, #11436, #17, #18 ) ) ;
#6 = ADVANCED_FACE ( 'NONE', ( #256 ), #302, .F. ) ;
#7 = VERTEX_POINT ( 'NONE', #297 ) ;
#8 = VERTEX_POINT ( 'NONE', #296 ) ;
#9 = ORIENTED_EDGE ( 'NONE', *, *, #13, .T. ) ;
#10 = ORIENTED_EDGE ( 'NONE', *, *, #11432, .F. ) ;
#11 = EDGE_CURVE ( 'NONE', #11422, #11437, #295, .T. ) ;
#12 = EDGE_CURVE ( 'NONE', #11447, #3, #291, .T. ) ;
#13 = EDGE_CURVE ( 'NONE', #7, #15, #287, .T. ) ;
#14 = ORIENTED_EDGE ( 'NONE', *, *, #11, .F. ) ;
#15 = VERTEX_POINT ( 'NONE', #283 ) ;
#16 = ORIENTED_EDGE ( 'NONE', *, *, #12, .F. ) ;
#17 = ORIENTED_EDGE ( 'NONE', *, *, #11435, .T. ) ;
#18 = ORIENTED_EDGE ( 'NONE', *, *, #20, .F. ) ;
#19 = ORIENTED_EDGE ( 'NONE', *, *, #2863, .T. ) ;
#20 = EDGE_CURVE ( 'NONE', #11437, #1464, #282, .T. ) ;
#21 = ORIENTED_EDGE ( 'NONE', *, *, #7100, .F. ) ;
#22 = EDGE_LOOP ( 'NONE', ( #1732, #1696 ) ) ;
#23 = ORIENTED_EDGE ( 'NONE', *, *, #1698, .T. ) ;
#24 = VERTEX_POINT ( 'NONE', #278 ) ;
#25 = ORIENTED_EDGE ( 'NONE', *, *, #1709, .T. ) ;
#26 = ORIENTED_EDGE ( 'NONE', *, *, #1702, .T. ) ;
#27 = ADVANCED_FACE ( 'NONE', ( #277 ), #318, .F. ) ;
#28 = VERTEX_POINT ( 'NONE', #313 ) ;
#29 = EDGE_CURVE ( 'NONE', #1388, #1607, #312, .T. ) ;
#30 = ORIENTED_EDGE ( 'NONE', *, *, #31, .T. ) ;
#31 = EDGE_CURVE ( 'NONE', #117, #32, #308, .T. ) ;
#32 = VERTEX_POINT ( 'NONE', #304 ) ;
#33 = ORIENTED_EDGE ( 'NONE', *, *, #34, .F. ) ;
#34 = EDGE_CURVE ( 'NONE', #35, #32, #350, .T. ) ;
#35 = VERTEX_POINT ( 'NONE', #346 ) ;
#36 = ORIENTED_EDGE ( 'NONE', *, *, #37, .T. ) ;
#37 = EDGE_CURVE ( 'NONE', #7085, #2716, #345, .T. ) ;
#38 = ORIENTED_EDGE ( 'NONE', *, *, #2731, .T. ) ;
#39 = ORIENTED_EDGE ( 'NONE', *, *, #1812, .T. ) ;
#40 = ORIENTED_EDGE ( 'NONE', *, *, #41, .F. ) ;
#41 = EDGE_CURVE ( 'NONE', #69, #1810, #339, .T. ) ;
#42 = ADVANCED_FACE ( 'NONE', ( #335 ), #370, .T. ) ;
#43 = EDGE_LOOP ( 'NONE', ( #44, #48, #7016, #7019, #7021, #7151, #7010 ) ) ;
#44 = ORIENTED_EDGE ( 'NONE', *, *, #45, .T. ) ;
#45 = EDGE_CURVE ( 'NONE', #46, #47, #369, .T. ) ;
#46 = VERTEX_POINT ( 'NONE', #361 ) ;
#47 = VERTEX_POINT ( 'NONE', #360 ) ;
#48 = ORIENTED_EDGE ( 'NONE', *, *, #49, .F. ) ;
#49 = EDGE_CURVE ( 'NONE', #7015, #47, #359, .T. ) ;
#50 = EDGE_CURVE ( 'NONE', #1653, #1625, #355, .T. ) ;
#51 = ORIENTED_EDGE ( 'NONE', *, *, #1640, .F. ) ;
#52 = ORIENTED_EDGE ( 'NONE', *, *, #53, .T. ) ;
#53 = EDGE_CURVE ( 'NONE', #1633, #7, #351, .T. ) ;
#54 = ORIENTED_EDGE ( 'NONE', *, *, #1, .F. ) ;
#55 = ORIENTED_EDGE ( 'NONE', *, *, #56, .F. ) ;
#56 = EDGE_CURVE ( 'NONE', #28, #11426, #400, .T. ) ;
#57 = ORIENTED_EDGE ( 'NONE', *, *, #11420, .F. ) ;
#58 = ORIENTED_EDGE ( 'NONE', *, *, #59, .T. ) ;
#59 = EDGE_CURVE ( 'NONE', #978, #11434, #396, .T. ) ;
#60 = ORIENTED_EDGE ( 'NONE', *, *, #11446, .F. ) ;
#61 = ORIENTED_EDGE ( 'NONE', *, *, #7102, .F. ) ;
#62 = VERTEX_POINT ( 'NONE', #392 ) ;
#63 = ORIENTED_EDGE ( 'NONE', *, *, #64, .T. ) ;
#64 = EDGE_CURVE ( 'NONE', #62, #5482, #389, .T. ) ;
#65 = ADVANCED_FACE ( 'NONE', ( #391 ), #419, .F. ) ;
#66 = EDGE_LOOP ( 'NONE', ( #67, #71, #6554, #36, #38, #39, #40 ) ) ;
#67 = ORIENTED_EDGE ( 'NONE', *, *, #68, .T. ) ;
#68 = EDGE_CURVE ( 'NONE', #69, #70, #418, .T. ) ;
#69 = VERTEX_POINT ( 'NONE', #410 ) ;
#70 = VERTEX_POINT ( 'NONE', #409 ) ;
#71 = ORIENTED_EDGE ( 'NONE', *, *, #72, .T. ) ;
#72 = EDGE_CURVE ( 'NONE', #70, #73, #408, .T. ) ;
#73 = VERTEX_POINT ( 'NONE', #404 ) ;
#74 = EDGE_LOOP ( 'NONE', ( #75, #78, #120, #122 ) ) ;
#75 = ORIENTED_EDGE ( 'NONE', *, *, #76, .F. ) ;
#76 = EDGE_CURVE ( 'NONE', #77, #143, #455, .T. ) ;
#77 = VERTEX_POINT ( 'NONE', #451 ) ;
#78 = ORIENTED_EDGE ( 'NONE', *, *, #119, .T. ) ;
#79 = VERTEX_POINT ( 'NONE', #450 ) ;
#80 = ORIENTED_EDGE ( 'NONE', *, *, #81, .T. ) ;
#81 = EDGE_CURVE ( 'NONE', #143, #82, #449, .T. ) ;
#82 = VERTEX_POINT ( 'NONE', #445 ) ;
#83 = VERTEX_POINT ( 'NONE', #444 ) ;
#84 = EDGE_CURVE ( 'NONE', #137, #7122, #443, .T. ) ;
#85 = ORIENTED_EDGE ( 'NONE', *, *, #86, .T. ) ;
#86 = EDGE_CURVE ( 'NONE', #150, #2736, #438, .T. ) ;
#87 = ORIENTED_EDGE ( 'NONE', *, *, #2717, .F. ) ;
#88 = ORIENTED_EDGE ( 'NONE', *, *, #100, .F. ) ;
#89 = ORIENTED_EDGE ( 'NONE', *, *, #90, .T. ) ;
#90 = EDGE_CURVE ( 'NONE', #98, #127, #434, .T. ) ;
#91 = ORIENTED_EDGE ( 'NONE', *, *, #126, .T. ) ;
#92 = ORIENTED_EDGE ( 'NONE', *, *, #84, .T. ) ;
#93 = ORIENTED_EDGE ( 'NONE', *, *, #94, .F. ) ;
#94 = EDGE_CURVE ( 'NONE', #95, #11423, #429, .T. ) ;
#95 = VERTEX_POINT ( 'NONE', #425 ) ;
#96 = ORIENTED_EDGE ( 'NONE', *, *, #97, .T. ) ;
#97 = EDGE_CURVE ( 'NONE', #95, #98, #424, .T. ) ;
#98 = VERTEX_POINT ( 'NONE', #484 ) ;
#99 = ORIENTED_EDGE ( 'NONE', *, *, #100, .T. ) ;
#100 = EDGE_CURVE ( 'NONE', #98, #2739, #483, .T. ) ;
#101 = ORIENTED_EDGE ( 'NONE', *, *, #7086, .F. ) ;
#102 = ADVANCED_FACE ( 'NONE', ( #479 ), #478, .T. ) ;
#103 = EDGE_LOOP ( 'NONE', ( #104, #105, #145, #146, #147, #148, #85, #87, #88, #89, #91, #239 ) ) ;
#104 = ORIENTED_EDGE ( 'NONE', *, *, #7117, .T. ) ;
#105 = ORIENTED_EDGE ( 'NONE', *, *, #106, .T. ) ;
#106 = EDGE_CURVE ( 'NONE', #7114, #117, #473, .T. ) ;
#107 = ORIENTED_EDGE ( 'NONE', *, *, #108, .T. ) ;
#108 = EDGE_CURVE ( 'NONE', #7122, #109, #469, .T. ) ;
#109 = VERTEX_POINT ( 'NONE', #465 ) ;
#110 = ORIENTED_EDGE ( 'NONE', *, *, #111, .T. ) ;
#111 = EDGE_CURVE ( 'NONE', #109, #7110, #464, .T. ) ;
#112 = ADVANCED_FACE ( 'NONE', ( #460 ), #459, .T. ) ;
#113 = EDGE_LOOP ( 'NONE', ( #114, #30, #33, #7124, #7131, #7139 ) ) ;
#114 = ORIENTED_EDGE ( 'NONE', *, *, #115, .T. ) ;
#115 = EDGE_CURVE ( 'NONE', #116, #117, #517, .T. ) ;
#116 = VERTEX_POINT ( 'NONE', #513 ) ;
#117 = VERTEX_POINT ( 'NONE', #512 ) ;
#118 = EDGE_LOOP ( 'NONE', ( #196, #199, #193, #194, #195, #186, #192, #188, #190, #184, #187, #189 ) ) ;
#119 = EDGE_CURVE ( 'NONE', #77, #79, #511, .T. ) ;
#120 = ORIENTED_EDGE ( 'NONE', *, *, #121, .T. ) ;
#121 = EDGE_CURVE ( 'NONE', #79, #82, #507, .T. ) ;
#122 = ORIENTED_EDGE ( 'NONE', *, *, #81, .F. ) ;
#123 = ADVANCED_FACE ( 'NONE', ( #503 ), #501, .F. ) ;
#124 = EDGE_LOOP ( 'NONE', ( #125, #128, #131, #133 ) ) ;
#125 = ORIENTED_EDGE ( 'NONE', *, *, #126, .F. ) ;
#126 = EDGE_CURVE ( 'NONE', #127, #83, #502, .T. ) ;
#127 = VERTEX_POINT ( 'NONE', #493 ) ;
#128 = ORIENTED_EDGE ( 'NONE', *, *, #129, .T. ) ;
#129 = EDGE_CURVE ( 'NONE', #127, #130, #492, .T. ) ;
#130 = VERTEX_POINT ( 'NONE', #488 ) ;
#131 = ORIENTED_EDGE ( 'NONE', *, *, #132, .T. ) ;
#132 = EDGE_CURVE ( 'NONE', #130, #137, #554, .T. ) ;
#133 = ORIENTED_EDGE ( 'NONE', *, *, #136, .F. ) ;
#134 = ADVANCED_FACE ( 'NONE', ( #550 ), #549, .T. ) ;
#135 = EDGE_LOOP ( 'NONE', ( #93, #96, #99, #101 ) ) ;
#136 = EDGE_CURVE ( 'NONE', #83, #137, #547, .T. ) ;
#137 = VERTEX_POINT ( 'NONE', #540 ) ;
#138 = EDGE_LOOP ( 'NONE', ( #80, #151, #153, #154 ) ) ;
#139 = ORIENTED_EDGE ( 'NONE', *, *, #7120, .F. ) ;
#140 = ORIENTED_EDGE ( 'NONE', *, *, #141, .F. ) ;
#141 = EDGE_CURVE ( 'NONE', #83, #7118, #539, .T. ) ;
#142 = ADVANCED_FACE ( 'NONE', ( #534 ), #533, .T. ) ;
#143 = VERTEX_POINT ( 'NONE', #532 ) ;
#144 = ORIENTED_EDGE ( 'NONE', *, *, #136, .T. ) ;
#145 = ORIENTED_EDGE ( 'NONE', *, *, #115, .F. ) ;
#146 = ORIENTED_EDGE ( 'NONE', *, *, #152, .F. ) ;
#147 = ORIENTED_EDGE ( 'NONE', *, *, #121, .F. ) ;
#148 = ORIENTED_EDGE ( 'NONE', *, *, #149, .T. ) ;
#149 = EDGE_CURVE ( 'NONE', #79, #150, #526, .T. ) ;
#150 = VERTEX_POINT ( 'NONE', #521 ) ;
#151 = ORIENTED_EDGE ( 'NONE', *, *, #152, .T. ) ;
#152 = EDGE_CURVE ( 'NONE', #82, #116, #579, .T. ) ;
#153 = ORIENTED_EDGE ( 'NONE', *, *, #7141, .F. ) ;
#154 = ORIENTED_EDGE ( 'NONE', *, *, #155, .F. ) ;
#155 = EDGE_CURVE ( 'NONE', #143, #7136, #574, .T. ) ;
#156 = ADVANCED_FACE ( 'NONE', ( #569 ), #568, .F. ) ;
#157 = ORIENTED_EDGE ( 'NONE', *, *, #236, .T. ) ;
#158 = VERTEX_POINT ( 'NONE', #563 ) ;
#159 = VERTEX_POINT ( 'NONE', #562 ) ;
#160 = ORIENTED_EDGE ( 'NONE', *, *, #161, .T. ) ;
#161 = EDGE_CURVE ( 'NONE', #166, #225, #561, .T. ) ;
#162 = ORIENTED_EDGE ( 'NONE', *, *, #163, .T. ) ;
#163 = EDGE_CURVE ( 'NONE', #159, #166, #557, .T. ) ;
#164 = ORIENTED_EDGE ( 'NONE', *, *, #165, .F. ) ;
#165 = EDGE_CURVE ( 'NONE', #159, #168, #607, .T. ) ;
#166 = VERTEX_POINT ( 'NONE', #609 ) ;
#167 = EDGE_CURVE ( 'NONE', #169, #168, #608, .T. ) ;
#168 = VERTEX_POINT ( 'NONE', #599 ) ;
#169 = VERTEX_POINT ( 'NONE', #598 ) ;
#170 = VERTEX_POINT ( 'NONE', #597 ) ;
#171 = ORIENTED_EDGE ( 'NONE', *, *, #34, .T. ) ;
#172 = EDGE_CURVE ( 'NONE', #7110, #35, #596, .T. ) ;
#173 = EDGE_LOOP ( 'NONE', ( #174, #180, #164, #162, #160, #226, #233, #228, #230, #231, #229, #210 ) ) ;
#174 = ORIENTED_EDGE ( 'NONE', *, *, #183, .F. ) ;
#175 = ORIENTED_EDGE ( 'NONE', *, *, #176, .T. ) ;
#176 = EDGE_CURVE ( 'NONE', #32, #7109, #591, .T. ) ;
#177 = ORIENTED_EDGE ( 'NONE', *, *, #7107, .T. ) ;
#178 = ORIENTED_EDGE ( 'NONE', *, *, #172, .T. ) ;
#179 = ADVANCED_FACE ( 'NONE', ( #587 ), #623, .T. ) ;
#180 = ORIENTED_EDGE ( 'NONE', *, *, #167, .T. ) ;
#181 = ADVANCED_FACE ( 'NONE', ( #617 ), #622, .T. ) ;
#182 = EDGE_LOOP ( 'NONE', ( #171, #175, #177, #178 ) ) ;
#183 = EDGE_CURVE ( 'NONE', #169, #170, #612, .T. ) ;
#184 = ORIENTED_EDGE ( 'NONE', *, *, #185, .T. ) ;
#185 = EDGE_CURVE ( 'NONE', #158, #77, #652, .T. ) ;
#186 = ORIENTED_EDGE ( 'NONE', *, *, #191, .T. ) ;
#187 = ORIENTED_EDGE ( 'NONE', *, *, #76, .T. ) ;
#188 = ORIENTED_EDGE ( 'NONE', *, *, #11438, .F. ) ;
#189 = ORIENTED_EDGE ( 'NONE', *, *, #155, .T. ) ;
#190 = ORIENTED_EDGE ( 'NONE', *, *, #238, .F. ) ;
#191 = EDGE_CURVE ( 'NONE', #130, #95, #647, .T. ) ;
#192 = ORIENTED_EDGE ( 'NONE', *, *, #94, .T. ) ;
#193 = ORIENTED_EDGE ( 'NONE', *, *, #108, .F. ) ;
#194 = ORIENTED_EDGE ( 'NONE', *, *, #84, .F. ) ;
#195 = ORIENTED_EDGE ( 'NONE', *, *, #132, .F. ) ;
#196 = ORIENTED_EDGE ( 'NONE', *, *, #7133, .T. ) ;
#197 = ORIENTED_EDGE ( 'NONE', *, *, #2843, .F. ) ;
#198 = ADVANCED_FACE ( 'NONE', ( #642 ), #641, .T. ) ;
#199 = ORIENTED_EDGE ( 'NONE', *, *, #200, .T. ) ;
#200 = EDGE_CURVE ( 'NONE', #7128, #109, #636, .T. ) ;
#201 = EDGE_LOOP ( 'NONE', ( #202, #203 ) ) ;
#202 = ORIENTED_EDGE ( 'NONE', *, *, #209, .T. ) ;
#203 = ORIENTED_EDGE ( 'NONE', *, *, #204, .T. ) ;
#204 = EDGE_CURVE ( 'NONE', #219, #222, #631, .T. ) ;
#205 = ADVANCED_FACE ( 'NONE', ( #678 ), #662, .F. ) ;
#206 = EDGE_CURVE ( 'NONE', #211, #170, #658, .T. ) ;
#207 = EDGE_LOOP ( 'NONE', ( #213, #214, #215, #216, #208, #223 ) ) ;
#208 = ORIENTED_EDGE ( 'NONE', *, *, #209, .F. ) ;
#209 = EDGE_CURVE ( 'NONE', #222, #219, #657, .T. ) ;
#210 = ORIENTED_EDGE ( 'NONE', *, *, #206, .T. ) ;
#211 = VERTEX_POINT ( 'NONE', #705 ) ;
#212 = EDGE_CURVE ( 'NONE', #234, #211, #700, .T. ) ;
#213 = ORIENTED_EDGE ( 'NONE', *, *, #183, .T. ) ;
#214 = ORIENTED_EDGE ( 'NONE', *, *, #220, .T. ) ;
#215 = ORIENTED_EDGE ( 'NONE', *, *, #165, .T. ) ;
#216 = ORIENTED_EDGE ( 'NONE', *, *, #218, .T. ) ;
#217 = ADVANCED_FACE ( 'NONE', ( #696 ), #748, .F. ) ;
#218 = EDGE_CURVE ( 'NONE', #168, #219, #741, .T. ) ;
#219 = VERTEX_POINT ( 'NONE', #740 ) ;
#220 = EDGE_CURVE ( 'NONE', #170, #159, #734, .T. ) ;
#221 = ADVANCED_FACE ( 'NONE', ( #730 ), #757, .F. ) ;
#222 = VERTEX_POINT ( 'NONE', #758 ) ;
#223 = ORIENTED_EDGE ( 'NONE', *, *, #267, .T. ) ;
#224 = EDGE_CURVE ( 'NONE', #225, #227, #753, .T. ) ;
#225 = VERTEX_POINT ( 'NONE', #797 ) ;
#226 = ORIENTED_EDGE ( 'NONE', *, *, #224, .T. ) ;
#227 = VERTEX_POINT ( 'NONE', #796 ) ;
#228 = ORIENTED_EDGE ( 'NONE', *, *, #7149, .F. ) ;
#229 = ORIENTED_EDGE ( 'NONE', *, *, #212, .T. ) ;
#230 = ORIENTED_EDGE ( 'NONE', *, *, #1771, .F. ) ;
#231 = ORIENTED_EDGE ( 'NONE', *, *, #6969, .F. ) ;
#232 = EDGE_CURVE ( 'NONE', #227, #7023, #795, .T. ) ;
#233 = ORIENTED_EDGE ( 'NONE', *, *, #232, .T. ) ;
#234 = VERTEX_POINT ( 'NONE', #791 ) ;
#235 = EDGE_CURVE ( 'NONE', #5460, #234, #790, .T. ) ;
#236 = EDGE_CURVE ( 'NONE', #150, #158, #785, .T. ) ;
#237 = ORIENTED_EDGE ( 'NONE', *, *, #238, .T. ) ;
#238 = EDGE_CURVE ( 'NONE', #158, #8, #781, .T. ) ;
#239 = ORIENTED_EDGE ( 'NONE', *, *, #141, .T. ) ;
#240 = EDGE_LOOP ( 'NONE', ( #241, #157, #237, #197 ) ) ;
#241 = ORIENTED_EDGE ( 'NONE', *, *, #86, .F. ) ;
#242 = ADVANCED_FACE ( 'NONE', ( #777 ), #776, .T. ) ;
#243 = UNCERTAINTY_MEASURE_WITH_UNIT (LENGTH_MEASURE( 1.000000000000000100E-005 ), #246, 'distance_accuracy_value', 'NONE');
#244 =( NAMED_UNIT ( * ) SI_UNIT ( $, .STERADIAN. ) SOLID_ANGLE_UNIT ( ) );
#245 =( NAMED_UNIT ( * ) PLANE_ANGLE_UNIT ( ) SI_UNIT ( $, .RADIAN. ) );
#246 =( LENGTH_UNIT ( ) NAMED_UNIT ( * ) SI_UNIT ( .MILLI., .METRE. ) );
#247 = MECHANICAL_DESIGN_GEOMETRIC_PRESENTATION_REPRESENTATION (  '', ( #249 ), #303 ) ;
#248 = PRESENTATION_LAYER_ASSIGNMENT (  '', '', ( #249 ) ) ;
#249 = STYLED_ITEM ( 'NONE', ( #250 ), #6 ) ;
#250 = PRESENTATION_STYLE_ASSIGNMENT (( #251 ) ) ;
#251 = SURFACE_STYLE_USAGE ( .BOTH. , #252 ) ;
#252 = SURFACE_SIDE_STYLE ('',( #253 ) ) ;
#253 = SURFACE_STYLE_FILL_AREA ( #254 ) ;
#254 = FILL_AREA_STYLE ('',( #261 ) ) ;
#255 = COLOUR_RGB ( '',0.1254901960784313700, 0.1254901960784313700, 0.1254901960784313700 ) ;
#256 = FACE_OUTER_BOUND ( 'NONE', #5, .T. ) ;
#257 = DIRECTION ( 'NONE',  ( -0.0000000000000000000, -1.000000000000000000, -0.0000000000000000000 ) ) ;
#258 = VECTOR ( 'NONE', #257, 1000.000000000000000 ) ;
#259 = CARTESIAN_POINT ( 'NONE',  ( -5.349999999999999600, 10.10000000000000000, 3.169999999999999900 ) ) ;
#260 = LINE ( 'NONE', #259, #258 ) ;
#261 = FILL_AREA_STYLE_COLOUR ( '', #255 ) ;
#262 = CARTESIAN_POINT ( 'NONE',  ( -5.349999999999999600, 7.979999999999999500, 2.649999999999999900 ) ) ;
#263 = DIRECTION ( 'NONE',  ( -0.0000000000000000000, -1.000000000000000000, -0.0000000000000000000 ) ) ;
#264 = VECTOR ( 'NONE', #263, 1000.000000000000000 ) ;
#265 = CARTESIAN_POINT ( 'NONE',  ( -5.349999999999999600, 10.10000000000000000, 2.649999999999999900 ) ) ;
#266 = LINE ( 'NONE', #265, #264 ) ;
#267 = EDGE_CURVE ( 'NONE', #222, #169, #826, .T. ) ;
#268 = PRESENTATION_LAYER_ASSIGNMENT (  '', '', ( #269 ) ) ;
#269 = STYLED_ITEM ( 'NONE', ( #270 ), #27 ) ;
#270 = PRESENTATION_STYLE_ASSIGNMENT (( #271 ) ) ;
#271 = SURFACE_STYLE_USAGE ( .BOTH. , #272 ) ;
#272 = SURFACE_SIDE_STYLE ('',( #273 ) ) ;
#273 = SURFACE_STYLE_FILL_AREA ( #274 ) ;
#274 = FILL_AREA_STYLE ('',( #275 ) ) ;
#275 = FILL_AREA_STYLE_COLOUR ( '', #276 ) ;
#276 = COLOUR_RGB ( '',0.1254901960784313700, 0.1254901960784313700, 0.1254901960784313700 ) ;
#277 = FACE_OUTER_BOUND ( 'NONE', #1613, .T. ) ;
#278 = CARTESIAN_POINT ( 'NONE',  ( -0.9903318623966757000, 9.644738602732116900, 5.000000000000000000 ) ) ;
#279 = DIRECTION ( 'NONE',  ( -0.0000000000000000000, -1.000000000000000000, -0.0000000000000000000 ) ) ;
#280 = VECTOR ( 'NONE', #279, 1000.000000000000000 ) ;
#281 = CARTESIAN_POINT ( 'NONE',  ( -5.349999999999999600, 10.10000000000000000, 3.169999999999999900 ) ) ;
#282 = LINE ( 'NONE', #281, #280 ) ;
#283 = CARTESIAN_POINT ( 'NONE',  ( -5.349999999999990800, 4.170000000000000800, 3.169999999999999900 ) ) ;
#284 = DIRECTION ( 'NONE',  ( 3.336006684570782500E-015, 0.0000000000000000000, 1.000000000000000000 ) ) ;
#285 = VECTOR ( 'NONE', #284, 1000.000000000000000 ) ;
#286 = CARTESIAN_POINT ( 'NONE',  ( -5.349999999999992500, 4.170000000000000800, 2.649999999999999900 ) ) ;
#287 = LINE ( 'NONE', #286, #285 ) ;
#288 = DIRECTION ( 'NONE',  ( -0.0000000000000000000, -0.0000000000000000000, -1.000000000000000000 ) ) ;
#289 = VECTOR ( 'NONE', #288, 1000.000000000000000 ) ;
#290 = CARTESIAN_POINT ( 'NONE',  ( -5.349999999999999600, 7.979999999999999500, 2.649999999999999900 ) ) ;
#291 = LINE ( 'NONE', #290, #289 ) ;
#292 = DIRECTION ( 'NONE',  ( 0.0000000000000000000, 0.0000000000000000000, 1.000000000000000000 ) ) ;
#293 = VECTOR ( 'NONE', #292, 1000.000000000000000 ) ;
#294 = CARTESIAN_POINT ( 'NONE',  ( -5.349999999999999600, 7.259999999999998900, 2.649999999999999900 ) ) ;
#295 = LINE ( 'NONE', #294, #293 ) ;
#296 = CARTESIAN_POINT ( 'NONE',  ( -5.349999999999990800, 8.530000000000001100, 3.169999999999999900 ) ) ;
#297 = CARTESIAN_POINT ( 'NONE',  ( -5.349999999999992500, 4.170000000000000800, 2.649999999999999900 ) ) ;
#298 = DIRECTION ( 'NONE',  ( 0.0000000000000000000, 0.0000000000000000000, -1.000000000000000000 ) ) ;
#299 = DIRECTION ( 'NONE',  ( 1.000000000000000000, -0.0000000000000000000, 0.0000000000000000000 ) ) ;
#300 = CARTESIAN_POINT ( 'NONE',  ( -5.349999999999999600, 10.10000000000000000, 3.169999999999999900 ) ) ;
#301 = AXIS2_PLACEMENT_3D ( 'NONE', #300, #299, #298 ) ;
#302 = PLANE ( 'NONE',  #301 ) ;
#303 =( GEOMETRIC_REPRESENTATION_CONTEXT ( 3 ) GLOBAL_UNCERTAINTY_ASSIGNED_CONTEXT ( ( #243 ) ) GLOBAL_UNIT_ASSIGNED_CONTEXT ( ( #246, #245, #244 ) ) REPRESENTATION_CONTEXT ( 'NONE', 'WORKASPACE' ) );
#304 = CARTESIAN_POINT ( 'NONE',  ( -12.75000000000000000, 8.998270110646821300, 10.41000000000000000 ) ) ;
#305 = DIRECTION ( 'NONE',  ( -0.7660444431189811200, -0.6427876096865354800, 3.842102577359719500E-016 ) ) ;
#306 = VECTOR ( 'NONE', #305, 1000.000000000000100 ) ;
#307 = CARTESIAN_POINT ( 'NONE',  ( -10.95091845206284600, 10.50787877397872100, 10.40999999999999800 ) ) ;
#308 = LINE ( 'NONE', #307, #306 ) ;
#309 = DIRECTION ( 'NONE',  ( -0.0000000000000000000, -1.000000000000000000, -0.0000000000000000000 ) ) ;
#310 = VECTOR ( 'NONE', #309, 1000.000000000000000 ) ;
#311 = CARTESIAN_POINT ( 'NONE',  ( -5.349999999999999600, 10.10000000000000000, 3.169999999999999900 ) ) ;
#312 = LINE ( 'NONE', #311, #310 ) ;
#313 = CARTESIAN_POINT ( 'NONE',  ( -5.349999999999999600, 5.439999999999998600, 2.649999999999999900 ) ) ;
#314 = DIRECTION ( 'NONE',  ( 0.0000000000000000000, 0.0000000000000000000, -1.000000000000000000 ) ) ;
#315 = DIRECTION ( 'NONE',  ( 1.000000000000000000, -0.0000000000000000000, 0.0000000000000000000 ) ) ;
#316 = CARTESIAN_POINT ( 'NONE',  ( -5.349999999999999600, 10.10000000000000000, 3.169999999999999900 ) ) ;
#317 = AXIS2_PLACEMENT_3D ( 'NONE', #316, #315, #314 ) ;
#318 = PLANE ( 'NONE',  #317 ) ;
#319 =( GEOMETRIC_REPRESENTATION_CONTEXT ( 3 ) GLOBAL_UNCERTAINTY_ASSIGNED_CONTEXT ( ( #320 ) ) GLOBAL_UNIT_ASSIGNED_CONTEXT ( ( #323, #322, #321 ) ) REPRESENTATION_CONTEXT ( 'NONE', 'WORKASPACE' ) );
#320 = UNCERTAINTY_MEASURE_WITH_UNIT (LENGTH_MEASURE( 1.000000000000000100E-005 ), #323, 'distance_accuracy_value', 'NONE');
#321 =( NAMED_UNIT ( * ) SI_UNIT ( $, .STERADIAN. ) SOLID_ANGLE_UNIT ( ) );
#322 =( NAMED_UNIT ( * ) PLANE_ANGLE_UNIT ( ) SI_UNIT ( $, .RADIAN. ) );
#323 =( LENGTH_UNIT ( ) NAMED_UNIT ( * ) SI_UNIT ( .MILLI., .METRE. ) );
#324 = MECHANICAL_DESIGN_GEOMETRIC_PRESENTATION_REPRESENTATION (  '', ( #269 ), #319 ) ;
#325 =( LENGTH_UNIT ( ) NAMED_UNIT ( * ) SI_UNIT ( .MILLI., .METRE. ) );
#326 = MECHANICAL_DESIGN_GEOMETRIC_PRESENTATION_REPRESENTATION (  '', ( #328 ), #371 ) ;
#327 = PRESENTATION_LAYER_ASSIGNMENT (  '', '', ( #328 ) ) ;
#328 = STYLED_ITEM ( 'NONE', ( #329 ), #42 ) ;
#329 = PRESENTATION_STYLE_ASSIGNMENT (( #330 ) ) ;
#330 = SURFACE_STYLE_USAGE ( .BOTH. , #331 ) ;
#331 = SURFACE_SIDE_STYLE ('',( #332 ) ) ;
#332 = SURFACE_STYLE_FILL_AREA ( #333 ) ;
#333 = FILL_AREA_STYLE ('',( #340 ) ) ;
#334 = COLOUR_RGB ( '',0.1254901960784313700, 0.1254901960784313700, 0.1254901960784313700 ) ;
#335 = FACE_OUTER_BOUND ( 'NONE', #43, .T. ) ;
#336 = DIRECTION ( 'NONE',  ( 1.000000000000000000, 0.0000000000000000000, 1.867474214418929300E-017 ) ) ;
#337 = VECTOR ( 'NONE', #336, 1000.000000000000000 ) ;
#338 = CARTESIAN_POINT ( 'NONE',  ( 4.079999999999999200, 10.10000000000000000, 1.118083490375676400E-016 ) ) ;
#339 = LINE ( 'NONE', #338, #337 ) ;
#340 = FILL_AREA_STYLE_COLOUR ( '', #334 ) ;
#341 = CARTESIAN_POINT ( 'NONE',  ( -5.061010770481470200, 10.10000000000000000, 1.126499999999839500 ) ) ;
#342 = CARTESIAN_POINT ( 'NONE',  ( -5.061398552955921600, 10.10000000000000100, 1.126499999999834400 ) ) ;
#343 = CARTESIAN_POINT ( 'NONE',  ( -5.061784228896098800, 10.10000000000000100, 1.126479842826724600 ) ) ;
#344 = CARTESIAN_POINT ( 'NONE',  ( -5.062167790299328700, 10.10000000000000000, 1.126439528898760300 ) ) ;
#345 =( BOUNDED_CURVE ( )  B_SPLINE_CURVE ( 3, ( #344, #343, #342, #341 ),
 .UNSPECIFIED., .F., .T. ) 
 B_SPLINE_CURVE_WITH_KNOTS ( ( 4, 4 ),
 ( 3.141592653589793100, 3.150703035469151200 ),
 .UNSPECIFIED. ) 
 CURVE ( )  GEOMETRIC_REPRESENTATION_ITEM ( )  RATIONAL_B_SPLINE_CURVE ( ( 1.000000000000000000, 0.9999930834237941200, 0.9999930834237941200, 1.000000000000000000 ) ) 
 REPRESENTATION_ITEM ( '' )  );
#346 = CARTESIAN_POINT ( 'NONE',  ( -12.75000000000000000, 8.781729889353181700, 10.41000000000000000 ) ) ;
#347 = DIRECTION ( 'NONE',  ( 0.0000000000000000000, 1.000000000000000000, 0.0000000000000000000 ) ) ;
#348 = VECTOR ( 'NONE', #347, 1000.000000000000000 ) ;
#349 = CARTESIAN_POINT ( 'NONE',  ( -12.75000000000000000, 8.530000000000001100, 10.41000000000000000 ) ) ;
#350 = LINE ( 'NONE', #349, #348 ) ;
#351 = LINE ( 'NONE', #403, #402 ) ;
#352 = DIRECTION ( 'NONE',  ( 0.0000000000000000000, -1.000000000000000000, 0.0000000000000000000 ) ) ;
#353 = VECTOR ( 'NONE', #352, 1000.000000000000000 ) ;
#354 = CARTESIAN_POINT ( 'NONE',  ( -5.349999999999999600, 2.899999999999999000, 2.649999999999999900 ) ) ;
#355 = LINE ( 'NONE', #354, #353 ) ;
#356 = DIRECTION ( 'NONE',  ( -1.863199863991166100E-017, -0.0000000000000000000, 1.000000000000000000 ) ) ;
#357 = VECTOR ( 'NONE', #356, 1000.000000000000000 ) ;
#358 = CARTESIAN_POINT ( 'NONE',  ( 4.079999999999997400, -10.10000000000000000, 1.118083490375676400E-016 ) ) ;
#359 = LINE ( 'NONE', #358, #357 ) ;
#360 = CARTESIAN_POINT ( 'NONE',  ( 4.079999999999997400, -10.10000000000000000, 0.1524000000000000100 ) ) ;
#361 = CARTESIAN_POINT ( 'NONE',  ( -4.959792110495889100, -10.10000000000000000, 0.1524000000000000900 ) ) ;
#362 = DIRECTION ( 'NONE',  ( 1.000000000000000000, -0.0000000000000000000, -7.150601860090840900E-018 ) ) ;
#363 = VECTOR ( 'NONE', #362, 1000.000000000000000 ) ;
#364 = CARTESIAN_POINT ( 'NONE',  ( 4.079999999999995600, -10.10000000000000000, 0.1524000000000000100 ) ) ;
#365 = DIRECTION ( 'NONE',  ( 0.0000000000000000000, -0.0000000000000000000, -1.000000000000000000 ) ) ;
#366 = DIRECTION ( 'NONE',  ( 0.0000000000000000000, -1.000000000000000000, 0.0000000000000000000 ) ) ;
#367 = CARTESIAN_POINT ( 'NONE',  ( -5.157659249463804100, -10.10000000000000000, 5.000000000000000900 ) ) ;
#368 = AXIS2_PLACEMENT_3D ( 'NONE', #367, #366, #365 ) ;
#369 = LINE ( 'NONE', #364, #363 ) ;
#370 = PLANE ( 'NONE',  #368 ) ;
#371 =( GEOMETRIC_REPRESENTATION_CONTEXT ( 3 ) GLOBAL_UNCERTAINTY_ASSIGNED_CONTEXT ( ( #372 ) ) GLOBAL_UNIT_ASSIGNED_CONTEXT ( ( #325, #374, #373 ) ) REPRESENTATION_CONTEXT ( 'NONE', 'WORKASPACE' ) );
#372 = UNCERTAINTY_MEASURE_WITH_UNIT (LENGTH_MEASURE( 1.000000000000000100E-005 ), #325, 'distance_accuracy_value', 'NONE');
#373 =( NAMED_UNIT ( * ) SI_UNIT ( $, .STERADIAN. ) SOLID_ANGLE_UNIT ( ) );
#374 =( NAMED_UNIT ( * ) PLANE_ANGLE_UNIT ( ) SI_UNIT ( $, .RADIAN. ) );
#375 =( LENGTH_UNIT ( ) NAMED_UNIT ( * ) SI_UNIT ( .MILLI., .METRE. ) );
#376 = MECHANICAL_DESIGN_GEOMETRIC_PRESENTATION_REPRESENTATION (  '', ( #378 ), #420 ) ;
#377 = PRESENTATION_LAYER_ASSIGNMENT (  '', '', ( #378 ) ) ;
#378 = STYLED_ITEM ( 'NONE', ( #379 ), #65 ) ;
#379 = PRESENTATION_STYLE_ASSIGNMENT (( #380 ) ) ;
#380 = SURFACE_STYLE_USAGE ( .BOTH. , #381 ) ;
#381 = SURFACE_SIDE_STYLE ('',( #382 ) ) ;
#382 = SURFACE_STYLE_FILL_AREA ( #383 ) ;
#383 = FILL_AREA_STYLE ('',( #388 ) ) ;
#384 = CARTESIAN_POINT ( 'NONE',  ( -5.349999999999999600, -9.794893218771830900, 3.169999999999999900 ) ) ;
#385 = CARTESIAN_POINT ( 'NONE',  ( -5.349999999999999600, -9.823339522833364900, 3.169999999999995500 ) ) ;
#386 = CARTESIAN_POINT ( 'NONE',  ( -5.349999999999999600, -9.857835623831803700, 3.082491675983082000 ) ) ;
#387 = CARTESIAN_POINT ( 'NONE',  ( -5.349999999999999600, -9.894688835134173700, 2.916842487140837400 ) ) ;
#388 = FILL_AREA_STYLE_COLOUR ( '', #390 ) ;
#389 =( BOUNDED_CURVE ( )  B_SPLINE_CURVE ( 3, ( #387, #386, #385, #384 ),
 .UNSPECIFIED., .F., .T. ) 
 B_SPLINE_CURVE_WITH_KNOTS ( ( 4, 4 ),
 ( 2.475168727109148500, 3.132482271710425700 ),
 .UNSPECIFIED. ) 
 CURVE ( )  GEOMETRIC_REPRESENTATION_ITEM ( )  RATIONAL_B_SPLINE_CURVE ( ( 1.000000000000000000, 0.9643178356771093800, 0.9643178356771093800, 1.000000000000000000 ) ) 
 REPRESENTATION_ITEM ( '' )  );
#390 = COLOUR_RGB ( '',0.1254901960784313700, 0.1254901960784313700, 0.1254901960784313700 ) ;
#391 = FACE_OUTER_BOUND ( 'NONE', #66, .T. ) ;
#392 = CARTESIAN_POINT ( 'NONE',  ( -5.349999999999999600, -9.894688835134173700, 2.916842487140837400 ) ) ;
#393 = DIRECTION ( 'NONE',  ( 0.0000000000000000000, 1.000000000000000000, 0.0000000000000000000 ) ) ;
#394 = VECTOR ( 'NONE', #393, 1000.000000000000000 ) ;
#395 = CARTESIAN_POINT ( 'NONE',  ( -5.349999999999992500, 5.990000000000000200, 2.649999999999999900 ) ) ;
#396 = LINE ( 'NONE', #395, #394 ) ;
#397 = DIRECTION ( 'NONE',  ( 0.0000000000000000000, -1.000000000000000000, 0.0000000000000000000 ) ) ;
#398 = VECTOR ( 'NONE', #397, 1000.000000000000000 ) ;
#399 = CARTESIAN_POINT ( 'NONE',  ( -5.349999999999999600, 5.439999999999998600, 2.649999999999999900 ) ) ;
#400 = LINE ( 'NONE', #399, #398 ) ;
#401 = DIRECTION ( 'NONE',  ( 0.0000000000000000000, 1.000000000000000000, 0.0000000000000000000 ) ) ;
#402 = VECTOR ( 'NONE', #401, 1000.000000000000000 ) ;
#403 = CARTESIAN_POINT ( 'NONE',  ( -5.349999999999992500, 3.450000000000000600, 2.649999999999999900 ) ) ;
#404 = CARTESIAN_POINT ( 'NONE',  ( -4.959792110495888200, 10.10000000000000000, 0.1524000000000004500 ) ) ;
#405 = DIRECTION ( 'NONE',  ( -1.000000000000000000, 0.0000000000000000000, 7.150601860090840900E-018 ) ) ;
#406 = VECTOR ( 'NONE', #405, 1000.000000000000000 ) ;
#407 = CARTESIAN_POINT ( 'NONE',  ( -5.157659249463804100, 10.10000000000000000, 0.1524000000000004500 ) ) ;
#408 = LINE ( 'NONE', #407, #406 ) ;
#409 = CARTESIAN_POINT ( 'NONE',  ( 4.079999999999999200, 10.10000000000000000, 0.1524000000000004000 ) ) ;
#410 = CARTESIAN_POINT ( 'NONE',  ( 4.079999999999999200, 10.10000000000000000, 1.118083490375676400E-016 ) ) ;
#411 = DIRECTION ( 'NONE',  ( -1.863199863991166100E-017, -0.0000000000000000000, 1.000000000000000000 ) ) ;
#412 = VECTOR ( 'NONE', #411, 1000.000000000000000 ) ;
#413 = CARTESIAN_POINT ( 'NONE',  ( 4.079999999999999200, 10.10000000000000000, 1.118083490375676400E-016 ) ) ;
#414 = DIRECTION ( 'NONE',  ( 0.0000000000000000000, -0.0000000000000000000, -1.000000000000000000 ) ) ;
#415 = DIRECTION ( 'NONE',  ( 0.0000000000000000000, -1.000000000000000000, 0.0000000000000000000 ) ) ;
#416 = CARTESIAN_POINT ( 'NONE',  ( -5.157659249463804100, 10.10000000000000000, 5.000000000000000900 ) ) ;
#417 = AXIS2_PLACEMENT_3D ( 'NONE', #416, #415, #414 ) ;
#418 = LINE ( 'NONE', #413, #412 ) ;
#419 = PLANE ( 'NONE',  #417 ) ;
#420 =( GEOMETRIC_REPRESENTATION_CONTEXT ( 3 ) GLOBAL_UNCERTAINTY_ASSIGNED_CONTEXT ( ( #421 ) ) GLOBAL_UNIT_ASSIGNED_CONTEXT ( ( #375, #423, #422 ) ) REPRESENTATION_CONTEXT ( 'NONE', 'WORKASPACE' ) );
#421 = UNCERTAINTY_MEASURE_WITH_UNIT (LENGTH_MEASURE( 1.000000000000000100E-005 ), #375, 'distance_accuracy_value', 'NONE');
#422 =( NAMED_UNIT ( * ) SI_UNIT ( $, .STERADIAN. ) SOLID_ANGLE_UNIT ( ) );
#423 =( NAMED_UNIT ( * ) PLANE_ANGLE_UNIT ( ) SI_UNIT ( $, .RADIAN. ) );
#424 = LINE ( 'NONE', #487, #486 ) ;
#425 = CARTESIAN_POINT ( 'NONE',  ( -5.979359448848025100, 8.530000000000001100, 2.649999999999999900 ) ) ;
#426 = DIRECTION ( 'NONE',  ( 1.000000000000000000, -0.0000000000000000000, -0.0000000000000000000 ) ) ;
#427 = VECTOR ( 'NONE', #426, 1000.000000000000000 ) ;
#428 = CARTESIAN_POINT ( 'NONE',  ( -7.045411045847954400, 8.530000000000001100, 2.649999999999999900 ) ) ;
#429 = LINE ( 'NONE', #428, #427 ) ;
#430 = DIRECTION ( 'NONE',  ( 0.0000000000000000000, 0.0000000000000000000, 1.000000000000000000 ) ) ;
#431 = DIRECTION ( 'NONE',  ( 0.0000000000000000000, 1.000000000000000000, -0.0000000000000000000 ) ) ;
#432 = CARTESIAN_POINT ( 'NONE',  ( -5.979359448848025100, 9.250000000000001800, 3.149999999999999900 ) ) ;
#433 = AXIS2_PLACEMENT_3D ( 'NONE', #432, #431, #430 ) ;
#434 = CIRCLE ( 'NONE', #433, 0.5000000000000000000 ) ;
#435 = DIRECTION ( 'NONE',  ( 1.000000000000000000, -0.0000000000000000000, -0.0000000000000000000 ) ) ;
#436 = VECTOR ( 'NONE', #435, 1000.000000000000000 ) ;
#437 = CARTESIAN_POINT ( 'NONE',  ( -7.045411045847952600, 9.250000000000001800, 3.169999999999999900 ) ) ;
#438 = LINE ( 'NONE', #437, #436 ) ;
#439 = DIRECTION ( 'NONE',  ( 0.0000000000000000000, 0.0000000000000000000, -1.000000000000000000 ) ) ;
#440 = DIRECTION ( 'NONE',  ( 0.0000000000000000000, -1.000000000000000000, -0.0000000000000000000 ) ) ;
#441 = CARTESIAN_POINT ( 'NONE',  ( -9.291281102303948100, 8.530000000000001100, 8.889999999999998800 ) ) ;
#442 = AXIS2_PLACEMENT_3D ( 'NONE', #441, #440, #439 ) ;
#443 = CIRCLE ( 'NONE', #442, 1.000000000000000900 ) ;
#444 = CARTESIAN_POINT ( 'NONE',  ( -8.334479274980982000, 9.250000000000001800, 9.180740886755595300 ) ) ;
#445 = CARTESIAN_POINT ( 'NONE',  ( -7.836942324773037400, 9.250000000000001800, 9.331926147868506000 ) ) ;
#446 = DIRECTION ( 'NONE',  ( 0.0000000000000000000, 1.000000000000000000, 0.0000000000000000000 ) ) ;
#447 = VECTOR ( 'NONE', #446, 1000.000000000000000 ) ;
#448 = CARTESIAN_POINT ( 'NONE',  ( -7.836942324773037400, 8.530000000000001100, 9.331926147868506000 ) ) ;
#449 = LINE ( 'NONE', #448, #447 ) ;
#450 = CARTESIAN_POINT ( 'NONE',  ( -6.072294189311453900, 9.250000000000001800, 3.524629556622201200 ) ) ;
#451 = CARTESIAN_POINT ( 'NONE',  ( -6.072294189311453900, 8.530000000000001100, 3.524629556622201200 ) ) ;
#452 = DIRECTION ( 'NONE',  ( -0.2907408867555975600, 0.0000000000000000000, 0.9568018273229669200 ) ) ;
#453 = VECTOR ( 'NONE', #452, 1000.000000000000100 ) ;
#454 = CARTESIAN_POINT ( 'NONE',  ( -5.964533826801945400, 8.530000000000001100, 3.169999999999999900 ) ) ;
#455 = LINE ( 'NONE', #454, #453 ) ;
#456 = DIRECTION ( 'NONE',  ( 5.015508710847692100E-016, -0.0000000000000000000, 1.000000000000000000 ) ) ;
#457 = AXIS2_PLACEMENT_3D ( 'NONE', #458, #456, #520 ) ;
#458 = CARTESIAN_POINT ( 'NONE',  ( -9.291281102303948100, 8.530000000000001100, 10.40999999999999800 ) ) ;
#459 = PLANE ( 'NONE',  #457 ) ;
#460 = FACE_OUTER_BOUND ( 'NONE', #113, .T. ) ;
#461 = DIRECTION ( 'NONE',  ( -0.7660444431189811200, 0.6427876096865354800, 3.842102577359719500E-016 ) ) ;
#462 = VECTOR ( 'NONE', #461, 1000.000000000000100 ) ;
#463 = CARTESIAN_POINT ( 'NONE',  ( -10.59638766097845100, 6.974634569981380300, 9.889999999999998800 ) ) ;
#464 = LINE ( 'NONE', #463, #462 ) ;
#465 = CARTESIAN_POINT ( 'NONE',  ( -12.44999999999999900, 8.530000000000001100, 9.890000000000000600 ) ) ;
#466 = DIRECTION ( 'NONE',  ( -1.000000000000000000, 0.0000000000000000000, 5.015508710847692100E-016 ) ) ;
#467 = VECTOR ( 'NONE', #466, 1000.000000000000000 ) ;
#468 = CARTESIAN_POINT ( 'NONE',  ( -9.291281102303948100, 8.530000000000001100, 9.889999999999998800 ) ) ;
#469 = LINE ( 'NONE', #468, #467 ) ;
#470 = DIRECTION ( 'NONE',  ( -6.106226635438361000E-016, 0.0000000000000000000, 1.000000000000000000 ) ) ;
#471 = VECTOR ( 'NONE', #470, 1000.000000000000000 ) ;
#472 = CARTESIAN_POINT ( 'NONE',  ( -12.44999999999999600, 9.250000000000001800, 2.649999999999996400 ) ) ;
#473 = LINE ( 'NONE', #472, #471 ) ;
#474 = DIRECTION ( 'NONE',  ( 0.0000000000000000000, 0.0000000000000000000, 1.000000000000000000 ) ) ;
#475 = DIRECTION ( 'NONE',  ( 0.0000000000000000000, 1.000000000000000000, -0.0000000000000000000 ) ) ;
#476 = AXIS2_PLACEMENT_3D ( 'NONE', #477, #475, #474 ) ;
#477 = CARTESIAN_POINT ( 'NONE',  ( -7.045411045847954400, 9.250000000000001800, 2.649999999999999900 ) ) ;
#478 = PLANE ( 'NONE',  #476 ) ;
#479 = FACE_OUTER_BOUND ( 'NONE', #103, .T. ) ;
#480 = DIRECTION ( 'NONE',  ( 1.000000000000000000, -0.0000000000000000000, -0.0000000000000000000 ) ) ;
#481 = VECTOR ( 'NONE', #480, 1000.000000000000000 ) ;
#482 = CARTESIAN_POINT ( 'NONE',  ( -7.045411045847954400, 9.250000000000001800, 2.649999999999999900 ) ) ;
#483 = LINE ( 'NONE', #482, #481 ) ;
#484 = CARTESIAN_POINT ( 'NONE',  ( -5.979359448848025100, 9.250000000000001800, 2.649999999999999900 ) ) ;
#485 = DIRECTION ( 'NONE',  ( -0.0000000000000000000, 1.000000000000000000, 0.0000000000000000000 ) ) ;
#486 = VECTOR ( 'NONE', #485, 1000.000000000000000 ) ;
#487 = CARTESIAN_POINT ( 'NONE',  ( -5.979359448848025100, 9.250000000000001800, 2.649999999999999900 ) ) ;
#488 = CARTESIAN_POINT ( 'NONE',  ( -6.457760362509508100, 8.530000000000001100, 3.004629556622201200 ) ) ;
#489 = DIRECTION ( 'NONE',  ( -0.0000000000000000000, -1.000000000000000000, -0.0000000000000000000 ) ) ;
#490 = VECTOR ( 'NONE', #489, 1000.000000000000000 ) ;
#491 = CARTESIAN_POINT ( 'NONE',  ( -6.457760362509508100, 8.530000000000001100, 3.004629556622201200 ) ) ;
#492 = LINE ( 'NONE', #491, #490 ) ;
#493 = CARTESIAN_POINT ( 'NONE',  ( -6.457760362509508100, 9.250000000000001800, 3.004629556622201200 ) ) ;
#494 = DIRECTION ( 'NONE',  ( -0.2907408867555975600, 0.0000000000000000000, 0.9568018273229669200 ) ) ;
#495 = VECTOR ( 'NONE', #494, 1000.000000000000100 ) ;
#496 = CARTESIAN_POINT ( 'NONE',  ( -6.349999999999999600, 9.250000000000001800, 2.649999999999999900 ) ) ;
#497 = DIRECTION ( 'NONE',  ( 0.2907408867555975600, 0.0000000000000000000, -0.9568018273229669200 ) ) ;
#498 = DIRECTION ( 'NONE',  ( 0.9568018273229670400, -0.0000000000000000000, 0.2907408867555976200 ) ) ;
#499 = CARTESIAN_POINT ( 'NONE',  ( -6.349999999999999600, 8.530000000000001100, 2.649999999999999900 ) ) ;
#500 = AXIS2_PLACEMENT_3D ( 'NONE', #499, #498, #497 ) ;
#501 = PLANE ( 'NONE',  #500 ) ;
#502 = LINE ( 'NONE', #496, #495 ) ;
#503 = FACE_OUTER_BOUND ( 'NONE', #124, .T. ) ;
#504 = DIRECTION ( 'NONE',  ( -0.2907408867555975600, 0.0000000000000000000, 0.9568018273229669200 ) ) ;
#505 = VECTOR ( 'NONE', #504, 1000.000000000000100 ) ;
#506 = CARTESIAN_POINT ( 'NONE',  ( -5.964533826801945400, 9.250000000000001800, 3.169999999999999900 ) ) ;
#507 = LINE ( 'NONE', #506, #505 ) ;
#508 = DIRECTION ( 'NONE',  ( -0.0000000000000000000, 1.000000000000000000, -0.0000000000000000000 ) ) ;
#509 = VECTOR ( 'NONE', #508, 1000.000000000000000 ) ;
#510 = CARTESIAN_POINT ( 'NONE',  ( -6.072294189311453900, 8.530000000000001100, 3.524629556622201200 ) ) ;
#511 = LINE ( 'NONE', #510, #509 ) ;
#512 = CARTESIAN_POINT ( 'NONE',  ( -12.45000000000000100, 9.250000000000001800, 10.40999999999999800 ) ) ;
#513 = CARTESIAN_POINT ( 'NONE',  ( -9.291281102303948100, 9.250000000000001800, 10.40999999999999800 ) ) ;
#514 = DIRECTION ( 'NONE',  ( -1.000000000000000000, 0.0000000000000000000, 5.015508710847692100E-016 ) ) ;
#515 = VECTOR ( 'NONE', #514, 1000.000000000000000 ) ;
#516 = CARTESIAN_POINT ( 'NONE',  ( -9.291281102303948100, 9.250000000000001800, 10.40999999999999800 ) ) ;
#517 = LINE ( 'NONE', #516, #515 ) ;
#518 = ORIENTED_EDGE ( 'NONE', *, *, #11420, .T. ) ;
#519 = ORIENTED_EDGE ( 'NONE', *, *, #29, .F. ) ;
#520 = DIRECTION ( 'NONE',  ( 1.000000000000000000, 0.0000000000000000000, -5.015508710847692100E-016 ) ) ;
#521 = CARTESIAN_POINT ( 'NONE',  ( -5.593893275649970900, 9.250000000000001800, 3.169999999999999900 ) ) ;
#522 = DIRECTION ( 'NONE',  ( 1.734723475976807100E-015, 0.0000000000000000000, 1.000000000000000000 ) ) ;
#523 = DIRECTION ( 'NONE',  ( -0.0000000000000000000, -1.000000000000000000, 0.0000000000000000000 ) ) ;
#524 = CARTESIAN_POINT ( 'NONE',  ( -5.593893275649970900, 9.250000000000001800, 3.669999999999999900 ) ) ;
#525 = AXIS2_PLACEMENT_3D ( 'NONE', #524, #523, #522 ) ;
#526 = CIRCLE ( 'NONE', #525, 0.5000000000000000000 ) ;
#527 = DIRECTION ( 'NONE',  ( 1.000000000000000000, -0.0000000000000000000, 0.0000000000000000000 ) ) ;
#528 = DIRECTION ( 'NONE',  ( 0.0000000000000000000, 0.0000000000000000000, -1.000000000000000000 ) ) ;
#529 = DIRECTION ( 'NONE',  ( 0.0000000000000000000, -1.000000000000000000, -0.0000000000000000000 ) ) ;
#530 = CARTESIAN_POINT ( 'NONE',  ( -9.291281102303948100, 8.890000000000000600, 8.889999999999998800 ) ) ;
#531 = AXIS2_PLACEMENT_3D ( 'NONE', #530, #529, #528 ) ;
#532 = CARTESIAN_POINT ( 'NONE',  ( -7.836942324773037400, 8.530000000000001100, 9.331926147868506000 ) ) ;
#533 = CYLINDRICAL_SURFACE ( 'NONE', #531, 1.520000000000000500 ) ;
#534 = FACE_OUTER_BOUND ( 'NONE', #138, .T. ) ;
#535 = DIRECTION ( 'NONE',  ( 0.0000000000000000000, 0.0000000000000000000, -1.000000000000000000 ) ) ;
#536 = DIRECTION ( 'NONE',  ( 0.0000000000000000000, -1.000000000000000000, -0.0000000000000000000 ) ) ;
#537 = CARTESIAN_POINT ( 'NONE',  ( -9.291281102303948100, 9.250000000000001800, 8.889999999999998800 ) ) ;
#538 = AXIS2_PLACEMENT_3D ( 'NONE', #537, #536, #535 ) ;
#539 = CIRCLE ( 'NONE', #538, 1.000000000000000900 ) ;
#540 = CARTESIAN_POINT ( 'NONE',  ( -8.334479274980982000, 8.530000000000001100, 9.180740886755597100 ) ) ;
#541 = DIRECTION ( 'NONE',  ( 0.0000000000000000000, -1.000000000000000000, -0.0000000000000000000 ) ) ;
#542 = VECTOR ( 'NONE', #541, 1000.000000000000000 ) ;
#543 = CARTESIAN_POINT ( 'NONE',  ( -8.334479274980982000, 8.530000000000001100, 9.180740886755597100 ) ) ;
#544 = DIRECTION ( 'NONE',  ( -1.000000000000000000, 0.0000000000000000000, -0.0000000000000000000 ) ) ;
#545 = DIRECTION ( 'NONE',  ( 0.0000000000000000000, 0.0000000000000000000, -1.000000000000000000 ) ) ;
#546 = AXIS2_PLACEMENT_3D ( 'NONE', #548, #545, #544 ) ;
#547 = LINE ( 'NONE', #543, #542 ) ;
#548 = CARTESIAN_POINT ( 'NONE',  ( -7.045411045847954400, 8.530000000000001100, 2.649999999999999900 ) ) ;
#549 = PLANE ( 'NONE',  #546 ) ;
#550 = FACE_OUTER_BOUND ( 'NONE', #135, .T. ) ;
#551 = DIRECTION ( 'NONE',  ( -0.2907408867555975600, 0.0000000000000000000, 0.9568018273229669200 ) ) ;
#552 = VECTOR ( 'NONE', #551, 1000.000000000000100 ) ;
#553 = CARTESIAN_POINT ( 'NONE',  ( -6.349999999999999600, 8.530000000000001100, 2.649999999999999900 ) ) ;
#554 = LINE ( 'NONE', #553, #552 ) ;
#555 = CARTESIAN_POINT ( 'NONE',  ( -3.520247281338988500, -9.771384181348796700, 4.882595994697971300 ) ) ;
#556 = CARTESIAN_POINT ( 'NONE',  ( -3.520211297656933100, -9.771448653716285900, 4.881859072165490900 ) ) ;
#557 = B_SPLINE_CURVE_WITH_KNOTS ( 'NONE', 3,
 ( #556, #555, #611, #610 ),
 .UNSPECIFIED., .F., .F.,
 ( 4, 4 ),
 ( 1.056081928668503800E-017, 2.221836396689644000E-006 ),
 .UNSPECIFIED. ) ;
#558 = DIRECTION ( 'NONE',  ( -1.000000000000000000, -0.0000000000000000000, 1.708586460515685700E-016 ) ) ;
#559 = VECTOR ( 'NONE', #558, 1000.000000000000000 ) ;
#560 = CARTESIAN_POINT ( 'NONE',  ( -5.157659249463805800, -9.771255329389772400, 4.884068779328953400 ) ) ;
#561 = LINE ( 'NONE', #560, #559 ) ;
#562 = CARTESIAN_POINT ( 'NONE',  ( -3.520211297656933100, -9.771448653716285900, 4.881859072165490900 ) ) ;
#563 = CARTESIAN_POINT ( 'NONE',  ( -5.593893275649970900, 8.530000000000001100, 3.169999999999999900 ) ) ;
#564 = DIRECTION ( 'NONE',  ( -0.2907408867555975600, 0.0000000000000000000, 0.9568018273229669200 ) ) ;
#565 = DIRECTION ( 'NONE',  ( -0.9568018273229670400, 0.0000000000000000000, -0.2907408867555976200 ) ) ;
#566 = AXIS2_PLACEMENT_3D ( 'NONE', #567, #565, #564 ) ;
#567 = CARTESIAN_POINT ( 'NONE',  ( -5.964533826801945400, 8.530000000000001100, 3.169999999999999900 ) ) ;
#568 = PLANE ( 'NONE',  #566 ) ;
#569 = FACE_OUTER_BOUND ( 'NONE', #74, .T. ) ;
#570 = DIRECTION ( 'NONE',  ( 0.0000000000000000000, 0.0000000000000000000, -1.000000000000000000 ) ) ;
#571 = DIRECTION ( 'NONE',  ( 0.0000000000000000000, -1.000000000000000000, -0.0000000000000000000 ) ) ;
#572 = CARTESIAN_POINT ( 'NONE',  ( -9.291281102303948100, 8.530000000000001100, 8.889999999999998800 ) ) ;
#573 = AXIS2_PLACEMENT_3D ( 'NONE', #572, #571, #570 ) ;
#574 = CIRCLE ( 'NONE', #573, 1.520000000000000500 ) ;
#575 = DIRECTION ( 'NONE',  ( 0.0000000000000000000, 0.0000000000000000000, -1.000000000000000000 ) ) ;
#576 = DIRECTION ( 'NONE',  ( 0.0000000000000000000, -1.000000000000000000, -0.0000000000000000000 ) ) ;
#577 = CARTESIAN_POINT ( 'NONE',  ( -9.291281102303948100, 9.250000000000001800, 8.889999999999998800 ) ) ;
#578 = AXIS2_PLACEMENT_3D ( 'NONE', #577, #576, #575 ) ;
#579 = CIRCLE ( 'NONE', #578, 1.520000000000000500 ) ;
#580 = STYLED_ITEM ( 'NONE', ( #581 ), #179 ) ;
#581 = PRESENTATION_STYLE_ASSIGNMENT (( #582 ) ) ;
#582 = SURFACE_STYLE_USAGE ( .BOTH. , #583 ) ;
#583 = SURFACE_SIDE_STYLE ('',( #584 ) ) ;
#584 = SURFACE_STYLE_FILL_AREA ( #585 ) ;
#585 = FILL_AREA_STYLE ('',( #592 ) ) ;
#586 = COLOUR_RGB ( '',0.1254901960784313700, 0.1254901960784313700, 0.1254901960784313700 ) ;
#587 = FACE_OUTER_BOUND ( 'NONE', #173, .T. ) ;
#588 = DIRECTION ( 'NONE',  ( 6.106226635438361000E-016, -0.0000000000000000000, -1.000000000000000000 ) ) ;
#589 = VECTOR ( 'NONE', #588, 1000.000000000000000 ) ;
#590 = CARTESIAN_POINT ( 'NONE',  ( -12.75000000000000000, 8.998270110646821300, 10.15000000000000000 ) ) ;
#591 = LINE ( 'NONE', #590, #589 ) ;
#592 = FILL_AREA_STYLE_COLOUR ( '', #586 ) ;
#593 = DIRECTION ( 'NONE',  ( -6.106226635438361000E-016, 0.0000000000000000000, 1.000000000000000000 ) ) ;
#594 = VECTOR ( 'NONE', #593, 1000.000000000000000 ) ;
#595 = CARTESIAN_POINT ( 'NONE',  ( -12.75000000000000000, 8.781729889353181700, 10.15000000000000000 ) ) ;
#596 = LINE ( 'NONE', #595, #594 ) ;
#597 = CARTESIAN_POINT ( 'NONE',  ( -1.083788702343050800, -9.771448653716287700, 4.881859072165477500 ) ) ;
#598 = CARTESIAN_POINT ( 'NONE',  ( -1.285576693118708300, -10.07807844207152900, 1.377064553680270600 ) ) ;
#599 = CARTESIAN_POINT ( 'NONE',  ( -3.318423306881274300, -10.07807844207153100, 1.377064553680258600 ) ) ;
#600 = DIRECTION ( 'NONE',  ( -1.000000000000000000, -1.483464626274638100E-017, 1.297863375407471500E-018 ) ) ;
#601 = VECTOR ( 'NONE', #600, 1000.000000000000000 ) ;
#602 = CARTESIAN_POINT ( 'NONE',  ( -3.411291951717675600, -10.07807844207152900, 1.377064553680270600 ) ) ;
#603 = CARTESIAN_POINT ( 'NONE',  ( -3.318423306881274300, -10.07807844207153100, 1.377064553680258600 ) ) ;
#604 = CARTESIAN_POINT ( 'NONE',  ( -3.390669641595763600, -9.985203176825756100, 2.438633693072342000 ) ) ;
#605 = CARTESIAN_POINT ( 'NONE',  ( -3.458084344201577400, -9.882762214345316200, 3.609539252169034400 ) ) ;
#606 = CARTESIAN_POINT ( 'NONE',  ( -3.520211297656933100, -9.771448653716285900, 4.881859072165490900 ) ) ;
#607 =( BOUNDED_CURVE ( )  B_SPLINE_CURVE ( 3, ( #606, #605, #604, #603 ),
 .UNSPECIFIED., .F., .T. ) 
 B_SPLINE_CURVE_WITH_KNOTS ( ( 4, 4 ),
 ( 2.319242785580948300, 2.483798641423054400 ),
 .UNSPECIFIED. ) 
 CURVE ( )  GEOMETRIC_REPRESENTATION_ITEM ( )  RATIONAL_B_SPLINE_CURVE ( ( 1.000000000000000000, 0.9977447202457139200, 0.9977447202457139200, 1.000000000000000000 ) ) 
 REPRESENTATION_ITEM ( '' )  );
#608 = LINE ( 'NONE', #602, #601 ) ;
#609 = CARTESIAN_POINT ( 'NONE',  ( -3.520339270037643200, -9.771255329389772400, 4.884068779328953400 ) ) ;
#610 = CARTESIAN_POINT ( 'NONE',  ( -3.520339270037643200, -9.771255329389772400, 4.884068779328953400 ) ) ;
#611 = CARTESIAN_POINT ( 'NONE',  ( -3.520289939833958700, -9.771319734644929900, 4.883332623893927000 ) ) ;
#612 =( BOUNDED_CURVE ( )  B_SPLINE_CURVE ( 3, ( #656, #655, #654, #653 ),
 .UNSPECIFIED., .F., .T. ) 
 B_SPLINE_CURVE_WITH_KNOTS ( ( 4, 4 ),
 ( 3.799386665756532300, 3.963942521598637500 ),
 .UNSPECIFIED. ) 
 CURVE ( )  GEOMETRIC_REPRESENTATION_ITEM ( )  RATIONAL_B_SPLINE_CURVE ( ( 1.000000000000000000, 0.9977447202457139200, 0.9977447202457139200, 1.000000000000000000 ) ) 
 REPRESENTATION_ITEM ( '' )  );
#613 = DIRECTION ( 'NONE',  ( -6.106226635438361000E-016, 0.0000000000000000000, 1.000000000000000000 ) ) ;
#614 = DIRECTION ( 'NONE',  ( -1.000000000000000000, 0.0000000000000000000, -6.106226635438361000E-016 ) ) ;
#615 = CARTESIAN_POINT ( 'NONE',  ( -12.75000000000000000, 8.890000000000002300, 10.15000000000000000 ) ) ;
#616 = AXIS2_PLACEMENT_3D ( 'NONE', #615, #614, #613 ) ;
#617 = FACE_OUTER_BOUND ( 'NONE', #182, .T. ) ;
#618 = DIRECTION ( 'NONE',  ( 0.0000000000000000000, -0.08715574274765465500, -0.9961946980917457700 ) ) ;
#619 = DIRECTION ( 'NONE',  ( 1.489131220148309400E-017, -0.9961946980917458800, 0.08715574274765466900 ) ) ;
#620 = CARTESIAN_POINT ( 'NONE',  ( 4.995315247672459200, -9.761112661832331800, 4.999999999999999100 ) ) ;
#621 = AXIS2_PLACEMENT_3D ( 'NONE', #620, #619, #618 ) ;
#622 = PLANE ( 'NONE',  #616 ) ;
#623 = PLANE ( 'NONE',  #621 ) ;
#624 =( GEOMETRIC_REPRESENTATION_CONTEXT ( 3 ) GLOBAL_UNCERTAINTY_ASSIGNED_CONTEXT ( ( #625 ) ) GLOBAL_UNIT_ASSIGNED_CONTEXT ( ( #628, #627, #626 ) ) REPRESENTATION_CONTEXT ( 'NONE', 'WORKASPACE' ) );
#625 = UNCERTAINTY_MEASURE_WITH_UNIT (LENGTH_MEASURE( 1.000000000000000100E-005 ), #628, 'distance_accuracy_value', 'NONE');
#626 =( NAMED_UNIT ( * ) SI_UNIT ( $, .STERADIAN. ) SOLID_ANGLE_UNIT ( ) );
#627 =( NAMED_UNIT ( * ) PLANE_ANGLE_UNIT ( ) SI_UNIT ( $, .RADIAN. ) );
#628 =( LENGTH_UNIT ( ) NAMED_UNIT ( * ) SI_UNIT ( .MILLI., .METRE. ) );
#629 = MECHANICAL_DESIGN_GEOMETRIC_PRESENTATION_REPRESENTATION (  '', ( #580 ), #624 ) ;
#630 = PRESENTATION_LAYER_ASSIGNMENT (  '', '', ( #580 ) ) ;
#631 = LINE ( 'NONE', #681, #680 ) ;
#632 = FILL_AREA_STYLE_COLOUR ( '', #677 ) ;
#633 = DIRECTION ( 'NONE',  ( 6.106226635438361000E-016, 0.0000000000000000000, -1.000000000000000000 ) ) ;
#634 = VECTOR ( 'NONE', #633, 1000.000000000000000 ) ;
#635 = CARTESIAN_POINT ( 'NONE',  ( -12.44999999999999600, 8.530000000000001100, 2.649999999999996400 ) ) ;
#636 = LINE ( 'NONE', #635, #634 ) ;
#637 = DIRECTION ( 'NONE',  ( 0.0000000000000000000, -0.0000000000000000000, -1.000000000000000000 ) ) ;
#638 = DIRECTION ( 'NONE',  ( 0.0000000000000000000, -1.000000000000000000, 0.0000000000000000000 ) ) ;
#639 = AXIS2_PLACEMENT_3D ( 'NONE', #640, #638, #637 ) ;
#640 = CARTESIAN_POINT ( 'NONE',  ( -7.045411045847954400, 8.530000000000001100, 2.649999999999999900 ) ) ;
#641 = PLANE ( 'NONE',  #639 ) ;
#642 = FACE_OUTER_BOUND ( 'NONE', #118, .T. ) ;
#643 = DIRECTION ( 'NONE',  ( 0.0000000000000000000, 0.0000000000000000000, -1.000000000000000000 ) ) ;
#644 = DIRECTION ( 'NONE',  ( 0.0000000000000000000, -1.000000000000000000, 0.0000000000000000000 ) ) ;
#645 = CARTESIAN_POINT ( 'NONE',  ( -5.979359448848025100, 8.530000000000001100, 3.149999999999999900 ) ) ;
#646 = AXIS2_PLACEMENT_3D ( 'NONE', #645, #644, #643 ) ;
#647 = CIRCLE ( 'NONE', #646, 0.5000000000000000000 ) ;
#648 = DIRECTION ( 'NONE',  ( 0.0000000000000000000, 0.0000000000000000000, -1.000000000000000000 ) ) ;
#649 = DIRECTION ( 'NONE',  ( -0.0000000000000000000, 1.000000000000000000, -0.0000000000000000000 ) ) ;
#650 = CARTESIAN_POINT ( 'NONE',  ( -5.593893275649970900, 8.530000000000001100, 3.669999999999999900 ) ) ;
#651 = AXIS2_PLACEMENT_3D ( 'NONE', #650, #649, #648 ) ;
#652 = CIRCLE ( 'NONE', #651, 0.5000000000000000000 ) ;
#653 = CARTESIAN_POINT ( 'NONE',  ( -1.083788702343050800, -9.771448653716287700, 4.881859072165477500 ) ) ;
#654 = CARTESIAN_POINT ( 'NONE',  ( -1.145915655798406300, -9.882762214345318000, 3.609539252169024600 ) ) ;
#655 = CARTESIAN_POINT ( 'NONE',  ( -1.213330358404220300, -9.985203176825757900, 2.438633693072339800 ) ) ;
#656 = CARTESIAN_POINT ( 'NONE',  ( -1.285576693118708300, -10.07807844207152900, 1.377064553680270600 ) ) ;
#657 = CIRCLE ( 'NONE', #710, 1.021340256728876700 ) ;
#658 = B_SPLINE_CURVE_WITH_KNOTS ( 'NONE', 3,
 ( #709, #708, #707, #706 ),
 .UNSPECIFIED., .F., .F.,
 ( 4, 4 ),
 ( 0.0000000000000000000, 2.221836396713706100E-006 ),
 .UNSPECIFIED. ) ;
#659 = DIRECTION ( 'NONE',  ( -1.000000000000000000, 0.0000000000000000000, 0.0000000000000000000 ) ) ;
#660 = DIRECTION ( 'NONE',  ( -0.0000000000000000000, -0.0000000000000000000, 1.000000000000000000 ) ) ;
#661 = AXIS2_PLACEMENT_3D ( 'NONE', #663, #660, #659 ) ;
#662 = CONICAL_SURFACE ( 'NONE', #661, 1.270000000000000200, 0.06981317007977333500 ) ;
#663 = CARTESIAN_POINT ( 'NONE',  ( -2.301999999999991600, 10.10000000000000000, 5.000000000000000000 ) ) ;
#664 =( GEOMETRIC_REPRESENTATION_CONTEXT ( 3 ) GLOBAL_UNCERTAINTY_ASSIGNED_CONTEXT ( ( #665 ) ) GLOBAL_UNIT_ASSIGNED_CONTEXT ( ( #668, #667, #666 ) ) REPRESENTATION_CONTEXT ( 'NONE', 'WORKASPACE' ) );
#665 = UNCERTAINTY_MEASURE_WITH_UNIT (LENGTH_MEASURE( 1.000000000000000100E-005 ), #668, 'distance_accuracy_value', 'NONE');
#666 =( NAMED_UNIT ( * ) SI_UNIT ( $, .STERADIAN. ) SOLID_ANGLE_UNIT ( ) );
#667 =( NAMED_UNIT ( * ) PLANE_ANGLE_UNIT ( ) SI_UNIT ( $, .RADIAN. ) );
#668 =( LENGTH_UNIT ( ) NAMED_UNIT ( * ) SI_UNIT ( .MILLI., .METRE. ) );
#669 = MECHANICAL_DESIGN_GEOMETRIC_PRESENTATION_REPRESENTATION (  '', ( #671 ), #664 ) ;
#670 = PRESENTATION_LAYER_ASSIGNMENT (  '', '', ( #671 ) ) ;
#671 = STYLED_ITEM ( 'NONE', ( #672 ), #205 ) ;
#672 = PRESENTATION_STYLE_ASSIGNMENT (( #673 ) ) ;
#673 = SURFACE_STYLE_USAGE ( .BOTH. , #674 ) ;
#674 = SURFACE_SIDE_STYLE ('',( #675 ) ) ;
#675 = SURFACE_STYLE_FILL_AREA ( #676 ) ;
#676 = FILL_AREA_STYLE ('',( #632 ) ) ;
#677 = COLOUR_RGB ( '',0.1254901960784313700, 0.1254901960784313700, 0.1254901960784313700 ) ;
#678 = FACE_OUTER_BOUND ( 'NONE', #2840, .T. ) ;
#679 = DIRECTION ( 'NONE',  ( 1.000000000000000000, 0.0000000000000000000, 0.0000000000000000000 ) ) ;
#680 = VECTOR ( 'NONE', #679, 1000.000000000000000 ) ;
#681 = CARTESIAN_POINT ( 'NONE',  ( -3.571999999999992100, -9.851340256728876800, 1.444000000000000000 ) ) ;
#682 =( GEOMETRIC_REPRESENTATION_CONTEXT ( 3 ) GLOBAL_UNCERTAINTY_ASSIGNED_CONTEXT ( ( #683 ) ) GLOBAL_UNIT_ASSIGNED_CONTEXT ( ( #686, #685, #684 ) ) REPRESENTATION_CONTEXT ( 'NONE', 'WORKASPACE' ) );
#683 = UNCERTAINTY_MEASURE_WITH_UNIT (LENGTH_MEASURE( 1.000000000000000100E-005 ), #686, 'distance_accuracy_value', 'NONE');
#684 =( NAMED_UNIT ( * ) SI_UNIT ( $, .STERADIAN. ) SOLID_ANGLE_UNIT ( ) );
#685 =( NAMED_UNIT ( * ) PLANE_ANGLE_UNIT ( ) SI_UNIT ( $, .RADIAN. ) );
#686 =( LENGTH_UNIT ( ) NAMED_UNIT ( * ) SI_UNIT ( .MILLI., .METRE. ) );
#687 = MECHANICAL_DESIGN_GEOMETRIC_PRESENTATION_REPRESENTATION (  '', ( #689 ), #682 ) ;
#688 = PRESENTATION_LAYER_ASSIGNMENT (  '', '', ( #689 ) ) ;
#689 = STYLED_ITEM ( 'NONE', ( #690 ), #217 ) ;
#690 = PRESENTATION_STYLE_ASSIGNMENT (( #691 ) ) ;
#691 = SURFACE_STYLE_USAGE ( .BOTH. , #692 ) ;
#692 = SURFACE_SIDE_STYLE ('',( #693 ) ) ;
#693 = SURFACE_STYLE_FILL_AREA ( #694 ) ;
#694 = FILL_AREA_STYLE ('',( #701 ) ) ;
#695 = COLOUR_RGB ( '',0.1254901960784313700, 0.1254901960784313700, 0.1254901960784313700 ) ;
#696 = FACE_OUTER_BOUND ( 'NONE', #201, .T. ) ;
#697 = DIRECTION ( 'NONE',  ( -1.000000000000000000, -0.0000000000000000000, 1.708586460515685700E-016 ) ) ;
#698 = VECTOR ( 'NONE', #697, 1000.000000000000000 ) ;
#699 = CARTESIAN_POINT ( 'NONE',  ( -1.078049277123603000, -9.771255329389772400, 4.884068779328952600 ) ) ;
#700 = LINE ( 'NONE', #699, #698 ) ;
#701 = FILL_AREA_STYLE_COLOUR ( '', #695 ) ;
#702 = DIRECTION ( 'NONE',  ( -1.000000000000000000, 1.698477529450113500E-015, 0.0000000000000000000 ) ) ;
#703 = DIRECTION ( 'NONE',  ( 0.0000000000000000000, 0.0000000000000000000, 1.000000000000000000 ) ) ;
#704 = CARTESIAN_POINT ( 'NONE',  ( -2.301999999999991600, -10.10000000000000000, 1.444000000000000000 ) ) ;
#705 = CARTESIAN_POINT ( 'NONE',  ( -1.083660729962340200, -9.771255329389772400, 4.884068779328952600 ) ) ;
#706 = CARTESIAN_POINT ( 'NONE',  ( -1.083788702343050800, -9.771448653716287700, 4.881859072165477500 ) ) ;
#707 = CARTESIAN_POINT ( 'NONE',  ( -1.083752718661079400, -9.771384181348796700, 4.882595994697972200 ) ) ;
#708 = CARTESIAN_POINT ( 'NONE',  ( -1.083710060166024600, -9.771319734644929900, 4.883332623893924300 ) ) ;
#709 = CARTESIAN_POINT ( 'NONE',  ( -1.083660729962340200, -9.771255329389772400, 4.884068779328952600 ) ) ;
#710 = AXIS2_PLACEMENT_3D ( 'NONE', #704, #703, #702 ) ;
#711 = CARTESIAN_POINT ( 'NONE',  ( -3.300410391249145800, -9.876205479305479400, 1.469225682136359000 ) ) ;
#712 = CARTESIAN_POINT ( 'NONE',  ( -3.303549183960814400, -9.888674273459169900, 1.476332394040309900 ) ) ;
#713 = CARTESIAN_POINT ( 'NONE',  ( -3.306597524061045200, -9.900783746339911300, 1.483234307249508200 ) ) ;
#714 = CARTESIAN_POINT ( 'NONE',  ( -3.309547153661251500, -9.914246555444920600, 1.488199410750896500 ) ) ;
#715 = CARTESIAN_POINT ( 'NONE',  ( -3.312080571110908300, -9.928044737483626000, 1.490799427138518800 ) ) ;
#716 = CARTESIAN_POINT ( 'NONE',  ( -3.314566644362999500, -9.941585060772455400, 1.493350854735712600 ) ) ;
#717 = CARTESIAN_POINT ( 'NONE',  ( -3.316713847117768000, -9.955803071171319000, 1.493684428982193100 ) ) ;
#718 = CARTESIAN_POINT ( 'NONE',  ( -3.318341445858394900, -9.969568750422467900, 1.491712705153018600 ) ) ;
#719 = CARTESIAN_POINT ( 'NONE',  ( -3.319969495063469300, -9.983338239549443200, 1.489740435617175700 ) ) ;
#720 = CARTESIAN_POINT ( 'NONE',  ( -3.321121781308543900, -9.997023374663486500, 1.485402409821004400 ) ) ;
#721 = CARTESIAN_POINT ( 'NONE',  ( -3.321779174825529000, -10.00947377352723700, 1.479023176007178600 ) ) ;
#722 = CARTESIAN_POINT ( 'NONE',  ( -3.322443143799582700, -10.02204870520292000, 1.472580135086969800 ) ) ;
#723 = CARTESIAN_POINT ( 'NONE',  ( -3.322626024626467200, -10.03371205919244800, 1.463875151720882800 ) ) ;
#724 = CARTESIAN_POINT ( 'NONE',  ( -3.322449841325654700, -10.04347286540961400, 1.453639031402055700 ) ) ;
#725 = CARTESIAN_POINT ( 'NONE',  ( -3.322272660569581100, -10.05328893207130900, 1.443344959665436000 ) ) ;
#726 = CARTESIAN_POINT ( 'NONE',  ( -3.321734776813729100, -10.06145817572671100, 1.431215453834924900 ) ) ;
#727 = SURFACE_STYLE_FILL_AREA ( #728 ) ;
#728 = FILL_AREA_STYLE ('',( #735 ) ) ;
#729 = COLOUR_RGB ( '',0.1254901960784313700, 0.1254901960784313700, 0.1254901960784313700 ) ;
#730 = FACE_OUTER_BOUND ( 'NONE', #207, .T. ) ;
#731 = DIRECTION ( 'NONE',  ( -1.000000000000000000, -1.374867366632613200E-015, 0.0000000000000000000 ) ) ;
#732 = DIRECTION ( 'NONE',  ( 1.708586460515685700E-016, -0.0000000000000000000, 1.000000000000000000 ) ) ;
#733 = AXIS2_PLACEMENT_3D ( 'NONE', #742, #732, #731 ) ;
#734 = CIRCLE ( 'NONE', #733, 1.261738781556485300 ) ;
#735 = FILL_AREA_STYLE_COLOUR ( '', #729 ) ;
#736 = CARTESIAN_POINT ( 'NONE',  ( -3.321016522394041500, -10.06730562355450200, 1.418267637990708900 ) ) ;
#737 = CARTESIAN_POINT ( 'NONE',  ( -3.320298409512948600, -10.07315191908928200, 1.405322373631880100 ) ) ;
#738 = CARTESIAN_POINT ( 'NONE',  ( -3.319385332749408500, -10.07684172317043400, 1.391200315403597000 ) ) ;
#739 = CARTESIAN_POINT ( 'NONE',  ( -3.318423306881274300, -10.07807844207153100, 1.377064553680258600 ) ) ;
#740 = CARTESIAN_POINT ( 'NONE',  ( -3.292608021414792600, -9.851340256728876800, 1.444000000000000000 ) ) ;
#741 = B_SPLINE_CURVE_WITH_KNOTS ( 'NONE', 3,
 ( #739, #738, #737, #736, #726, #725, #724, #723, #722, #721, #720, #719, #718, #717, #716, #715, #714, #713, #712, #711, #775, #774, #773, #772, #771 ),
 .UNSPECIFIED., .F., .F.,
 ( 4, 3, 3, 3, 3, 3, 3, 3, 4 ),
 ( 1.203610916348546000E-017, 4.266699593584661800E-005, 8.534891843794974000E-005, 0.0001277920266697275100, 0.0001698026084964089000, 0.0002117855685897665300, 0.0002545667242290278400, 0.0002986412430473743700, 0.0003051697400575959300 ),
 .UNSPECIFIED. ) ;
#742 = CARTESIAN_POINT ( 'NONE',  ( -2.301999999999991600, -10.10000000000000000, 4.881859072165505100 ) ) ;
#743 = DIRECTION ( 'NONE',  ( -1.000000000000000000, 0.0000000000000000000, 0.0000000000000000000 ) ) ;
#744 = DIRECTION ( 'NONE',  ( -0.0000000000000000000, 0.0000000000000000000, -1.000000000000000000 ) ) ;
#745 = CARTESIAN_POINT ( 'NONE',  ( -2.301999999999991600, -10.10000000000000000, 1.444000000000000000 ) ) ;
#746 = AXIS2_PLACEMENT_3D ( 'NONE', #745, #744, #743 ) ;
#747 = EDGE_CURVE ( 'NONE', #1608, #978, #822, .T. ) ;
#748 = PLANE ( 'NONE',  #746 ) ;
#749 = DIRECTION ( 'NONE',  ( 0.0000000000000000000, 0.0000000000000000000, -1.000000000000000000 ) ) ;
#750 = DIRECTION ( 'NONE',  ( -0.1041350224314106500, -0.08668189170242439300, -0.9907785558610455700 ) ) ;
#751 = VECTOR ( 'NONE', #750, 999.9999999999998900 ) ;
#752 = CARTESIAN_POINT ( 'NONE',  ( -5.224835995393946500, -9.922359110154266300, 3.156944662045718400 ) ) ;
#753 = LINE ( 'NONE', #752, #751 ) ;
#754 = DIRECTION ( 'NONE',  ( -1.000000000000000000, 0.0000000000000000000, 0.0000000000000000000 ) ) ;
#755 = DIRECTION ( 'NONE',  ( -0.0000000000000000000, -0.0000000000000000000, 1.000000000000000000 ) ) ;
#756 = AXIS2_PLACEMENT_3D ( 'NONE', #759, #755, #754 ) ;
#757 = CONICAL_SURFACE ( 'NONE', #756, 1.270000000000000200, 0.06981317007977333500 ) ;
#758 = CARTESIAN_POINT ( 'NONE',  ( -1.311391978585190600, -9.851340256728876800, 1.444000000000000000 ) ) ;
#759 = CARTESIAN_POINT ( 'NONE',  ( -2.301999999999991600, -10.10000000000000000, 5.000000000000000000 ) ) ;
#760 =( GEOMETRIC_REPRESENTATION_CONTEXT ( 3 ) GLOBAL_UNCERTAINTY_ASSIGNED_CONTEXT ( ( #761 ) ) GLOBAL_UNIT_ASSIGNED_CONTEXT ( ( #764, #763, #762 ) ) REPRESENTATION_CONTEXT ( 'NONE', 'WORKASPACE' ) );
#761 = UNCERTAINTY_MEASURE_WITH_UNIT (LENGTH_MEASURE( 1.000000000000000100E-005 ), #764, 'distance_accuracy_value', 'NONE');
#762 =( NAMED_UNIT ( * ) SI_UNIT ( $, .STERADIAN. ) SOLID_ANGLE_UNIT ( ) );
#763 =( NAMED_UNIT ( * ) PLANE_ANGLE_UNIT ( ) SI_UNIT ( $, .RADIAN. ) );
#764 =( LENGTH_UNIT ( ) NAMED_UNIT ( * ) SI_UNIT ( .MILLI., .METRE. ) );
#765 = MECHANICAL_DESIGN_GEOMETRIC_PRESENTATION_REPRESENTATION (  '', ( #767 ), #760 ) ;
#766 = PRESENTATION_LAYER_ASSIGNMENT (  '', '', ( #767 ) ) ;
#767 = STYLED_ITEM ( 'NONE', ( #768 ), #221 ) ;
#768 = PRESENTATION_STYLE_ASSIGNMENT (( #769 ) ) ;
#769 = SURFACE_STYLE_USAGE ( .BOTH. , #770 ) ;
#770 = SURFACE_SIDE_STYLE ('',( #727 ) ) ;
#771 = CARTESIAN_POINT ( 'NONE',  ( -3.292608021414792600, -9.851340256728876800, 1.444000000000000000 ) ) ;
#772 = CARTESIAN_POINT ( 'NONE',  ( -3.293063582108561400, -9.852665917605866900, 1.445703236788887800 ) ) ;
#773 = CARTESIAN_POINT ( 'NONE',  ( -3.293524561632696500, -9.854034751052053000, 1.447372312317003500 ) ) ;
#774 = CARTESIAN_POINT ( 'NONE',  ( -3.293989555129384500, -9.855444142932858800, 1.449004281507848300 ) ) ;
#775 = CARTESIAN_POINT ( 'NONE',  ( -3.297086390663152700, -9.864830628740879300, 1.459873122074915000 ) ) ;
#776 = PLANE ( 'NONE',  #830 ) ;
#777 = FACE_OUTER_BOUND ( 'NONE', #240, .T. ) ;
#778 = DIRECTION ( 'NONE',  ( 1.000000000000000000, -0.0000000000000000000, -0.0000000000000000000 ) ) ;
#779 = VECTOR ( 'NONE', #778, 1000.000000000000000 ) ;
#780 = CARTESIAN_POINT ( 'NONE',  ( -7.045411045847952600, 8.530000000000001100, 3.169999999999999900 ) ) ;
#781 = LINE ( 'NONE', #780, #779 ) ;
#782 = DIRECTION ( 'NONE',  ( 0.0000000000000000000, -1.000000000000000000, 0.0000000000000000000 ) ) ;
#783 = VECTOR ( 'NONE', #782, 1000.000000000000000 ) ;
#784 = CARTESIAN_POINT ( 'NONE',  ( -5.593893275649970900, 8.530000000000001100, 3.169999999999999900 ) ) ;
#785 = LINE ( 'NONE', #784, #783 ) ;
#786 = CARTESIAN_POINT ( 'NONE',  ( 5.007500109964506200, -9.771255329389772400, 4.884068779328951700 ) ) ;
#787 = CARTESIAN_POINT ( 'NONE',  ( 5.007422747590431400, -9.771190933024602300, 4.884804833150944600 ) ) ;
#788 = CARTESIAN_POINT ( 'NONE',  ( 5.007345447226157400, -9.771120115911644500, 4.885540296989096200 ) ) ;
#789 = CARTESIAN_POINT ( 'NONE',  ( 5.007268214758404700, -9.771042883443890000, 4.886275114834989000 ) ) ;
#790 =( BOUNDED_CURVE ( )  B_SPLINE_CURVE ( 3, ( #789, #788, #787, #786 ),
 .UNSPECIFIED., .F., .T. ) 
 B_SPLINE_CURVE_WITH_KNOTS ( ( 4, 4 ),
 ( 1.466076571675247700, 1.483529864195182200 ),
 .UNSPECIFIED. ) 
 CURVE ( )  GEOMETRIC_REPRESENTATION_ITEM ( )  RATIONAL_B_SPLINE_CURVE ( ( 1.000000000000000000, 0.9999746153761141000, 0.9999746153761141000, 1.000000000000000000 ) ) 
 REPRESENTATION_ITEM ( '' )  );
#791 = CARTESIAN_POINT ( 'NONE',  ( 5.007500109964506200, -9.771255329389772400, 4.884068779328951700 ) ) ;
#792 = DIRECTION ( 'NONE',  ( 0.1041350224314032400, -0.08668189170242444900, -0.9907785558610462400 ) ) ;
#793 = VECTOR ( 'NONE', #792, 1000.000000000000000 ) ;
#794 = CARTESIAN_POINT ( 'NONE',  ( -5.062408173322429800, -10.09883680323010900, 1.139795399918101400 ) ) ;
#795 = LINE ( 'NONE', #794, #793 ) ;
#796 = CARTESIAN_POINT ( 'NONE',  ( -5.249627549664508800, -9.942995575891151500, 2.921068779328957800 ) ) ;
#797 = CARTESIAN_POINT ( 'NONE',  ( -5.043307935837978200, -9.771255329389772400, 4.884068779328953400 ) ) ;
#798 = CARTESIAN_POINT ( 'NONE',  ( -1.285576693118708300, -10.07807844207152900, 1.377064553680270600 ) ) ;
#799 = CARTESIAN_POINT ( 'NONE',  ( -1.284569161702733500, -10.07678322414965800, 1.391868962270744700 ) ) ;
#800 = CARTESIAN_POINT ( 'NONE',  ( -1.283614186877021700, -10.07278935022019400, 1.406667468870254300 ) ) ;
#801 = CARTESIAN_POINT ( 'NONE',  ( -1.282881351999539900, -10.06644848124092900, 1.420125535461083600 ) ) ;
#802 = CARTESIAN_POINT ( 'NONE',  ( -1.282192684304222400, -10.06048976972154000, 1.432772498627441500 ) ) ;
#803 = CARTESIAN_POINT ( 'NONE',  ( -1.281686512141530000, -10.05229877353308200, 1.444589337381995400 ) ) ;
#804 = CARTESIAN_POINT ( 'NONE',  ( -1.281534344048903100, -10.04253213191682200, 1.454615091214410900 ) ) ;
#805 = CARTESIAN_POINT ( 'NONE',  ( -1.281381987656932600, -10.03275340463809000, 1.464653251345899000 ) ) ;
#806 = CARTESIAN_POINT ( 'NONE',  ( -1.281587422827618300, -10.02112554726941900, 1.473167708353304100 ) ) ;
#807 = CARTESIAN_POINT ( 'NONE',  ( -1.282266568125400000, -10.00861962835222800, 1.479456756944982800 ) ) ;
#808 = CARTESIAN_POINT ( 'NONE',  ( -1.282960497109024900, -9.995841479652904500, 1.485882706018686500 ) ) ;
#809 = CARTESIAN_POINT ( 'NONE',  ( -1.284175253150102500, -9.981784670552849900, 1.490163834898750300 ) ) ;
#810 = CARTESIAN_POINT ( 'NONE',  ( -1.285884394943871900, -9.967682278429617100, 1.491968499367710700 ) ) ;
#811 = CARTESIAN_POINT ( 'NONE',  ( -1.287645455275011400, -9.953151498459844100, 1.493827984062830600 ) ) ;
#812 = CARTESIAN_POINT ( 'NONE',  ( -1.289984497699223200, -9.938149108774936700, 1.493116001632884600 ) ) ;
#813 = CARTESIAN_POINT ( 'NONE',  ( -1.292677522463899800, -9.923988250540674000, 1.489966351646441400 ) ) ;
#814 = CARTESIAN_POINT ( 'NONE',  ( -1.295392733901148600, -9.909710727087020400, 1.486790753048651000 ) ) ;
#815 = CARTESIAN_POINT ( 'NONE',  ( -1.298541783894809000, -9.895873097314710900, 1.481055639785725700 ) ) ;
#816 = CARTESIAN_POINT ( 'NONE',  ( -1.301752649197820400, -9.883602120211687500, 1.473282741966003300 ) ) ;
#817 = LINE ( 'NONE', #861, #860 ) ;
#818 = CARTESIAN_POINT ( 'NONE',  ( -5.349999999999999600, 5.990000000000000200, 2.649999999999999900 ) ) ;
#819 = DIRECTION ( 'NONE',  ( -3.336006684570782500E-015, -0.0000000000000000000, -1.000000000000000000 ) ) ;
#820 = VECTOR ( 'NONE', #819, 1000.000000000000000 ) ;
#821 = CARTESIAN_POINT ( 'NONE',  ( -5.349999999999992500, 5.990000000000000200, 2.649999999999999900 ) ) ;
#822 = LINE ( 'NONE', #821, #820 ) ;
#823 = CARTESIAN_POINT ( 'NONE',  ( -1.304963097912329500, -9.871332735186655300, 1.465510852628281200 ) ) ;
#824 = CARTESIAN_POINT ( 'NONE',  ( -1.308320113339707300, -9.860279244729856200, 1.455484998526371600 ) ) ;
#825 = CARTESIAN_POINT ( 'NONE',  ( -1.311391978585190600, -9.851340256728876800, 1.444000000000000000 ) ) ;
#826 = B_SPLINE_CURVE_WITH_KNOTS ( 'NONE', 3,
 ( #825, #824, #823, #816, #815, #814, #813, #812, #811, #810, #809, #808, #807, #806, #805, #804, #803, #802, #801, #800, #799, #798 ),
 .UNSPECIFIED., .F., .F.,
 ( 4, 3, 3, 3, 3, 3, 3, 4 ),
 ( 0.0000000000000000000, 4.462312722646548400E-005, 8.926129080791603500E-005, 0.0001335513614518488200, 0.0001765150008258381000, 0.0002185367431250614300, 0.0002604969964186122600, 0.0003052247620483610400 ),
 .UNSPECIFIED. ) ;
#827 = DIRECTION ( 'NONE',  ( 1.000000000000000000, 0.0000000000000000000, -0.0000000000000000000 ) ) ;
#828 = DIRECTION ( 'NONE',  ( 0.0000000000000000000, -0.0000000000000000000, 1.000000000000000000 ) ) ;
#829 = CARTESIAN_POINT ( 'NONE',  ( -7.045411045847952600, 8.530000000000001100, 3.169999999999999900 ) ) ;
#830 = AXIS2_PLACEMENT_3D ( 'NONE', #829, #828, #827 ) ;
#831 =( GEOMETRIC_REPRESENTATION_CONTEXT ( 3 ) GLOBAL_UNCERTAINTY_ASSIGNED_CONTEXT ( ( #832 ) ) GLOBAL_UNIT_ASSIGNED_CONTEXT ( ( #835, #834, #833 ) ) REPRESENTATION_CONTEXT ( 'NONE', 'WORKASPACE' ) );
#832 = UNCERTAINTY_MEASURE_WITH_UNIT (LENGTH_MEASURE( 1.000000000000000100E-005 ), #835, 'distance_accuracy_value', 'NONE');
#833 =( NAMED_UNIT ( * ) SI_UNIT ( $, .STERADIAN. ) SOLID_ANGLE_UNIT ( ) );
#834 =( NAMED_UNIT ( * ) PLANE_ANGLE_UNIT ( ) SI_UNIT ( $, .RADIAN. ) );
#835 =( LENGTH_UNIT ( ) NAMED_UNIT ( * ) SI_UNIT ( .MILLI., .METRE. ) );
#836 = MECHANICAL_DESIGN_GEOMETRIC_PRESENTATION_REPRESENTATION (  '', ( #838 ), #831 ) ;
#837 = PRESENTATION_LAYER_ASSIGNMENT (  '', '', ( #838 ) ) ;
#838 = STYLED_ITEM ( 'NONE', ( #839 ), #1333 ) ;
#839 = PRESENTATION_STYLE_ASSIGNMENT (( #840 ) ) ;
#840 = SURFACE_STYLE_USAGE ( .BOTH. , #841 ) ;
#841 = SURFACE_SIDE_STYLE ('',( #842 ) ) ;
#842 = SURFACE_STYLE_FILL_AREA ( #843 ) ;
#843 = FILL_AREA_STYLE ('',( #851 ) ) ;
#844 = COLOUR_RGB ( '',0.1568627450980392100, 0.1568627450980392100, 0.1568627450980392100 ) ;
#845 = FACE_OUTER_BOUND ( 'NONE', #1334, .T. ) ;
#846 = DIRECTION ( 'NONE',  ( -1.000000000000000000, 0.0000000000000000000, 0.0000000000000000000 ) ) ;
#847 = DIRECTION ( 'NONE',  ( -0.0000000000000000000, -0.0000000000000000000, 1.000000000000000000 ) ) ;
#848 = CARTESIAN_POINT ( 'NONE',  ( 9.350000000000003200, 0.0000000000000000000, 0.9016999999999998300 ) ) ;
#849 = AXIS2_PLACEMENT_3D ( 'NONE', #848, #847, #846 ) ;
#850 = CIRCLE ( 'NONE', #849, 1.849999999999999200 ) ;
#851 = FILL_AREA_STYLE_COLOUR ( '', #844 ) ;
#852 = CARTESIAN_POINT ( 'NONE',  ( -1.201999999999990900, 6.699999999999999300, 5.000000000000000000 ) ) ;
#853 = DIRECTION ( 'NONE',  ( 1.000000000000000000, 0.0000000000000000000, 0.0000000000000000000 ) ) ;
#854 = DIRECTION ( 'NONE',  ( 0.0000000000000000000, 0.0000000000000000000, 1.000000000000000000 ) ) ;
#855 = CARTESIAN_POINT ( 'NONE',  ( -2.301999999999991200, 6.699999999999999300, 5.000000000000000000 ) ) ;
#856 = AXIS2_PLACEMENT_3D ( 'NONE', #855, #854, #853 ) ;
#857 = CIRCLE ( 'NONE', #856, 1.100000000000000100 ) ;
#858 = CARTESIAN_POINT ( 'NONE',  ( -3.401999999999990800, 6.699999999999999300, 5.000000000000000000 ) ) ;
#859 = DIRECTION ( 'NONE',  ( -0.0000000000000000000, -0.0000000000000000000, -1.000000000000000000 ) ) ;
#860 = VECTOR ( 'NONE', #859, 1000.000000000000000 ) ;
#861 = CARTESIAN_POINT ( 'NONE',  ( -5.349999999999999600, 5.439999999999998600, 2.649999999999999900 ) ) ;
#862 = CARTESIAN_POINT ( 'NONE',  ( 9.350000000000003200, 0.0000000000000000000, 0.9524999999999999000 ) ) ;
#863 = CYLINDRICAL_SURFACE ( 'NONE', #916, 1.849999999999999200 ) ;
#864 =( GEOMETRIC_REPRESENTATION_CONTEXT ( 3 ) GLOBAL_UNCERTAINTY_ASSIGNED_CONTEXT ( ( #865 ) ) GLOBAL_UNIT_ASSIGNED_CONTEXT ( ( #868, #867, #866 ) ) REPRESENTATION_CONTEXT ( 'NONE', 'WORKASPACE' ) );
#865 = UNCERTAINTY_MEASURE_WITH_UNIT (LENGTH_MEASURE( 1.000000000000000100E-005 ), #868, 'distance_accuracy_value', 'NONE');
#866 =( NAMED_UNIT ( * ) SI_UNIT ( $, .STERADIAN. ) SOLID_ANGLE_UNIT ( ) );
#867 =( NAMED_UNIT ( * ) PLANE_ANGLE_UNIT ( ) SI_UNIT ( $, .RADIAN. ) );
#868 =( LENGTH_UNIT ( ) NAMED_UNIT ( * ) SI_UNIT ( .MILLI., .METRE. ) );
#869 = MECHANICAL_DESIGN_GEOMETRIC_PRESENTATION_REPRESENTATION (  '', ( #871 ), #864 ) ;
#870 = PRESENTATION_LAYER_ASSIGNMENT (  '', '', ( #871 ) ) ;
#871 = STYLED_ITEM ( 'NONE', ( #872 ), #1340 ) ;
#872 = PRESENTATION_STYLE_ASSIGNMENT (( #873 ) ) ;
#873 = SURFACE_STYLE_USAGE ( .BOTH. , #874 ) ;
#874 = SURFACE_SIDE_STYLE ('',( #875 ) ) ;
#875 = SURFACE_STYLE_FILL_AREA ( #876 ) ;
#876 = FILL_AREA_STYLE ('',( #883 ) ) ;
#877 = COLOUR_RGB ( '',0.7529411764705882200, 0.7529411764705882200, 0.7529411764705882200 ) ;
#878 = FACE_OUTER_BOUND ( 'NONE', #1357, .T. ) ;
#879 = DIRECTION ( 'NONE',  ( -0.0000000000000000000, -0.0000000000000000000, -1.000000000000000000 ) ) ;
#880 = VECTOR ( 'NONE', #879, 1000.000000000000000 ) ;
#881 = CARTESIAN_POINT ( 'NONE',  ( 11.20000000000000100, 2.265521754571396700E-016, 0.9524999999999999000 ) ) ;
#882 = LINE ( 'NONE', #881, #880 ) ;
#883 = FILL_AREA_STYLE_COLOUR ( '', #877 ) ;
#884 = DIRECTION ( 'NONE',  ( 1.000000000000000000, 0.0000000000000000000, 0.0000000000000000000 ) ) ;
#885 = DIRECTION ( 'NONE',  ( 0.0000000000000000000, 0.0000000000000000000, 1.000000000000000000 ) ) ;
#886 = AXIS2_PLACEMENT_3D ( 'NONE', #888, #885, #884 ) ;
#887 = TOROIDAL_SURFACE ( 'NONE', #886, 0.9000000000000001300, 0.2000000000000000100 ) ;
#888 = CARTESIAN_POINT ( 'NONE',  ( -2.301999999999991200, 6.699999999999999300, 5.000000000000000000 ) ) ;
#889 = CIRCLE ( 'NONE', #943, 0.9000000000000002400 ) ;
#890 = CARTESIAN_POINT ( 'NONE',  ( 7.500000000000003600, 0.0000000000000000000, 0.0000000000000000000 ) ) ;
#891 = DIRECTION ( 'NONE',  ( -1.000000000000000000, 0.0000000000000000000, 0.0000000000000000000 ) ) ;
#892 = DIRECTION ( 'NONE',  ( 0.0000000000000000000, 0.0000000000000000000, -1.000000000000000000 ) ) ;
#893 = CARTESIAN_POINT ( 'NONE',  ( 9.350000000000003200, 0.0000000000000000000, 0.9524999999999999000 ) ) ;
#894 = AXIS2_PLACEMENT_3D ( 'NONE', #893, #892, #891 ) ;
#895 = CIRCLE ( 'NONE', #894, 1.900799999999999400 ) ;
#896 = CARTESIAN_POINT ( 'NONE',  ( 7.449200000000002900, 0.0000000000000000000, 0.9524999999999999000 ) ) ;
#897 = CARTESIAN_POINT ( 'NONE',  ( 11.25080000000000200, 2.327731757345574000E-016, 0.9524999999999999000 ) ) ;
#898 = DIRECTION ( 'NONE',  ( -1.000000000000000000, -1.224606353822370100E-016, 0.0000000000000000000 ) ) ;
#899 = DIRECTION ( 'NONE',  ( -1.224606353822377300E-016, 1.000000000000000000, 0.0000000000000000000 ) ) ;
#900 = CARTESIAN_POINT ( 'NONE',  ( 11.25080000000000200, 2.327731757345574000E-016, 0.9016999999999998300 ) ) ;
#901 = AXIS2_PLACEMENT_3D ( 'NONE', #900, #899, #898 ) ;
#902 = CIRCLE ( 'NONE', #901, 0.05080000000000015100 ) ;
#903 = CARTESIAN_POINT ( 'NONE',  ( 11.20000000000000100, 2.265521754571397200E-016, 0.0000000000000000000 ) ) ;
#904 = DIRECTION ( 'NONE',  ( 1.000000000000000000, 0.0000000000000000000, 0.0000000000000000000 ) ) ;
#905 = DIRECTION ( 'NONE',  ( 0.0000000000000000000, 0.0000000000000000000, 1.000000000000000000 ) ) ;
#906 = CARTESIAN_POINT ( 'NONE',  ( 9.350000000000003200, 0.0000000000000000000, 0.0000000000000000000 ) ) ;
#907 = AXIS2_PLACEMENT_3D ( 'NONE', #906, #905, #904 ) ;
#908 = CIRCLE ( 'NONE', #907, 1.849999999999999200 ) ;
#909 = CARTESIAN_POINT ( 'NONE',  ( -1.401999999999991000, 6.699999999999999300, 4.800000000000000700 ) ) ;
#910 = DIRECTION ( 'NONE',  ( -0.0000000000000000000, -0.0000000000000000000, -1.000000000000000000 ) ) ;
#911 = VECTOR ( 'NONE', #910, 1000.000000000000000 ) ;
#912 = CARTESIAN_POINT ( 'NONE',  ( 7.500000000000003600, 0.0000000000000000000, 0.9524999999999999000 ) ) ;
#913 = LINE ( 'NONE', #912, #911 ) ;
#914 = DIRECTION ( 'NONE',  ( -1.000000000000000000, 0.0000000000000000000, 0.0000000000000000000 ) ) ;
#915 = DIRECTION ( 'NONE',  ( -0.0000000000000000000, -0.0000000000000000000, -1.000000000000000000 ) ) ;
#916 = AXIS2_PLACEMENT_3D ( 'NONE', #862, #915, #914 ) ;
#917 = CARTESIAN_POINT ( 'NONE',  ( 11.20000000000000100, 2.265521754571397200E-016, 0.9016999999999998300 ) ) ;
#918 = DIRECTION ( 'NONE',  ( -1.000000000000000000, 0.0000000000000000000, 0.0000000000000000000 ) ) ;
#919 = DIRECTION ( 'NONE',  ( 0.0000000000000000000, 0.0000000000000000000, -1.000000000000000000 ) ) ;
#920 = AXIS2_PLACEMENT_3D ( 'NONE', #922, #919, #918 ) ;
#921 = TOROIDAL_SURFACE ( 'NONE', #920, 1.900799999999999400, 0.05080000000000000500 ) ;
#922 = CARTESIAN_POINT ( 'NONE',  ( 9.350000000000003200, 0.0000000000000000000, 0.9016999999999998300 ) ) ;
#923 =( GEOMETRIC_REPRESENTATION_CONTEXT ( 3 ) GLOBAL_UNCERTAINTY_ASSIGNED_CONTEXT ( ( #924 ) ) GLOBAL_UNIT_ASSIGNED_CONTEXT ( ( #927, #926, #925 ) ) REPRESENTATION_CONTEXT ( 'NONE', 'WORKASPACE' ) );
#924 = UNCERTAINTY_MEASURE_WITH_UNIT (LENGTH_MEASURE( 1.000000000000000100E-005 ), #927, 'distance_accuracy_value', 'NONE');
#925 =( NAMED_UNIT ( * ) SI_UNIT ( $, .STERADIAN. ) SOLID_ANGLE_UNIT ( ) );
#926 =( NAMED_UNIT ( * ) PLANE_ANGLE_UNIT ( ) SI_UNIT ( $, .RADIAN. ) );
#927 =( LENGTH_UNIT ( ) NAMED_UNIT ( * ) SI_UNIT ( .MILLI., .METRE. ) );
#928 = MECHANICAL_DESIGN_GEOMETRIC_PRESENTATION_REPRESENTATION (  '', ( #930 ), #923 ) ;
#929 = PRESENTATION_LAYER_ASSIGNMENT (  '', '', ( #930 ) ) ;
#930 = STYLED_ITEM ( 'NONE', ( #931 ), #1372 ) ;
#931 = PRESENTATION_STYLE_ASSIGNMENT (( #932 ) ) ;
#932 = SURFACE_STYLE_USAGE ( .BOTH. , #933 ) ;
#933 = SURFACE_SIDE_STYLE ('',( #934 ) ) ;
#934 = SURFACE_STYLE_FILL_AREA ( #935 ) ;
#935 = FILL_AREA_STYLE ('',( #936 ) ) ;
#936 = FILL_AREA_STYLE_COLOUR ( '', #937 ) ;
#937 = COLOUR_RGB ( '',0.7529411764705882200, 0.7529411764705882200, 0.7529411764705882200 ) ;
#938 = FACE_OUTER_BOUND ( 'NONE', #1373, .T. ) ;
#939 = CARTESIAN_POINT ( 'NONE',  ( -3.201999999999991500, 6.699999999999999300, 4.800000000000000700 ) ) ;
#940 = DIRECTION ( 'NONE',  ( 1.000000000000000000, 0.0000000000000000000, 0.0000000000000000000 ) ) ;
#941 = DIRECTION ( 'NONE',  ( 0.0000000000000000000, 0.0000000000000000000, 1.000000000000000000 ) ) ;
#942 = CARTESIAN_POINT ( 'NONE',  ( -2.301999999999991200, 6.699999999999999300, 4.800000000000000700 ) ) ;
#943 = AXIS2_PLACEMENT_3D ( 'NONE', #942, #941, #940 ) ;
#944 = DIRECTION ( 'NONE',  ( -3.336006684570782500E-015, -0.0000000000000000000, -1.000000000000000000 ) ) ;
#945 = VECTOR ( 'NONE', #944, 1000.000000000000000 ) ;
#946 = CARTESIAN_POINT ( 'NONE',  ( -5.349999999999992500, -6.709999999999999100, 2.649999999999999900 ) ) ;
#947 = LINE ( 'NONE', #946, #945 ) ;
#948 = LINE ( 'NONE', #1007, #1006 ) ;
#949 = DIRECTION ( 'NONE',  ( 0.0000000000000000000, 0.0000000000000000000, 1.000000000000000000 ) ) ;
#950 = VECTOR ( 'NONE', #949, 1000.000000000000000 ) ;
#951 = CARTESIAN_POINT ( 'NONE',  ( -5.349999999999999600, -7.980000000000001300, 2.649999999999999900 ) ) ;
#952 = LINE ( 'NONE', #951, #950 ) ;
#953 = CARTESIAN_POINT ( 'NONE',  ( -5.349999999999990800, -6.709999999999999100, 3.169999999999999900 ) ) ;
#954 = CARTESIAN_POINT ( 'NONE',  ( -5.349999999999999600, -7.260000000000000700, 2.649999999999999900 ) ) ;
#955 = CARTESIAN_POINT ( 'NONE',  ( -5.349999999999999600, -7.979999999999999500, 3.169999999999999900 ) ) ;
#956 = DIRECTION ( 'NONE',  ( -0.0000000000000000000, -1.000000000000000000, -0.0000000000000000000 ) ) ;
#957 = VECTOR ( 'NONE', #956, 1000.000000000000000 ) ;
#958 = CARTESIAN_POINT ( 'NONE',  ( -5.349999999999999600, 10.10000000000000000, 3.169999999999999900 ) ) ;
#959 = LINE ( 'NONE', #958, #957 ) ;
#960 = CARTESIAN_POINT ( 'NONE',  ( -5.349999999999999600, -4.720000000000002400, 2.649999999999999900 ) ) ;
#961 = CARTESIAN_POINT ( 'NONE',  ( -5.349999999999999600, -4.720000000000003300, 3.169999999999999900 ) ) ;
#962 = DIRECTION ( 'NONE',  ( -0.0000000000000000000, -0.0000000000000000000, -1.000000000000000000 ) ) ;
#963 = VECTOR ( 'NONE', #962, 1000.000000000000000 ) ;
#964 = CARTESIAN_POINT ( 'NONE',  ( -5.349999999999999600, -4.720000000000002400, 2.649999999999999900 ) ) ;
#965 = LINE ( 'NONE', #964, #963 ) ;
#966 = CARTESIAN_POINT ( 'NONE',  ( -5.349999999999999600, 2.179999999999997900, 3.169999999999999900 ) ) ;
#967 = CARTESIAN_POINT ( 'NONE',  ( -1.201999999999990900, -6.699999999999999300, 5.000000000000000000 ) ) ;
#968 = DIRECTION ( 'NONE',  ( 0.0000000000000000000, 0.0000000000000000000, -1.000000000000000000 ) ) ;
#969 = DIRECTION ( 'NONE',  ( 0.0000000000000000000, -1.000000000000000000, 0.0000000000000000000 ) ) ;
#970 = CARTESIAN_POINT ( 'NONE',  ( -1.401999999999991000, -6.699999999999999300, 5.000000000000000000 ) ) ;
#971 = AXIS2_PLACEMENT_3D ( 'NONE', #970, #969, #968 ) ;
#972 = CIRCLE ( 'NONE', #971, 0.1999999999999996500 ) ;
#973 = CARTESIAN_POINT ( 'NONE',  ( 7.500000000000003600, 0.0000000000000000000, 0.9016999999999998300 ) ) ;
#974 = DIRECTION ( 'NONE',  ( -1.000000000000000000, 0.0000000000000000000, 0.0000000000000000000 ) ) ;
#975 = DIRECTION ( 'NONE',  ( -0.0000000000000000000, -0.0000000000000000000, 1.000000000000000000 ) ) ;
#976 = CARTESIAN_POINT ( 'NONE',  ( 9.350000000000003200, 0.0000000000000000000, 0.9016999999999998300 ) ) ;
#977 = AXIS2_PLACEMENT_3D ( 'NONE', #976, #975, #974 ) ;
#978 = VERTEX_POINT ( 'NONE', #818 ) ;
#979 = CIRCLE ( 'NONE', #977, 1.849999999999999200 ) ;
#980 = CARTESIAN_POINT ( 'NONE',  ( -5.349999999999999600, 10.10000000000000000, 3.169999999999999900 ) ) ;
#981 = AXIS2_PLACEMENT_3D ( 'NONE', #980, #527, #749 ) ;
#982 = PLANE ( 'NONE',  #981 ) ;
#983 = DIRECTION ( 'NONE',  ( 0.0000000000000000000, 0.0000000000000000000, -1.000000000000000000 ) ) ;
#984 = DIRECTION ( 'NONE',  ( 1.000000000000000000, -0.0000000000000000000, 0.0000000000000000000 ) ) ;
#985 = CARTESIAN_POINT ( 'NONE',  ( -5.349999999999999600, 10.10000000000000000, 3.169999999999999900 ) ) ;
#986 = AXIS2_PLACEMENT_3D ( 'NONE', #985, #984, #983 ) ;
#987 = PLANE ( 'NONE',  #986 ) ;
#988 =( GEOMETRIC_REPRESENTATION_CONTEXT ( 3 ) GLOBAL_UNCERTAINTY_ASSIGNED_CONTEXT ( ( #989 ) ) GLOBAL_UNIT_ASSIGNED_CONTEXT ( ( #992, #991, #990 ) ) REPRESENTATION_CONTEXT ( 'NONE', 'WORKASPACE' ) );
#989 = UNCERTAINTY_MEASURE_WITH_UNIT (LENGTH_MEASURE( 1.000000000000000100E-005 ), #992, 'distance_accuracy_value', 'NONE');
#990 =( NAMED_UNIT ( * ) SI_UNIT ( $, .STERADIAN. ) SOLID_ANGLE_UNIT ( ) );
#991 =( NAMED_UNIT ( * ) PLANE_ANGLE_UNIT ( ) SI_UNIT ( $, .RADIAN. ) );
#992 =( LENGTH_UNIT ( ) NAMED_UNIT ( * ) SI_UNIT ( .MILLI., .METRE. ) );
#993 = MECHANICAL_DESIGN_GEOMETRIC_PRESENTATION_REPRESENTATION (  '', ( #995 ), #988 ) ;
#994 = PRESENTATION_LAYER_ASSIGNMENT (  '', '', ( #995 ) ) ;
#995 = STYLED_ITEM ( 'NONE', ( #996 ), #1426 ) ;
#996 = PRESENTATION_STYLE_ASSIGNMENT (( #997 ) ) ;
#997 = SURFACE_STYLE_USAGE ( .BOTH. , #998 ) ;
#998 = SURFACE_SIDE_STYLE ('',( #999 ) ) ;
#999 = SURFACE_STYLE_FILL_AREA ( #1000 ) ;
#1000 = FILL_AREA_STYLE ('',( #1002 ) ) ;
#1001 = COLOUR_RGB ( '',0.1254901960784313700, 0.1254901960784313700, 0.1254901960784313700 ) ;
#1002 = FILL_AREA_STYLE_COLOUR ( '', #1001 ) ;
#1003 = FACE_OUTER_BOUND ( 'NONE', #1428, .T. ) ;
#1004 = CARTESIAN_POINT ( 'NONE',  ( -5.349999999999992500, -8.529999999999999400, 2.649999999999999900 ) ) ;
#1005 = DIRECTION ( 'NONE',  ( -0.0000000000000000000, -1.000000000000000000, -0.0000000000000000000 ) ) ;
#1006 = VECTOR ( 'NONE', #1005, 1000.000000000000000 ) ;
#1007 = CARTESIAN_POINT ( 'NONE',  ( -5.349999999999999600, 10.10000000000000000, 2.649999999999999900 ) ) ;
#1008 = CARTESIAN_POINT ( 'NONE',  ( -5.349999999999990800, -8.529999999999999400, 3.169999999999999900 ) ) ;
#1009 = DIRECTION ( 'NONE',  ( 0.0000000000000000000, 0.0000000000000000000, -1.000000000000000000 ) ) ;
#1010 = DIRECTION ( 'NONE',  ( 1.000000000000000000, -0.0000000000000000000, 0.0000000000000000000 ) ) ;
#1011 = CARTESIAN_POINT ( 'NONE',  ( -5.349999999999999600, 10.10000000000000000, 3.169999999999999900 ) ) ;
#1012 = AXIS2_PLACEMENT_3D ( 'NONE', #1011, #1010, #1009 ) ;
#1013 = CARTESIAN_POINT ( 'NONE',  ( -5.349999999999999600, -7.260000000000000700, 3.169999999999999900 ) ) ;
#1014 = PLANE ( 'NONE',  #1012 ) ;
#1015 =( GEOMETRIC_REPRESENTATION_CONTEXT ( 3 ) GLOBAL_UNCERTAINTY_ASSIGNED_CONTEXT ( ( #1016 ) ) GLOBAL_UNIT_ASSIGNED_CONTEXT ( ( #1019, #1018, #1017 ) ) REPRESENTATION_CONTEXT ( 'NONE', 'WORKASPACE' ) );
#1016 = UNCERTAINTY_MEASURE_WITH_UNIT (LENGTH_MEASURE( 1.000000000000000100E-005 ), #1019, 'distance_accuracy_value', 'NONE');
#1017 =( NAMED_UNIT ( * ) SI_UNIT ( $, .STERADIAN. ) SOLID_ANGLE_UNIT ( ) );
#1018 =( NAMED_UNIT ( * ) PLANE_ANGLE_UNIT ( ) SI_UNIT ( $, .RADIAN. ) );
#1019 =( LENGTH_UNIT ( ) NAMED_UNIT ( * ) SI_UNIT ( .MILLI., .METRE. ) );
#1020 = MECHANICAL_DESIGN_GEOMETRIC_PRESENTATION_REPRESENTATION (  '', ( #1022 ), #1015 ) ;
#1021 = PRESENTATION_LAYER_ASSIGNMENT (  '', '', ( #1022 ) ) ;
#1022 = STYLED_ITEM ( 'NONE', ( #1023 ), #1435 ) ;
#1023 = PRESENTATION_STYLE_ASSIGNMENT (( #1024 ) ) ;
#1024 = SURFACE_STYLE_USAGE ( .BOTH. , #1025 ) ;
#1025 = SURFACE_SIDE_STYLE ('',( #1026 ) ) ;
#1026 = SURFACE_STYLE_FILL_AREA ( #1027 ) ;
#1027 = FILL_AREA_STYLE ('',( #1034 ) ) ;
#1028 = COLOUR_RGB ( '',0.1254901960784313700, 0.1254901960784313700, 0.1254901960784313700 ) ;
#1029 = FACE_OUTER_BOUND ( 'NONE', #1437, .T. ) ;
#1030 = DIRECTION ( 'NONE',  ( 3.336006684570782500E-015, 0.0000000000000000000, 1.000000000000000000 ) ) ;
#1031 = VECTOR ( 'NONE', #1030, 1000.000000000000000 ) ;
#1032 = CARTESIAN_POINT ( 'NONE',  ( -5.349999999999992500, -8.529999999999999400, 2.649999999999999900 ) ) ;
#1033 = LINE ( 'NONE', #1032, #1031 ) ;
#1034 = FILL_AREA_STYLE_COLOUR ( '', #1028 ) ;
#1035 = CARTESIAN_POINT ( 'NONE',  ( -5.349999999999999600, 10.10000000000000000, 3.169999999999999900 ) ) ;
#1036 = AXIS2_PLACEMENT_3D ( 'NONE', #1035, #1093, #1092 ) ;
#1037 = PLANE ( 'NONE',  #1036 ) ;
#1038 =( GEOMETRIC_REPRESENTATION_CONTEXT ( 3 ) GLOBAL_UNCERTAINTY_ASSIGNED_CONTEXT ( ( #1039 ) ) GLOBAL_UNIT_ASSIGNED_CONTEXT ( ( #1042, #1041, #1040 ) ) REPRESENTATION_CONTEXT ( 'NONE', 'WORKASPACE' ) );
#1039 = UNCERTAINTY_MEASURE_WITH_UNIT (LENGTH_MEASURE( 1.000000000000000100E-005 ), #1042, 'distance_accuracy_value', 'NONE');
#1040 =( NAMED_UNIT ( * ) SI_UNIT ( $, .STERADIAN. ) SOLID_ANGLE_UNIT ( ) );
#1041 =( NAMED_UNIT ( * ) PLANE_ANGLE_UNIT ( ) SI_UNIT ( $, .RADIAN. ) );
#1042 =( LENGTH_UNIT ( ) NAMED_UNIT ( * ) SI_UNIT ( .MILLI., .METRE. ) );
#1043 = MECHANICAL_DESIGN_GEOMETRIC_PRESENTATION_REPRESENTATION (  '', ( #1045 ), #1038 ) ;
#1044 = PRESENTATION_LAYER_ASSIGNMENT (  '', '', ( #1045 ) ) ;
#1045 = STYLED_ITEM ( 'NONE', ( #1046 ), #1449 ) ;
#1046 = PRESENTATION_STYLE_ASSIGNMENT (( #1047 ) ) ;
#1047 = SURFACE_STYLE_USAGE ( .BOTH. , #1048 ) ;
#1048 = SURFACE_SIDE_STYLE ('',( #1049 ) ) ;
#1049 = SURFACE_STYLE_FILL_AREA ( #1050 ) ;
#1050 = FILL_AREA_STYLE ('',( #1052 ) ) ;
#1051 = COLOUR_RGB ( '',0.1254901960784313700, 0.1254901960784313700, 0.1254901960784313700 ) ;
#1052 = FILL_AREA_STYLE_COLOUR ( '', #1051 ) ;
#1053 = FACE_OUTER_BOUND ( 'NONE', #1451, .T. ) ;
#1054 = CARTESIAN_POINT ( 'NONE',  ( -5.349999999999999600, -7.980000000000001300, 2.649999999999999900 ) ) ;
#1055 = DIRECTION ( 'NONE',  ( -0.0000000000000000000, -0.0000000000000000000, -1.000000000000000000 ) ) ;
#1056 = VECTOR ( 'NONE', #1055, 1000.000000000000000 ) ;
#1057 = CARTESIAN_POINT ( 'NONE',  ( -5.349999999999999600, -7.260000000000000700, 2.649999999999999900 ) ) ;
#1058 = LINE ( 'NONE', #1057, #1056 ) ;
#1059 = DIRECTION ( 'NONE',  ( -0.0000000000000000000, -1.000000000000000000, -0.0000000000000000000 ) ) ;
#1060 = VECTOR ( 'NONE', #1059, 1000.000000000000000 ) ;
#1061 = CARTESIAN_POINT ( 'NONE',  ( -5.349999999999999600, 10.10000000000000000, 3.169999999999999900 ) ) ;
#1062 = LINE ( 'NONE', #1061, #1060 ) ;
#1063 = AXIS2_PLACEMENT_3D ( 'NONE', #1127, #1126, #1125 ) ;
#1064 = CIRCLE ( 'NONE', #1063, 0.9000000000000002400 ) ;
#1065 = CARTESIAN_POINT ( 'NONE',  ( -3.201999999999991500, -6.699999999999999300, 4.800000000000000700 ) ) ;
#1066 = DIRECTION ( 'NONE',  ( -1.000000000000000000, 0.0000000000000000000, 0.0000000000000000000 ) ) ;
#1067 = DIRECTION ( 'NONE',  ( 1.224606353822377300E-016, 1.000000000000000000, -0.0000000000000000000 ) ) ;
#1068 = CARTESIAN_POINT ( 'NONE',  ( -3.201999999999991500, -6.699999999999999300, 5.000000000000000000 ) ) ;
#1069 = AXIS2_PLACEMENT_3D ( 'NONE', #1068, #1067, #1066 ) ;
#1070 = CIRCLE ( 'NONE', #1069, 0.2000000000000000900 ) ;
#1071 = CARTESIAN_POINT ( 'NONE',  ( -5.349999999999990800, 6.710000000000000900, 3.169999999999999900 ) ) ;
#1072 = DIRECTION ( 'NONE',  ( 0.0000000000000000000, 0.0000000000000000000, -1.000000000000000000 ) ) ;
#1073 = DIRECTION ( 'NONE',  ( 0.0000000000000000000, -1.000000000000000000, 0.0000000000000000000 ) ) ;
#1074 = CARTESIAN_POINT ( 'NONE',  ( -1.401999999999991000, 6.699999999999999300, 5.000000000000000000 ) ) ;
#1075 = AXIS2_PLACEMENT_3D ( 'NONE', #1074, #1073, #1072 ) ;
#1076 = CIRCLE ( 'NONE', #1075, 0.1999999999999996500 ) ;
#1077 = DIRECTION ( 'NONE',  ( -1.000000000000000000, 0.0000000000000000000, 0.0000000000000000000 ) ) ;
#1078 = DIRECTION ( 'NONE',  ( 1.224606353822377300E-016, 1.000000000000000000, -0.0000000000000000000 ) ) ;
#1079 = CARTESIAN_POINT ( 'NONE',  ( -3.201999999999991500, 6.699999999999999300, 5.000000000000000000 ) ) ;
#1080 = AXIS2_PLACEMENT_3D ( 'NONE', #1079, #1078, #1077 ) ;
#1081 = CIRCLE ( 'NONE', #1080, 0.2000000000000000900 ) ;
#1082 = DIRECTION ( 'NONE',  ( 0.0000000000000000000, 0.0000000000000000000, -1.000000000000000000 ) ) ;
#1083 = DIRECTION ( 'NONE',  ( -0.0000000000000000000, -1.000000000000000000, -0.0000000000000000000 ) ) ;
#1084 = CARTESIAN_POINT ( 'NONE',  ( 7.449200000000002900, 0.0000000000000000000, 0.9016999999999998300 ) ) ;
#1085 = AXIS2_PLACEMENT_3D ( 'NONE', #1084, #1083, #1082 ) ;
#1086 = CIRCLE ( 'NONE', #1085, 0.05080000000000004000 ) ;
#1087 = DIRECTION ( 'NONE',  ( -0.0000000000000000000, -1.000000000000000000, -0.0000000000000000000 ) ) ;
#1088 = VECTOR ( 'NONE', #1087, 1000.000000000000000 ) ;
#1089 = CARTESIAN_POINT ( 'NONE',  ( -5.349999999999999600, 10.10000000000000000, 2.649999999999999900 ) ) ;
#1090 = LINE ( 'NONE', #1089, #1088 ) ;
#1091 = CARTESIAN_POINT ( 'NONE',  ( -5.349999999999999600, -6.709999999999999100, 2.649999999999999900 ) ) ;
#1092 = DIRECTION ( 'NONE',  ( 0.0000000000000000000, 0.0000000000000000000, -1.000000000000000000 ) ) ;
#1093 = DIRECTION ( 'NONE',  ( 1.000000000000000000, -0.0000000000000000000, 0.0000000000000000000 ) ) ;
#1094 = PRESENTATION_LAYER_ASSIGNMENT (  '', '', ( #1095 ) ) ;
#1095 = STYLED_ITEM ( 'NONE', ( #1096 ), #1483 ) ;
#1096 = PRESENTATION_STYLE_ASSIGNMENT (( #1097 ) ) ;
#1097 = SURFACE_STYLE_USAGE ( .BOTH. , #1098 ) ;
#1098 = SURFACE_SIDE_STYLE ('',( #1099 ) ) ;
#1099 = SURFACE_STYLE_FILL_AREA ( #1100 ) ;
#1100 = FILL_AREA_STYLE ('',( #1101 ) ) ;
#1101 = FILL_AREA_STYLE_COLOUR ( '', #1102 ) ;
#1102 = COLOUR_RGB ( '',0.1568627450980392100, 0.1568627450980392100, 0.1568627450980392100 ) ;
#1103 = FACE_OUTER_BOUND ( 'NONE', #1482, .T. ) ;
#1104 =( GEOMETRIC_REPRESENTATION_CONTEXT ( 3 ) GLOBAL_UNCERTAINTY_ASSIGNED_CONTEXT ( ( #1105 ) ) GLOBAL_UNIT_ASSIGNED_CONTEXT ( ( #1108, #1107, #1106 ) ) REPRESENTATION_CONTEXT ( 'NONE', 'WORKASPACE' ) );
#1105 = UNCERTAINTY_MEASURE_WITH_UNIT (LENGTH_MEASURE( 1.000000000000000100E-005 ), #1108, 'distance_accuracy_value', 'NONE');
#1106 =( NAMED_UNIT ( * ) SI_UNIT ( $, .STERADIAN. ) SOLID_ANGLE_UNIT ( ) );
#1107 =( NAMED_UNIT ( * ) PLANE_ANGLE_UNIT ( ) SI_UNIT ( $, .RADIAN. ) );
#1108 =( LENGTH_UNIT ( ) NAMED_UNIT ( * ) SI_UNIT ( .MILLI., .METRE. ) );
#1109 = MECHANICAL_DESIGN_GEOMETRIC_PRESENTATION_REPRESENTATION (  '', ( #1111 ), #1104 ) ;
#1110 = PRESENTATION_LAYER_ASSIGNMENT (  '', '', ( #1111 ) ) ;
#1111 = STYLED_ITEM ( 'NONE', ( #1112 ), #1478 ) ;
#1112 = PRESENTATION_STYLE_ASSIGNMENT (( #1113 ) ) ;
#1113 = SURFACE_STYLE_USAGE ( .BOTH. , #1114 ) ;
#1114 = SURFACE_SIDE_STYLE ('',( #1115 ) ) ;
#1115 = SURFACE_STYLE_FILL_AREA ( #1116 ) ;
#1116 = FILL_AREA_STYLE ('',( #1117 ) ) ;
#1117 = FILL_AREA_STYLE_COLOUR ( '', #1118 ) ;
#1118 = COLOUR_RGB ( '',0.7529411764705882200, 0.7529411764705882200, 0.7529411764705882200 ) ;
#1119 = CARTESIAN_POINT ( 'NONE',  ( -1.401999999999991000, -6.699999999999999300, 4.800000000000000700 ) ) ;
#1120 = DIRECTION ( 'NONE',  ( 1.000000000000000000, 0.0000000000000000000, 0.0000000000000000000 ) ) ;
#1121 = DIRECTION ( 'NONE',  ( -0.0000000000000000000, -0.0000000000000000000, -1.000000000000000000 ) ) ;
#1122 = CARTESIAN_POINT ( 'NONE',  ( -2.301999999999991200, -6.699999999999999300, 5.000000000000000000 ) ) ;
#1123 = AXIS2_PLACEMENT_3D ( 'NONE', #1122, #1121, #1120 ) ;
#1124 = CIRCLE ( 'NONE', #1123, 1.100000000000000100 ) ;
#1125 = DIRECTION ( 'NONE',  ( 1.000000000000000000, 0.0000000000000000000, 0.0000000000000000000 ) ) ;
#1126 = DIRECTION ( 'NONE',  ( 0.0000000000000000000, 0.0000000000000000000, 1.000000000000000000 ) ) ;
#1127 = CARTESIAN_POINT ( 'NONE',  ( -2.301999999999991200, -6.699999999999999300, 4.800000000000000700 ) ) ;
#1128 = LINE ( 'NONE', #1178, #1177 ) ;
#1129 = CARTESIAN_POINT ( 'NONE',  ( -5.349999999999990800, -5.989999999999998400, 3.169999999999999900 ) ) ;
#1130 = DIRECTION ( 'NONE',  ( 3.336006684570782500E-015, 0.0000000000000000000, 1.000000000000000000 ) ) ;
#1131 = VECTOR ( 'NONE', #1130, 1000.000000000000000 ) ;
#1132 = CARTESIAN_POINT ( 'NONE',  ( -5.349999999999992500, -5.989999999999998400, 2.649999999999999900 ) ) ;
#1133 = LINE ( 'NONE', #1132, #1131 ) ;
#1134 = CARTESIAN_POINT ( 'NONE',  ( -5.349999999999999600, -4.169999999999999900, 2.649999999999999900 ) ) ;
#1135 = DIRECTION ( 'NONE',  ( -0.0000000000000000000, -1.000000000000000000, -0.0000000000000000000 ) ) ;
#1136 = VECTOR ( 'NONE', #1135, 1000.000000000000000 ) ;
#1137 = CARTESIAN_POINT ( 'NONE',  ( -5.349999999999999600, 10.10000000000000000, 2.649999999999999900 ) ) ;
#1138 = LINE ( 'NONE', #1137, #1136 ) ;
#1139 = DIRECTION ( 'NONE',  ( 1.000000000000000000, 0.0000000000000000000, 0.0000000000000000000 ) ) ;
#1140 = DIRECTION ( 'NONE',  ( 0.0000000000000000000, 0.0000000000000000000, 1.000000000000000000 ) ) ;
#1141 = AXIS2_PLACEMENT_3D ( 'NONE', #1143, #1140, #1139 ) ;
#1142 = TOROIDAL_SURFACE ( 'NONE', #1141, 0.9000000000000001300, 0.2000000000000000100 ) ;
#1143 = CARTESIAN_POINT ( 'NONE',  ( -2.301999999999991200, -6.699999999999999300, 5.000000000000000000 ) ) ;
#1144 =( GEOMETRIC_REPRESENTATION_CONTEXT ( 3 ) GLOBAL_UNCERTAINTY_ASSIGNED_CONTEXT ( ( #1145 ) ) GLOBAL_UNIT_ASSIGNED_CONTEXT ( ( #1148, #1147, #1146 ) ) REPRESENTATION_CONTEXT ( 'NONE', 'WORKASPACE' ) );
#1145 = UNCERTAINTY_MEASURE_WITH_UNIT (LENGTH_MEASURE( 1.000000000000000100E-005 ), #1148, 'distance_accuracy_value', 'NONE');
#1146 =( NAMED_UNIT ( * ) SI_UNIT ( $, .STERADIAN. ) SOLID_ANGLE_UNIT ( ) );
#1147 =( NAMED_UNIT ( * ) PLANE_ANGLE_UNIT ( ) SI_UNIT ( $, .RADIAN. ) );
#1148 =( LENGTH_UNIT ( ) NAMED_UNIT ( * ) SI_UNIT ( .MILLI., .METRE. ) );
#1149 = MECHANICAL_DESIGN_GEOMETRIC_PRESENTATION_REPRESENTATION (  '', ( #1095 ), #1144 ) ;
#1150 =( GEOMETRIC_REPRESENTATION_CONTEXT ( 3 ) GLOBAL_UNCERTAINTY_ASSIGNED_CONTEXT ( ( #1151 ) ) GLOBAL_UNIT_ASSIGNED_CONTEXT ( ( #1154, #1153, #1152 ) ) REPRESENTATION_CONTEXT ( 'NONE', 'WORKASPACE' ) );
#1151 = UNCERTAINTY_MEASURE_WITH_UNIT (LENGTH_MEASURE( 1.000000000000000100E-005 ), #1154, 'distance_accuracy_value', 'NONE');
#1152 =( NAMED_UNIT ( * ) SI_UNIT ( $, .STERADIAN. ) SOLID_ANGLE_UNIT ( ) );
#1153 =( NAMED_UNIT ( * ) PLANE_ANGLE_UNIT ( ) SI_UNIT ( $, .RADIAN. ) );
#1154 =( LENGTH_UNIT ( ) NAMED_UNIT ( * ) SI_UNIT ( .MILLI., .METRE. ) );
#1155 = MECHANICAL_DESIGN_GEOMETRIC_PRESENTATION_REPRESENTATION (  '', ( #1157 ), #1150 ) ;
#1156 = PRESENTATION_LAYER_ASSIGNMENT (  '', '', ( #1157 ) ) ;
#1157 = STYLED_ITEM ( 'NONE', ( #1158 ), #1508 ) ;
#1158 = PRESENTATION_STYLE_ASSIGNMENT (( #1159 ) ) ;
#1159 = SURFACE_STYLE_USAGE ( .BOTH. , #1160 ) ;
#1160 = SURFACE_SIDE_STYLE ('',( #1161 ) ) ;
#1161 = SURFACE_STYLE_FILL_AREA ( #1162 ) ;
#1162 = FILL_AREA_STYLE ('',( #1169 ) ) ;
#1163 = COLOUR_RGB ( '',0.1254901960784313700, 0.1254901960784313700, 0.1254901960784313700 ) ;
#1164 = FACE_OUTER_BOUND ( 'NONE', #1511, .T. ) ;
#1165 = DIRECTION ( 'NONE',  ( -0.0000000000000000000, -1.000000000000000000, -0.0000000000000000000 ) ) ;
#1166 = VECTOR ( 'NONE', #1165, 1000.000000000000000 ) ;
#1167 = CARTESIAN_POINT ( 'NONE',  ( -5.349999999999999600, 10.10000000000000000, 3.169999999999999900 ) ) ;
#1168 = LINE ( 'NONE', #1167, #1166 ) ;
#1169 = FILL_AREA_STYLE_COLOUR ( '', #1163 ) ;
#1170 = DIRECTION ( 'NONE',  ( -3.336006684570782500E-015, -0.0000000000000000000, -1.000000000000000000 ) ) ;
#1171 = VECTOR ( 'NONE', #1170, 1000.000000000000000 ) ;
#1172 = CARTESIAN_POINT ( 'NONE',  ( -5.349999999999992500, -4.169999999999999900, 2.649999999999999900 ) ) ;
#1173 = LINE ( 'NONE', #1172, #1171 ) ;
#1174 = CARTESIAN_POINT ( 'NONE',  ( -5.349999999999999600, -5.440000000000003900, 3.169999999999999900 ) ) ;
#1175 = CARTESIAN_POINT ( 'NONE',  ( -5.349999999999999600, -5.440000000000002200, 2.649999999999999900 ) ) ;
#1176 = DIRECTION ( 'NONE',  ( 0.0000000000000000000, 0.0000000000000000000, 1.000000000000000000 ) ) ;
#1177 = VECTOR ( 'NONE', #1176, 1000.000000000000000 ) ;
#1178 = CARTESIAN_POINT ( 'NONE',  ( -5.349999999999999600, -5.440000000000002200, 2.649999999999999900 ) ) ;
#1179 = PLANE ( 'NONE',  #1237 ) ;
#1180 =( GEOMETRIC_REPRESENTATION_CONTEXT ( 3 ) GLOBAL_UNCERTAINTY_ASSIGNED_CONTEXT ( ( #1181 ) ) GLOBAL_UNIT_ASSIGNED_CONTEXT ( ( #1184, #1183, #1182 ) ) REPRESENTATION_CONTEXT ( 'NONE', 'WORKASPACE' ) );
#1181 = UNCERTAINTY_MEASURE_WITH_UNIT (LENGTH_MEASURE( 1.000000000000000100E-005 ), #1184, 'distance_accuracy_value', 'NONE');
#1182 =( NAMED_UNIT ( * ) SI_UNIT ( $, .STERADIAN. ) SOLID_ANGLE_UNIT ( ) );
#1183 =( NAMED_UNIT ( * ) PLANE_ANGLE_UNIT ( ) SI_UNIT ( $, .RADIAN. ) );
#1184 =( LENGTH_UNIT ( ) NAMED_UNIT ( * ) SI_UNIT ( .MILLI., .METRE. ) );
#1185 = MECHANICAL_DESIGN_GEOMETRIC_PRESENTATION_REPRESENTATION (  '', ( #1187 ), #1180 ) ;
#1186 = PRESENTATION_LAYER_ASSIGNMENT (  '', '', ( #1187 ) ) ;
#1187 = STYLED_ITEM ( 'NONE', ( #1188 ), #1519 ) ;
#1188 = PRESENTATION_STYLE_ASSIGNMENT (( #1189 ) ) ;
#1189 = SURFACE_STYLE_USAGE ( .BOTH. , #1190 ) ;
#1190 = SURFACE_SIDE_STYLE ('',( #1191 ) ) ;
#1191 = SURFACE_STYLE_FILL_AREA ( #1192 ) ;
#1192 = FILL_AREA_STYLE ('',( #1194 ) ) ;
#1193 = COLOUR_RGB ( '',0.1254901960784313700, 0.1254901960784313700, 0.1254901960784313700 ) ;
#1194 = FILL_AREA_STYLE_COLOUR ( '', #1193 ) ;
#1195 = FACE_OUTER_BOUND ( 'NONE', #1521, .T. ) ;
#1196 = CARTESIAN_POINT ( 'NONE',  ( -5.349999999999992500, -5.989999999999998400, 2.649999999999999900 ) ) ;
#1197 = DIRECTION ( 'NONE',  ( -0.0000000000000000000, -1.000000000000000000, -0.0000000000000000000 ) ) ;
#1198 = VECTOR ( 'NONE', #1197, 1000.000000000000000 ) ;
#1199 = CARTESIAN_POINT ( 'NONE',  ( -5.349999999999999600, 10.10000000000000000, 3.169999999999999900 ) ) ;
#1200 = DIRECTION ( 'NONE',  ( 0.0000000000000000000, 0.0000000000000000000, -1.000000000000000000 ) ) ;
#1201 = DIRECTION ( 'NONE',  ( 1.000000000000000000, -0.0000000000000000000, 0.0000000000000000000 ) ) ;
#1202 = AXIS2_PLACEMENT_3D ( 'NONE', #1206, #1201, #1200 ) ;
#1203 = LINE ( 'NONE', #1199, #1198 ) ;
#1204 = EDGE_CURVE ( 'NONE', #1616, #28, #817, .T. ) ;
#1205 = ORIENTED_EDGE ( 'NONE', *, *, #747, .T. ) ;
#1206 = CARTESIAN_POINT ( 'NONE',  ( -5.349999999999999600, 10.10000000000000000, 3.169999999999999900 ) ) ;
#1207 = PLANE ( 'NONE',  #1202 ) ;
#1208 = DIRECTION ( 'NONE',  ( -0.0000000000000000000, -1.000000000000000000, -0.0000000000000000000 ) ) ;
#1209 = VECTOR ( 'NONE', #1208, 1000.000000000000000 ) ;
#1210 = CARTESIAN_POINT ( 'NONE',  ( -5.349999999999999600, 10.10000000000000000, 2.649999999999999900 ) ) ;
#1211 = LINE ( 'NONE', #1210, #1209 ) ;
#1212 = CARTESIAN_POINT ( 'NONE',  ( -5.349999999999992500, -0.9099999999999993600, 2.649999999999999900 ) ) ;
#1213 = CARTESIAN_POINT ( 'NONE',  ( -5.349999999999999600, 0.9100000000000010300, 2.649999999999999900 ) ) ;
#1214 = DIRECTION ( 'NONE',  ( -0.0000000000000000000, -1.000000000000000000, -0.0000000000000000000 ) ) ;
#1215 = VECTOR ( 'NONE', #1214, 1000.000000000000000 ) ;
#1216 = CARTESIAN_POINT ( 'NONE',  ( -5.349999999999999600, 10.10000000000000000, 3.169999999999999900 ) ) ;
#1217 = LINE ( 'NONE', #1216, #1215 ) ;
#1218 = CARTESIAN_POINT ( 'NONE',  ( -5.349999999999990800, -0.9099999999999993600, 3.169999999999999900 ) ) ;
#1219 = CARTESIAN_POINT ( 'NONE',  ( -5.349999999999990800, -4.169999999999999900, 3.169999999999999900 ) ) ;
#1220 = DIRECTION ( 'NONE',  ( -0.0000000000000000000, -1.000000000000000000, -0.0000000000000000000 ) ) ;
#1221 = VECTOR ( 'NONE', #1220, 1000.000000000000000 ) ;
#1222 = CARTESIAN_POINT ( 'NONE',  ( -5.349999999999999600, 10.10000000000000000, 3.169999999999999900 ) ) ;
#1223 = LINE ( 'NONE', #1222, #1221 ) ;
#1224 = CARTESIAN_POINT ( 'NONE',  ( -5.349999999999990800, -1.629999999999999400, 3.169999999999999900 ) ) ;
#1225 = CARTESIAN_POINT ( 'NONE',  ( -5.349999999999999600, -2.180000000000001500, 2.649999999999999900 ) ) ;
#1226 = CARTESIAN_POINT ( 'NONE',  ( -5.349999999999999600, -2.180000000000003300, 3.169999999999999900 ) ) ;
#1227 = DIRECTION ( 'NONE',  ( -0.0000000000000000000, -0.0000000000000000000, -1.000000000000000000 ) ) ;
#1228 = VECTOR ( 'NONE', #1227, 1000.000000000000000 ) ;
#1229 = CARTESIAN_POINT ( 'NONE',  ( -5.349999999999999600, -2.180000000000001500, 2.649999999999999900 ) ) ;
#1230 = LINE ( 'NONE', #1229, #1228 ) ;
#1231 = DIRECTION ( 'NONE',  ( -0.0000000000000000000, -1.000000000000000000, -0.0000000000000000000 ) ) ;
#1232 = VECTOR ( 'NONE', #1231, 1000.000000000000000 ) ;
#1233 = CARTESIAN_POINT ( 'NONE',  ( -5.349999999999999600, 10.10000000000000000, 2.649999999999999900 ) ) ;
#1234 = DIRECTION ( 'NONE',  ( 0.0000000000000000000, 0.0000000000000000000, -1.000000000000000000 ) ) ;
#1235 = DIRECTION ( 'NONE',  ( 1.000000000000000000, -0.0000000000000000000, 0.0000000000000000000 ) ) ;
#1236 = CARTESIAN_POINT ( 'NONE',  ( -5.349999999999999600, 10.10000000000000000, 3.169999999999999900 ) ) ;
#1237 = AXIS2_PLACEMENT_3D ( 'NONE', #1236, #1235, #1234 ) ;
#1238 = LINE ( 'NONE', #1233, #1232 ) ;
#1239 = PRESENTATION_LAYER_ASSIGNMENT (  '', '', ( #1240 ) ) ;
#1240 = STYLED_ITEM ( 'NONE', ( #1241 ), #1570 ) ;
#1241 = PRESENTATION_STYLE_ASSIGNMENT (( #1242 ) ) ;
#1242 = SURFACE_STYLE_USAGE ( .BOTH. , #1243 ) ;
#1243 = SURFACE_SIDE_STYLE ('',( #1244 ) ) ;
#1244 = SURFACE_STYLE_FILL_AREA ( #1245 ) ;
#1245 = FILL_AREA_STYLE ('',( #1252 ) ) ;
#1246 = COLOUR_RGB ( '',0.1254901960784313700, 0.1254901960784313700, 0.1254901960784313700 ) ;
#1247 = FACE_OUTER_BOUND ( 'NONE', #1557, .T. ) ;
#1248 = DIRECTION ( 'NONE',  ( -0.0000000000000000000, -1.000000000000000000, -0.0000000000000000000 ) ) ;
#1249 = VECTOR ( 'NONE', #1248, 1000.000000000000000 ) ;
#1250 = CARTESIAN_POINT ( 'NONE',  ( -5.349999999999999600, 10.10000000000000000, 3.169999999999999900 ) ) ;
#1251 = LINE ( 'NONE', #1250, #1249 ) ;
#1252 = FILL_AREA_STYLE_COLOUR ( '', #1246 ) ;
#1253 = DIRECTION ( 'NONE',  ( -0.0000000000000000000, -1.000000000000000000, -0.0000000000000000000 ) ) ;
#1254 = VECTOR ( 'NONE', #1253, 1000.000000000000000 ) ;
#1255 = CARTESIAN_POINT ( 'NONE',  ( -5.349999999999999600, 10.10000000000000000, 2.649999999999999900 ) ) ;
#1256 = LINE ( 'NONE', #1255, #1254 ) ;
#1257 = CARTESIAN_POINT ( 'NONE',  ( -5.349999999999992500, -3.449999999999999700, 2.649999999999999900 ) ) ;
#1258 = DIRECTION ( 'NONE',  ( 3.336006684570782500E-015, 0.0000000000000000000, 1.000000000000000000 ) ) ;
#1259 = VECTOR ( 'NONE', #1258, 1000.000000000000000 ) ;
#1260 = CARTESIAN_POINT ( 'NONE',  ( -5.349999999999992500, -3.449999999999999700, 2.649999999999999900 ) ) ;
#1261 = LINE ( 'NONE', #1260, #1259 ) ;
#1262 = DIRECTION ( 'NONE',  ( -0.0000000000000000000, -1.000000000000000000, -0.0000000000000000000 ) ) ;
#1263 = VECTOR ( 'NONE', #1262, 1000.000000000000000 ) ;
#1264 = CARTESIAN_POINT ( 'NONE',  ( -5.349999999999999600, 10.10000000000000000, 2.649999999999999900 ) ) ;
#1265 = LINE ( 'NONE', #1264, #1263 ) ;
#1266 = DIRECTION ( 'NONE',  ( 0.0000000000000000000, 0.0000000000000000000, 1.000000000000000000 ) ) ;
#1267 = VECTOR ( 'NONE', #1266, 1000.000000000000000 ) ;
#1268 = CARTESIAN_POINT ( 'NONE',  ( -5.349999999999999600, 2.179999999999998800, 2.649999999999999900 ) ) ;
#1269 = LINE ( 'NONE', #1268, #1267 ) ;
#1270 = CARTESIAN_POINT ( 'NONE',  ( -5.349999999999999600, -0.3600000000000009300, 3.169999999999999900 ) ) ;
#1271 = DIRECTION ( 'NONE',  ( 0.0000000000000000000, 0.0000000000000000000, 1.000000000000000000 ) ) ;
#1272 = VECTOR ( 'NONE', #1271, 1000.000000000000000 ) ;
#1273 = CARTESIAN_POINT ( 'NONE',  ( -5.349999999999999600, -0.3600000000000009300, 2.649999999999999900 ) ) ;
#1274 = LINE ( 'NONE', #1273, #1272 ) ;
#1275 = DIRECTION ( 'NONE',  ( -0.0000000000000000000, -0.0000000000000000000, -1.000000000000000000 ) ) ;
#1276 = VECTOR ( 'NONE', #1275, 1000.000000000000000 ) ;
#1277 = CARTESIAN_POINT ( 'NONE',  ( -5.349999999999999600, 0.3599999999999992100, 2.649999999999999900 ) ) ;
#1278 = LINE ( 'NONE', #1277, #1276 ) ;
#1279 = CARTESIAN_POINT ( 'NONE',  ( -5.349999999999999600, -1.629999999999999400, 2.649999999999999900 ) ) ;
#1280 = DIRECTION ( 'NONE',  ( -3.336006684570782500E-015, -0.0000000000000000000, -1.000000000000000000 ) ) ;
#1281 = VECTOR ( 'NONE', #1280, 1000.000000000000000 ) ;
#1282 = CARTESIAN_POINT ( 'NONE',  ( -5.349999999999992500, -1.629999999999999400, 2.649999999999999900 ) ) ;
#1283 = DIRECTION ( 'NONE',  ( 0.0000000000000000000, 0.0000000000000000000, -1.000000000000000000 ) ) ;
#1284 = DIRECTION ( 'NONE',  ( 1.000000000000000000, -0.0000000000000000000, 0.0000000000000000000 ) ) ;
#1285 = CARTESIAN_POINT ( 'NONE',  ( -5.349999999999999600, 10.10000000000000000, 3.169999999999999900 ) ) ;
#1286 = AXIS2_PLACEMENT_3D ( 'NONE', #1285, #1284, #1283 ) ;
#1287 = LINE ( 'NONE', #1282, #1281 ) ;
#1288 = PLANE ( 'NONE',  #1286 ) ;
#1289 =( GEOMETRIC_REPRESENTATION_CONTEXT ( 3 ) GLOBAL_UNCERTAINTY_ASSIGNED_CONTEXT ( ( #1290 ) ) GLOBAL_UNIT_ASSIGNED_CONTEXT ( ( #1293, #1292, #1291 ) ) REPRESENTATION_CONTEXT ( 'NONE', 'WORKASPACE' ) );
#1290 = UNCERTAINTY_MEASURE_WITH_UNIT (LENGTH_MEASURE( 1.000000000000000100E-005 ), #1293, 'distance_accuracy_value', 'NONE');
#1291 =( NAMED_UNIT ( * ) SI_UNIT ( $, .STERADIAN. ) SOLID_ANGLE_UNIT ( ) );
#1292 =( NAMED_UNIT ( * ) PLANE_ANGLE_UNIT ( ) SI_UNIT ( $, .RADIAN. ) );
#1293 =( LENGTH_UNIT ( ) NAMED_UNIT ( * ) SI_UNIT ( .MILLI., .METRE. ) );
#1294 = MECHANICAL_DESIGN_GEOMETRIC_PRESENTATION_REPRESENTATION (  '', ( #1240 ), #1289 ) ;
#1295 = LINE ( 'NONE', #1397, #1395 ) ;
#1296 = DIRECTION ( 'NONE',  ( 0.0000000000000000000, 0.0000000000000000000, -1.000000000000000000 ) ) ;
#1297 = DIRECTION ( 'NONE',  ( 1.000000000000000000, -0.0000000000000000000, 0.0000000000000000000 ) ) ;
#1298 = CARTESIAN_POINT ( 'NONE',  ( -5.349999999999999600, 10.10000000000000000, 3.169999999999999900 ) ) ;
#1299 = AXIS2_PLACEMENT_3D ( 'NONE', #1298, #1297, #1296 ) ;
#1300 = PLANE ( 'NONE',  #1299 ) ;
#1301 =( GEOMETRIC_REPRESENTATION_CONTEXT ( 3 ) GLOBAL_UNCERTAINTY_ASSIGNED_CONTEXT ( ( #1302 ) ) GLOBAL_UNIT_ASSIGNED_CONTEXT ( ( #1305, #1304, #1303 ) ) REPRESENTATION_CONTEXT ( 'NONE', 'WORKASPACE' ) );
#1302 = UNCERTAINTY_MEASURE_WITH_UNIT (LENGTH_MEASURE( 1.000000000000000100E-005 ), #1305, 'distance_accuracy_value', 'NONE');
#1303 =( NAMED_UNIT ( * ) SI_UNIT ( $, .STERADIAN. ) SOLID_ANGLE_UNIT ( ) );
#1304 =( NAMED_UNIT ( * ) PLANE_ANGLE_UNIT ( ) SI_UNIT ( $, .RADIAN. ) );
#1305 =( LENGTH_UNIT ( ) NAMED_UNIT ( * ) SI_UNIT ( .MILLI., .METRE. ) );
#1306 = MECHANICAL_DESIGN_GEOMETRIC_PRESENTATION_REPRESENTATION (  '', ( #1308 ), #1301 ) ;
#1307 = PRESENTATION_LAYER_ASSIGNMENT (  '', '', ( #1308 ) ) ;
#1308 = STYLED_ITEM ( 'NONE', ( #1309 ), #1584 ) ;
#1309 = PRESENTATION_STYLE_ASSIGNMENT (( #1310 ) ) ;
#1310 = SURFACE_STYLE_USAGE ( .BOTH. , #1311 ) ;
#1311 = SURFACE_SIDE_STYLE ('',( #1312 ) ) ;
#1312 = SURFACE_STYLE_FILL_AREA ( #1313 ) ;
#1313 = FILL_AREA_STYLE ('',( #1314 ) ) ;
#1314 = FILL_AREA_STYLE_COLOUR ( '', #1315 ) ;
#1315 = COLOUR_RGB ( '',0.1254901960784313700, 0.1254901960784313700, 0.1254901960784313700 ) ;
#1316 = FACE_OUTER_BOUND ( 'NONE', #1567, .T. ) ;
#1317 = CARTESIAN_POINT ( 'NONE',  ( -5.349999999999999600, 0.3599999999999992100, 2.649999999999999900 ) ) ;
#1318 = CARTESIAN_POINT ( 'NONE',  ( -5.349999999999999600, 0.3599999999999992100, 3.169999999999999900 ) ) ;
#1319 = CARTESIAN_POINT ( 'NONE',  ( -5.349999999999990800, 0.9100000000000010300, 3.169999999999999900 ) ) ;
#1320 = DIRECTION ( 'NONE',  ( -0.0000000000000000000, -1.000000000000000000, -0.0000000000000000000 ) ) ;
#1321 = VECTOR ( 'NONE', #1320, 1000.000000000000000 ) ;
#1322 = VERTEX_POINT ( 'NONE', #858 ) ;
#1324 = ORIENTED_EDGE ( 'NONE', *, *, #1326, .T. ) ;
#1323 = CARTESIAN_POINT ( 'NONE',  ( -5.349999999999999600, 10.10000000000000000, 3.169999999999999900 ) ) ;
#1325 = LINE ( 'NONE', #1323, #1321 ) ;
#1326 = EDGE_CURVE ( 'NONE', #1322, #1327, #857, .T. ) ;
#1327 = VERTEX_POINT ( 'NONE', #852 ) ;
#1328 =( NAMED_UNIT ( * ) PLANE_ANGLE_UNIT ( ) SI_UNIT ( $, .RADIAN. ) );
#1329 = ORIENTED_EDGE ( 'NONE', *, *, #1343, .F. ) ;
#1330 = EDGE_CURVE ( 'NONE', #1379, #1374, #850, .T. ) ;
#1331 = ORIENTED_EDGE ( 'NONE', *, *, #1336, .T. ) ;
#1333 = ADVANCED_FACE ( 'NONE', ( #845 ), #887, .F. ) ;
#1332 =( LENGTH_UNIT ( ) NAMED_UNIT ( * ) SI_UNIT ( .MILLI., .METRE. ) );
#1334 = EDGE_LOOP ( 'NONE', ( #1457, #1456, #1324, #1461 ) ) ;
#1335 = MECHANICAL_DESIGN_GEOMETRIC_PRESENTATION_REPRESENTATION (  '', ( #1338 ), #1454 ) ;
#1336 = EDGE_CURVE ( 'NONE', #1374, #1351, #882, .T. ) ;
#1337 = PRESENTATION_LAYER_ASSIGNMENT (  '', '', ( #1338 ) ) ;
#1338 = STYLED_ITEM ( 'NONE', ( #1339 ), #1609 ) ;
#1339 = PRESENTATION_STYLE_ASSIGNMENT (( #1341 ) ) ;
#1340 = ADVANCED_FACE ( 'NONE', ( #878 ), #863, .F. ) ;
#1341 = SURFACE_STYLE_USAGE ( .BOTH. , #1342 ) ;
#1342 = SURFACE_SIDE_STYLE ('',( #1344 ) ) ;
#1343 = EDGE_CURVE ( 'NONE', #1379, #1366, #913, .T. ) ;
#1344 = SURFACE_STYLE_FILL_AREA ( #1345 ) ;
#1345 = FILL_AREA_STYLE ('',( #1347 ) ) ;
#1346 = VERTEX_POINT ( 'NONE', #909 ) ;
#1347 = FILL_AREA_STYLE_COLOUR ( '', #1350 ) ;
#1348 = EDGE_CURVE ( 'NONE', #1366, #1351, #908, .T. ) ;
#1349 = ORIENTED_EDGE ( 'NONE', *, *, #1330, .T. ) ;
#1351 = VERTEX_POINT ( 'NONE', #903 ) ;
#1350 = COLOUR_RGB ( '',0.1254901960784313700, 0.1254901960784313700, 0.1254901960784313700 ) ;
#1352 = FACE_OUTER_BOUND ( 'NONE', #1611, .T. ) ;
#1353 = EDGE_CURVE ( 'NONE', #1374, #1355, #902, .T. ) ;
#1355 = VERTEX_POINT ( 'NONE', #897 ) ;
#1354 = CARTESIAN_POINT ( 'NONE',  ( -5.349999999999990800, 5.990000000000000200, 3.169999999999999900 ) ) ;
#1356 = CARTESIAN_POINT ( 'NONE',  ( -5.349999999999990800, 1.630000000000001200, 3.169999999999999900 ) ) ;
#1357 = EDGE_LOOP ( 'NONE', ( #1349, #1331, #1365, #1329 ) ) ;
#1358 = DIRECTION ( 'NONE',  ( 3.336006684570782500E-015, 0.0000000000000000000, 1.000000000000000000 ) ) ;
#1359 = ORIENTED_EDGE ( 'NONE', *, *, #1363, .F. ) ;
#1360 = VECTOR ( 'NONE', #1358, 1000.000000000000000 ) ;
#1361 = VERTEX_POINT ( 'NONE', #896 ) ;
#1362 = CARTESIAN_POINT ( 'NONE',  ( -5.349999999999992500, 1.630000000000001200, 2.649999999999999900 ) ) ;
#1363 = EDGE_CURVE ( 'NONE', #1361, #1355, #895, .T. ) ;
#1365 = ORIENTED_EDGE ( 'NONE', *, *, #1348, .F. ) ;
#1364 = LINE ( 'NONE', #1362, #1360 ) ;
#1366 = VERTEX_POINT ( 'NONE', #890 ) ;
#1367 = EDGE_CURVE ( 'NONE', #1369, #1346, #889, .T. ) ;
#1369 = VERTEX_POINT ( 'NONE', #939 ) ;
#1368 = DIRECTION ( 'NONE',  ( -0.0000000000000000000, -1.000000000000000000, -0.0000000000000000000 ) ) ;
#1370 = VECTOR ( 'NONE', #1368, 1000.000000000000000 ) ;
#1371 = CARTESIAN_POINT ( 'NONE',  ( -5.349999999999999600, 10.10000000000000000, 3.169999999999999900 ) ) ;
#1372 = ADVANCED_FACE ( 'NONE', ( #938 ), #921, .T. ) ;
#1373 = EDGE_LOOP ( 'NONE', ( #1381, #1385, #1359, #1458 ) ) ;
#1374 = VERTEX_POINT ( 'NONE', #917 ) ;
#1375 = DIRECTION ( 'NONE',  ( 1.000000000000000000, 0.0000000000000000000, 0.0000000000000000000 ) ) ;
#1376 = EDGE_CURVE ( 'NONE', #1374, #1379, #979, .T. ) ;
#1377 = DIRECTION ( 'NONE',  ( -0.0000000000000000000, -0.0000000000000000000, -1.000000000000000000 ) ) ;
#1379 = VERTEX_POINT ( 'NONE', #973 ) ;
#1378 = CARTESIAN_POINT ( 'NONE',  ( -2.301999999999991200, -6.699999999999999300, 5.000000000000000000 ) ) ;
#1380 = AXIS2_PLACEMENT_3D ( 'NONE', #1378, #1377, #1375 ) ;
#1381 = ORIENTED_EDGE ( 'NONE', *, *, #1376, .F. ) ;
#1382 = CIRCLE ( 'NONE', #1380, 1.100000000000000100 ) ;
#1383 = EDGE_CURVE ( 'NONE', #1476, #1387, #972, .T. ) ;
#1384 = LINE ( 'NONE', #1371, #1370 ) ;
#1385 = ORIENTED_EDGE ( 'NONE', *, *, #1353, .T. ) ;
#1386 = ORIENTED_EDGE ( 'NONE', *, *, #1383, .F. ) ;
#1387 = VERTEX_POINT ( 'NONE', #967 ) ;
#1388 = VERTEX_POINT ( 'NONE', #966 ) ;
#1389 = CARTESIAN_POINT ( 'NONE',  ( -3.401999999999990800, -6.699999999999999300, 5.000000000000000000 ) ) ;
#1390 = CARTESIAN_POINT ( 'NONE',  ( -5.349999999999990800, -3.449999999999999700, 3.169999999999999900 ) ) ;
#1391 = CARTESIAN_POINT ( 'NONE',  ( -5.349999999999999600, -2.900000000000003500, 3.169999999999999900 ) ) ;
#1392 = CARTESIAN_POINT ( 'NONE',  ( -5.349999999999999600, -2.900000000000001700, 2.649999999999999900 ) ) ;
#1393 = DIRECTION ( 'NONE',  ( 0.0000000000000000000, 0.0000000000000000000, 1.000000000000000000 ) ) ;
#1394 = EDGE_CURVE ( 'NONE', #1396, #1398, #965, .T. ) ;
#1395 = VECTOR ( 'NONE', #1393, 1000.000000000000000 ) ;
#1396 = VERTEX_POINT ( 'NONE', #961 ) ;
#1397 = CARTESIAN_POINT ( 'NONE',  ( -5.349999999999999600, -2.900000000000001700, 2.649999999999999900 ) ) ;
#1398 = VERTEX_POINT ( 'NONE', #960 ) ;
#1399 = ORIENTED_EDGE ( 'NONE', *, *, #1400, .F. ) ;
#1400 = EDGE_CURVE ( 'NONE', #1402, #1439, #959, .T. ) ;
#1401 =( NAMED_UNIT ( * ) PLANE_ANGLE_UNIT ( ) SI_UNIT ( $, .RADIAN. ) );
#1402 = VERTEX_POINT ( 'NONE', #955 ) ;
#1403 = ORIENTED_EDGE ( 'NONE', *, *, #1419, .T. ) ;
#1404 = ORIENTED_EDGE ( 'NONE', *, *, #1443, .F. ) ;
#1405 = VERTEX_POINT ( 'NONE', #954 ) ;
#1407 = ORIENTED_EDGE ( 'NONE', *, *, #1441, .F. ) ;
#1406 =( LENGTH_UNIT ( ) NAMED_UNIT ( * ) SI_UNIT ( .MILLI., .METRE. ) );
#1408 = VERTEX_POINT ( 'NONE', #953 ) ;
#1409 = ORIENTED_EDGE ( 'NONE', *, *, #1432, .T. ) ;
#1410 = MECHANICAL_DESIGN_GEOMETRIC_PRESENTATION_REPRESENTATION (  '', ( #1414 ), #1523 ) ;
#1411 = ORIENTED_EDGE ( 'NONE', *, *, #1455, .T. ) ;
#1412 = PRESENTATION_LAYER_ASSIGNMENT (  '', '', ( #1414 ) ) ;
#1413 = EDGE_CURVE ( 'NONE', #1448, #1402, #952, .T. ) ;
#1414 = STYLED_ITEM ( 'NONE', ( #1415 ), #1621 ) ;
#1416 = EDGE_CURVE ( 'NONE', #1408, #1453, #947, .T. ) ;
#1415 = PRESENTATION_STYLE_ASSIGNMENT (( #1417 ) ) ;
#1417 = SURFACE_STYLE_USAGE ( .BOTH. , #1418 ) ;
#1419 = EDGE_CURVE ( 'NONE', #1448, #1422, #948, .T. ) ;
#1418 = SURFACE_SIDE_STYLE ('',( #1420 ) ) ;
#1420 = SURFACE_STYLE_FILL_AREA ( #1421 ) ;
#1422 = VERTEX_POINT ( 'NONE', #1004 ) ;
#1421 = FILL_AREA_STYLE ('',( #1423 ) ) ;
#1423 = FILL_AREA_STYLE_COLOUR ( '', #1424 ) ;
#1424 = COLOUR_RGB ( '',0.1254901960784313700, 0.1254901960784313700, 0.1254901960784313700 ) ;
#1426 = ADVANCED_FACE ( 'NONE', ( #1003 ), #987, .F. ) ;
#1425 = FACE_OUTER_BOUND ( 'NONE', #1622, .T. ) ;
#1427 = CARTESIAN_POINT ( 'NONE',  ( -12.75000000000000000, 3.701729889353182000, 9.890000000000000600 ) ) ;
#1428 = EDGE_LOOP ( 'NONE', ( #1430, #1529, #1490, #1484 ) ) ;
#1429 = CARTESIAN_POINT ( 'NONE',  ( -12.75000000000000000, 3.918270110646819400, 9.890000000000000600 ) ) ;
#1430 = ORIENTED_EDGE ( 'NONE', *, *, #1394, .F. ) ;
#1432 = EDGE_CURVE ( 'NONE', #1422, #1439, #1033, .T. ) ;
#1431 = CARTESIAN_POINT ( 'NONE',  ( -5.349999999999999600, 5.439999999999998600, 3.169999999999999900 ) ) ;
#1433 = DIRECTION ( 'NONE',  ( -0.0000000000000000000, -1.000000000000000000, -0.0000000000000000000 ) ) ;
#1434 = VECTOR ( 'NONE', #1433, 1000.000000000000000 ) ;
#1435 = ADVANCED_FACE ( 'NONE', ( #1029 ), #1014, .F. ) ;
#1436 = CARTESIAN_POINT ( 'NONE',  ( -5.349999999999999600, 10.10000000000000000, 2.649999999999999900 ) ) ;
#1437 = EDGE_LOOP ( 'NONE', ( #1404, #1407, #1452, #1411 ) ) ;
#1438 = VERTEX_POINT ( 'NONE', #1013 ) ;
#1439 = VERTEX_POINT ( 'NONE', #1008 ) ;
#1440 = DIRECTION ( 'NONE',  ( 0.0000000000000000000, 0.0000000000000000000, -1.000000000000000000 ) ) ;
#1441 = EDGE_CURVE ( 'NONE', #1408, #1438, #1062, .T. ) ;
#1442 = DIRECTION ( 'NONE',  ( 1.000000000000000000, -0.0000000000000000000, 0.0000000000000000000 ) ) ;
#1443 = EDGE_CURVE ( 'NONE', #1438, #1405, #1058, .T. ) ;
#1444 = CARTESIAN_POINT ( 'NONE',  ( -5.349999999999999600, 10.10000000000000000, 3.169999999999999900 ) ) ;
#1446 = ORIENTED_EDGE ( 'NONE', *, *, #1413, .F. ) ;
#1445 = AXIS2_PLACEMENT_3D ( 'NONE', #1444, #1442, #1440 ) ;
#1447 = LINE ( 'NONE', #1436, #1434 ) ;
#1448 = VERTEX_POINT ( 'NONE', #1054 ) ;
#1449 = ADVANCED_FACE ( 'NONE', ( #1053 ), #1037, .F. ) ;
#1451 = EDGE_LOOP ( 'NONE', ( #1446, #1403, #1409, #1399 ) ) ;
#1450 = PLANE ( 'NONE',  #1445 ) ;
#1452 = ORIENTED_EDGE ( 'NONE', *, *, #1416, .T. ) ;
#1453 = VERTEX_POINT ( 'NONE', #1091 ) ;
#1454 =( GEOMETRIC_REPRESENTATION_CONTEXT ( 3 ) GLOBAL_UNCERTAINTY_ASSIGNED_CONTEXT ( ( #1462 ) ) GLOBAL_UNIT_ASSIGNED_CONTEXT ( ( #1332, #1328, #1465 ) ) REPRESENTATION_CONTEXT ( 'NONE', 'WORKASPACE' ) );
#1455 = EDGE_CURVE ( 'NONE', #1453, #1405, #1090, .T. ) ;
#1456 = ORIENTED_EDGE ( 'NONE', *, *, #1460, .T. ) ;
#1457 = ORIENTED_EDGE ( 'NONE', *, *, #1367, .F. ) ;
#1458 = ORIENTED_EDGE ( 'NONE', *, *, #1459, .F. ) ;
#1459 = EDGE_CURVE ( 'NONE', #1379, #1361, #1086, .T. ) ;
#1460 = EDGE_CURVE ( 'NONE', #1369, #1322, #1081, .T. ) ;
#1461 = ORIENTED_EDGE ( 'NONE', *, *, #1463, .F. ) ;
#1462 = UNCERTAINTY_MEASURE_WITH_UNIT (LENGTH_MEASURE( 1.000000000000000100E-005 ), #1332, 'distance_accuracy_value', 'NONE');
#1463 = EDGE_CURVE ( 'NONE', #1346, #1327, #1076, .T. ) ;
#1464 = VERTEX_POINT ( 'NONE', #1071 ) ;
#1465 =( NAMED_UNIT ( * ) SI_UNIT ( $, .STERADIAN. ) SOLID_ANGLE_UNIT ( ) );
#1466 = EDGE_CURVE ( 'NONE', #1467, #1598, #1070, .T. ) ;
#1467 = VERTEX_POINT ( 'NONE', #1065 ) ;
#1468 = ORIENTED_EDGE ( 'NONE', *, *, #1470, .F. ) ;
#1469 = DIRECTION ( 'NONE',  ( -0.0000000000000000000, -1.000000000000000000, -0.0000000000000000000 ) ) ;
#1470 = EDGE_CURVE ( 'NONE', #1467, #1476, #1064, .T. ) ;
#1471 = CARTESIAN_POINT ( 'NONE',  ( -5.349999999999999600, 10.10000000000000000, 2.649999999999999900 ) ) ;
#1472 = LINE ( 'NONE', #1471, #1604 ) ;
#1473 = ORIENTED_EDGE ( 'NONE', *, *, #1475, .F. ) ;
#1474 = FILL_AREA_STYLE_COLOUR ( '', #1600 ) ;
#1475 = EDGE_CURVE ( 'NONE', #1387, #1598, #1124, .T. ) ;
#1476 = VERTEX_POINT ( 'NONE', #1119 ) ;
#1477 = DIRECTION ( 'NONE',  ( -3.336006684570782500E-015, -0.0000000000000000000, -1.000000000000000000 ) ) ;
#1478 = MANIFOLD_SOLID_BREP ( 'NONE', #6972 ) ;
#1479 = VECTOR ( 'NONE', #1477, 1000.000000000000000 ) ;
#1480 = CARTESIAN_POINT ( 'NONE',  ( -5.349999999999992500, 3.450000000000000600, 2.649999999999999900 ) ) ;
#1481 = LINE ( 'NONE', #1480, #1479 ) ;
#1482 = EDGE_LOOP ( 'NONE', ( #1468, #1596, #1473, #1386 ) ) ;
#1483 = ADVANCED_FACE ( 'NONE', ( #1103 ), #1142, .F. ) ;
#1484 = ORIENTED_EDGE ( 'NONE', *, *, #1522, .T. ) ;
#1485 = CARTESIAN_POINT ( 'NONE',  ( -5.349999999999999600, 3.450000000000000600, 2.649999999999999900 ) ) ;
#1486 = ORIENTED_EDGE ( 'NONE', *, *, #1487, .T. ) ;
#1487 = EDGE_CURVE ( 'NONE', #1497, #1517, #1138, .T. ) ;
#1488 = DIRECTION ( 'NONE',  ( -0.0000000000000000000, -1.000000000000000000, -0.0000000000000000000 ) ) ;
#1489 = VECTOR ( 'NONE', #1488, 1000.000000000000000 ) ;
#1490 = ORIENTED_EDGE ( 'NONE', *, *, #1501, .T. ) ;
#1491 = CARTESIAN_POINT ( 'NONE',  ( -5.349999999999999600, 10.10000000000000000, 3.169999999999999900 ) ) ;
#1493 = VERTEX_POINT ( 'NONE', #1134 ) ;
#1492 = LINE ( 'NONE', #1491, #1489 ) ;
#1494 = EDGE_CURVE ( 'NONE', #1517, #1495, #1133, .T. ) ;
#1495 = VERTEX_POINT ( 'NONE', #1129 ) ;
#1496 = EDGE_CURVE ( 'NONE', #1497, #1499, #1128, .T. ) ;
#1497 = VERTEX_POINT ( 'NONE', #1175 ) ;
#1498 = CARTESIAN_POINT ( 'NONE',  ( -5.349999999999990800, 3.450000000000000600, 3.169999999999999900 ) ) ;
#1499 = VERTEX_POINT ( 'NONE', #1174 ) ;
#1500 = DIRECTION ( 'NONE',  ( -3.336006684570782500E-015, -0.0000000000000000000, -1.000000000000000000 ) ) ;
#1501 = EDGE_CURVE ( 'NONE', #1532, #1493, #1173, .T. ) ;
#1502 = VECTOR ( 'NONE', #1500, 1000.000000000000000 ) ;
#1503 = ORIENTED_EDGE ( 'NONE', *, *, #1496, .F. ) ;
#1504 = CARTESIAN_POINT ( 'NONE',  ( -5.349999999999992500, 0.9100000000000010300, 2.649999999999999900 ) ) ;
#1505 = LINE ( 'NONE', #1504, #1502 ) ;
#1506 = ORIENTED_EDGE ( 'NONE', *, *, #1507, .F. ) ;
#1507 = EDGE_CURVE ( 'NONE', #1499, #1495, #1168, .T. ) ;
#1508 = ADVANCED_FACE ( 'NONE', ( #1164 ), #1207, .F. ) ;
#1509 = CARTESIAN_POINT ( 'NONE',  ( -5.349999999999999600, 2.179999999999998800, 2.649999999999999900 ) ) ;
#1510 = DIRECTION ( 'NONE',  ( 0.0000000000000000000, 0.0000000000000000000, -1.000000000000000000 ) ) ;
#1511 = EDGE_LOOP ( 'NONE', ( #1524, #1513, #1564, #1566 ) ) ;
#1512 = DIRECTION ( 'NONE',  ( 1.000000000000000000, -0.0000000000000000000, 0.0000000000000000000 ) ) ;
#1513 = ORIENTED_EDGE ( 'NONE', *, *, #1516, .F. ) ;
#1514 = CARTESIAN_POINT ( 'NONE',  ( -5.349999999999999600, 10.10000000000000000, 3.169999999999999900 ) ) ;
#1516 = EDGE_CURVE ( 'NONE', #1528, #1526, #1203, .T. ) ;
#1515 = AXIS2_PLACEMENT_3D ( 'NONE', #1514, #1512, #1510 ) ;
#1517 = VERTEX_POINT ( 'NONE', #1196 ) ;
#1518 = ORIENTED_EDGE ( 'NONE', *, *, #1494, .T. ) ;
#1519 = ADVANCED_FACE ( 'NONE', ( #1195 ), #1179, .F. ) ;
#1520 = PLANE ( 'NONE',  #1515 ) ;
#1521 = EDGE_LOOP ( 'NONE', ( #1503, #1486, #1518, #1506 ) ) ;
#1522 = EDGE_CURVE ( 'NONE', #1493, #1398, #1238, .T. ) ;
#1523 =( GEOMETRIC_REPRESENTATION_CONTEXT ( 3 ) GLOBAL_UNCERTAINTY_ASSIGNED_CONTEXT ( ( #1531 ) ) GLOBAL_UNIT_ASSIGNED_CONTEXT ( ( #1406, #1401, #1534 ) ) REPRESENTATION_CONTEXT ( 'NONE', 'WORKASPACE' ) );
#1524 = ORIENTED_EDGE ( 'NONE', *, *, #1525, .F. ) ;
#1525 = EDGE_CURVE ( 'NONE', #1526, #1527, #1230, .T. ) ;
#1526 = VERTEX_POINT ( 'NONE', #1226 ) ;
#1527 = VERTEX_POINT ( 'NONE', #1225 ) ;
#1528 = VERTEX_POINT ( 'NONE', #1224 ) ;
#1529 = ORIENTED_EDGE ( 'NONE', *, *, #1530, .F. ) ;
#1530 = EDGE_CURVE ( 'NONE', #1532, #1396, #1223, .T. ) ;
#1531 = UNCERTAINTY_MEASURE_WITH_UNIT (LENGTH_MEASURE( 1.000000000000000100E-005 ), #1406, 'distance_accuracy_value', 'NONE');
#1532 = VERTEX_POINT ( 'NONE', #1219 ) ;
#1533 = ORIENTED_EDGE ( 'NONE', *, *, #1626, .T. ) ;
#1534 =( NAMED_UNIT ( * ) SI_UNIT ( $, .STERADIAN. ) SOLID_ANGLE_UNIT ( ) );
#1535 = ORIENTED_EDGE ( 'NONE', *, *, #1547, .T. ) ;
#1536 = VERTEX_POINT ( 'NONE', #1218 ) ;
#1537 = ORIENTED_EDGE ( 'NONE', *, *, #1542, .F. ) ;
#1538 = CARTESIAN_POINT ( 'NONE',  ( -5.349999999999999600, 2.899999999999999000, 3.169999999999999900 ) ) ;
#1539 = EDGE_LOOP ( 'NONE', ( #1647, #1628, #1631, #1637 ) ) ;
#1540 = DIRECTION ( 'NONE',  ( -0.0000000000000000000, -0.0000000000000000000, -1.000000000000000000 ) ) ;
#1541 = VECTOR ( 'NONE', #1540, 1000.000000000000000 ) ;
#1542 = EDGE_CURVE ( 'NONE', #1549, #1536, #1217, .T. ) ;
#1543 = CARTESIAN_POINT ( 'NONE',  ( -5.349999999999999600, 2.899999999999999000, 2.649999999999999900 ) ) ;
#1544 = VERTEX_POINT ( 'NONE', #1213 ) ;
#1545 = ORIENTED_EDGE ( 'NONE', *, *, #1655, .T. ) ;
#1546 = VERTEX_POINT ( 'NONE', #1212 ) ;
#1547 = EDGE_CURVE ( 'NONE', #1661, #1546, #1211, .T. ) ;
#1548 = EDGE_CURVE ( 'NONE', #1661, #1549, #1274, .T. ) ;
#1549 = VERTEX_POINT ( 'NONE', #1270 ) ;
#1550 = DIRECTION ( 'NONE',  ( 0.0000000000000000000, 0.0000000000000000000, -1.000000000000000000 ) ) ;
#1551 = EDGE_CURVE ( 'NONE', #1625, #1388, #1269, .T. ) ;
#1552 = DIRECTION ( 'NONE',  ( 1.000000000000000000, -0.0000000000000000000, 0.0000000000000000000 ) ) ;
#1554 = ORIENTED_EDGE ( 'NONE', *, *, #1569, .F. ) ;
#1553 = CARTESIAN_POINT ( 'NONE',  ( -5.349999999999999600, 10.10000000000000000, 3.169999999999999900 ) ) ;
#1555 = AXIS2_PLACEMENT_3D ( 'NONE', #1553, #1552, #1550 ) ;
#1556 = LINE ( 'NONE', #1543, #1541 ) ;
#1557 = EDGE_LOOP ( 'NONE', ( #1575, #1577, #1533, #1545 ) ) ;
#1558 = ORIENTED_EDGE ( 'NONE', *, *, #1559, .T. ) ;
#1559 = EDGE_CURVE ( 'NONE', #1588, #1563, #1265, .T. ) ;
#1560 = ORIENTED_EDGE ( 'NONE', *, *, #1562, .T. ) ;
#1561 = PLANE ( 'NONE',  #1555 ) ;
#1562 = EDGE_CURVE ( 'NONE', #1563, #1593, #1261, .T. ) ;
#1563 = VERTEX_POINT ( 'NONE', #1257 ) ;
#1564 = ORIENTED_EDGE ( 'NONE', *, *, #1572, .T. ) ;
#1565 =( GEOMETRIC_REPRESENTATION_CONTEXT ( 3 ) GLOBAL_UNCERTAINTY_ASSIGNED_CONTEXT ( ( #1571 ) ) GLOBAL_UNIT_ASSIGNED_CONTEXT ( ( #1583, #1578, #1574 ) ) REPRESENTATION_CONTEXT ( 'NONE', 'WORKASPACE' ) );
#1566 = ORIENTED_EDGE ( 'NONE', *, *, #1568, .T. ) ;
#1567 = EDGE_LOOP ( 'NONE', ( #1585, #1558, #1560, #1554 ) ) ;
#1568 = EDGE_CURVE ( 'NONE', #1573, #1527, #1256, .T. ) ;
#1569 = EDGE_CURVE ( 'NONE', #1591, #1593, #1251, .T. ) ;
#1570 = ADVANCED_FACE ( 'NONE', ( #1247 ), #1288, .F. ) ;
#1571 = UNCERTAINTY_MEASURE_WITH_UNIT (LENGTH_MEASURE( 1.000000000000000100E-005 ), #1583, 'distance_accuracy_value', 'NONE');
#1572 = EDGE_CURVE ( 'NONE', #1528, #1573, #1287, .T. ) ;
#1573 = VERTEX_POINT ( 'NONE', #1279 ) ;
#1574 =( NAMED_UNIT ( * ) SI_UNIT ( $, .STERADIAN. ) SOLID_ANGLE_UNIT ( ) );
#1575 = ORIENTED_EDGE ( 'NONE', *, *, #1576, .F. ) ;
#1576 = EDGE_CURVE ( 'NONE', #1581, #1582, #1278, .T. ) ;
#1577 = ORIENTED_EDGE ( 'NONE', *, *, #1579, .F. ) ;
#1579 = EDGE_CURVE ( 'NONE', #1580, #1581, #1325, .T. ) ;
#1578 =( NAMED_UNIT ( * ) PLANE_ANGLE_UNIT ( ) SI_UNIT ( $, .RADIAN. ) );
#1580 = VERTEX_POINT ( 'NONE', #1319 ) ;
#1581 = VERTEX_POINT ( 'NONE', #1318 ) ;
#1582 = VERTEX_POINT ( 'NONE', #1317 ) ;
#1583 =( LENGTH_UNIT ( ) NAMED_UNIT ( * ) SI_UNIT ( .MILLI., .METRE. ) );
#1584 = ADVANCED_FACE ( 'NONE', ( #1316 ), #1300, .F. ) ;
#1585 = ORIENTED_EDGE ( 'NONE', *, *, #1587, .F. ) ;
#1586 = MECHANICAL_DESIGN_GEOMETRIC_PRESENTATION_REPRESENTATION (  '', ( #1590 ), #1565 ) ;
#1587 = EDGE_CURVE ( 'NONE', #1588, #1591, #1295, .T. ) ;
#1588 = VERTEX_POINT ( 'NONE', #1392 ) ;
#1589 = PRESENTATION_LAYER_ASSIGNMENT (  '', '', ( #1590 ) ) ;
#1591 = VERTEX_POINT ( 'NONE', #1391 ) ;
#1590 = STYLED_ITEM ( 'NONE', ( #1592 ), #1644 ) ;
#1592 = PRESENTATION_STYLE_ASSIGNMENT (( #1594 ) ) ;
#1593 = VERTEX_POINT ( 'NONE', #1390 ) ;
#1594 = SURFACE_STYLE_USAGE ( .BOTH. , #1595 ) ;
#1596 = ORIENTED_EDGE ( 'NONE', *, *, #1466, .T. ) ;
#1595 = SURFACE_SIDE_STYLE ('',( #1597 ) ) ;
#1597 = SURFACE_STYLE_FILL_AREA ( #1599 ) ;
#1598 = VERTEX_POINT ( 'NONE', #1389 ) ;
#1599 = FILL_AREA_STYLE ('',( #1474 ) ) ;
#1600 = COLOUR_RGB ( '',0.1254901960784313700, 0.1254901960784313700, 0.1254901960784313700 ) ;
#1601 = ORIENTED_EDGE ( 'NONE', *, *, #1614, .T. ) ;
#1602 = FACE_OUTER_BOUND ( 'NONE', #1539, .T. ) ;
#1603 = EDGE_CURVE ( 'NONE', #1598, #1387, #1382, .T. ) ;
#1604 = VECTOR ( 'NONE', #1469, 1000.000000000000000 ) ;
#1605 = EDGE_CURVE ( 'NONE', #1608, #1616, #1384, .T. ) ;
#1606 = EDGE_CURVE ( 'NONE', #11419, #1607, #1364, .T. ) ;
#1607 = VERTEX_POINT ( 'NONE', #1356 ) ;
#1608 = VERTEX_POINT ( 'NONE', #1354 ) ;
#1609 = ADVANCED_FACE ( 'NONE', ( #1352 ), #1450, .F. ) ;
#1610 =( GEOMETRIC_REPRESENTATION_CONTEXT ( 3 ) GLOBAL_UNCERTAINTY_ASSIGNED_CONTEXT ( ( #1618 ) ) GLOBAL_UNIT_ASSIGNED_CONTEXT ( ( #1629, #1624, #1620 ) ) REPRESENTATION_CONTEXT ( 'NONE', 'WORKASPACE' ) );
#1611 = EDGE_LOOP ( 'NONE', ( #1615, #1612, #1205, #518 ) ) ;
#1612 = ORIENTED_EDGE ( 'NONE', *, *, #1605, .F. ) ;
#1613 = EDGE_LOOP ( 'NONE', ( #11430, #2, #9, #11445 ) ) ;
#1614 = EDGE_CURVE ( 'NONE', #1625, #11419, #1447, .T. ) ;
#1615 = ORIENTED_EDGE ( 'NONE', *, *, #1204, .F. ) ;
#1616 = VERTEX_POINT ( 'NONE', #1431 ) ;
#1617 = VERTEX_POINT ( 'NONE', #1429 ) ;
#1618 = UNCERTAINTY_MEASURE_WITH_UNIT (LENGTH_MEASURE( 1.000000000000000100E-005 ), #1629, 'distance_accuracy_value', 'NONE');
#1619 = VERTEX_POINT ( 'NONE', #1427 ) ;
#1620 =( NAMED_UNIT ( * ) SI_UNIT ( $, .STERADIAN. ) SOLID_ANGLE_UNIT ( ) );
#1621 = ADVANCED_FACE ( 'NONE', ( #1425 ), #1520, .F. ) ;
#1622 = EDGE_LOOP ( 'NONE', ( #1623, #1601, #11418, #519 ) ) ;
#1623 = ORIENTED_EDGE ( 'NONE', *, *, #1551, .F. ) ;
#1624 =( NAMED_UNIT ( * ) PLANE_ANGLE_UNIT ( ) SI_UNIT ( $, .RADIAN. ) );
#1625 = VERTEX_POINT ( 'NONE', #1509 ) ;
#1626 = EDGE_CURVE ( 'NONE', #1580, #1544, #1505, .T. ) ;
#1627 = VERTEX_POINT ( 'NONE', #1498 ) ;
#1628 = ORIENTED_EDGE ( 'NONE', *, *, #1630, .F. ) ;
#1629 =( LENGTH_UNIT ( ) NAMED_UNIT ( * ) SI_UNIT ( .MILLI., .METRE. ) );
#1630 = EDGE_CURVE ( 'NONE', #1627, #1651, #1492, .T. ) ;
#1631 = ORIENTED_EDGE ( 'NONE', *, *, #1635, .T. ) ;
#1633 = VERTEX_POINT ( 'NONE', #1485 ) ;
#1632 = MECHANICAL_DESIGN_GEOMETRIC_PRESENTATION_REPRESENTATION (  '', ( #1636 ), #1610 ) ;
#1635 = EDGE_CURVE ( 'NONE', #1627, #1633, #1481, .T. ) ;
#1634 = PRESENTATION_LAYER_ASSIGNMENT (  '', '', ( #1636 ) ) ;
#1636 = STYLED_ITEM ( 'NONE', ( #1638 ), #1664 ) ;
#1637 = ORIENTED_EDGE ( 'NONE', *, *, #1640, .T. ) ;
#1638 = PRESENTATION_STYLE_ASSIGNMENT (( #1639 ) ) ;
#1640 = EDGE_CURVE ( 'NONE', #1633, #1653, #1472, .T. ) ;
#1639 = SURFACE_STYLE_USAGE ( .BOTH. , #1641 ) ;
#1641 = SURFACE_SIDE_STYLE ('',( #1642 ) ) ;
#1642 = SURFACE_STYLE_FILL_AREA ( #1643 ) ;
#1643 = FILL_AREA_STYLE ('',( #1646 ) ) ;
#1644 = ADVANCED_FACE ( 'NONE', ( #1602 ), #1561, .F. ) ;
#1645 = COLOUR_RGB ( '',0.1254901960784313700, 0.1254901960784313700, 0.1254901960784313700 ) ;
#1647 = ORIENTED_EDGE ( 'NONE', *, *, #1649, .F. ) ;
#1646 = FILL_AREA_STYLE_COLOUR ( '', #1645 ) ;
#1648 = FACE_OUTER_BOUND ( 'NONE', #1667, .T. ) ;
#1649 = EDGE_CURVE ( 'NONE', #1651, #1653, #1556, .T. ) ;
#1650 = CARTESIAN_POINT ( 'NONE',  ( -5.349999999999999600, -0.3600000000000009300, 2.649999999999999900 ) ) ;
#1651 = VERTEX_POINT ( 'NONE', #1538 ) ;
#1653 = VERTEX_POINT ( 'NONE', #1669 ) ;
#1652 = DIRECTION ( 'NONE',  ( 3.336006684570782500E-015, 0.0000000000000000000, 1.000000000000000000 ) ) ;
#1654 = VECTOR ( 'NONE', #1652, 1000.000000000000000 ) ;
#1655 = EDGE_CURVE ( 'NONE', #1544, #1582, #1666, .T. ) ;
#1656 = CARTESIAN_POINT ( 'NONE',  ( -5.349999999999992500, -0.9099999999999993600, 2.649999999999999900 ) ) ;
#1657 = ORIENTED_EDGE ( 'NONE', *, *, #1659, .T. ) ;
#1658 = LINE ( 'NONE', #1656, #1654 ) ;
#1659 = EDGE_CURVE ( 'NONE', #1546, #1536, #1658, .T. ) ;
#1660 = ORIENTED_EDGE ( 'NONE', *, *, #1548, .F. ) ;
#1661 = VERTEX_POINT ( 'NONE', #1650 ) ;
#1662 = DIRECTION ( 'NONE',  ( -0.0000000000000000000, -1.000000000000000000, -0.0000000000000000000 ) ) ;
#1663 = VECTOR ( 'NONE', #1662, 1000.000000000000000 ) ;
#1664 = ADVANCED_FACE ( 'NONE', ( #1648 ), #982, .F. ) ;
#1665 = CARTESIAN_POINT ( 'NONE',  ( -5.349999999999999600, 10.10000000000000000, 2.649999999999999900 ) ) ;
#1666 = LINE ( 'NONE', #1665, #1663 ) ;
#1667 = EDGE_LOOP ( 'NONE', ( #1660, #1535, #1657, #1537 ) ) ;
#1668 = EDGE_CURVE ( 'NONE', #1787, #1753, #1740, .T. ) ;
#1669 = CARTESIAN_POINT ( 'NONE',  ( -5.349999999999999600, 2.899999999999999900, 2.649999999999999900 ) ) ;
#1670 = ADVANCED_FACE ( 'NONE', ( #1727 ), #1686, .F. ) ;
#1671 = ORIENTED_EDGE ( 'NONE', *, *, #1672, .T. ) ;
#1672 = EDGE_CURVE ( 'NONE', #1674, #1676, #1682, .T. ) ;
#1673 = DIRECTION ( 'NONE',  ( 1.000000000000000000, 0.0000000000000000000, -7.150601860090840900E-018 ) ) ;
#1674 = VERTEX_POINT ( 'NONE', #1815 ) ;
#1675 = DIRECTION ( 'NONE',  ( 7.150601860090840900E-018, -0.0000000000000000000, 1.000000000000000000 ) ) ;
#1676 = VERTEX_POINT ( 'NONE', #1813 ) ;
#1677 = CARTESIAN_POINT ( 'NONE',  ( -5.074143424121714000, 10.10000000000000000, 0.02540000000000007500 ) ) ;
#1678 = ORIENTED_EDGE ( 'NONE', *, *, #1681, .T. ) ;
#1679 = AXIS2_PLACEMENT_3D ( 'NONE', #1677, #1675, #1673 ) ;
#1681 = EDGE_CURVE ( 'NONE', #1676, #1683, #1808, .T. ) ;
#1680 = CARTESIAN_POINT ( 'NONE',  ( -4.959792110495889100, 10.10000000000000000, 0.02540000000000007500 ) ) ;
#1682 = LINE ( 'NONE', #1680, #1819 ) ;
#1683 = VERTEX_POINT ( 'NONE', #1800 ) ;
#1684 = ORIENTED_EDGE ( 'NONE', *, *, #1685, .F. ) ;
#1685 = EDGE_CURVE ( 'NONE', #1687, #1683, #1795, .T. ) ;
#1687 = VERTEX_POINT ( 'NONE', #1789 ) ;
#1686 = PLANE ( 'NONE',  #1679 ) ;
#1688 = ORIENTED_EDGE ( 'NONE', *, *, #1798, .F. ) ;
#1689 = VERTEX_POINT ( 'NONE', #1786 ) ;
#1690 =( GEOMETRIC_REPRESENTATION_CONTEXT ( 3 ) GLOBAL_UNCERTAINTY_ASSIGNED_CONTEXT ( ( #1697 ) ) GLOBAL_UNIT_ASSIGNED_CONTEXT ( ( #1710, #1705, #1701 ) ) REPRESENTATION_CONTEXT ( 'NONE', 'WORKASPACE' ) );
#1691 = ORIENTED_EDGE ( 'NONE', *, *, #1692, .T. ) ;
#1692 = EDGE_CURVE ( 'NONE', #1796, #1797, #1779, .T. ) ;
#1693 = ORIENTED_EDGE ( 'NONE', *, *, #1745, .T. ) ;
#1694 = ADVANCED_FACE ( 'NONE', ( #1770 ), #1871, .F. ) ;
#1695 = ORIENTED_EDGE ( 'NONE', *, *, #1712, .F. ) ;
#1696 = ORIENTED_EDGE ( 'NONE', *, *, #1603, .T. ) ;
#1698 = EDGE_CURVE ( 'NONE', #1699, #1703, #1866, .T. ) ;
#1697 = UNCERTAINTY_MEASURE_WITH_UNIT (LENGTH_MEASURE( 1.000000000000000100E-005 ), #1710, 'distance_accuracy_value', 'NONE');
#1699 = VERTEX_POINT ( 'NONE', #1851 ) ;
#1700 = EDGE_CURVE ( 'NONE', #1711, #1713, #1846, .T. ) ;
#1701 =( NAMED_UNIT ( * ) SI_UNIT ( $, .STERADIAN. ) SOLID_ANGLE_UNIT ( ) );
#1702 = EDGE_CURVE ( 'NONE', #1703, #1704, #1836, .T. ) ;
#1703 = VERTEX_POINT ( 'NONE', #1829 ) ;
#1704 = VERTEX_POINT ( 'NONE', #1828 ) ;
#1705 =( NAMED_UNIT ( * ) PLANE_ANGLE_UNIT ( ) SI_UNIT ( $, .RADIAN. ) );
#1706 = EDGE_CURVE ( 'NONE', #1728, #1707, #1823, .T. ) ;
#1707 = VERTEX_POINT ( 'NONE', #1955 ) ;
#1708 = ORIENTED_EDGE ( 'NONE', *, *, #1326, .F. ) ;
#1709 = EDGE_CURVE ( 'NONE', #24, #1711, #1949, .T. ) ;
#1710 =( LENGTH_UNIT ( ) NAMED_UNIT ( * ) SI_UNIT ( .MILLI., .METRE. ) );
#1711 = VERTEX_POINT ( 'NONE', #1941 ) ;
#1712 = EDGE_CURVE ( 'NONE', #1327, #1322, #1936, .T. ) ;
#1713 = VERTEX_POINT ( 'NONE', #1928 ) ;
#1714 = MECHANICAL_DESIGN_GEOMETRIC_PRESENTATION_REPRESENTATION (  '', ( #1718 ), #1690 ) ;
#1715 = ORIENTED_EDGE ( 'NONE', *, *, #1717, .T. ) ;
#1716 = PRESENTATION_LAYER_ASSIGNMENT (  '', '', ( #1718 ) ) ;
#1717 = EDGE_CURVE ( 'NONE', #1704, #24, #1922, .T. ) ;
#1718 = STYLED_ITEM ( 'NONE', ( #1719 ), #1670 ) ;
#1719 = PRESENTATION_STYLE_ASSIGNMENT (( #1720 ) ) ;
#1720 = SURFACE_STYLE_USAGE ( .BOTH. , #1722 ) ;
#1721 = ADVANCED_FACE ( 'NONE', ( #1915, #1914, #1912 ), #2012, .F. ) ;
#1722 = SURFACE_SIDE_STYLE ('',( #1723 ) ) ;
#1723 = SURFACE_STYLE_FILL_AREA ( #1724 ) ;
#1724 = FILL_AREA_STYLE ('',( #1737 ) ) ;
#1725 = COLOUR_RGB ( '',0.1254901960784313700, 0.1254901960784313700, 0.1254901960784313700 ) ;
#1726 = EDGE_LOOP ( 'NONE', ( #1695, #1708 ) ) ;
#1727 = FACE_OUTER_BOUND ( 'NONE', #1791, .T. ) ;
#1728 = VERTEX_POINT ( 'NONE', #2001 ) ;
#1729 = DIRECTION ( 'NONE',  ( 0.0000000000000000000, 0.0000000000000000000, 1.000000000000000000 ) ) ;
#1730 = ORIENTED_EDGE ( 'NONE', *, *, #1706, .T. ) ;
#1731 = DIRECTION ( 'NONE',  ( -1.000000000000000000, 0.0000000000000000000, 0.0000000000000000000 ) ) ;
#1732 = ORIENTED_EDGE ( 'NONE', *, *, #1475, .T. ) ;
#1733 = CARTESIAN_POINT ( 'NONE',  ( 5.349999999999999600, -9.999199999999998300, 0.05080000000000017800 ) ) ;
#1734 = ORIENTED_EDGE ( 'NONE', *, *, #1736, .T. ) ;
#1735 = AXIS2_PLACEMENT_3D ( 'NONE', #1733, #1731, #1729 ) ;
#1736 = EDGE_CURVE ( 'NONE', #1713, #1728, #1996, .T. ) ;
#1737 = FILL_AREA_STYLE_COLOUR ( '', #1725 ) ;
#1738 = ORIENTED_EDGE ( 'NONE', *, *, #1739, .T. ) ;
#1739 = EDGE_CURVE ( 'NONE', #1707, #1699, #1985, .T. ) ;
#1740 = CIRCLE ( 'NONE', #1735, 0.05080000000000000500 ) ;
#1741 = ORIENTED_EDGE ( 'NONE', *, *, #1742, .T. ) ;
#1742 = EDGE_CURVE ( 'NONE', #1881, #2761, #1970, .T. ) ;
#1743 = ORIENTED_EDGE ( 'NONE', *, *, #1744, .T. ) ;
#1744 = EDGE_CURVE ( 'NONE', #1689, #1782, #2093, .T. ) ;
#1745 = EDGE_CURVE ( 'NONE', #1797, #1746, #2095, .T. ) ;
#1746 = VERTEX_POINT ( 'NONE', #2078 ) ;
#1747 =( NAMED_UNIT ( * ) PLANE_ANGLE_UNIT ( ) SI_UNIT ( $, .RADIAN. ) );
#1748 = ORIENTED_EDGE ( 'NONE', *, *, #1749, .T. ) ;
#1749 = EDGE_CURVE ( 'NONE', #1746, #1750, #2072, .T. ) ;
#1750 = VERTEX_POINT ( 'NONE', #2064 ) ;
#1751 = EDGE_LOOP ( 'NONE', ( #1754, #1743, #1817, #1691, #1693, #1748, #1807, #1811, #1816, #1760, #1768, #1775, #1784, #1788 ) ) ;
#1752 =( LENGTH_UNIT ( ) NAMED_UNIT ( * ) SI_UNIT ( .MILLI., .METRE. ) );
#1753 = VERTEX_POINT ( 'NONE', #2061 ) ;
#1754 = ORIENTED_EDGE ( 'NONE', *, *, #1780, .F. ) ;
#1755 = MECHANICAL_DESIGN_GEOMETRIC_PRESENTATION_REPRESENTATION (  '', ( #1759 ), #1874 ) ;
#1756 = EDGE_CURVE ( 'NONE', #1814, #1758, #2056, .T. ) ;
#1757 = PRESENTATION_LAYER_ASSIGNMENT (  '', '', ( #1759 ) ) ;
#1758 = VERTEX_POINT ( 'NONE', #2049 ) ;
#1759 = STYLED_ITEM ( 'NONE', ( #1761 ), #1694 ) ;
#1760 = ORIENTED_EDGE ( 'NONE', *, *, #1763, .T. ) ;
#1761 = PRESENTATION_STYLE_ASSIGNMENT (( #1762 ) ) ;
#1763 = EDGE_CURVE ( 'NONE', #1758, #1766, #2045, .T. ) ;
#1762 = SURFACE_STYLE_USAGE ( .BOTH. , #1764 ) ;
#1764 = SURFACE_SIDE_STYLE ('',( #1765 ) ) ;
#1766 = VERTEX_POINT ( 'NONE', #2038 ) ;
#1765 = SURFACE_STYLE_FILL_AREA ( #1767 ) ;
#1767 = FILL_AREA_STYLE ('',( #1781 ) ) ;
#1768 = ORIENTED_EDGE ( 'NONE', *, *, #1771, .T. ) ;
#1769 = COLOUR_RGB ( '',0.1254901960784313700, 0.1254901960784313700, 0.1254901960784313700 ) ;
#1771 = EDGE_CURVE ( 'NONE', #1766, #1773, #2033, .T. ) ;
#1770 = FACE_OUTER_BOUND ( 'NONE', #1751, .T. ) ;
#1773 = VERTEX_POINT ( 'NONE', #2026 ) ;
#1772 = DIRECTION ( 'NONE',  ( 0.0000000000000000000, 0.0000000000000000000, 1.000000000000000000 ) ) ;
#1775 = ORIENTED_EDGE ( 'NONE', *, *, #1777, .T. ) ;
#1774 = DIRECTION ( 'NONE',  ( -1.000000000000000000, 0.0000000000000000000, 0.0000000000000000000 ) ) ;
#1776 = CARTESIAN_POINT ( 'NONE',  ( 5.349999999999999600, 9.999200000000000100, 0.9016999999999998300 ) ) ;
#1777 = EDGE_CURVE ( 'NONE', #1773, #1783, #2167, .T. ) ;
#1778 = AXIS2_PLACEMENT_3D ( 'NONE', #1776, #1774, #1772 ) ;
#1779 = CIRCLE ( 'NONE', #1778, 0.05080000000000004000 ) ;
#1780 = EDGE_CURVE ( 'NONE', #1689, #1753, #2160, .T. ) ;
#1782 = VERTEX_POINT ( 'NONE', #2152 ) ;
#1781 = FILL_AREA_STYLE_COLOUR ( '', #1769 ) ;
#1783 = VERTEX_POINT ( 'NONE', #2150 ) ;
#1784 = ORIENTED_EDGE ( 'NONE', *, *, #1785, .F. ) ;
#1785 = EDGE_CURVE ( 'NONE', #1787, #1783, #2144, .T. ) ;
#1787 = VERTEX_POINT ( 'NONE', #2137 ) ;
#1786 = CARTESIAN_POINT ( 'NONE',  ( 5.350000000000000500, -10.04999999999999900, 0.9016999999999998300 ) ) ;
#1788 = ORIENTED_EDGE ( 'NONE', *, *, #1668, .T. ) ;
#1789 = CARTESIAN_POINT ( 'NONE',  ( 4.079999999999999200, 9.000000000000000000, 0.02540000000000011300 ) ) ;
#1790 = DIRECTION ( 'NONE',  ( 0.0000000000000000000, 1.000000000000000000, 0.0000000000000000000 ) ) ;
#1791 = EDGE_LOOP ( 'NONE', ( #1671, #1678, #1684, #1688, #1801, #2649, #2762, #2786 ) ) ;
#1792 = VECTOR ( 'NONE', #1790, 1000.000000000000000 ) ;
#1793 = EDGE_CURVE ( 'NONE', #1796, #1782, #2134, .T. ) ;
#1794 = CARTESIAN_POINT ( 'NONE',  ( 4.079999999999999200, 9.000000000000000000, 0.02540000000000011300 ) ) ;
#1795 = LINE ( 'NONE', #1794, #1792 ) ;
#1796 = VERTEX_POINT ( 'NONE', #2127 ) ;
#1797 = VERTEX_POINT ( 'NONE', #2125 ) ;
#1798 = EDGE_CURVE ( 'NONE', #1799, #1687, #2121, .T. ) ;
#1799 = VERTEX_POINT ( 'NONE', #2114 ) ;
#1801 = ORIENTED_EDGE ( 'NONE', *, *, #1802, .F. ) ;
#1800 = CARTESIAN_POINT ( 'NONE',  ( 4.079999999999999200, 9.972999999999999000, 0.02540000000000011300 ) ) ;
#1802 = EDGE_CURVE ( 'NONE', #2653, #1799, #2109, .T. ) ;
#1803 = DIRECTION ( 'NONE',  ( 1.000000000000000000, -0.0000000000000000000, -7.150601860090840900E-018 ) ) ;
#1804 = VECTOR ( 'NONE', #1803, 1000.000000000000000 ) ;
#1805 = ORIENTED_EDGE ( 'NONE', *, *, #3371, .F. ) ;
#1806 = CARTESIAN_POINT ( 'NONE',  ( -5.074143424121714000, 9.972999999999999000, 0.02540000000000007500 ) ) ;
#1807 = ORIENTED_EDGE ( 'NONE', *, *, #1809, .F. ) ;
#1808 = LINE ( 'NONE', #1806, #1804 ) ;
#1809 = EDGE_CURVE ( 'NONE', #1810, #1750, #2102, .T. ) ;
#1810 = VERTEX_POINT ( 'NONE', #2236 ) ;
#1811 = ORIENTED_EDGE ( 'NONE', *, *, #1812, .F. ) ;
#1812 = EDGE_CURVE ( 'NONE', #1814, #1810, #2232, .T. ) ;
#1813 = CARTESIAN_POINT ( 'NONE',  ( -4.959792110495889100, 9.972999999999999000, 0.02540000000000007500 ) ) ;
#1814 = VERTEX_POINT ( 'NONE', #2225 ) ;
#1816 = ORIENTED_EDGE ( 'NONE', *, *, #1756, .T. ) ;
#1815 = CARTESIAN_POINT ( 'NONE',  ( -4.959792110495889100, -9.973000000000000800, 0.02540000000000007500 ) ) ;
#1817 = ORIENTED_EDGE ( 'NONE', *, *, #1793, .F. ) ;
#1818 = DIRECTION ( 'NONE',  ( -0.0000000000000000000, 1.000000000000000000, -0.0000000000000000000 ) ) ;
#1819 = VECTOR ( 'NONE', #1818, 1000.000000000000000 ) ;
#1820 = VERTEX_POINT ( 'NONE', #2223 ) ;
#1821 = ORIENTED_EDGE ( 'NONE', *, *, #1822, .F. ) ;
#1822 = EDGE_CURVE ( 'NONE', #7015, #1820, #2219, .T. ) ;
#1823 = LINE ( 'NONE', #1959, #1957 ) ;
#1824 = ORIENTED_EDGE ( 'NONE', *, *, #1877, .F. ) ;
#1825 = ORIENTED_EDGE ( 'NONE', *, *, #1826, .T. ) ;
#1826 = EDGE_CURVE ( 'NONE', #1875, #1878, #2209, .T. ) ;
#1827 = ADVANCED_FACE ( 'NONE', ( #2203 ), #2305, .T. ) ;
#1828 = CARTESIAN_POINT ( 'NONE',  ( 4.880963934046633300, 9.644738602732116900, 4.999999999999999100 ) ) ;
#1829 = CARTESIAN_POINT ( 'NONE',  ( 4.880963934046633300, -9.644738602732118700, 4.999999999999999100 ) ) ;
#1830 = EDGE_LOOP ( 'NONE', ( #1832, #1837 ) ) ;
#1831 = DIRECTION ( 'NONE',  ( -0.0000000000000000000, 1.000000000000000000, -0.0000000000000000000 ) ) ;
#1832 = ORIENTED_EDGE ( 'NONE', *, *, #1834, .T. ) ;
#1833 = VECTOR ( 'NONE', #1831, 1000.000000000000000 ) ;
#1834 = EDGE_CURVE ( 'NONE', #1346, #1369, #2289, .T. ) ;
#1835 = CARTESIAN_POINT ( 'NONE',  ( 4.880963934046633300, 10.10000000000000000, 4.999999999999999100 ) ) ;
#1837 = ORIENTED_EDGE ( 'NONE', *, *, #1367, .T. ) ;
#1836 = LINE ( 'NONE', #1835, #1833 ) ;
#1838 = ADVANCED_FACE ( 'NONE', ( #2281 ), #2371, .F. ) ;
#1839 = EDGE_LOOP ( 'NONE', ( #1840, #1842, #1939, #1940 ) ) ;
#1840 = ORIENTED_EDGE ( 'NONE', *, *, #1460, .F. ) ;
#1841 = DIRECTION ( 'NONE',  ( -1.000000000000000000, 3.081487911019577400E-033, 1.708586460515685700E-016 ) ) ;
#1842 = ORIENTED_EDGE ( 'NONE', *, *, #1834, .F. ) ;
#1843 = VECTOR ( 'NONE', #1841, 1000.000000000000000 ) ;
#1845 = ORIENTED_EDGE ( 'NONE', *, *, #2764, .F. ) ;
#1844 = CARTESIAN_POINT ( 'NONE',  ( -5.157659249463804100, 9.644738602732116900, 5.000000000000000900 ) ) ;
#1846 = LINE ( 'NONE', #1844, #1843 ) ;
#1847 = ORIENTED_EDGE ( 'NONE', *, *, #1848, .T. ) ;
#1848 = EDGE_CURVE ( 'NONE', #2758, #2651, #2372, .T. ) ;
#1849 = ORIENTED_EDGE ( 'NONE', *, *, #2787, .F. ) ;
#1850 = ADVANCED_FACE ( 'NONE', ( #2352 ), #2314, .F. ) ;
#1851 = CARTESIAN_POINT ( 'NONE',  ( -0.9903318623966750300, -9.644738602732118700, 5.000000000000000000 ) ) ;
#1852 = DIRECTION ( 'NONE',  ( 1.000000000000000000, 0.0000000000000000000, -1.708586460515685700E-016 ) ) ;
#1854 = EDGE_LOOP ( 'NONE', ( #1855, #1857, #1859, #1861 ) ) ;
#1853 = VECTOR ( 'NONE', #1852, 1000.000000000000000 ) ;
#1855 = ORIENTED_EDGE ( 'NONE', *, *, #1742, .F. ) ;
#1856 = CARTESIAN_POINT ( 'NONE',  ( 4.995315247672459200, -9.644738602732118700, 4.999999999999999100 ) ) ;
#1857 = ORIENTED_EDGE ( 'NONE', *, *, #1858, .T. ) ;
#1858 = EDGE_CURVE ( 'NONE', #1881, #1870, #2437, .T. ) ;
#1859 = ORIENTED_EDGE ( 'NONE', *, *, #1869, .T. ) ;
#1861 = ORIENTED_EDGE ( 'NONE', *, *, #2774, .F. ) ;
#1860 = DIRECTION ( 'NONE',  ( 0.0000000000000000000, 0.0000000000000000000, 1.000000000000000000 ) ) ;
#1862 = DIRECTION ( 'NONE',  ( -1.000000000000000000, 0.0000000000000000000, 0.0000000000000000000 ) ) ;
#1864 = ADVANCED_FACE ( 'NONE', ( #2421 ), #2382, .F. ) ;
#1863 = CARTESIAN_POINT ( 'NONE',  ( 5.349999999999999600, 10.10000000000000000, 0.02540000000000000200 ) ) ;
#1865 = AXIS2_PLACEMENT_3D ( 'NONE', #1863, #1862, #1860 ) ;
#1866 = LINE ( 'NONE', #1856, #1853 ) ;
#1867 = EDGE_LOOP ( 'NONE', ( #1824, #1825 ) ) ;
#1868 = ORIENTED_EDGE ( 'NONE', *, *, #1869, .F. ) ;
#1869 = EDGE_CURVE ( 'NONE', #1870, #2765, #2497, .T. ) ;
#1870 = VERTEX_POINT ( 'NONE', #2495 ) ;
#1871 = PLANE ( 'NONE',  #1865 ) ;
#1872 = ORIENTED_EDGE ( 'NONE', *, *, #1873, .T. ) ;
#1873 = EDGE_CURVE ( 'NONE', #1870, #1875, #2481, .T. ) ;
#1875 = VERTEX_POINT ( 'NONE', #2479 ) ;
#1874 =( GEOMETRIC_REPRESENTATION_CONTEXT ( 3 ) GLOBAL_UNCERTAINTY_ASSIGNED_CONTEXT ( ( #1882 ) ) GLOBAL_UNIT_ASSIGNED_CONTEXT ( ( #1752, #1747, #1883 ) ) REPRESENTATION_CONTEXT ( 'NONE', 'WORKASPACE' ) );
#1876 = ORIENTED_EDGE ( 'NONE', *, *, #1877, .T. ) ;
#1877 = EDGE_CURVE ( 'NONE', #1875, #1878, #2472, .T. ) ;
#1878 = VERTEX_POINT ( 'NONE', #2573 ) ;
#1879 = ORIENTED_EDGE ( 'NONE', *, *, #1880, .T. ) ;
#1880 = EDGE_CURVE ( 'NONE', #1878, #1881, #2567, .T. ) ;
#1881 = VERTEX_POINT ( 'NONE', #2565 ) ;
#1882 = UNCERTAINTY_MEASURE_WITH_UNIT (LENGTH_MEASURE( 1.000000000000000100E-005 ), #1752, 'distance_accuracy_value', 'NONE');
#1884 = EDGE_LOOP ( 'NONE', ( #1885, #1987, #1989, #1994, #1999, #2004, #1971, #1972, #1973, #1974, #1975, #1976, #1977, #1978 ) ) ;
#1883 =( NAMED_UNIT ( * ) SI_UNIT ( $, .STERADIAN. ) SOLID_ANGLE_UNIT ( ) );
#1885 = ORIENTED_EDGE ( 'NONE', *, *, #1809, .T. ) ;
#1886 = VERTEX_POINT ( 'NONE', #2569 ) ;
#1887 =( NAMED_UNIT ( * ) SI_UNIT ( $, .STERADIAN. ) SOLID_ANGLE_UNIT ( ) );
#1888 = EDGE_CURVE ( 'NONE', #1889, #1799, #2556, .T. ) ;
#1889 = VERTEX_POINT ( 'NONE', #2523 ) ;
#1890 = ORIENTED_EDGE ( 'NONE', *, *, #1892, .F. ) ;
#1891 =( NAMED_UNIT ( * ) PLANE_ANGLE_UNIT ( ) SI_UNIT ( $, .RADIAN. ) );
#1892 = EDGE_CURVE ( 'NONE', #1925, #1889, #2518, .T. ) ;
#1893 = ORIENTED_EDGE ( 'NONE', *, *, #1923, .T. ) ;
#1894 = ADVANCED_FACE ( 'NONE', ( #2513 ), #2511, .F. ) ;
#1895 =( LENGTH_UNIT ( ) NAMED_UNIT ( * ) SI_UNIT ( .MILLI., .METRE. ) );
#1896 = EDGE_LOOP ( 'NONE', ( #1897, #1899, #1906, #2009 ) ) ;
#1897 = ORIENTED_EDGE ( 'NONE', *, *, #1798, .T. ) ;
#1898 = MECHANICAL_DESIGN_GEOMETRIC_PRESENTATION_REPRESENTATION (  '', ( #1902 ), #2016 ) ;
#1899 = ORIENTED_EDGE ( 'NONE', *, *, #1901, .F. ) ;
#1901 = EDGE_CURVE ( 'NONE', #1903, #1687, #2641, .T. ) ;
#1900 = PRESENTATION_LAYER_ASSIGNMENT (  '', '', ( #1902 ) ) ;
#1902 = STYLED_ITEM ( 'NONE', ( #1904 ), #1721 ) ;
#1903 = VERTEX_POINT ( 'NONE', #2634 ) ;
#1904 = PRESENTATION_STYLE_ASSIGNMENT (( #1905 ) ) ;
#1906 = ORIENTED_EDGE ( 'NONE', *, *, #1908, .F. ) ;
#1905 = SURFACE_STYLE_USAGE ( .BOTH. , #1907 ) ;
#1907 = SURFACE_SIDE_STYLE ('',( #1909 ) ) ;
#1908 = EDGE_CURVE ( 'NONE', #1889, #1903, #2630, .T. ) ;
#1909 = SURFACE_STYLE_FILL_AREA ( #1910 ) ;
#1910 = FILL_AREA_STYLE ('',( #1924 ) ) ;
#1911 = COLOUR_RGB ( '',0.1254901960784313700, 0.1254901960784313700, 0.1254901960784313700 ) ;
#1913 = ADVANCED_FACE ( 'NONE', ( #2623 ), #2621, .F. ) ;
#1912 = FACE_BOUND ( 'NONE', #22, .T. ) ;
#1914 = FACE_OUTER_BOUND ( 'NONE', #11444, .T. ) ;
#1915 = FACE_BOUND ( 'NONE', #1726, .T. ) ;
#1916 = EDGE_LOOP ( 'NONE', ( #1918, #1921, #1926, #1929 ) ) ;
#1917 = DIRECTION ( 'NONE',  ( -1.000000000000000000, 3.081487911019577400E-033, 1.708586460515685700E-016 ) ) ;
#1918 = ORIENTED_EDGE ( 'NONE', *, *, #2751, .T. ) ;
#1919 = VECTOR ( 'NONE', #1917, 1000.000000000000000 ) ;
#1921 = ORIENTED_EDGE ( 'NONE', *, *, #1923, .F. ) ;
#1920 = CARTESIAN_POINT ( 'NONE',  ( -1.078049277123603900, 9.644738602732116900, 5.000000000000000000 ) ) ;
#1922 = LINE ( 'NONE', #1920, #1919 ) ;
#1923 = EDGE_CURVE ( 'NONE', #1925, #2653, #2615, .T. ) ;
#1924 = FILL_AREA_STYLE_COLOUR ( '', #1911 ) ;
#1925 = VERTEX_POINT ( 'NONE', #2599 ) ;
#1926 = ORIENTED_EDGE ( 'NONE', *, *, #1927, .F. ) ;
#1927 = EDGE_CURVE ( 'NONE', #1820, #1925, #2596, .T. ) ;
#1928 = CARTESIAN_POINT ( 'NONE',  ( -5.043307935837980000, 9.644738602732116900, 5.000000000000000900 ) ) ;
#1929 = ORIENTED_EDGE ( 'NONE', *, *, #1954, .T. ) ;
#1930 = DIRECTION ( 'NONE',  ( 1.000000000000000000, 0.0000000000000000000, 0.0000000000000000000 ) ) ;
#1931 = ADVANCED_FACE ( 'NONE', ( #2589 ), #2587, .F. ) ;
#1932 = DIRECTION ( 'NONE',  ( 0.0000000000000000000, 0.0000000000000000000, 1.000000000000000000 ) ) ;
#1933 = CARTESIAN_POINT ( 'NONE',  ( -2.301999999999991200, 6.699999999999999300, 5.000000000000000000 ) ) ;
#1934 = AXIS2_PLACEMENT_3D ( 'NONE', #1933, #1932, #1930 ) ;
#1935 = EDGE_LOOP ( 'NONE', ( #1937, #1938, #1890, #1893 ) ) ;
#1936 = CIRCLE ( 'NONE', #1934, 1.100000000000000100 ) ;
#1937 = ORIENTED_EDGE ( 'NONE', *, *, #1802, .T. ) ;
#1938 = ORIENTED_EDGE ( 'NONE', *, *, #1888, .F. ) ;
#1939 = ORIENTED_EDGE ( 'NONE', *, *, #1463, .T. ) ;
#1940 = ORIENTED_EDGE ( 'NONE', *, *, #1712, .T. ) ;
#1941 = CARTESIAN_POINT ( 'NONE',  ( -3.613668137603307100, 9.644738602732116900, 5.000000000000000900 ) ) ;
#1942 = ADVANCED_FACE ( 'NONE', ( #2715 ), #2582, .F. ) ;
#1943 = DIRECTION ( 'NONE',  ( -1.000000000000000000, 0.0000000000000000000, 0.0000000000000000000 ) ) ;
#1944 = DIRECTION ( 'NONE',  ( -1.708586460515685700E-016, 0.0000000000000000000, -1.000000000000000000 ) ) ;
#1945 = CARTESIAN_POINT ( 'NONE',  ( -2.301999999999991600, 10.10000000000000000, 5.000000000000000000 ) ) ;
#1946 = EDGE_LOOP ( 'NONE', ( #1948, #1950, #1952, #1953, #1821 ) ) ;
#1947 = AXIS2_PLACEMENT_3D ( 'NONE', #1945, #1944, #1943 ) ;
#1948 = ORIENTED_EDGE ( 'NONE', *, *, #49, .T. ) ;
#1949 = CIRCLE ( 'NONE', #1947, 1.388429415939483400 ) ;
#1950 = ORIENTED_EDGE ( 'NONE', *, *, #1951, .T. ) ;
#1951 = EDGE_CURVE ( 'NONE', #47, #2763, #2701, .T. ) ;
#1952 = ORIENTED_EDGE ( 'NONE', *, *, #2748, .T. ) ;
#1953 = ORIENTED_EDGE ( 'NONE', *, *, #1954, .F. ) ;
#1954 = EDGE_CURVE ( 'NONE', #1820, #2647, #2692, .T. ) ;
#1955 = CARTESIAN_POINT ( 'NONE',  ( -3.613668137603308000, -9.644738602732118700, 5.000000000000000900 ) ) ;
#1956 = DIRECTION ( 'NONE',  ( 1.000000000000000000, 0.0000000000000000000, -1.708586460515685700E-016 ) ) ;
#1957 = VECTOR ( 'NONE', #1956, 1000.000000000000000 ) ;
#1958 = EDGE_LOOP ( 'NONE', ( #1960, #1967, #1969, #2062, #2068, #2074 ) ) ;
#1959 = CARTESIAN_POINT ( 'NONE',  ( -3.525950722876380000, -9.644738602732118700, 5.000000000000000900 ) ) ;
#1960 = ORIENTED_EDGE ( 'NONE', *, *, #1962, .T. ) ;
#1961 = CARTESIAN_POINT ( 'NONE',  ( -3.341125759862636700, 9.889543177746128700, 1.990327223499254800 ) ) ;
#1962 = EDGE_CURVE ( 'NONE', #1965, #1966, #2682, .T. ) ;
#1963 = CARTESIAN_POINT ( 'NONE',  ( -3.303143219992964700, 9.859601475172400600, 1.562140927834635400 ) ) ;
#1964 = CARTESIAN_POINT ( 'NONE',  ( 5.349999999999999600, -9.999200000000000100, 0.9016999999999998300 ) ) ;
#1965 = VERTEX_POINT ( 'NONE', #2676 ) ;
#1966 = VERTEX_POINT ( 'NONE', #2674 ) ;
#1967 = ORIENTED_EDGE ( 'NONE', *, *, #1968, .T. ) ;
#1968 = EDGE_CURVE ( 'NONE', #1966, #1796, #2669, .T. ) ;
#1969 = ORIENTED_EDGE ( 'NONE', *, *, #1793, .T. ) ;
#1970 = B_SPLINE_CURVE_WITH_KNOTS ( 'NONE', 3,
 ( #1963, #1961, #2100, #2098 ),
 .UNSPECIFIED., .F., .F.,
 ( 4, 4 ),
 ( 0.0001188948926766303200, 0.001411601961568464100 ),
 .UNSPECIFIED. ) ;
#1971 = ORIENTED_EDGE ( 'NONE', *, *, #1785, .T. ) ;
#1972 = ORIENTED_EDGE ( 'NONE', *, *, #7017, .T. ) ;
#1973 = ORIENTED_EDGE ( 'NONE', *, *, #1822, .T. ) ;
#1974 = ORIENTED_EDGE ( 'NONE', *, *, #1927, .T. ) ;
#1975 = ORIENTED_EDGE ( 'NONE', *, *, #1892, .T. ) ;
#1976 = ORIENTED_EDGE ( 'NONE', *, *, #1908, .T. ) ;
#1977 = ORIENTED_EDGE ( 'NONE', *, *, #2019, .T. ) ;
#1978 = ORIENTED_EDGE ( 'NONE', *, *, #41, .T. ) ;
#1979 = DIRECTION ( 'NONE',  ( -1.000000000000000000, 0.0000000000000000000, 0.0000000000000000000 ) ) ;
#1980 = EDGE_LOOP ( 'NONE', ( #1982, #2086 ) ) ;
#1981 = DIRECTION ( 'NONE',  ( -1.708586460515685700E-016, 0.0000000000000000000, -1.000000000000000000 ) ) ;
#1982 = ORIENTED_EDGE ( 'NONE', *, *, #1348, .T. ) ;
#1983 = CARTESIAN_POINT ( 'NONE',  ( -2.301999999999991600, -10.10000000000000000, 5.000000000000000000 ) ) ;
#1984 = AXIS2_PLACEMENT_3D ( 'NONE', #1983, #1981, #1979 ) ;
#1986 = EDGE_LOOP ( 'NONE', ( #2092, #2094 ) ) ;
#1985 = CIRCLE ( 'NONE', #1984, 1.388429415939483400 ) ;
#1987 = ORIENTED_EDGE ( 'NONE', *, *, #1988, .T. ) ;
#1988 = EDGE_CURVE ( 'NONE', #1750, #1886, #2660, .T. ) ;
#1989 = ORIENTED_EDGE ( 'NONE', *, *, #1990, .T. ) ;
#1990 = EDGE_CURVE ( 'NONE', #1886, #1992, #2652, .T. ) ;
#1991 = DIRECTION ( 'NONE',  ( 0.0000000000000000000, -1.000000000000000000, 0.0000000000000000000 ) ) ;
#1992 = VERTEX_POINT ( 'NONE', #2789 ) ;
#1993 = VECTOR ( 'NONE', #1991, 1000.000000000000000 ) ;
#1994 = ORIENTED_EDGE ( 'NONE', *, *, #1997, .T. ) ;
#1995 = CARTESIAN_POINT ( 'NONE',  ( -5.043307935837980000, 10.10000000000000000, 5.000000000000000900 ) ) ;
#1997 = EDGE_CURVE ( 'NONE', #1992, #1998, #2784, .T. ) ;
#1996 = LINE ( 'NONE', #1995, #1993 ) ;
#1998 = VERTEX_POINT ( 'NONE', #2777 ) ;
#1999 = ORIENTED_EDGE ( 'NONE', *, *, #2000, .T. ) ;
#2000 = EDGE_CURVE ( 'NONE', #1998, #2002, #2773, .T. ) ;
#2001 = CARTESIAN_POINT ( 'NONE',  ( -5.043307935837980000, -9.644738602732118700, 5.000000000000000900 ) ) ;
#2002 = VERTEX_POINT ( 'NONE', #2766 ) ;
#2003 = DIRECTION ( 'NONE',  ( -1.000000000000000000, 0.0000000000000000000, 1.708586460515685700E-016 ) ) ;
#2004 = ORIENTED_EDGE ( 'NONE', *, *, #2006, .T. ) ;
#2005 = DIRECTION ( 'NONE',  ( -1.708586460515685700E-016, 0.0000000000000000000, -1.000000000000000000 ) ) ;
#2006 = EDGE_CURVE ( 'NONE', #2002, #1787, #2760, .T. ) ;
#2007 = CARTESIAN_POINT ( 'NONE',  ( 4.995315247672459200, 10.10000000000000000, 4.999999999999999100 ) ) ;
#2009 = ORIENTED_EDGE ( 'NONE', *, *, #1888, .T. ) ;
#2008 = AXIS2_PLACEMENT_3D ( 'NONE', #2007, #2005, #2003 ) ;
#2010 = ADVANCED_FACE ( 'NONE', ( #2753 ), #2752, .F. ) ;
#2011 = EDGE_LOOP ( 'NONE', ( #2013, #2014, #2017, #2018, #2020 ) ) ;
#2013 = ORIENTED_EDGE ( 'NONE', *, *, #1685, .T. ) ;
#2012 = PLANE ( 'NONE',  #2008 ) ;
#2014 = ORIENTED_EDGE ( 'NONE', *, *, #2015, .T. ) ;
#2015 = EDGE_CURVE ( 'NONE', #1683, #70, #2734, .T. ) ;
#2016 =( GEOMETRIC_REPRESENTATION_CONTEXT ( 3 ) GLOBAL_UNCERTAINTY_ASSIGNED_CONTEXT ( ( #2023 ) ) GLOBAL_UNIT_ASSIGNED_CONTEXT ( ( #1895, #1891, #1887 ) ) REPRESENTATION_CONTEXT ( 'NONE', 'WORKASPACE' ) );
#2017 = ORIENTED_EDGE ( 'NONE', *, *, #68, .F. ) ;
#2018 = ORIENTED_EDGE ( 'NONE', *, *, #2019, .F. ) ;
#2019 = EDGE_CURVE ( 'NONE', #1903, #69, #2723, .T. ) ;
#2020 = ORIENTED_EDGE ( 'NONE', *, *, #1901, .T. ) ;
#2021 = ADVANCED_FACE ( 'NONE', ( #2868, #2866 ), #2865, .T. ) ;
#2022 = EDGE_CURVE ( 'NONE', #2024, #2025, #2858, .T. ) ;
#2023 = UNCERTAINTY_MEASURE_WITH_UNIT (LENGTH_MEASURE( 1.000000000000000100E-005 ), #1895, 'distance_accuracy_value', 'NONE');
#2024 = VERTEX_POINT ( 'NONE', #2844 ) ;
#2025 = VERTEX_POINT ( 'NONE', #2842 ) ;
#2026 = CARTESIAN_POINT ( 'NONE',  ( 5.349999999999999600, -10.10000000000000000, 1.126499999999837700 ) ) ;
#2027 = ORIENTED_EDGE ( 'NONE', *, *, #2029, .T. ) ;
#2028 = DIRECTION ( 'NONE',  ( 0.0000000000000000000, -0.08715574274765465500, -0.9961946980917457700 ) ) ;
#2029 = EDGE_CURVE ( 'NONE', #2025, #2032, #2837, .T. ) ;
#2030 = VECTOR ( 'NONE', #2028, 1000.000000000000200 ) ;
#2031 = CARTESIAN_POINT ( 'NONE',  ( 5.349999999999999600, -9.761112661832331800, 4.999999999999999100 ) ) ;
#2032 = VERTEX_POINT ( 'NONE', #2830 ) ;
#2033 = LINE ( 'NONE', #2031, #2030 ) ;
#2034 = ORIENTED_EDGE ( 'NONE', *, *, #2035, .T. ) ;
#2035 = EDGE_CURVE ( 'NONE', #2032, #2130, #2823, .T. ) ;
#2036 = ORIENTED_EDGE ( 'NONE', *, *, #2037, .T. ) ;
#2037 = EDGE_CURVE ( 'NONE', #2085, #2039, #2814, .T. ) ;
#2038 = CARTESIAN_POINT ( 'NONE',  ( 5.349999999999999600, -10.05635190576690100, 1.625400000000000000 ) ) ;
#2039 = VERTEX_POINT ( 'NONE', #2806 ) ;
#2041 = ORIENTED_EDGE ( 'NONE', *, *, #2043, .T. ) ;
#2040 = DIRECTION ( 'NONE',  ( -0.0000000000000000000, -1.000000000000000000, -0.0000000000000000000 ) ) ;
#2042 = VECTOR ( 'NONE', #2040, 1000.000000000000000 ) ;
#2043 = EDGE_CURVE ( 'NONE', #2039, #1689, #2800, .T. ) ;
#2044 = CARTESIAN_POINT ( 'NONE',  ( 5.349999999999999600, 10.10000000000000000, 1.625400000000000200 ) ) ;
#2045 = LINE ( 'NONE', #2044, #2042 ) ;
#2046 = ADVANCED_FACE ( 'NONE', ( #2931 ), #2894, .F. ) ;
#2047 = EDGE_LOOP ( 'NONE', ( #2048, #2057, #2157, #2161 ) ) ;
#2048 = ORIENTED_EDGE ( 'NONE', *, *, #2050, .T. ) ;
#2049 = CARTESIAN_POINT ( 'NONE',  ( 5.350000000000000500, 10.05635190576690400, 1.625400000000000200 ) ) ;
#2050 = EDGE_CURVE ( 'NONE', #2053, #2055, #2889, .T. ) ;
#2051 = DIRECTION ( 'NONE',  ( -0.0000000000000000000, -0.08715574274765511300, 0.9961946980917458800 ) ) ;
#2053 = VERTEX_POINT ( 'NONE', #2871 ) ;
#2052 = VECTOR ( 'NONE', #2051, 999.9999999999998900 ) ;
#2054 = CARTESIAN_POINT ( 'NONE',  ( 5.349999999999999600, 10.10000000000000000, 1.126499999999839500 ) ) ;
#2055 = VERTEX_POINT ( 'NONE', #2874 ) ;
#2056 = LINE ( 'NONE', #2054, #2052 ) ;
#2057 = ORIENTED_EDGE ( 'NONE', *, *, #2058, .T. ) ;
#2058 = EDGE_CURVE ( 'NONE', #2055, #2059, #3007, .T. ) ;
#2059 = VERTEX_POINT ( 'NONE', #3000 ) ;
#2060 = VERTEX_POINT ( 'NONE', #2998 ) ;
#2061 = CARTESIAN_POINT ( 'NONE',  ( 5.350000000000000500, -10.04999999999999900, 0.05080000000000036600 ) ) ;
#2062 = ORIENTED_EDGE ( 'NONE', *, *, #2063, .T. ) ;
#2063 = EDGE_CURVE ( 'NONE', #1782, #2066, #2994, .T. ) ;
#2064 = CARTESIAN_POINT ( 'NONE',  ( 5.349999999999999600, 9.999200000000000100, 1.355252715606880500E-016 ) ) ;
#2066 = VERTEX_POINT ( 'NONE', #2987 ) ;
#2065 = DIRECTION ( 'NONE',  ( 0.0000000000000000000, 0.0000000000000000000, 1.000000000000000000 ) ) ;
#2068 = ORIENTED_EDGE ( 'NONE', *, *, #2070, .T. ) ;
#2067 = DIRECTION ( 'NONE',  ( -1.000000000000000000, 0.0000000000000000000, 0.0000000000000000000 ) ) ;
#2069 = CARTESIAN_POINT ( 'NONE',  ( 5.349999999999999600, 9.999200000000000100, 0.05080000000000015100 ) ) ;
#2070 = EDGE_CURVE ( 'NONE', #2066, #2073, #2982, .T. ) ;
#2071 = AXIS2_PLACEMENT_3D ( 'NONE', #2069, #2067, #2065 ) ;
#2072 = CIRCLE ( 'NONE', #2071, 0.05080000000000000500 ) ;
#2073 = VERTEX_POINT ( 'NONE', #2976 ) ;
#2074 = ORIENTED_EDGE ( 'NONE', *, *, #2075, .T. ) ;
#2075 = EDGE_CURVE ( 'NONE', #2073, #1965, #2970, .T. ) ;
#2076 = ADVANCED_FACE ( 'NONE', ( #2964 ), #3069, .F. ) ;
#2077 = EDGE_LOOP ( 'NONE', ( #2079, #2080, #2036, #2041 ) ) ;
#2078 = CARTESIAN_POINT ( 'NONE',  ( 5.350000000000000500, 10.05000000000000100, 0.05080000000000036600 ) ) ;
#2079 = ORIENTED_EDGE ( 'NONE', *, *, #1780, .T. ) ;
#2080 = ORIENTED_EDGE ( 'NONE', *, *, #2083, .T. ) ;
#2081 = DIRECTION ( 'NONE',  ( -0.0000000000000000000, -0.0000000000000000000, -1.000000000000000000 ) ) ;
#2082 = VECTOR ( 'NONE', #2081, 1000.000000000000000 ) ;
#2083 = EDGE_CURVE ( 'NONE', #1753, #2085, #3064, .T. ) ;
#2084 = CARTESIAN_POINT ( 'NONE',  ( 5.350000000000000500, 10.05000000000000100, 0.9524999999999999000 ) ) ;
#2085 = VERTEX_POINT ( 'NONE', #3047 ) ;
#2086 = ORIENTED_EDGE ( 'NONE', *, *, #2087, .T. ) ;
#2087 = EDGE_CURVE ( 'NONE', #1351, #1366, #3042, .T. ) ;
#2088 = DIRECTION ( 'NONE',  ( 0.0000000000000000000, 0.0000000000000000000, 1.000000000000000000 ) ) ;
#2089 = ADVANCED_FACE ( 'NONE', ( #3034, #3032 ), #3121, .F. ) ;
#2090 = DIRECTION ( 'NONE',  ( -1.000000000000000000, 0.0000000000000000000, 0.0000000000000000000 ) ) ;
#2092 = ORIENTED_EDGE ( 'NONE', *, *, #1363, .T. ) ;
#2091 = AXIS2_PLACEMENT_3D ( 'NONE', #1964, #2090, #2088 ) ;
#2093 = CIRCLE ( 'NONE', #2091, 0.05080000000000004000 ) ;
#2094 = ORIENTED_EDGE ( 'NONE', *, *, #2096, .T. ) ;
#2096 = EDGE_CURVE ( 'NONE', #1355, #1361, #3104, .T. ) ;
#2095 = LINE ( 'NONE', #2084, #2082 ) ;
#2097 = ORIENTED_EDGE ( 'NONE', *, *, #5467, .F. ) ;
#2098 = CARTESIAN_POINT ( 'NONE',  ( -3.411291951717675200, 9.949460092183317200, 2.847179019997450900 ) ) ;
#2099 = ORIENTED_EDGE ( 'NONE', *, *, #2101, .F. ) ;
#2100 = CARTESIAN_POINT ( 'NONE',  ( -3.376988124402984200, 9.919497131905128400, 2.418688724995954300 ) ) ;
#2101 = EDGE_CURVE ( 'NONE', #1704, #5456, #3089, .T. ) ;
#2102 = LINE ( 'NONE', #2242, #2240 ) ;
#2103 = ORIENTED_EDGE ( 'NONE', *, *, #2104, .T. ) ;
#2104 = EDGE_CURVE ( 'NONE', #2155, #2145, #3198, .T. ) ;
#2105 = DIRECTION ( 'NONE',  ( 1.204669080539449300E-016, 1.000000000000000000, -0.0000000000000000000 ) ) ;
#2106 = VECTOR ( 'NONE', #2105, 1000.000000000000000 ) ;
#2107 = ADVANCED_FACE ( 'NONE', ( #3191 ), #3148, .F. ) ;
#2108 = CARTESIAN_POINT ( 'NONE',  ( -1.650000000000000600, 9.000000000000000000, 0.02540000000000000600 ) ) ;
#2109 = LINE ( 'NONE', #2108, #2106 ) ;
#2110 = EDGE_LOOP ( 'NONE', ( #2111, #2112, #2117, #2123 ) ) ;
#2111 = ORIENTED_EDGE ( 'NONE', *, *, #1745, .F. ) ;
#2112 = ORIENTED_EDGE ( 'NONE', *, *, #2113, .T. ) ;
#2113 = EDGE_CURVE ( 'NONE', #1797, #2115, #3145, .T. ) ;
#2114 = CARTESIAN_POINT ( 'NONE',  ( -1.650000000000000600, 9.000000000000000000, 0.02540000000000000600 ) ) ;
#2115 = VERTEX_POINT ( 'NONE', #3271 ) ;
#2116 = DIRECTION ( 'NONE',  ( 1.000000000000000000, 0.0000000000000000000, 1.833020688648049600E-017 ) ) ;
#2117 = ORIENTED_EDGE ( 'NONE', *, *, #2119, .T. ) ;
#2118 = VECTOR ( 'NONE', #2116, 1000.000000000000000 ) ;
#2119 = EDGE_CURVE ( 'NONE', #2115, #2122, #3266, .T. ) ;
#2120 = CARTESIAN_POINT ( 'NONE',  ( -1.650000000000000600, 9.000000000000000000, 0.02540000000000000600 ) ) ;
#2121 = LINE ( 'NONE', #2120, #2118 ) ;
#2122 = VERTEX_POINT ( 'NONE', #3259 ) ;
#2123 = ORIENTED_EDGE ( 'NONE', *, *, #2124, .T. ) ;
#2124 = EDGE_CURVE ( 'NONE', #2122, #1746, #3252, .T. ) ;
#2126 = ADVANCED_FACE ( 'NONE', ( #3245 ), #3337, .F. ) ;
#2125 = CARTESIAN_POINT ( 'NONE',  ( 5.350000000000000500, 10.05000000000000100, 0.9016999999999998300 ) ) ;
#2127 = CARTESIAN_POINT ( 'NONE',  ( 5.350000000000000500, 9.999199999999998300, 0.9524999999999999000 ) ) ;
#2128 = EDGE_LOOP ( 'NONE', ( #2228, #2231, #2233, #2234 ) ) ;
#2129 = DIRECTION ( 'NONE',  ( -0.0000000000000000000, -1.000000000000000000, -0.0000000000000000000 ) ) ;
#2130 = VERTEX_POINT ( 'NONE', #3339 ) ;
#2131 = VECTOR ( 'NONE', #2129, 1000.000000000000000 ) ;
#2133 = ORIENTED_EDGE ( 'NONE', *, *, #2135, .T. ) ;
#2132 = CARTESIAN_POINT ( 'NONE',  ( 5.350000000000000500, -10.04999999999999900, 0.9524999999999999000 ) ) ;
#2134 = LINE ( 'NONE', #2132, #2131 ) ;
#2135 = EDGE_CURVE ( 'NONE', #2130, #2024, #3327, .T. ) ;
#2136 = ADVANCED_FACE ( 'NONE', ( #3320 ), #3414, .F. ) ;
#2137 = CARTESIAN_POINT ( 'NONE',  ( 5.349999999999999600, -9.999199999999998300, 1.355252715606880500E-016 ) ) ;
#2138 = EDGE_LOOP ( 'NONE', ( #2139, #2147, #2151, #2103 ) ) ;
#2139 = ORIENTED_EDGE ( 'NONE', *, *, #2142, .T. ) ;
#2140 = DIRECTION ( 'NONE',  ( 0.0000000000000000000, -1.000000000000000000, 0.0000000000000000000 ) ) ;
#2141 = VECTOR ( 'NONE', #2140, 1000.000000000000000 ) ;
#2142 = EDGE_CURVE ( 'NONE', #2145, #2146, #3416, .T. ) ;
#2143 = CARTESIAN_POINT ( 'NONE',  ( 5.349999999999999600, 10.10000000000000000, 1.355252715606880500E-016 ) ) ;
#2145 = VERTEX_POINT ( 'NONE', #3396 ) ;
#2144 = LINE ( 'NONE', #2143, #2141 ) ;
#2146 = VERTEX_POINT ( 'NONE', #3394 ) ;
#2147 = ORIENTED_EDGE ( 'NONE', *, *, #2148, .T. ) ;
#2148 = EDGE_CURVE ( 'NONE', #2146, #2149, #3390, .T. ) ;
#2149 = VERTEX_POINT ( 'NONE', #3384 ) ;
#2150 = CARTESIAN_POINT ( 'NONE',  ( 5.349999999999999600, -10.10000000000000000, 1.355252715606880500E-016 ) ) ;
#2151 = ORIENTED_EDGE ( 'NONE', *, *, #2153, .T. ) ;
#2152 = CARTESIAN_POINT ( 'NONE',  ( 5.350000000000000500, -9.999200000000000100, 0.9524999999999999000 ) ) ;
#2153 = EDGE_CURVE ( 'NONE', #2149, #2155, #3380, .T. ) ;
#2155 = VERTEX_POINT ( 'NONE', #3373 ) ;
#2154 = DIRECTION ( 'NONE',  ( -0.0000000000000000000, -0.0000000000000000000, -1.000000000000000000 ) ) ;
#2156 = VECTOR ( 'NONE', #2154, 1000.000000000000000 ) ;
#2157 = ORIENTED_EDGE ( 'NONE', *, *, #2159, .T. ) ;
#2158 = CARTESIAN_POINT ( 'NONE',  ( 5.350000000000000500, -10.04999999999999900, 0.9524999999999999000 ) ) ;
#2159 = EDGE_CURVE ( 'NONE', #2059, #2060, #3366, .T. ) ;
#2160 = LINE ( 'NONE', #2158, #2156 ) ;
#2161 = ORIENTED_EDGE ( 'NONE', *, *, #2162, .T. ) ;
#2162 = EDGE_CURVE ( 'NONE', #2060, #2053, #3356, .T. ) ;
#2164 = ADVANCED_FACE ( 'NONE', ( #3349 ), #3445, .F. ) ;
#2163 = DIRECTION ( 'NONE',  ( -0.0000000000000000000, -0.0000000000000000000, -1.000000000000000000 ) ) ;
#2165 = VECTOR ( 'NONE', #2163, 1000.000000000000000 ) ;
#2166 = CARTESIAN_POINT ( 'NONE',  ( 5.349999999999999600, -10.10000000000000000, 0.02540000000000000200 ) ) ;
#2167 = LINE ( 'NONE', #2166, #2165 ) ;
#2168 = EDGE_LOOP ( 'NONE', ( #2169, #2027, #2034, #2133 ) ) ;
#2169 = ORIENTED_EDGE ( 'NONE', *, *, #2022, .T. ) ;
#2170 = EDGE_LOOP ( 'NONE', ( #2171, #2173, #2174, #2177, #2178, #2179 ) ) ;
#2171 = ORIENTED_EDGE ( 'NONE', *, *, #2183, .T. ) ;
#2172 = UNCERTAINTY_MEASURE_WITH_UNIT (LENGTH_MEASURE( 1.000000000000000100E-005 ), #2185, 'distance_accuracy_value', 'NONE');
#2173 = ORIENTED_EDGE ( 'NONE', *, *, #1739, .F. ) ;
#2174 = ORIENTED_EDGE ( 'NONE', *, *, #2176, .F. ) ;
#2175 =( NAMED_UNIT ( * ) SI_UNIT ( $, .STERADIAN. ) SOLID_ANGLE_UNIT ( ) );
#2176 = EDGE_CURVE ( 'NONE', #166, #1707, #3432, .T. ) ;
#2177 = ORIENTED_EDGE ( 'NONE', *, *, #163, .F. ) ;
#2178 = ORIENTED_EDGE ( 'NONE', *, *, #220, .F. ) ;
#2179 = ORIENTED_EDGE ( 'NONE', *, *, #206, .F. ) ;
#2180 =( NAMED_UNIT ( * ) PLANE_ANGLE_UNIT ( ) SI_UNIT ( $, .RADIAN. ) );
#2181 = ORIENTED_EDGE ( 'NONE', *, *, #1698, .F. ) ;
#2182 = ORIENTED_EDGE ( 'NONE', *, *, #2183, .F. ) ;
#2183 = EDGE_CURVE ( 'NONE', #211, #1699, #3565, .T. ) ;
#2184 = ORIENTED_EDGE ( 'NONE', *, *, #212, .F. ) ;
#2185 =( LENGTH_UNIT ( ) NAMED_UNIT ( * ) SI_UNIT ( .MILLI., .METRE. ) );
#2186 = ORIENTED_EDGE ( 'NONE', *, *, #235, .F. ) ;
#2187 = ADVANCED_FACE ( 'NONE', ( #3568 ), #3605, .T. ) ;
#2188 = MECHANICAL_DESIGN_GEOMETRIC_PRESENTATION_REPRESENTATION (  '', ( #2191 ), #2309 ) ;
#2189 = PRESENTATION_LAYER_ASSIGNMENT (  '', '', ( #2191 ) ) ;
#2190 = EDGE_LOOP ( 'NONE', ( #2192, #2195, #2197, #2202, #2303, #2304 ) ) ;
#2191 = STYLED_ITEM ( 'NONE', ( #2193 ), #1827 ) ;
#2192 = ORIENTED_EDGE ( 'NONE', *, *, #1848, .F. ) ;
#2193 = PRESENTATION_STYLE_ASSIGNMENT (( #2194 ) ) ;
#2195 = ORIENTED_EDGE ( 'NONE', *, *, #2769, .F. ) ;
#2194 = SURFACE_STYLE_USAGE ( .BOTH. , #2196 ) ;
#2196 = SURFACE_SIDE_STYLE ('',( #2198 ) ) ;
#2197 = ORIENTED_EDGE ( 'NONE', *, *, #2200, .F. ) ;
#2198 = SURFACE_STYLE_FILL_AREA ( #2199 ) ;
#2200 = EDGE_CURVE ( 'NONE', #1711, #2779, #3575, .T. ) ;
#2199 = FILL_AREA_STYLE ('',( #2210 ) ) ;
#2201 = COLOUR_RGB ( '',0.1254901960784313700, 0.1254901960784313700, 0.1254901960784313700 ) ;
#2202 = ORIENTED_EDGE ( 'NONE', *, *, #1709, .F. ) ;
#2203 = FACE_OUTER_BOUND ( 'NONE', #1830, .T. ) ;
#2204 = ORIENTED_EDGE ( 'NONE', *, *, #1702, .F. ) ;
#2205 = DIRECTION ( 'NONE',  ( -1.000000000000000000, 0.0000000000000000000, 0.0000000000000000000 ) ) ;
#2206 = VECTOR ( 'NONE', #2205, 1000.000000000000000 ) ;
#2207 = ADVANCED_FACE ( 'NONE', ( #3578 ), #3643, .T. ) ;
#2208 = CARTESIAN_POINT ( 'NONE',  ( -2.301999999999991600, 9.732910840789392300, 1.444000000000000000 ) ) ;
#2209 = LINE ( 'NONE', #2208, #2206 ) ;
#2210 = FILL_AREA_STYLE_COLOUR ( '', #2201 ) ;
#2211 = EDGE_LOOP ( 'NONE', ( #2212, #2213, #2215, #2220, #2221 ) ) ;
#2212 = ORIENTED_EDGE ( 'NONE', *, *, #7051, .F. ) ;
#2213 = ORIENTED_EDGE ( 'NONE', *, *, #2863, .F. ) ;
#2214 = DIRECTION ( 'NONE',  ( -7.885106708985472300E-016, 1.000000000000000000, 0.0000000000000000000 ) ) ;
#2215 = ORIENTED_EDGE ( 'NONE', *, *, #2218, .F. ) ;
#2216 = VECTOR ( 'NONE', #2214, 1000.000000000000000 ) ;
#2218 = EDGE_CURVE ( 'NONE', #24, #2749, #3781, .T. ) ;
#2217 = CARTESIAN_POINT ( 'NONE',  ( 4.079999999999997400, -10.10000000000000000, 1.118083490375676400E-016 ) ) ;
#2219 = LINE ( 'NONE', #2217, #2216 ) ;
#2220 = ORIENTED_EDGE ( 'NONE', *, *, #1717, .F. ) ;
#2221 = ORIENTED_EDGE ( 'NONE', *, *, #2101, .T. ) ;
#2222 = ADVANCED_FACE ( 'NONE', ( #3785 ), #3834, .T. ) ;
#2223 = CARTESIAN_POINT ( 'NONE',  ( 4.079999999999996500, -8.999999999999998200, 1.118083490375676400E-016 ) ) ;
#2224 = EDGE_LOOP ( 'NONE', ( #2226, #2181, #2182, #2184, #2186 ) ) ;
#2225 = CARTESIAN_POINT ( 'NONE',  ( 5.349999999999999600, 10.09999999999999800, 1.126499999999855500 ) ) ;
#2226 = ORIENTED_EDGE ( 'NONE', *, *, #2241, .T. ) ;
#2227 = DIRECTION ( 'NONE',  ( -0.0000000000000000000, -0.0000000000000000000, -1.000000000000000000 ) ) ;
#2228 = ORIENTED_EDGE ( 'NONE', *, *, #1336, .F. ) ;
#2229 = VECTOR ( 'NONE', #2227, 1000.000000000000000 ) ;
#2231 = ORIENTED_EDGE ( 'NONE', *, *, #1376, .T. ) ;
#2230 = CARTESIAN_POINT ( 'NONE',  ( 5.349999999999999600, 10.10000000000000000, 0.02540000000000000200 ) ) ;
#2232 = LINE ( 'NONE', #2230, #2229 ) ;
#2233 = ORIENTED_EDGE ( 'NONE', *, *, #1343, .T. ) ;
#2234 = ORIENTED_EDGE ( 'NONE', *, *, #2087, .F. ) ;
#2235 = ADVANCED_FACE ( 'NONE', ( #3835 ), #3789, .T. ) ;
#2236 = CARTESIAN_POINT ( 'NONE',  ( 5.349999999999999600, 10.10000000000000000, 1.355252715606880500E-016 ) ) ;
#2237 = EDGE_LOOP ( 'NONE', ( #2239, #2097, #2099, #2204 ) ) ;
#2238 = DIRECTION ( 'NONE',  ( 0.0000000000000000000, -1.000000000000000000, 0.0000000000000000000 ) ) ;
#2239 = ORIENTED_EDGE ( 'NONE', *, *, #2241, .F. ) ;
#2240 = VECTOR ( 'NONE', #2238, 1000.000000000000000 ) ;
#2241 = EDGE_CURVE ( 'NONE', #5460, #1703, #3901, .T. ) ;
#2242 = CARTESIAN_POINT ( 'NONE',  ( 5.349999999999999600, 10.10000000000000000, 1.355252715606880500E-016 ) ) ;
#2243 = EDGE_LOOP ( 'NONE', ( #2244, #2246, #2247 ) ) ;
#2244 = ORIENTED_EDGE ( 'NONE', *, *, #2264, .T. ) ;
#2245 = CARTESIAN_POINT ( 'NONE',  ( -2.301999999999991200, 6.699999999999999300, 5.000000000000000000 ) ) ;
#2246 = ORIENTED_EDGE ( 'NONE', *, *, #2297, .T. ) ;
#2247 = ORIENTED_EDGE ( 'NONE', *, *, #2248, .F. ) ;
#2248 = EDGE_CURVE ( 'NONE', #225, #2816, #3881, .T. ) ;
#2249 =( GEOMETRIC_REPRESENTATION_CONTEXT ( 3 ) GLOBAL_UNCERTAINTY_ASSIGNED_CONTEXT ( ( #2255 ) ) GLOBAL_UNIT_ASSIGNED_CONTEXT ( ( #2266, #2261, #2257 ) ) REPRESENTATION_CONTEXT ( 'NONE', 'WORKASPACE' ) );
#2250 = ADVANCED_FACE ( 'NONE', ( #3871 ), #3961, .T. ) ;
#2251 = EDGE_LOOP ( 'NONE', ( #2252, #2253, #2337, #2341, #2343 ) ) ;
#2252 = ORIENTED_EDGE ( 'NONE', *, *, #2370, .T. ) ;
#2253 = ORIENTED_EDGE ( 'NONE', *, *, #2737, .F. ) ;
#2254 = EDGE_CURVE ( 'NONE', #2853, #1713, #3963, .T. ) ;
#2255 = UNCERTAINTY_MEASURE_WITH_UNIT (LENGTH_MEASURE( 1.000000000000000100E-005 ), #2266, 'distance_accuracy_value', 'NONE');
#2256 = ORIENTED_EDGE ( 'NONE', *, *, #2815, .F. ) ;
#2257 =( NAMED_UNIT ( * ) SI_UNIT ( $, .STERADIAN. ) SOLID_ANGLE_UNIT ( ) );
#2258 = ADVANCED_FACE ( 'NONE', ( #3943 ), #4034, .T. ) ;
#2259 = EDGE_LOOP ( 'NONE', ( #2260, #2262, #2263, #2265 ) ) ;
#2260 = ORIENTED_EDGE ( 'NONE', *, *, #2176, .T. ) ;
#2261 =( NAMED_UNIT ( * ) PLANE_ANGLE_UNIT ( ) SI_UNIT ( $, .RADIAN. ) );
#2262 = ORIENTED_EDGE ( 'NONE', *, *, #1706, .F. ) ;
#2263 = ORIENTED_EDGE ( 'NONE', *, *, #2264, .F. ) ;
#2264 = EDGE_CURVE ( 'NONE', #225, #1728, #4035, .T. ) ;
#2265 = ORIENTED_EDGE ( 'NONE', *, *, #161, .F. ) ;
#2266 =( LENGTH_UNIT ( ) NAMED_UNIT ( * ) SI_UNIT ( .MILLI., .METRE. ) );
#2267 = ADVANCED_FACE ( 'NONE', ( #4016 ), #4103, .T. ) ;
#2268 = MECHANICAL_DESIGN_GEOMETRIC_PRESENTATION_REPRESENTATION (  '', ( #2272 ), #2249 ) ;
#2269 = EDGE_LOOP ( 'NONE', ( #2271, #2366, #2368 ) ) ;
#2270 = PRESENTATION_LAYER_ASSIGNMENT (  '', '', ( #2272 ) ) ;
#2271 = ORIENTED_EDGE ( 'NONE', *, *, #2254, .T. ) ;
#2272 = STYLED_ITEM ( 'NONE', ( #2273 ), #1838 ) ;
#2273 = PRESENTATION_STYLE_ASSIGNMENT (( #2274 ) ) ;
#2274 = SURFACE_STYLE_USAGE ( .BOTH. , #2276 ) ;
#2275 = ADVANCED_FACE ( 'NONE', ( #4105 ), #4056, .T. ) ;
#2276 = SURFACE_SIDE_STYLE ('',( #2277 ) ) ;
#2277 = SURFACE_STYLE_FILL_AREA ( #2278 ) ;
#2278 = FILL_AREA_STYLE ('',( #2291 ) ) ;
#2280 = EDGE_LOOP ( 'NONE', ( #2282, #2284, #2286, #2290 ) ) ;
#2279 = COLOUR_RGB ( '',0.1568627450980392100, 0.1568627450980392100, 0.1568627450980392100 ) ;
#2281 = FACE_OUTER_BOUND ( 'NONE', #1839, .T. ) ;
#2282 = ORIENTED_EDGE ( 'NONE', *, *, #2200, .T. ) ;
#2284 = ORIENTED_EDGE ( 'NONE', *, *, #2754, .F. ) ;
#2283 = DIRECTION ( 'NONE',  ( 1.000000000000000000, 0.0000000000000000000, 0.0000000000000000000 ) ) ;
#2286 = ORIENTED_EDGE ( 'NONE', *, *, #2288, .F. ) ;
#2285 = DIRECTION ( 'NONE',  ( 0.0000000000000000000, 0.0000000000000000000, 1.000000000000000000 ) ) ;
#2288 = EDGE_CURVE ( 'NONE', #1713, #2756, #4172, .T. ) ;
#2287 = AXIS2_PLACEMENT_3D ( 'NONE', #2301, #2285, #2283 ) ;
#2289 = CIRCLE ( 'NONE', #2287, 0.9000000000000002400 ) ;
#2290 = ORIENTED_EDGE ( 'NONE', *, *, #1700, .F. ) ;
#2291 = FILL_AREA_STYLE_COLOUR ( '', #2279 ) ;
#2292 = ADVANCED_FACE ( 'NONE', ( #4163 ), #4255, .T. ) ;
#2293 = EDGE_LOOP ( 'NONE', ( #2295, #2300, #2302, #2256 ) ) ;
#2294 = DIRECTION ( 'NONE',  ( 1.000000000000000000, 0.0000000000000000000, -0.0000000000000000000 ) ) ;
#2295 = ORIENTED_EDGE ( 'NONE', *, *, #2297, .F. ) ;
#2296 = DIRECTION ( 'NONE',  ( 0.0000000000000000000, 0.0000000000000000000, 1.000000000000000000 ) ) ;
#2297 = EDGE_CURVE ( 'NONE', #1728, #2816, #4257, .T. ) ;
#2298 = CARTESIAN_POINT ( 'NONE',  ( -2.301999999999991200, 6.699999999999999300, 4.800000000000000700 ) ) ;
#2299 = AXIS2_PLACEMENT_3D ( 'NONE', #2298, #2296, #2294 ) ;
#2300 = ORIENTED_EDGE ( 'NONE', *, *, #1736, .F. ) ;
#2301 = CARTESIAN_POINT ( 'NONE',  ( -2.301999999999991200, 6.699999999999999300, 4.800000000000000700 ) ) ;
#2302 = ORIENTED_EDGE ( 'NONE', *, *, #2254, .F. ) ;
#2303 = ORIENTED_EDGE ( 'NONE', *, *, #2218, .T. ) ;
#2304 = ORIENTED_EDGE ( 'NONE', *, *, #2790, .F. ) ;
#2306 = ADVANCED_FACE ( 'NONE', ( #4237 ), #4190, .T. ) ;
#2305 = PLANE ( 'NONE',  #2299 ) ;
#2307 = EDGE_LOOP ( 'NONE', ( #2308, #2391, #2393, #2395 ) ) ;
#2308 = ORIENTED_EDGE ( 'NONE', *, *, #2312, .T. ) ;
#2309 =( GEOMETRIC_REPRESENTATION_CONTEXT ( 3 ) GLOBAL_UNCERTAINTY_ASSIGNED_CONTEXT ( ( #2172 ) ) GLOBAL_UNIT_ASSIGNED_CONTEXT ( ( #2185, #2180, #2175 ) ) REPRESENTATION_CONTEXT ( 'NONE', 'WORKASPACE' ) );
#2310 = ORIENTED_EDGE ( 'NONE', *, *, #7068, .F. ) ;
#2311 = ORIENTED_EDGE ( 'NONE', *, *, #2312, .F. ) ;
#2312 = EDGE_CURVE ( 'NONE', #7154, #7063, #4309, .T. ) ;
#2313 = ORIENTED_EDGE ( 'NONE', *, *, #7152, .F. ) ;
#2314 = PLANE ( 'NONE',  #2435 ) ;
#2315 = ORIENTED_EDGE ( 'NONE', *, *, #232, .F. ) ;
#2316 = ORIENTED_EDGE ( 'NONE', *, *, #2360, .T. ) ;
#2317 =( GEOMETRIC_REPRESENTATION_CONTEXT ( 3 ) GLOBAL_UNCERTAINTY_ASSIGNED_CONTEXT ( ( #2323 ) ) GLOBAL_UNIT_ASSIGNED_CONTEXT ( ( #2335, #2331, #2327 ) ) REPRESENTATION_CONTEXT ( 'NONE', 'WORKASPACE' ) );
#2318 = ADVANCED_FACE ( 'NONE', ( #4314 ), #4375, .T. ) ;
#2319 = EDGE_LOOP ( 'NONE', ( #2320, #2321, #2322, #2415 ) ) ;
#2320 = ORIENTED_EDGE ( 'NONE', *, *, #2015, .F. ) ;
#2321 = ORIENTED_EDGE ( 'NONE', *, *, #1681, .F. ) ;
#2322 = ORIENTED_EDGE ( 'NONE', *, *, #2412, .F. ) ;
#2324 = ADVANCED_FACE ( 'NONE', ( #4376 ), #4322, .T. ) ;
#2323 = UNCERTAINTY_MEASURE_WITH_UNIT (LENGTH_MEASURE( 1.000000000000000100E-005 ), #2335, 'distance_accuracy_value', 'NONE');
#2325 = ORIENTED_EDGE ( 'NONE', *, *, #2726, .F. ) ;
#2326 = ORIENTED_EDGE ( 'NONE', *, *, #37, .F. ) ;
#2327 =( NAMED_UNIT ( * ) SI_UNIT ( $, .STERADIAN. ) SOLID_ANGLE_UNIT ( ) );
#2328 = ORIENTED_EDGE ( 'NONE', *, *, #2329, .F. ) ;
#2329 = EDGE_CURVE ( 'NONE', #6951, #7085, #4438, .T. ) ;
#2330 = ORIENTED_EDGE ( 'NONE', *, *, #6949, .F. ) ;
#2331 =( NAMED_UNIT ( * ) PLANE_ANGLE_UNIT ( ) SI_UNIT ( $, .RADIAN. ) );
#2332 = ORIENTED_EDGE ( 'NONE', *, *, #2746, .F. ) ;
#2333 = ORIENTED_EDGE ( 'NONE', *, *, #2339, .T. ) ;
#2334 = ADVANCED_FACE ( 'NONE', ( #4446 ), #4502, .T. ) ;
#2335 =( LENGTH_UNIT ( ) NAMED_UNIT ( * ) SI_UNIT ( .MILLI., .METRE. ) );
#2336 = EDGE_LOOP ( 'NONE', ( #21, #2310, #2311, #2313, #2315, #2316 ) ) ;
#2337 = ORIENTED_EDGE ( 'NONE', *, *, #2339, .F. ) ;
#2338 = MECHANICAL_DESIGN_GEOMETRIC_PRESENTATION_REPRESENTATION (  '', ( #2342 ), #2317 ) ;
#2339 = EDGE_CURVE ( 'NONE', #11439, #2743, #4487, .T. ) ;
#2341 = ORIENTED_EDGE ( 'NONE', *, *, #2733, .F. ) ;
#2340 = PRESENTATION_LAYER_ASSIGNMENT (  '', '', ( #2342 ) ) ;
#2342 = STYLED_ITEM ( 'NONE', ( #2344 ), #1850 ) ;
#2343 = ORIENTED_EDGE ( 'NONE', *, *, #2838, .F. ) ;
#2344 = PRESENTATION_STYLE_ASSIGNMENT (( #2345 ) ) ;
#2345 = SURFACE_STYLE_USAGE ( .BOTH. , #2346 ) ;
#2346 = SURFACE_SIDE_STYLE ('',( #2348 ) ) ;
#2347 = ADVANCED_FACE ( 'NONE', ( #4493 ), #4548, .T. ) ;
#2348 = SURFACE_STYLE_FILL_AREA ( #2349 ) ;
#2349 = FILL_AREA_STYLE ('',( #2362 ) ) ;
#2350 = COLOUR_RGB ( '',0.1254901960784313700, 0.1254901960784313700, 0.1254901960784313700 ) ;
#2351 = EDGE_LOOP ( 'NONE', ( #2353, #2355, #2357, #2361, #2363 ) ) ;
#2352 = FACE_OUTER_BOUND ( 'NONE', #1854, .T. ) ;
#2353 = ORIENTED_EDGE ( 'NONE', *, *, #5593, .F. ) ;
#2354 = DIRECTION ( 'NONE',  ( 1.000000000000000000, 0.0000000000000000000, 0.0000000000000000000 ) ) ;
#2355 = ORIENTED_EDGE ( 'NONE', *, *, #64, .F. ) ;
#2356 = DIRECTION ( 'NONE',  ( -0.0000000000000000000, -0.0000000000000000000, 1.000000000000000000 ) ) ;
#2357 = ORIENTED_EDGE ( 'NONE', *, *, #2360, .F. ) ;
#2358 = CARTESIAN_POINT ( 'NONE',  ( -2.301999999999991600, 10.10000000000000000, 4.881859072165503300 ) ) ;
#2360 = EDGE_CURVE ( 'NONE', #227, #62, #4535, .T. ) ;
#2359 = AXIS2_PLACEMENT_3D ( 'NONE', #2358, #2356, #2354 ) ;
#2361 = ORIENTED_EDGE ( 'NONE', *, *, #224, .F. ) ;
#2362 = FILL_AREA_STYLE_COLOUR ( '', #2350 ) ;
#2363 = ORIENTED_EDGE ( 'NONE', *, *, #2248, .T. ) ;
#2364 = EDGE_LOOP ( 'NONE', ( #2325, #2326, #2328, #2330, #2332, #2333 ) ) ;
#2365 = DIRECTION ( 'NONE',  ( 1.000000000000000000, 0.0000000000000000000, 0.0000000000000000000 ) ) ;
#2366 = ORIENTED_EDGE ( 'NONE', *, *, #2288, .T. ) ;
#2367 = DIRECTION ( 'NONE',  ( 0.0000000000000000000, 0.0000000000000000000, 1.000000000000000000 ) ) ;
#2368 = ORIENTED_EDGE ( 'NONE', *, *, #2370, .F. ) ;
#2369 = AXIS2_PLACEMENT_3D ( 'NONE', #2245, #2367, #2365 ) ;
#2370 = EDGE_CURVE ( 'NONE', #2853, #2756, #4641, .T. ) ;
#2371 = TOROIDAL_SURFACE ( 'NONE', #2369, 0.9000000000000001300, 0.2000000000000000100 ) ;
#2372 = CIRCLE ( 'NONE', #2359, 1.261738781556485800 ) ;
#2373 = ADVANCED_FACE ( 'NONE', ( #4634 ), #4586, .T. ) ;
#2374 = EDGE_LOOP ( 'NONE', ( #2467, #2469, #2471, #2473 ) ) ;
#2375 = ORIENTED_EDGE ( 'NONE', *, *, #2428, .T. ) ;
#2376 = ORIENTED_EDGE ( 'NONE', *, *, #2412, .T. ) ;
#2377 = CARTESIAN_POINT ( 'NONE',  ( -2.301999999999991600, 10.10000000000000000, 1.444000000000000000 ) ) ;
#2378 = ORIENTED_EDGE ( 'NONE', *, *, #2380, .F. ) ;
#2379 = AXIS2_PLACEMENT_3D ( 'NONE', #2377, #2505, #2504 ) ;
#2380 = EDGE_CURVE ( 'NONE', #6955, #1676, #4588, .T. ) ;
#2381 = ADVANCED_FACE ( 'NONE', ( #4704 ), #4661, .T. ) ;
#2383 = EDGE_LOOP ( 'NONE', ( #2384, #2385, #2387 ) ) ;
#2382 = PLANE ( 'NONE',  #2379 ) ;
#2384 = ORIENTED_EDGE ( 'NONE', *, *, #2403, .T. ) ;
#2385 = ORIENTED_EDGE ( 'NONE', *, *, #2394, .T. ) ;
#2386 =( GEOMETRIC_REPRESENTATION_CONTEXT ( 3 ) GLOBAL_UNCERTAINTY_ASSIGNED_CONTEXT ( ( #2392 ) ) GLOBAL_UNIT_ASSIGNED_CONTEXT ( ( #2404, #2398, #2396 ) ) REPRESENTATION_CONTEXT ( 'NONE', 'WORKASPACE' ) );
#2387 = ORIENTED_EDGE ( 'NONE', *, *, #2388, .F. ) ;
#2388 = EDGE_CURVE ( 'NONE', #1674, #7058, #4663, .T. ) ;
#2389 = ADVANCED_FACE ( 'NONE', ( #4775 ), #4733, .T. ) ;
#2390 = EDGE_LOOP ( 'NONE', ( #2488, #2490, #2492, #2493 ) ) ;
#2391 = ORIENTED_EDGE ( 'NONE', *, *, #7061, .F. ) ;
#2393 = ORIENTED_EDGE ( 'NONE', *, *, #2394, .F. ) ;
#2392 = UNCERTAINTY_MEASURE_WITH_UNIT (LENGTH_MEASURE( 1.000000000000000100E-005 ), #2404, 'distance_accuracy_value', 'NONE');
#2394 = EDGE_CURVE ( 'NONE', #46, #7058, #4735, .T. ) ;
#2395 = ORIENTED_EDGE ( 'NONE', *, *, #7012, .F. ) ;
#2396 =( NAMED_UNIT ( * ) SI_UNIT ( $, .STERADIAN. ) SOLID_ANGLE_UNIT ( ) );
#2397 = ADVANCED_FACE ( 'NONE', ( #4715 ), #4803, .T. ) ;
#2398 =( NAMED_UNIT ( * ) PLANE_ANGLE_UNIT ( ) SI_UNIT ( $, .RADIAN. ) );
#2399 = EDGE_LOOP ( 'NONE', ( #2400, #2401, #2402, #2405 ) ) ;
#2400 = ORIENTED_EDGE ( 'NONE', *, *, #1951, .F. ) ;
#2401 = ORIENTED_EDGE ( 'NONE', *, *, #45, .F. ) ;
#2402 = ORIENTED_EDGE ( 'NONE', *, *, #2403, .F. ) ;
#2403 = EDGE_CURVE ( 'NONE', #1674, #46, #4805, .T. ) ;
#2404 =( LENGTH_UNIT ( ) NAMED_UNIT ( * ) SI_UNIT ( .MILLI., .METRE. ) );
#2405 = ORIENTED_EDGE ( 'NONE', *, *, #2782, .F. ) ;
#2406 = MECHANICAL_DESIGN_GEOMETRIC_PRESENTATION_REPRESENTATION (  '', ( #2409 ), #2386 ) ;
#2407 = ADVANCED_FACE ( 'NONE', ( #4785 ), #4872, .T. ) ;
#2408 = PRESENTATION_LAYER_ASSIGNMENT (  '', '', ( #2409 ) ) ;
#2410 = EDGE_LOOP ( 'NONE', ( #2375, #2376, #2378 ) ) ;
#2409 = STYLED_ITEM ( 'NONE', ( #2411 ), #1864 ) ;
#2411 = PRESENTATION_STYLE_ASSIGNMENT (( #2413 ) ) ;
#2412 = EDGE_CURVE ( 'NONE', #73, #1676, #4874, .T. ) ;
#2413 = SURFACE_STYLE_USAGE ( .BOTH. , #2414 ) ;
#2414 = SURFACE_SIDE_STYLE ('',( #2417 ) ) ;
#2415 = ORIENTED_EDGE ( 'NONE', *, *, #72, .F. ) ;
#2416 = ADVANCED_FACE ( 'NONE', ( #4855 ), #4946, .T. ) ;
#2417 = SURFACE_STYLE_FILL_AREA ( #2418 ) ;
#2418 = FILL_AREA_STYLE ('',( #2429 ) ) ;
#2419 = COLOUR_RGB ( '',0.1254901960784313700, 0.1254901960784313700, 0.1254901960784313700 ) ;
#2420 = EDGE_LOOP ( 'NONE', ( #2422, #2424, #2426, #2430 ) ) ;
#2421 = FACE_OUTER_BOUND ( 'NONE', #1867, .T. ) ;
#2422 = ORIENTED_EDGE ( 'NONE', *, *, #2329, .T. ) ;
#2423 = DIRECTION ( 'NONE',  ( 1.000000000000000000, -0.0000000000000000000, 0.0000000000000000000 ) ) ;
#2424 = ORIENTED_EDGE ( 'NONE', *, *, #7082, .F. ) ;
#2425 = VECTOR ( 'NONE', #2423, 1000.000000000000000 ) ;
#2426 = ORIENTED_EDGE ( 'NONE', *, *, #2428, .F. ) ;
#2427 = CARTESIAN_POINT ( 'NONE',  ( -3.571999999999992100, 9.859601475172389900, 1.562140927834496400 ) ) ;
#2428 = EDGE_CURVE ( 'NONE', #6955, #73, #4948, .T. ) ;
#2429 = FILL_AREA_STYLE_COLOUR ( '', #2419 ) ;
#2430 = ORIENTED_EDGE ( 'NONE', *, *, #6954, .F. ) ;
#2431 = ADVANCED_FACE ( 'NONE', ( #4928 ), #5016, .T. ) ;
#2432 = DIRECTION ( 'NONE',  ( 0.0000000000000000000, 0.06975647374412545500, 0.9975640502598242000 ) ) ;
#2433 = DIRECTION ( 'NONE',  ( 0.0000000000000000000, 0.9975640502598243100, -0.06975647374412546900 ) ) ;
#2434 = CARTESIAN_POINT ( 'NONE',  ( -3.571999999999992100, 10.10000000000000000, 5.000000000000000000 ) ) ;
#2435 = AXIS2_PLACEMENT_3D ( 'NONE', #2434, #2433, #2432 ) ;
#2436 = ORIENTED_EDGE ( 'NONE', *, *, #2438, .F. ) ;
#2437 = LINE ( 'NONE', #2427, #2425 ) ;
#2438 = EDGE_CURVE ( 'NONE', #2039, #2055, #5018, .T. ) ;
#2439 = EDGE_CURVE ( 'NONE', #2085, #2002, #4995, .T. ) ;
#2440 = CARTESIAN_POINT ( 'NONE',  ( -1.348909516779716500, 9.732910840789392300, 1.444000000000000000 ) ) ;
#2441 = ORIENTED_EDGE ( 'NONE', *, *, #2083, .F. ) ;
#2442 = CARTESIAN_POINT ( 'NONE',  ( -1.346133054588852400, 9.740119497391575000, 1.443999999999998000 ) ) ;
#2443 = ORIENTED_EDGE ( 'NONE', *, *, #1668, .F. ) ;
#2444 = CARTESIAN_POINT ( 'NONE',  ( -1.343390084398553100, 9.747368080460955000, 1.444617307563283800 ) ) ;
#2445 = ORIENTED_EDGE ( 'NONE', *, *, #2006, .F. ) ;
#2446 = CARTESIAN_POINT ( 'NONE',  ( -1.340729869025533400, 9.754514738665172000, 1.445851002414830100 ) ) ;
#2447 = CARTESIAN_POINT ( 'NONE',  ( -1.335577683954429800, 9.768356063725347500, 1.448240366923019500 ) ) ;
#2448 = ADVANCED_FACE ( 'NONE', ( #4986 ), #5077, .T. ) ;
#2449 = CARTESIAN_POINT ( 'NONE',  ( -1.330646381714948500, 9.782078060207148000, 1.453034383040164200 ) ) ;
#2450 = CARTESIAN_POINT ( 'NONE',  ( -1.326226641542395600, 9.794573635687521900, 1.459974328530059900 ) ) ;
#2452 = EDGE_LOOP ( 'NONE', ( #2454, #2458, #2460 ) ) ;
#2451 = CARTESIAN_POINT ( 'NONE',  ( -1.321959595478804200, 9.806637511409666900, 1.466674511329967100 ) ) ;
#2454 = ORIENTED_EDGE ( 'NONE', *, *, #2456, .F. ) ;
#2453 = CARTESIAN_POINT ( 'NONE',  ( -1.318058769292397300, 9.817854669180766400, 1.475548829297016700 ) ) ;
#2456 = EDGE_CURVE ( 'NONE', #2085, #2059, #5079, .T. ) ;
#2455 = CARTESIAN_POINT ( 'NONE',  ( -1.314703585430547300, 9.827259225907939200, 1.485985988063600600 ) ) ;
#2457 = CARTESIAN_POINT ( 'NONE',  ( -1.311410903840015000, 9.836488589208942200, 1.496228717506523900 ) ) ;
#2458 = ORIENTED_EDGE ( 'NONE', *, *, #2439, .T. ) ;
#2459 = CARTESIAN_POINT ( 'NONE',  ( -1.308553581638735500, 9.844204280053528300, 1.508243506668629100 ) ) ;
#2460 = ORIENTED_EDGE ( 'NONE', *, *, #2462, .F. ) ;
#2461 = CARTESIAN_POINT ( 'NONE',  ( -1.306245048132613300, 9.849699013295449400, 1.521104882376176400 ) ) ;
#2462 = EDGE_CURVE ( 'NONE', #2059, #2002, #5054, .T. ) ;
#2463 = CARTESIAN_POINT ( 'NONE',  ( -1.303934841965364200, 9.855197727777699900, 1.533975576866893700 ) ) ;
#2464 = CARTESIAN_POINT ( 'NONE',  ( -1.302107160448540600, 9.858615798083310000, 1.548045088746694300 ) ) ;
#2465 = EDGE_LOOP ( 'NONE', ( #2561, #2562, #2563, #2566 ) ) ;
#2466 = CARTESIAN_POINT ( 'NONE',  ( -1.300856780007085800, 9.859601475172347300, 1.562140927833857800 ) ) ;
#2467 = ORIENTED_EDGE ( 'NONE', *, *, #218, .F. ) ;
#2468 = DIRECTION ( 'NONE',  ( -0.0000000000000000000, 0.0000000000000000000, -1.000000000000000000 ) ) ;
#2469 = ORIENTED_EDGE ( 'NONE', *, *, #167, .F. ) ;
#2470 = AXIS2_PLACEMENT_3D ( 'NONE', #2483, #2468, #2575 ) ;
#2471 = ORIENTED_EDGE ( 'NONE', *, *, #267, .F. ) ;
#2472 = CIRCLE ( 'NONE', #2470, 1.021340256728876700 ) ;
#2473 = ORIENTED_EDGE ( 'NONE', *, *, #204, .F. ) ;
#2474 = ADVANCED_FACE ( 'NONE', ( #5056 ), #5134, .T. ) ;
#2475 = EDGE_LOOP ( 'NONE', ( #2476, #2477, #2478, #2480 ) ) ;
#2476 = ORIENTED_EDGE ( 'NONE', *, *, #1353, .F. ) ;
#2477 = ORIENTED_EDGE ( 'NONE', *, *, #1330, .F. ) ;
#2478 = ORIENTED_EDGE ( 'NONE', *, *, #1459, .T. ) ;
#2480 = ORIENTED_EDGE ( 'NONE', *, *, #2096, .F. ) ;
#2479 = CARTESIAN_POINT ( 'NONE',  ( -1.348909516779716500, 9.732910840789392300, 1.444000000000000000 ) ) ;
#2481 = B_SPLINE_CURVE_WITH_KNOTS ( 'NONE', 3,
 ( #2466, #2464, #2463, #2461, #2459, #2457, #2455, #2453, #2451, #2450, #2449, #2447, #2446, #2444, #2442, #2440 ),
 .UNSPECIFIED., .F., .F.,
 ( 4, 3, 3, 3, 3, 4 ),
 ( 8.474714811156692900E-016, 4.255642385695718600E-005, 8.506022530462614100E-005, 0.0001283650059978791100, 0.0001732259685767596500, 0.0001961677749323462100 ),
 .UNSPECIFIED. ) ;
#2482 = ADVANCED_FACE ( 'NONE', ( #5136 ), #5217, .T. ) ;
#2483 = CARTESIAN_POINT ( 'NONE',  ( -2.301999999999991600, 10.10000000000000000, 1.444000000000000000 ) ) ;
#2484 = EDGE_LOOP ( 'NONE', ( #2486, #2441, #2443, #2445 ) ) ;
#2485 = CARTESIAN_POINT ( 'NONE',  ( -1.192708048282307800, 9.949460092183317200, 2.847179019997450900 ) ) ;
#2486 = ORIENTED_EDGE ( 'NONE', *, *, #2439, .F. ) ;
#2487 = CARTESIAN_POINT ( 'NONE',  ( -1.227011875597019900, 9.919497131905108800, 2.418688724995695000 ) ) ;
#2488 = ORIENTED_EDGE ( 'NONE', *, *, #2380, .T. ) ;
#2489 = CARTESIAN_POINT ( 'NONE',  ( -1.262874240137389800, 9.889543177746093100, 1.990327223498736100 ) ) ;
#2490 = ORIENTED_EDGE ( 'NONE', *, *, #1672, .F. ) ;
#2491 = CARTESIAN_POINT ( 'NONE',  ( -1.300856780007085800, 9.859601475172347300, 1.562140927833857800 ) ) ;
#2492 = ORIENTED_EDGE ( 'NONE', *, *, #2388, .T. ) ;
#2493 = ORIENTED_EDGE ( 'NONE', *, *, #6963, .F. ) ;
#2494 = ADVANCED_FACE ( 'NONE', ( #5219 ), #5294, .F. ) ;
#2495 = CARTESIAN_POINT ( 'NONE',  ( -1.300856780007085800, 9.859601475172347300, 1.562140927833857800 ) ) ;
#2496 = EDGE_LOOP ( 'NONE', ( #2498, #2499, #2500, #2501 ) ) ;
#2497 = B_SPLINE_CURVE_WITH_KNOTS ( 'NONE', 3,
 ( #2491, #2489, #2487, #2485 ),
 .UNSPECIFIED., .F., .F.,
 ( 4, 4 ),
 ( 0.0001188948926758478800, 0.001411601961568463900 ),
 .UNSPECIFIED. ) ;
#2498 = ORIENTED_EDGE ( 'NONE', *, *, #1880, .F. ) ;
#2499 = ORIENTED_EDGE ( 'NONE', *, *, #1826, .F. ) ;
#2500 = ORIENTED_EDGE ( 'NONE', *, *, #1873, .F. ) ;
#2501 = ORIENTED_EDGE ( 'NONE', *, *, #1858, .F. ) ;
#2502 = ADVANCED_FACE ( 'NONE', ( #5296 ), #5249, .T. ) ;
#2503 = ADVANCED_FACE ( 'NONE', ( #5377 ), #5324, .T. ) ;
#2504 = DIRECTION ( 'NONE',  ( -1.000000000000000000, 0.0000000000000000000, 0.0000000000000000000 ) ) ;
#2505 = DIRECTION ( 'NONE',  ( 0.0000000000000000000, 0.0000000000000000000, -1.000000000000000000 ) ) ;
#2506 = EDGE_LOOP ( 'NONE', ( #2507, #2607, #2608, #2611 ) ) ;
#2507 = ORIENTED_EDGE ( 'NONE', *, *, #2524, .T. ) ;
#2508 = ORIENTED_EDGE ( 'NONE', *, *, #2564, .T. ) ;
#2509 = ORIENTED_EDGE ( 'NONE', *, *, #2512, .F. ) ;
#2510 = CARTESIAN_POINT ( 'NONE',  ( -1.650000000000000600, 9.000000000000000000, 6.776263578034402700E-018 ) ) ;
#2512 = EDGE_CURVE ( 'NONE', #2032, #1998, #5316, .T. ) ;
#2511 = PLANE ( 'NONE',  #2648 ) ;
#2513 = FACE_OUTER_BOUND ( 'NONE', #1896, .T. ) ;
#2514 = DIRECTION ( 'NONE',  ( 1.204669080539449300E-016, 1.000000000000000000, -0.0000000000000000000 ) ) ;
#2515 = ADVANCED_FACE ( 'NONE', ( #5443 ), #5396, .T. ) ;
#2516 = VECTOR ( 'NONE', #2514, 1000.000000000000000 ) ;
#2517 = CARTESIAN_POINT ( 'NONE',  ( -1.650000000000000600, 9.000000000000000000, 6.776263578034402700E-018 ) ) ;
#2518 = LINE ( 'NONE', #2517, #2516 ) ;
#2519 = EDGE_LOOP ( 'NONE', ( #2520, #2521, #2522 ) ) ;
#2520 = ORIENTED_EDGE ( 'NONE', *, *, #2547, .T. ) ;
#2521 = ORIENTED_EDGE ( 'NONE', *, *, #2438, .T. ) ;
#2522 = ORIENTED_EDGE ( 'NONE', *, *, #2524, .F. ) ;
#2524 = EDGE_CURVE ( 'NONE', #2066, #2055, #5398, .T. ) ;
#2523 = CARTESIAN_POINT ( 'NONE',  ( -1.650000000000000600, 9.000000000000000000, 6.776263578034402700E-018 ) ) ;
#2525 = CARTESIAN_POINT ( 'NONE',  ( -3.303143219992964700, 9.859601475172400600, 1.562140927834635400 ) ) ;
#2526 = ADVANCED_FACE ( 'NONE', ( #5525 ), #5476, .T. ) ;
#2527 = CARTESIAN_POINT ( 'NONE',  ( -3.302804087222388900, 9.859334136216547900, 1.558317802649468200 ) ) ;
#2528 = CARTESIAN_POINT ( 'NONE',  ( -3.302424010437568800, 9.858893324255769000, 1.554506336484613200 ) ) ;
#2529 = EDGE_LOOP ( 'NONE', ( #2531, #2627, #2629, #2632 ) ) ;
#2530 = CARTESIAN_POINT ( 'NONE',  ( -3.302004855548779100, 9.858282929015576500, 1.550730824047186900 ) ) ;
#2531 = ORIENTED_EDGE ( 'NONE', *, *, #2512, .T. ) ;
#2532 = CARTESIAN_POINT ( 'NONE',  ( -3.300410827771384600, 9.855961622515092600, 1.536372714765586600 ) ) ;
#2533 = ORIENTED_EDGE ( 'NONE', *, *, #2037, .F. ) ;
#2534 = CARTESIAN_POINT ( 'NONE',  ( -3.298211995845791800, 9.851074012244449600, 1.522283741305347200 ) ) ;
#2535 = CARTESIAN_POINT ( 'NONE',  ( -3.295514637685501100, 9.844131531627278200, 1.509689658869458400 ) ) ;
#2536 = ADVANCED_FACE ( 'NONE', ( #5478 ), #5567, .T. ) ;
#2537 = CARTESIAN_POINT ( 'NONE',  ( -3.292699524020412200, 9.836885971010696400, 1.496545770865834700 ) ) ;
#2538 = CARTESIAN_POINT ( 'NONE',  ( -3.289248768841795700, 9.827185983511917300, 1.484634642493102100 ) ) ;
#2539 = EDGE_LOOP ( 'NONE', ( #2541, #2543, #2545, #2550 ) ) ;
#2540 = CARTESIAN_POINT ( 'NONE',  ( -3.285323556388851400, 9.816028136893837800, 1.474976486794712400 ) ) ;
#2541 = ORIENTED_EDGE ( 'NONE', *, *, #1744, .F. ) ;
#2542 = CARTESIAN_POINT ( 'NONE',  ( -3.281246384675000200, 9.804438329421222100, 1.464944428735813500 ) ) ;
#2543 = ORIENTED_EDGE ( 'NONE', *, *, #2043, .F. ) ;
#2544 = CARTESIAN_POINT ( 'NONE',  ( -3.276525381384451000, 9.790931744202385500, 1.457033641643454600 ) ) ;
#2545 = ORIENTED_EDGE ( 'NONE', *, *, #2547, .F. ) ;
#2546 = CARTESIAN_POINT ( 'NONE',  ( -3.271442755545240600, 9.776833768754075400, 1.451837185334478700 ) ) ;
#2547 = EDGE_CURVE ( 'NONE', #2066, #2039, #5569, .T. ) ;
#2548 = CARTESIAN_POINT ( 'NONE',  ( -3.266367160981835200, 9.762755296365169100, 1.446647917773735700 ) ) ;
#2550 = ORIENTED_EDGE ( 'NONE', *, *, #2063, .F. ) ;
#2549 = CARTESIAN_POINT ( 'NONE',  ( -3.260783544401511900, 9.747691997617625500, 1.444000000000000000 ) ) ;
#2551 = CARTESIAN_POINT ( 'NONE',  ( -3.255090483220266500, 9.732910840789392300, 1.444000000000000000 ) ) ;
#2552 = DIRECTION ( 'NONE',  ( -1.863199863991166100E-017, -0.0000000000000000000, 1.000000000000000000 ) ) ;
#2553 = ADVANCED_FACE ( 'NONE', ( #5549 ), #5639, .T. ) ;
#2554 = VECTOR ( 'NONE', #2552, 1000.000000000000000 ) ;
#2555 = CARTESIAN_POINT ( 'NONE',  ( -1.650000000000000600, 9.000000000000000000, 6.776263578034402700E-018 ) ) ;
#2556 = LINE ( 'NONE', #2555, #2554 ) ;
#2557 = EDGE_LOOP ( 'NONE', ( #2558, #2508, #2509 ) ) ;
#2558 = ORIENTED_EDGE ( 'NONE', *, *, #2559, .F. ) ;
#2559 = EDGE_CURVE ( 'NONE', #2060, #2032, #5641, .T. ) ;
#2560 = ADVANCED_FACE ( 'NONE', ( #5618 ), #5709, .T. ) ;
#2561 = ORIENTED_EDGE ( 'NONE', *, *, #2462, .T. ) ;
#2562 = ORIENTED_EDGE ( 'NONE', *, *, #2000, .F. ) ;
#2563 = ORIENTED_EDGE ( 'NONE', *, *, #2564, .F. ) ;
#2564 = EDGE_CURVE ( 'NONE', #2060, #1998, #5711, .T. ) ;
#2565 = CARTESIAN_POINT ( 'NONE',  ( -3.303143219992964700, 9.859601475172400600, 1.562140927834635400 ) ) ;
#2566 = ORIENTED_EDGE ( 'NONE', *, *, #2159, .F. ) ;
#2567 = B_SPLINE_CURVE_WITH_KNOTS ( 'NONE', 3,
 ( #2551, #2549, #2548, #2546, #2544, #2542, #2540, #2538, #2537, #2535, #2534, #2532, #2530, #2528, #2527, #2525 ),
 .UNSPECIFIED., .F., .F.,
 ( 4, 3, 3, 3, 3, 4 ),
 ( 0.0000000000000000000, 4.751885820543015700E-005, 9.515074060888310800E-005, 0.0001409935378997758100, 0.0001848875293795229500, 0.0001962658743410603500 ),
 .UNSPECIFIED. ) ;
#2568 = ADVANCED_FACE ( 'NONE', ( #5691 ), #5776, .T. ) ;
#2569 = CARTESIAN_POINT ( 'NONE',  ( 9.828957951031389600, 9.999200000000000100, 2.191686563708656800E-016 ) ) ;
#2570 = EDGE_LOOP ( 'NONE', ( #2571, #2572, #2436, #2533 ) ) ;
#2571 = ORIENTED_EDGE ( 'NONE', *, *, #2456, .T. ) ;
#2572 = ORIENTED_EDGE ( 'NONE', *, *, #2058, .F. ) ;
#2573 = CARTESIAN_POINT ( 'NONE',  ( -3.255090483220266500, 9.732910840789392300, 1.444000000000000000 ) ) ;
#2574 = EDGE_LOOP ( 'NONE', ( #2576, #2578, #2580 ) ) ;
#2575 = DIRECTION ( 'NONE',  ( -1.000000000000000000, 0.0000000000000000000, 0.0000000000000000000 ) ) ;
#2576 = ORIENTED_EDGE ( 'NONE', *, *, #2595, .T. ) ;
#2577 = DIRECTION ( 'NONE',  ( 1.204669080539449300E-016, 1.000000000000000000, 0.0000000000000000000 ) ) ;
#2578 = ORIENTED_EDGE ( 'NONE', *, *, #2622, .T. ) ;
#2579 = DIRECTION ( 'NONE',  ( 1.000000000000000000, -1.204669080539449300E-016, 1.863199863991166100E-017 ) ) ;
#2580 = ORIENTED_EDGE ( 'NONE', *, *, #2677, .F. ) ;
#2581 = AXIS2_PLACEMENT_3D ( 'NONE', #2586, #2579, #2577 ) ;
#2582 = PLANE ( 'NONE',  #2713 ) ;
#2583 = ADVANCED_FACE ( 'NONE', ( #5778 ), #5859, .T. ) ;
#2584 = EDGE_LOOP ( 'NONE', ( #2585, #2590, #2592, #2597 ) ) ;
#2585 = ORIENTED_EDGE ( 'NONE', *, *, #2588, .F. ) ;
#2586 = CARTESIAN_POINT ( 'NONE',  ( -1.650000000000000600, 9.000000000000000000, 6.776263578034402700E-018 ) ) ;
#2588 = EDGE_CURVE ( 'NONE', #1992, #2155, #5861, .T. ) ;
#2587 = PLANE ( 'NONE',  #2581 ) ;
#2589 = FACE_OUTER_BOUND ( 'NONE', #1935, .T. ) ;
#2590 = ORIENTED_EDGE ( 'NONE', *, *, #1990, .F. ) ;
#2591 = DIRECTION ( 'NONE',  ( -1.000000000000000000, -3.027440621250972300E-016, -1.833020688648049600E-017 ) ) ;
#2592 = ORIENTED_EDGE ( 'NONE', *, *, #2595, .F. ) ;
#2593 = VECTOR ( 'NONE', #2591, 1000.000000000000000 ) ;
#2595 = EDGE_CURVE ( 'NONE', #2145, #1886, #5837, .T. ) ;
#2594 = CARTESIAN_POINT ( 'NONE',  ( 4.079999999999996500, -8.999999999999998200, 1.118083490375676400E-016 ) ) ;
#2596 = LINE ( 'NONE', #2594, #2593 ) ;
#2597 = ORIENTED_EDGE ( 'NONE', *, *, #2104, .F. ) ;
#2598 = ADVANCED_FACE ( 'NONE', ( #5830 ), #5924, .T. ) ;
#2600 = EDGE_LOOP ( 'NONE', ( #2601, #2604, #2605 ) ) ;
#2599 = CARTESIAN_POINT ( 'NONE',  ( -1.650000000000002800, -9.000000000000000000, 6.776263578034402700E-018 ) ) ;
#2601 = ORIENTED_EDGE ( 'NONE', *, *, #2631, .T. ) ;
#2602 = DIRECTION ( 'NONE',  ( -1.863199863991166100E-017, -0.0000000000000000000, 1.000000000000000000 ) ) ;
#2604 = ORIENTED_EDGE ( 'NONE', *, *, #2588, .T. ) ;
#2603 = VECTOR ( 'NONE', #2602, 1000.000000000000000 ) ;
#2605 = ORIENTED_EDGE ( 'NONE', *, *, #2700, .F. ) ;
#2606 = CARTESIAN_POINT ( 'NONE',  ( -1.650000000000002800, -9.000000000000000000, 6.776263578034402700E-018 ) ) ;
#2607 = ORIENTED_EDGE ( 'NONE', *, *, #2050, .F. ) ;
#2608 = ORIENTED_EDGE ( 'NONE', *, *, #2609, .F. ) ;
#2609 = EDGE_CURVE ( 'NONE', #2073, #2053, #5926, .T. ) ;
#2611 = ORIENTED_EDGE ( 'NONE', *, *, #2070, .F. ) ;
#2610 = DIRECTION ( 'NONE',  ( -1.000000000000000000, -3.027440621250972300E-016, 0.0000000000000000000 ) ) ;
#2612 = DIRECTION ( 'NONE',  ( -3.027440621250972300E-016, 1.000000000000000000, -5.640726953756143500E-033 ) ) ;
#2614 = ADVANCED_FACE ( 'NONE', ( #5906 ), #5997, .T. ) ;
#2613 = AXIS2_PLACEMENT_3D ( 'NONE', #2619, #2612, #2610 ) ;
#2615 = LINE ( 'NONE', #2606, #2603 ) ;
#2616 = EDGE_LOOP ( 'NONE', ( #2617, #2618, #2620, #2624 ) ) ;
#2617 = ORIENTED_EDGE ( 'NONE', *, *, #1749, .F. ) ;
#2618 = ORIENTED_EDGE ( 'NONE', *, *, #2124, .F. ) ;
#2620 = ORIENTED_EDGE ( 'NONE', *, *, #2622, .F. ) ;
#2619 = CARTESIAN_POINT ( 'NONE',  ( 4.079999999999996500, -8.999999999999998200, 1.118083490375676400E-016 ) ) ;
#2621 = PLANE ( 'NONE',  #2613 ) ;
#2622 = EDGE_CURVE ( 'NONE', #1886, #2122, #5999, .T. ) ;
#2623 = FACE_OUTER_BOUND ( 'NONE', #1916, .T. ) ;
#2624 = ORIENTED_EDGE ( 'NONE', *, *, #1988, .F. ) ;
#2625 = DIRECTION ( 'NONE',  ( 1.000000000000000000, 0.0000000000000000000, 1.833020688648049600E-017 ) ) ;
#2626 = VECTOR ( 'NONE', #2625, 1000.000000000000000 ) ;
#2627 = ORIENTED_EDGE ( 'NONE', *, *, #1997, .F. ) ;
#2628 = CARTESIAN_POINT ( 'NONE',  ( -1.650000000000000600, 9.000000000000000000, 6.776263578034402700E-018 ) ) ;
#2629 = ORIENTED_EDGE ( 'NONE', *, *, #2631, .F. ) ;
#2630 = LINE ( 'NONE', #2628, #2626 ) ;
#2631 = EDGE_CURVE ( 'NONE', #2130, #1992, #5973, .T. ) ;
#2632 = ORIENTED_EDGE ( 'NONE', *, *, #2035, .F. ) ;
#2633 = ADVANCED_FACE ( 'NONE', ( #5966 ), #6067, .T. ) ;
#2634 = CARTESIAN_POINT ( 'NONE',  ( 4.079999999999999200, 9.000000000000000000, 1.118083490375676400E-016 ) ) ;
#2636 = EDGE_LOOP ( 'NONE', ( #2638, #2640, #2642, #2644 ) ) ;
#2635 = DIRECTION ( 'NONE',  ( -1.863199863991166100E-017, -0.0000000000000000000, 1.000000000000000000 ) ) ;
#2637 = VECTOR ( 'NONE', #2635, 1000.000000000000000 ) ;
#2638 = ORIENTED_EDGE ( 'NONE', *, *, #2559, .T. ) ;
#2639 = CARTESIAN_POINT ( 'NONE',  ( 4.079999999999999200, 9.000000000000000000, 1.118083490375676400E-016 ) ) ;
#2640 = ORIENTED_EDGE ( 'NONE', *, *, #2029, .F. ) ;
#2641 = LINE ( 'NONE', #2639, #2637 ) ;
#2642 = ORIENTED_EDGE ( 'NONE', *, *, #2643, .F. ) ;
#2643 = EDGE_CURVE ( 'NONE', #2053, #2025, #6069, .T. ) ;
#2644 = ORIENTED_EDGE ( 'NONE', *, *, #2162, .F. ) ;
#2645 = DIRECTION ( 'NONE',  ( 0.0000000000000000000, -0.0000000000000000000, -1.000000000000000000 ) ) ;
#2646 = DIRECTION ( 'NONE',  ( 0.0000000000000000000, -1.000000000000000000, 0.0000000000000000000 ) ) ;
#2647 = VERTEX_POINT ( 'NONE', #6048 ) ;
#2648 = AXIS2_PLACEMENT_3D ( 'NONE', #2510, #2646, #2645 ) ;
#2649 = ORIENTED_EDGE ( 'NONE', *, *, #2751, .F. ) ;
#2650 = ORIENTED_EDGE ( 'NONE', *, *, #2787, .T. ) ;
#2651 = VERTEX_POINT ( 'NONE', #6046 ) ;
#2652 = LINE ( 'NONE', #2794, #2792 ) ;
#2653 = VERTEX_POINT ( 'NONE', #6043 ) ;
#2654 = ORIENTED_EDGE ( 'NONE', *, *, #2655, .F. ) ;
#2655 = EDGE_CURVE ( 'NONE', #1965, #2024, #6036, .T. ) ;
#2656 = DIRECTION ( 'NONE',  ( 1.000000000000000000, -0.0000000000000000000, 1.867474214418929300E-017 ) ) ;
#2657 = VECTOR ( 'NONE', #2656, 1000.000000000000000 ) ;
#2658 = ORIENTED_EDGE ( 'NONE', *, *, #2075, .F. ) ;
#2659 = CARTESIAN_POINT ( 'NONE',  ( 9.849999999999944600, 9.999200000000000100, 2.195616112095388500E-016 ) ) ;
#2660 = LINE ( 'NONE', #2659, #2657 ) ;
#2661 = ADVANCED_FACE ( 'NONE', ( #6028 ), #6125, .T. ) ;
#2662 = EDGE_LOOP ( 'NONE', ( #2663, #2666, #2668, #2671 ) ) ;
#2663 = ORIENTED_EDGE ( 'NONE', *, *, #1692, .F. ) ;
#2664 = DIRECTION ( 'NONE',  ( -1.000000000000000000, 0.0000000000000000000, 0.0000000000000000000 ) ) ;
#2666 = ORIENTED_EDGE ( 'NONE', *, *, #1968, .F. ) ;
#2665 = VECTOR ( 'NONE', #2664, 1000.000000000000000 ) ;
#2667 = CARTESIAN_POINT ( 'NONE',  ( 5.350000000000000500, 9.999200000000000100, 0.9524999999999999000 ) ) ;
#2668 = ORIENTED_EDGE ( 'NONE', *, *, #2670, .F. ) ;
#2669 = LINE ( 'NONE', #2667, #2665 ) ;
#2670 = EDGE_CURVE ( 'NONE', #2115, #1966, #6127, .T. ) ;
#2671 = ORIENTED_EDGE ( 'NONE', *, *, #2113, .F. ) ;
#2672 = ADVANCED_FACE ( 'NONE', ( #6107 ), #6197, .T. ) ;
#2673 = EDGE_LOOP ( 'NONE', ( #2675, #2909, #2911, #2913 ) ) ;
#2674 = CARTESIAN_POINT ( 'NONE',  ( 9.828957951031391400, 9.999200000000000100, 0.9524999999999999000 ) ) ;
#2675 = ORIENTED_EDGE ( 'NONE', *, *, #2677, .T. ) ;
#2677 = EDGE_CURVE ( 'NONE', #2145, #2122, #6199, .T. ) ;
#2676 = CARTESIAN_POINT ( 'NONE',  ( 12.09920000000000200, 7.728957951031446800, 0.9524999999999999000 ) ) ;
#2678 = DIRECTION ( 'NONE',  ( -0.7071067811865563400, 0.7071067811865388000, 0.0000000000000000000 ) ) ;
#2679 = VECTOR ( 'NONE', #2678, 1000.000000000000000 ) ;
#2680 = ADVANCED_FACE ( 'NONE', ( #6176 ), #6267, .T. ) ;
#2681 = CARTESIAN_POINT ( 'NONE',  ( 7.564078975515641000, 12.26407897551569600, 0.9524999999999999000 ) ) ;
#2682 = LINE ( 'NONE', #2681, #2679 ) ;
#2683 = EDGE_LOOP ( 'NONE', ( #2684, #2685, #2686, #2691 ) ) ;
#2684 = ORIENTED_EDGE ( 'NONE', *, *, #2700, .T. ) ;
#2685 = ORIENTED_EDGE ( 'NONE', *, *, #2153, .F. ) ;
#2686 = ORIENTED_EDGE ( 'NONE', *, *, #2689, .F. ) ;
#2687 = DIRECTION ( 'NONE',  ( -1.863199863991166100E-017, -0.0000000000000000000, 1.000000000000000000 ) ) ;
#2689 = EDGE_CURVE ( 'NONE', #2024, #2149, #6268, .T. ) ;
#2688 = VECTOR ( 'NONE', #2687, 1000.000000000000000 ) ;
#2691 = ORIENTED_EDGE ( 'NONE', *, *, #2135, .F. ) ;
#2690 = CARTESIAN_POINT ( 'NONE',  ( 4.079999999999996500, -8.999999999999998200, 1.118083490375676400E-016 ) ) ;
#2692 = LINE ( 'NONE', #2690, #2688 ) ;
#2693 = ADVANCED_FACE ( 'NONE', ( #6249 ), #6338, .T. ) ;
#2694 = EDGE_LOOP ( 'NONE', ( #2696, #2698, #2654, #2658 ) ) ;
#2695 = DIRECTION ( 'NONE',  ( 0.0000000000000000000, 1.000000000000000000, 0.0000000000000000000 ) ) ;
#2696 = ORIENTED_EDGE ( 'NONE', *, *, #2711, .T. ) ;
#2697 = DIRECTION ( 'NONE',  ( 1.000000000000000000, 7.885106708985471300E-016, 1.863199863991166100E-017 ) ) ;
#2698 = ORIENTED_EDGE ( 'NONE', *, *, #2022, .F. ) ;
#2699 = AXIS2_PLACEMENT_3D ( 'NONE', #2709, #2697, #2695 ) ;
#2700 = EDGE_CURVE ( 'NONE', #2130, #2155, #6339, .T. ) ;
#2701 = CIRCLE ( 'NONE', #2699, 0.1270000000000003900 ) ;
#2702 = ADVANCED_FACE ( 'NONE', ( #6319 ), #6410, .T. ) ;
#2703 = EDGE_LOOP ( 'NONE', ( #2705, #2707, #2710 ) ) ;
#2704 = DIRECTION ( 'NONE',  ( -7.885106708985471300E-016, 1.000000000000000000, 0.0000000000000000000 ) ) ;
#2705 = ORIENTED_EDGE ( 'NONE', *, *, #2609, .T. ) ;
#2706 = DIRECTION ( 'NONE',  ( 1.000000000000000000, 7.885106708985471300E-016, 1.863199863991166100E-017 ) ) ;
#2707 = ORIENTED_EDGE ( 'NONE', *, *, #2643, .T. ) ;
#2708 = CARTESIAN_POINT ( 'NONE',  ( 4.079999999999997400, -10.10000000000000000, 1.118083490375676400E-016 ) ) ;
#2710 = ORIENTED_EDGE ( 'NONE', *, *, #2711, .F. ) ;
#2709 = CARTESIAN_POINT ( 'NONE',  ( 4.079999999999997400, -9.973000000000000800, 0.1524000000000000100 ) ) ;
#2711 = EDGE_CURVE ( 'NONE', #2073, #2025, #6412, .T. ) ;
#2712 = ADVANCED_FACE ( 'NONE', ( #6392 ), #6475, .T. ) ;
#2714 = ORIENTED_EDGE ( 'NONE', *, *, #1756, .F. ) ;
#2713 = AXIS2_PLACEMENT_3D ( 'NONE', #2708, #2706, #2704 ) ;
#2715 = FACE_OUTER_BOUND ( 'NONE', #1946, .T. ) ;
#2716 = VERTEX_POINT ( 'NONE', #6477 ) ;
#2717 = EDGE_CURVE ( 'NONE', #2739, #2736, #6464, .T. ) ;
#2718 = DIRECTION ( 'NONE',  ( 0.0000000000000000000, 1.000000000000000000, 0.0000000000000000000 ) ) ;
#2719 = VECTOR ( 'NONE', #2718, 1000.000000000000000 ) ;
#2720 = ORIENTED_EDGE ( 'NONE', *, *, #2727, .F. ) ;
#2721 = CARTESIAN_POINT ( 'NONE',  ( 4.079999999999999200, 9.000000000000000000, 1.118083490375676400E-016 ) ) ;
#2722 = ORIENTED_EDGE ( 'NONE', *, *, #2803, .F. ) ;
#2723 = LINE ( 'NONE', #2721, #2719 ) ;
#2724 = ORIENTED_EDGE ( 'NONE', *, *, #2733, .T. ) ;
#2725 =( NAMED_UNIT ( * ) PLANE_ANGLE_UNIT ( ) SI_UNIT ( $, .RADIAN. ) );
#2726 = EDGE_CURVE ( 'NONE', #2716, #2743, #6455, .T. ) ;
#2727 = EDGE_CURVE ( 'NONE', #1758, #11441, #6447, .T. ) ;
#2729 = ORIENTED_EDGE ( 'NONE', *, *, #2731, .F. ) ;
#2728 = DIRECTION ( 'NONE',  ( 0.0000000000000000000, 0.0000000000000000000, -1.000000000000000000 ) ) ;
#2731 = EDGE_CURVE ( 'NONE', #2716, #1814, #6438, .T. ) ;
#2730 = DIRECTION ( 'NONE',  ( 1.000000000000000000, -0.0000000000000000000, 1.863199863991166100E-017 ) ) ;
#2732 = AXIS2_PLACEMENT_3D ( 'NONE', #2745, #2730, #2728 ) ;
#2733 = EDGE_CURVE ( 'NONE', #2738, #11439, #6552, .T. ) ;
#2734 = CIRCLE ( 'NONE', #2732, 0.1270000000000000000 ) ;
#2735 = ORIENTED_EDGE ( 'NONE', *, *, #2717, .T. ) ;
#2736 = VERTEX_POINT ( 'NONE', #6556 ) ;
#2737 = EDGE_CURVE ( 'NONE', #2743, #2756, #6530, .T. ) ;
#2738 = VERTEX_POINT ( 'NONE', #6523 ) ;
#2739 = VERTEX_POINT ( 'NONE', #6521 ) ;
#2740 = DIRECTION ( 'NONE',  ( 1.863199863991166100E-017, 0.0000000000000000000, -1.000000000000000000 ) ) ;
#2741 = ORIENTED_EDGE ( 'NONE', *, *, #2726, .T. ) ;
#2742 = DIRECTION ( 'NONE',  ( 1.000000000000000000, -0.0000000000000000000, 1.863199863991166100E-017 ) ) ;
#2743 = VERTEX_POINT ( 'NONE', #6519 ) ;
#2744 = AXIS2_PLACEMENT_3D ( 'NONE', #2750, #2742, #2740 ) ;
#2746 = EDGE_CURVE ( 'NONE', #11439, #2747, #6506, .T. ) ;
#2745 = CARTESIAN_POINT ( 'NONE',  ( 4.079999999999998300, 9.972999999999999000, 0.1524000000000004000 ) ) ;
#2747 = VERTEX_POINT ( 'NONE', #6514 ) ;
#2748 = EDGE_CURVE ( 'NONE', #2763, #2647, #6512, .T. ) ;
#2749 = VERTEX_POINT ( 'NONE', #6609 ) ;
#2751 = EDGE_CURVE ( 'NONE', #2647, #2653, #6605, .T. ) ;
#2750 = CARTESIAN_POINT ( 'NONE',  ( 4.079999999999999200, 9.000000000000000000, 1.118083490375676400E-016 ) ) ;
#2752 = PLANE ( 'NONE',  #2744 ) ;
#2754 = EDGE_CURVE ( 'NONE', #2756, #2779, #6595, .T. ) ;
#2753 = FACE_OUTER_BOUND ( 'NONE', #2011, .T. ) ;
#2756 = VERTEX_POINT ( 'NONE', #6587 ) ;
#2755 = DIRECTION ( 'NONE',  ( -1.000000000000000000, 3.854941057726189300E-016, -1.867474214418929300E-017 ) ) ;
#2757 = VECTOR ( 'NONE', #2755, 1000.000000000000000 ) ;
#2758 = VERTEX_POINT ( 'NONE', #6585 ) ;
#2759 = CARTESIAN_POINT ( 'NONE',  ( 5.350000000000000500, -9.999199999999998300, 1.355252715606880800E-016 ) ) ;
#2761 = VERTEX_POINT ( 'NONE', #6583 ) ;
#2760 = LINE ( 'NONE', #2759, #2757 ) ;
#2762 = ORIENTED_EDGE ( 'NONE', *, *, #2748, .F. ) ;
#2763 = VERTEX_POINT ( 'NONE', #6582 ) ;
#2764 = EDGE_CURVE ( 'NONE', #2758, #2761, #6573, .T. ) ;
#2765 = VERTEX_POINT ( 'NONE', #6687 ) ;
#2766 = CARTESIAN_POINT ( 'NONE',  ( 9.828957951031503300, -9.999200000000000100, 2.191686563708678000E-016 ) ) ;
#2767 = ORIENTED_EDGE ( 'NONE', *, *, #2769, .T. ) ;
#2768 = DIRECTION ( 'NONE',  ( -0.7071067811865391400, -0.7071067811865560100, -1.320503680706629800E-017 ) ) ;
#2769 = EDGE_CURVE ( 'NONE', #2779, #2758, #6682, .T. ) ;
#2770 = VECTOR ( 'NONE', #2768, 1000.000000000000000 ) ;
#2772 = ORIENTED_EDGE ( 'NONE', *, *, #2774, .T. ) ;
#2771 = CARTESIAN_POINT ( 'NONE',  ( 9.814078975515780500, -10.01407897551572300, 2.188907953397419500E-016 ) ) ;
#2773 = LINE ( 'NONE', #2771, #2770 ) ;
#2774 = EDGE_CURVE ( 'NONE', #2761, #2765, #6678, .T. ) ;
#2775 = ORIENTED_EDGE ( 'NONE', *, *, #2764, .T. ) ;
#2776 = ADVANCED_FACE ( 'NONE', ( #6657 ), #6741, .F. ) ;
#2777 = CARTESIAN_POINT ( 'NONE',  ( 12.09920000000000300, -7.728957951031445000, 2.615648412402504900E-016 ) ) ;
#2778 = ORIENTED_EDGE ( 'NONE', *, *, #2754, .T. ) ;
#2779 = VERTEX_POINT ( 'NONE', #6737 ) ;
#2780 = DIRECTION ( 'NONE',  ( 1.119176436114069300E-016, -1.000000000000000000, 2.090033135828298700E-033 ) ) ;
#2781 = VECTOR ( 'NONE', #2780, 1000.000000000000000 ) ;
#2782 = EDGE_CURVE ( 'NONE', #2763, #1674, #6726, .T. ) ;
#2783 = CARTESIAN_POINT ( 'NONE',  ( 12.09920000000000300, -7.750000000000000000, 2.615648412402504900E-016 ) ) ;
#2784 = LINE ( 'NONE', #2783, #2781 ) ;
#2785 = EDGE_LOOP ( 'NONE', ( #2778, #2767, #2775, #2772, #2650, #2788, #19, #2720, #2714, #2729, #2741, #2860 ) ) ;
#2786 = ORIENTED_EDGE ( 'NONE', *, *, #2782, .T. ) ;
#2787 = EDGE_CURVE ( 'NONE', #2765, #2651, #6714, .T. ) ;
#2788 = ORIENTED_EDGE ( 'NONE', *, *, #2790, .T. ) ;
#2789 = CARTESIAN_POINT ( 'NONE',  ( 12.09920000000000200, 7.728957951031445000, 2.615648412402504900E-016 ) ) ;
#2790 = EDGE_CURVE ( 'NONE', #2651, #2749, #6696, .T. ) ;
#2791 = DIRECTION ( 'NONE',  ( 0.7071067811865563400, -0.7071067811865388000, 1.320503680706662000E-017 ) ) ;
#2792 = VECTOR ( 'NONE', #2791, 1000.000000000000000 ) ;
#2793 = ADVANCED_FACE ( 'NONE', ( #6810 ), #6760, .T. ) ;
#2794 = CARTESIAN_POINT ( 'NONE',  ( 12.11407897551572400, 7.714078975515722200, 2.618427022713762600E-016 ) ) ;
#2795 = EDGE_LOOP ( 'NONE', ( #2798, #2892, #2893 ) ) ;
#2796 = DIRECTION ( 'NONE',  ( -1.000000000000000000, 3.854941057726189300E-016, -0.0000000000000000000 ) ) ;
#2798 = ORIENTED_EDGE ( 'NONE', *, *, #2912, .T. ) ;
#2797 = VECTOR ( 'NONE', #2796, 1000.000000000000000 ) ;
#2799 = CARTESIAN_POINT ( 'NONE',  ( 9.850000000000058300, -10.05000000000000100, 0.9016999999999998300 ) ) ;
#2800 = LINE ( 'NONE', #2799, #2797 ) ;
#2801 = EDGE_LOOP ( 'NONE', ( #2828, #2833, #2839, #2841, #2827, #2817, #2852, #2836, #2847, #2818, #2825, #2826, #2804, #2805, #2813, #2807, #2824, #2829, #5450, #5488, #5454, #5470, #5474, #5452, #5493, #5500, #5496, #5462, #5595, #5485, #5491, #5492, #5497, #5457 ) ) ;
#2802 = FILL_AREA_STYLE_COLOUR ( '', #2930 ) ;
#2803 = EDGE_CURVE ( 'NONE', #2738, #2736, #6749, .T. ) ;
#2804 = ORIENTED_EDGE ( 'NONE', *, *, #1630, .T. ) ;
#2805 = ORIENTED_EDGE ( 'NONE', *, *, #2811, .F. ) ;
#2807 = ORIENTED_EDGE ( 'NONE', *, *, #2808, .T. ) ;
#2806 = CARTESIAN_POINT ( 'NONE',  ( 9.828957951031505000, -10.05000000000000100, 0.9016999999999998300 ) ) ;
#2808 = EDGE_CURVE ( 'NONE', #1607, #1580, #6875, .T. ) ;
#2809 = DIRECTION ( 'NONE',  ( -0.0000000000000000000, -0.0000000000000000000, 1.000000000000000000 ) ) ;
#2810 = VECTOR ( 'NONE', #2809, 1000.000000000000000 ) ;
#2811 = EDGE_CURVE ( 'NONE', #1388, #1651, #6866, .T. ) ;
#2812 = CARTESIAN_POINT ( 'NONE',  ( 9.828957951031505000, -10.05000000000000100, 0.9524999999999999000 ) ) ;
#2813 = ORIENTED_EDGE ( 'NONE', *, *, #29, .T. ) ;
#2814 = LINE ( 'NONE', #2812, #2810 ) ;
#2815 = EDGE_CURVE ( 'NONE', #2816, #2853, #6858, .T. ) ;
#2816 = VERTEX_POINT ( 'NONE', #6850 ) ;
#2817 = ORIENTED_EDGE ( 'NONE', *, *, #2851, .F. ) ;
#2818 = ORIENTED_EDGE ( 'NONE', *, *, #2821, .F. ) ;
#2819 = DIRECTION ( 'NONE',  ( -1.119176436114069300E-016, 1.000000000000000000, -2.090033135828298400E-033 ) ) ;
#2820 = VECTOR ( 'NONE', #2819, 1000.000000000000000 ) ;
#2821 = EDGE_CURVE ( 'NONE', #11427, #1616, #6845, .T. ) ;
#2822 = CARTESIAN_POINT ( 'NONE',  ( 12.15000000000000000, 7.750000000000000000, 0.05080000000000026200 ) ) ;
#2824 = ORIENTED_EDGE ( 'NONE', *, *, #1579, .T. ) ;
#2823 = LINE ( 'NONE', #2822, #2820 ) ;
#2825 = ORIENTED_EDGE ( 'NONE', *, *, #4, .T. ) ;
#2826 = ORIENTED_EDGE ( 'NONE', *, *, #2849, .T. ) ;
#2827 = ORIENTED_EDGE ( 'NONE', *, *, #11432, .T. ) ;
#2828 = ORIENTED_EDGE ( 'NONE', *, *, #2815, .T. ) ;
#2829 = ORIENTED_EDGE ( 'NONE', *, *, #5484, .F. ) ;
#2830 = CARTESIAN_POINT ( 'NONE',  ( 12.15000000000000200, -7.728957951031445900, 0.05080000000000026200 ) ) ;
#2831 = ADVANCED_FACE ( 'NONE', ( #6838 ), #6935, .F. ) ;
#2832 = DIRECTION ( 'NONE',  ( 0.0000000000000000000, 0.0000000000000000000, -1.000000000000000000 ) ) ;
#2833 = ORIENTED_EDGE ( 'NONE', *, *, #2838, .T. ) ;
#2834 = VECTOR ( 'NONE', #2832, 1000.000000000000000 ) ;
#2836 = ORIENTED_EDGE ( 'NONE', *, *, #2845, .T. ) ;
#2835 = CARTESIAN_POINT ( 'NONE',  ( 12.15000000000000200, -7.728957951031445900, 0.9524999999999999000 ) ) ;
#2837 = LINE ( 'NONE', #2835, #2834 ) ;
#2838 = EDGE_CURVE ( 'NONE', #2853, #2738, #6931, .T. ) ;
#2839 = ORIENTED_EDGE ( 'NONE', *, *, #2803, .T. ) ;
#2840 = EDGE_LOOP ( 'NONE', ( #1868, #1872, #1876, #1879, #1741, #1845, #1847, #1849 ) ) ;
#2841 = ORIENTED_EDGE ( 'NONE', *, *, #2843, .T. ) ;
#2842 = CARTESIAN_POINT ( 'NONE',  ( 12.15000000000000200, -7.728957951031445900, 0.9016999999999998300 ) ) ;
#2843 = EDGE_CURVE ( 'NONE', #2736, #8, #6914, .T. ) ;
#2844 = CARTESIAN_POINT ( 'NONE',  ( 12.15000000000000000, 7.728957951031445900, 0.9016999999999998300 ) ) ;
#2845 = EDGE_CURVE ( 'NONE', #1464, #1608, #6906, .T. ) ;
#2846 = DIRECTION ( 'NONE',  ( 1.119176436114069300E-016, -1.000000000000000000, -0.0000000000000000000 ) ) ;
#2847 = ORIENTED_EDGE ( 'NONE', *, *, #1605, .T. ) ;
#2848 = VECTOR ( 'NONE', #2846, 1000.000000000000000 ) ;
#2849 = EDGE_CURVE ( 'NONE', #15, #1627, #6897, .T. ) ;
#2850 = CARTESIAN_POINT ( 'NONE',  ( 12.15000000000000000, 7.750000000000000000, 0.9016999999999998300 ) ) ;
#2851 = EDGE_CURVE ( 'NONE', #11437, #11447, #6888, .T. ) ;
#2852 = ORIENTED_EDGE ( 'NONE', *, *, #20, .T. ) ;
#2853 = VERTEX_POINT ( 'NONE', #7011 ) ;
#2854 = DIRECTION ( 'NONE',  ( -1.000000000000000000, 0.0000000000000000000, -1.867474214418929300E-017 ) ) ;
#2856 = ADVANCED_FACE ( 'NONE', ( #7009 ), #6971, .F. ) ;
#2855 = DIRECTION ( 'NONE',  ( 1.867474214418929300E-017, 0.0000000000000000000, -1.000000000000000000 ) ) ;
#2857 = AXIS2_PLACEMENT_3D ( 'NONE', #2864, #2855, #2854 ) ;
#2858 = LINE ( 'NONE', #2850, #2848 ) ;
#2859 = EDGE_LOOP ( 'NONE', ( #2724, #11442, #2861, #2735, #2722 ) ) ;
#2860 = ORIENTED_EDGE ( 'NONE', *, *, #2737, .T. ) ;
#2861 = ORIENTED_EDGE ( 'NONE', *, *, #2862, .T. ) ;
#2862 = EDGE_CURVE ( 'NONE', #2747, #2739, #6966, .T. ) ;
#2863 = EDGE_CURVE ( 'NONE', #2749, #11441, #7083, .T. ) ;
#2864 = CARTESIAN_POINT ( 'NONE',  ( 5.349999999999999600, 10.10000000000000000, 1.355252715606880500E-016 ) ) ;
#2865 = PLANE ( 'NONE',  #2857 ) ;
#2866 = FACE_BOUND ( 'NONE', #1980, .T. ) ;
#2867 = EDGE_LOOP ( 'NONE', ( #2869, #2870, #2959, #2961 ) ) ;
#2868 = FACE_OUTER_BOUND ( 'NONE', #1884, .T. ) ;
#2869 = ORIENTED_EDGE ( 'NONE', *, *, #31, .F. ) ;
#2870 = ORIENTED_EDGE ( 'NONE', *, *, #106, .F. ) ;
#2871 = CARTESIAN_POINT ( 'NONE',  ( 12.13512102448427900, -7.764878975515722800, 0.9016999999999998300 ) ) ;
#2872 = ORIENTED_EDGE ( 'NONE', *, *, #1470, .T. ) ;
#2873 = ADVANCED_FACE ( 'NONE', ( #7075 ), #7026, .F. ) ;
#2874 = CARTESIAN_POINT ( 'NONE',  ( 9.864878975515781100, -10.03512102448427400, 0.9016999999999998300 ) ) ;
#2875 = DIRECTION ( 'NONE',  ( -0.7071067811865391400, -0.7071067811865560100, -0.0000000000000000000 ) ) ;
#2876 = EDGE_LOOP ( 'NONE', ( #2878, #2880, #2881, #2882 ) ) ;
#2877 = VECTOR ( 'NONE', #2875, 1000.000000000000000 ) ;
#2878 = ORIENTED_EDGE ( 'NONE', *, *, #1466, .F. ) ;
#2879 = CARTESIAN_POINT ( 'NONE',  ( 12.15000000000000200, -7.750000000000000000, 0.9016999999999998300 ) ) ;
#2880 = ORIENTED_EDGE ( 'NONE', *, *, #2908, .F. ) ;
#2881 = ORIENTED_EDGE ( 'NONE', *, *, #1383, .T. ) ;
#2882 = ORIENTED_EDGE ( 'NONE', *, *, #1603, .F. ) ;
#2883 = DIRECTION ( 'NONE',  ( -0.7071067811865391400, -0.7071067811865560100, 0.0000000000000000000 ) ) ;
#2884 = ADVANCED_FACE ( 'NONE', ( #7028 ), #7013, .F. ) ;
#2885 = DIRECTION ( 'NONE',  ( -0.7071067811865560100, 0.7071067811865391400, 0.0000000000000000000 ) ) ;
#2886 = CARTESIAN_POINT ( 'NONE',  ( 12.15000000000000200, -7.750000000000000000, 0.9524999999999999000 ) ) ;
#2887 = AXIS2_PLACEMENT_3D ( 'NONE', #2886, #2885, #2883 ) ;
#2888 = EDGE_LOOP ( 'NONE', ( #2890, #2891, #2988, #2989 ) ) ;
#2889 = LINE ( 'NONE', #2879, #2877 ) ;
#2890 = ORIENTED_EDGE ( 'NONE', *, *, #149, .F. ) ;
#2891 = ORIENTED_EDGE ( 'NONE', *, *, #119, .F. ) ;
#2892 = ORIENTED_EDGE ( 'NONE', *, *, #2670, .T. ) ;
#2893 = ORIENTED_EDGE ( 'NONE', *, *, #2895, .F. ) ;
#2895 = EDGE_CURVE ( 'NONE', #2146, #1966, #7147, .T. ) ;
#2894 = PLANE ( 'NONE',  #2887 ) ;
#2896 = ADVANCED_FACE ( 'NONE', ( #7140 ), #7090, .T. ) ;
#2897 =( GEOMETRIC_REPRESENTATION_CONTEXT ( 3 ) GLOBAL_UNCERTAINTY_ASSIGNED_CONTEXT ( ( #2903 ) ) GLOBAL_UNIT_ASSIGNED_CONTEXT ( ( #2915, #2910, #2906 ) ) REPRESENTATION_CONTEXT ( 'NONE', 'WORKASPACE' ) );
#2898 = EDGE_LOOP ( 'NONE', ( #2899, #2900, #2901, #2902 ) ) ;
#2899 = ORIENTED_EDGE ( 'NONE', *, *, #2924, .T. ) ;
#2900 = ORIENTED_EDGE ( 'NONE', *, *, #2148, .F. ) ;
#2901 = ORIENTED_EDGE ( 'NONE', *, *, #2895, .T. ) ;
#2902 = ORIENTED_EDGE ( 'NONE', *, *, #1962, .F. ) ;
#2904 = ADVANCED_FACE ( 'NONE', ( #7183 ), #7167, .T. ) ;
#2903 = UNCERTAINTY_MEASURE_WITH_UNIT (LENGTH_MEASURE( 1.000000000000000100E-005 ), #2915, 'distance_accuracy_value', 'NONE');
#2905 = EDGE_LOOP ( 'NONE', ( #2907, #2872 ) ) ;
#2906 =( NAMED_UNIT ( * ) SI_UNIT ( $, .STERADIAN. ) SOLID_ANGLE_UNIT ( ) );
#2907 = ORIENTED_EDGE ( 'NONE', *, *, #2908, .T. ) ;
#2908 = EDGE_CURVE ( 'NONE', #1476, #1467, #7161, .T. ) ;
#2909 = ORIENTED_EDGE ( 'NONE', *, *, #2119, .F. ) ;
#2910 =( NAMED_UNIT ( * ) PLANE_ANGLE_UNIT ( ) SI_UNIT ( $, .RADIAN. ) );
#2911 = ORIENTED_EDGE ( 'NONE', *, *, #2912, .F. ) ;
#2912 = EDGE_CURVE ( 'NONE', #2146, #2115, #7157, .T. ) ;
#2913 = ORIENTED_EDGE ( 'NONE', *, *, #2142, .F. ) ;
#2914 = ADVANCED_FACE ( 'NONE', ( #7210 ), #7188, .T. ) ;
#2915 =( LENGTH_UNIT ( ) NAMED_UNIT ( * ) SI_UNIT ( .MILLI., .METRE. ) );
#2916 = EDGE_LOOP ( 'NONE', ( #2918, #2920, #2922 ) ) ;
#2917 = MECHANICAL_DESIGN_GEOMETRIC_PRESENTATION_REPRESENTATION (  '', ( #2921 ), #2897 ) ;
#2918 = ORIENTED_EDGE ( 'NONE', *, *, #2655, .T. ) ;
#2920 = ORIENTED_EDGE ( 'NONE', *, *, #2689, .T. ) ;
#2919 = PRESENTATION_LAYER_ASSIGNMENT (  '', '', ( #2921 ) ) ;
#2921 = STYLED_ITEM ( 'NONE', ( #2923 ), #2046 ) ;
#2922 = ORIENTED_EDGE ( 'NONE', *, *, #2924, .F. ) ;
#2923 = PRESENTATION_STYLE_ASSIGNMENT (( #2925 ) ) ;
#2924 = EDGE_CURVE ( 'NONE', #1965, #2149, #7189, .T. ) ;
#2925 = SURFACE_STYLE_USAGE ( .BOTH. , #2926 ) ;
#2926 = SURFACE_SIDE_STYLE ('',( #2927 ) ) ;
#2927 = SURFACE_STYLE_FILL_AREA ( #2928 ) ;
#2928 = FILL_AREA_STYLE ('',( #2802 ) ) ;
#2929 = EDGE_CURVE ( 'NONE', #3076, #2932, #7239, .T. ) ;
#2930 = COLOUR_RGB ( '',0.7529411764705882200, 0.7529411764705882200, 0.7529411764705882200 ) ;
#2932 = VERTEX_POINT ( 'NONE', #7235 ) ;
#2931 = FACE_OUTER_BOUND ( 'NONE', #2047, .T. ) ;
#2933 = VERTEX_POINT ( 'NONE', #7234 ) ;
#2934 = UNCERTAINTY_MEASURE_WITH_UNIT (LENGTH_MEASURE( 1.000000000000000100E-005 ), #2947, 'distance_accuracy_value', 'NONE');
#2935 = ORIENTED_EDGE ( 'NONE', *, *, #2936, .T. ) ;
#2936 = EDGE_CURVE ( 'NONE', #2985, #2938, #7233, .T. ) ;
#2937 =( NAMED_UNIT ( * ) SI_UNIT ( $, .STERADIAN. ) SOLID_ANGLE_UNIT ( ) );
#2938 = VERTEX_POINT ( 'NONE', #7229 ) ;
#2939 = ORIENTED_EDGE ( 'NONE', *, *, #2940, .F. ) ;
#2940 = EDGE_CURVE ( 'NONE', #2941, #2938, #7228, .T. ) ;
#2941 = VERTEX_POINT ( 'NONE', #7224 ) ;
#2942 =( NAMED_UNIT ( * ) PLANE_ANGLE_UNIT ( ) SI_UNIT ( $, .RADIAN. ) );
#2943 = ORIENTED_EDGE ( 'NONE', *, *, #2944, .T. ) ;
#2944 = EDGE_CURVE ( 'NONE', #2941, #2945, #7223, .T. ) ;
#2945 = VERTEX_POINT ( 'NONE', #7219 ) ;
#2946 = ORIENTED_EDGE ( 'NONE', *, *, #2948, .T. ) ;
#2947 =( LENGTH_UNIT ( ) NAMED_UNIT ( * ) SI_UNIT ( .MILLI., .METRE. ) );
#2948 = EDGE_CURVE ( 'NONE', #2945, #2949, #7218, .T. ) ;
#2949 = VERTEX_POINT ( 'NONE', #7214 ) ;
#2951 = ORIENTED_EDGE ( 'NONE', *, *, #2952, .T. ) ;
#2950 = MECHANICAL_DESIGN_GEOMETRIC_PRESENTATION_REPRESENTATION (  '', ( #2954 ), #3073 ) ;
#2952 = EDGE_CURVE ( 'NONE', #2949, #2986, #7213, .T. ) ;
#2953 = PRESENTATION_LAYER_ASSIGNMENT (  '', '', ( #2954 ) ) ;
#2954 = STYLED_ITEM ( 'NONE', ( #2955 ), #2076 ) ;
#2955 = PRESENTATION_STYLE_ASSIGNMENT (( #2957 ) ) ;
#2956 = EDGE_LOOP ( 'NONE', ( #3065, #3070, #3074, #3077, #3039, #3043 ) ) ;
#2957 = SURFACE_STYLE_USAGE ( .BOTH. , #2958 ) ;
#2959 = ORIENTED_EDGE ( 'NONE', *, *, #7113, .F. ) ;
#2958 = SURFACE_SIDE_STYLE ('',( #2960 ) ) ;
#2960 = SURFACE_STYLE_FILL_AREA ( #2962 ) ;
#2961 = ORIENTED_EDGE ( 'NONE', *, *, #176, .F. ) ;
#2962 = FILL_AREA_STYLE ('',( #2972 ) ) ;
#2963 = COLOUR_RGB ( '',0.7529411764705882200, 0.7529411764705882200, 0.7529411764705882200 ) ;
#2964 = FACE_OUTER_BOUND ( 'NONE', #2077, .T. ) ;
#2965 = ADVANCED_FACE ( 'NONE', ( #7273 ), #7272, .F. ) ;
#2966 = DIRECTION ( 'NONE',  ( -1.119176436114069300E-016, 1.000000000000000000, 0.0000000000000000000 ) ) ;
#2967 = VECTOR ( 'NONE', #2966, 1000.000000000000000 ) ;
#2969 = EDGE_LOOP ( 'NONE', ( #2971, #2973, #2974, #2975 ) ) ;
#2968 = CARTESIAN_POINT ( 'NONE',  ( 12.09920000000000200, 10.05000000000000100, 0.9524999999999999000 ) ) ;
#2970 = LINE ( 'NONE', #2968, #2967 ) ;
#2971 = ORIENTED_EDGE ( 'NONE', *, *, #111, .F. ) ;
#2972 = FILL_AREA_STYLE_COLOUR ( '', #2963 ) ;
#2973 = ORIENTED_EDGE ( 'NONE', *, *, #200, .F. ) ;
#2974 = ORIENTED_EDGE ( 'NONE', *, *, #7126, .F. ) ;
#2975 = ORIENTED_EDGE ( 'NONE', *, *, #172, .F. ) ;
#2976 = CARTESIAN_POINT ( 'NONE',  ( 12.09920000000000300, -7.728957951031447700, 0.9524999999999999000 ) ) ;
#2977 = ADVANCED_FACE ( 'NONE', ( #7266 ), #7270, .T. ) ;
#2978 = DIRECTION ( 'NONE',  ( 0.7071067811865391400, 0.7071067811865560100, 0.0000000000000000000 ) ) ;
#2979 = VECTOR ( 'NONE', #2978, 1000.000000000000000 ) ;
#2980 = CARTESIAN_POINT ( 'NONE',  ( 17.61407897551581000, -2.214078975515517000, 0.9524999999999999000 ) ) ;
#2981 = EDGE_LOOP ( 'NONE', ( #2983, #2935, #2939, #2943, #2946, #2951 ) ) ;
#2982 = LINE ( 'NONE', #2980, #2979 ) ;
#2983 = ORIENTED_EDGE ( 'NONE', *, *, #2984, .F. ) ;
#2984 = EDGE_CURVE ( 'NONE', #2985, #2986, #7264, .T. ) ;
#2985 = VERTEX_POINT ( 'NONE', #7257 ) ;
#2986 = VERTEX_POINT ( 'NONE', #7256 ) ;
#2987 = CARTESIAN_POINT ( 'NONE',  ( 9.828957951031503300, -9.999200000000001900, 0.9524999999999999000 ) ) ;
#2988 = ORIENTED_EDGE ( 'NONE', *, *, #185, .F. ) ;
#2989 = ORIENTED_EDGE ( 'NONE', *, *, #236, .F. ) ;
#2990 = DIRECTION ( 'NONE',  ( 1.000000000000000000, -3.854941057726189300E-016, 0.0000000000000000000 ) ) ;
#2991 = VECTOR ( 'NONE', #2990, 1000.000000000000000 ) ;
#2992 = CARTESIAN_POINT ( 'NONE',  ( 5.349999999999992500, -9.999200000000000100, 0.9524999999999999000 ) ) ;
#2993 = ADVANCED_FACE ( 'NONE', ( #7255 ), #7252, .T. ) ;
#2994 = LINE ( 'NONE', #2992, #2991 ) ;
#2995 = EDGE_LOOP ( 'NONE', ( #2996, #2997, #2999, #3001 ) ) ;
#2996 = ORIENTED_EDGE ( 'NONE', *, *, #191, .F. ) ;
#2997 = ORIENTED_EDGE ( 'NONE', *, *, #129, .F. ) ;
#2998 = CARTESIAN_POINT ( 'NONE',  ( 12.13512102448427900, -7.764878975515722800, 0.05080000000000026200 ) ) ;
#2999 = ORIENTED_EDGE ( 'NONE', *, *, #90, .F. ) ;
#3001 = ORIENTED_EDGE ( 'NONE', *, *, #97, .F. ) ;
#3000 = CARTESIAN_POINT ( 'NONE',  ( 9.864878975515781100, -10.03512102448427400, 0.05080000000000022000 ) ) ;
#3002 = DIRECTION ( 'NONE',  ( 0.0000000000000000000, 0.0000000000000000000, -1.000000000000000000 ) ) ;
#3004 = ADVANCED_FACE ( 'NONE', ( #7253 ), #7248, .F. ) ;
#3003 = VECTOR ( 'NONE', #3002, 1000.000000000000000 ) ;
#3005 = CARTESIAN_POINT ( 'NONE',  ( 9.864878975515781100, -10.03512102448427400, 0.9524999999999999000 ) ) ;
#3006 = VERTEX_POINT ( 'NONE', #7246 ) ;
#3007 = LINE ( 'NONE', #3005, #3003 ) ;
#3008 = ORIENTED_EDGE ( 'NONE', *, *, #3009, .F. ) ;
#3009 = EDGE_CURVE ( 'NONE', #3054, #2941, #7307, .T. ) ;
#3010 =( NAMED_UNIT ( * ) PLANE_ANGLE_UNIT ( ) SI_UNIT ( $, .RADIAN. ) );
#3011 = ADVANCED_FACE ( 'NONE', ( #7302 ), #7301, .T. ) ;
#3012 = EDGE_LOOP ( 'NONE', ( #3013, #3019, #3024, #3026 ) ) ;
#3013 = ORIENTED_EDGE ( 'NONE', *, *, #3015, .T. ) ;
#3015 = EDGE_CURVE ( 'NONE', #3016, #3017, #7296, .T. ) ;
#3014 =( LENGTH_UNIT ( ) NAMED_UNIT ( * ) SI_UNIT ( .MILLI., .METRE. ) );
#3016 = VERTEX_POINT ( 'NONE', #7292 ) ;
#3017 = VERTEX_POINT ( 'NONE', #7291 ) ;
#3018 = MECHANICAL_DESIGN_GEOMETRIC_PRESENTATION_REPRESENTATION (  '', ( #3022 ), #3125 ) ;
#3019 = ORIENTED_EDGE ( 'NONE', *, *, #3021, .T. ) ;
#3020 = PRESENTATION_LAYER_ASSIGNMENT (  '', '', ( #3022 ) ) ;
#3021 = EDGE_CURVE ( 'NONE', #3017, #3067, #7290, .T. ) ;
#3022 = STYLED_ITEM ( 'NONE', ( #3023 ), #2089 ) ;
#3024 = ORIENTED_EDGE ( 'NONE', *, *, #3045, .F. ) ;
#3023 = PRESENTATION_STYLE_ASSIGNMENT (( #3025 ) ) ;
#3025 = SURFACE_STYLE_USAGE ( .BOTH. , #3027 ) ;
#3026 = ORIENTED_EDGE ( 'NONE', *, *, #3029, .F. ) ;
#3027 = SURFACE_SIDE_STYLE ('',( #3028 ) ) ;
#3028 = SURFACE_STYLE_FILL_AREA ( #3030 ) ;
#3029 = EDGE_CURVE ( 'NONE', #3016, #2933, #7285, .T. ) ;
#3030 = FILL_AREA_STYLE ('',( #3044 ) ) ;
#3031 = COLOUR_RGB ( '',0.7529411764705882200, 0.7529411764705882200, 0.7529411764705882200 ) ;
#3032 = FACE_OUTER_BOUND ( 'NONE', #1958, .T. ) ;
#3033 = ADVANCED_FACE ( 'NONE', ( #7280 ), #7279, .F. ) ;
#3034 = FACE_BOUND ( 'NONE', #1986, .T. ) ;
#3035 = DIRECTION ( 'NONE',  ( 1.000000000000000000, 0.0000000000000000000, 0.0000000000000000000 ) ) ;
#3036 = EDGE_LOOP ( 'NONE', ( #3118, #3122, #3126, #3128 ) ) ;
#3037 = DIRECTION ( 'NONE',  ( 0.0000000000000000000, 0.0000000000000000000, 1.000000000000000000 ) ) ;
#3039 = ORIENTED_EDGE ( 'NONE', *, *, #3041, .F. ) ;
#3038 = CARTESIAN_POINT ( 'NONE',  ( 9.350000000000003200, 0.0000000000000000000, 0.0000000000000000000 ) ) ;
#3040 = AXIS2_PLACEMENT_3D ( 'NONE', #3038, #3037, #3035 ) ;
#3041 = EDGE_CURVE ( 'NONE', #2933, #2932, #7339, .T. ) ;
#3042 = CIRCLE ( 'NONE', #3040, 1.849999999999999200 ) ;
#3043 = ORIENTED_EDGE ( 'NONE', *, *, #3045, .T. ) ;
#3044 = FILL_AREA_STYLE_COLOUR ( '', #3031 ) ;
#3045 = EDGE_CURVE ( 'NONE', #2933, #3067, #7335, .T. ) ;
#3046 = ADVANCED_FACE ( 'NONE', ( #7331 ), #7330, .F. ) ;
#3047 = CARTESIAN_POINT ( 'NONE',  ( 9.828957951031505000, -10.05000000000000100, 0.05080000000000026200 ) ) ;
#3048 = EDGE_LOOP ( 'NONE', ( #3050, #3056, #3059, #3008 ) ) ;
#3050 = ORIENTED_EDGE ( 'NONE', *, *, #3052, .T. ) ;
#3049 = DIRECTION ( 'NONE',  ( 1.000000000000000000, -3.854941057726189300E-016, 1.867474214418929300E-017 ) ) ;
#3051 = VECTOR ( 'NONE', #3049, 1000.000000000000000 ) ;
#3052 = EDGE_CURVE ( 'NONE', #3054, #3055, #7325, .T. ) ;
#3053 = CARTESIAN_POINT ( 'NONE',  ( 9.850000000000058300, -10.05000000000000100, 0.05080000000000026200 ) ) ;
#3054 = VERTEX_POINT ( 'NONE', #7321 ) ;
#3055 = VERTEX_POINT ( 'NONE', #7320 ) ;
#3056 = ORIENTED_EDGE ( 'NONE', *, *, #3057, .T. ) ;
#3057 = EDGE_CURVE ( 'NONE', #3055, #2945, #7319, .T. ) ;
#3058 = DIRECTION ( 'NONE',  ( -1.000000000000000000, 3.854941057726189300E-016, 0.0000000000000000000 ) ) ;
#3059 = ORIENTED_EDGE ( 'NONE', *, *, #2944, .F. ) ;
#3060 = DIRECTION ( 'NONE',  ( 3.854941057726189300E-016, 1.000000000000000000, -0.0000000000000000000 ) ) ;
#3061 = CARTESIAN_POINT ( 'NONE',  ( 9.850000000000058300, -10.05000000000000100, 0.9524999999999999000 ) ) ;
#3063 = ADVANCED_FACE ( 'NONE', ( #7314 ), #7313, .T. ) ;
#3062 = AXIS2_PLACEMENT_3D ( 'NONE', #3061, #3060, #3058 ) ;
#3064 = LINE ( 'NONE', #3053, #3051 ) ;
#3065 = ORIENTED_EDGE ( 'NONE', *, *, #3066, .T. ) ;
#3066 = EDGE_CURVE ( 'NONE', #3067, #3068, #7311, .T. ) ;
#3067 = VERTEX_POINT ( 'NONE', #7367 ) ;
#3068 = VERTEX_POINT ( 'NONE', #7366 ) ;
#3069 = PLANE ( 'NONE',  #3062 ) ;
#3070 = ORIENTED_EDGE ( 'NONE', *, *, #3071, .T. ) ;
#3071 = EDGE_CURVE ( 'NONE', #3068, #3072, #7365, .T. ) ;
#3072 = VERTEX_POINT ( 'NONE', #7361 ) ;
#3073 =( GEOMETRIC_REPRESENTATION_CONTEXT ( 3 ) GLOBAL_UNCERTAINTY_ASSIGNED_CONTEXT ( ( #2934 ) ) GLOBAL_UNIT_ASSIGNED_CONTEXT ( ( #2947, #2942, #2937 ) ) REPRESENTATION_CONTEXT ( 'NONE', 'WORKASPACE' ) );
#3074 = ORIENTED_EDGE ( 'NONE', *, *, #3075, .F. ) ;
#3075 = EDGE_CURVE ( 'NONE', #3076, #3072, #7360, .T. ) ;
#3076 = VERTEX_POINT ( 'NONE', #7356 ) ;
#3077 = ORIENTED_EDGE ( 'NONE', *, *, #2929, .T. ) ;
#3078 = ADVANCED_FACE ( 'NONE', ( #7355 ), #7354, .T. ) ;
#3079 = EDGE_LOOP ( 'NONE', ( #3165, #3166, #3170, #3172 ) ) ;
#3080 = CARTESIAN_POINT ( 'NONE',  ( 4.949322491526001700, 9.713097160211484400, 4.999999999999998200 ) ) ;
#3081 = ORIENTED_EDGE ( 'NONE', *, *, #3083, .T. ) ;
#3082 = CARTESIAN_POINT ( 'NONE',  ( 4.880963934046633300, 9.644738602732116900, 4.999999999999999100 ) ) ;
#3083 = EDGE_CURVE ( 'NONE', #3117, #11434, #7349, .T. ) ;
#3084 = ORIENTED_EDGE ( 'NONE', *, *, #59, .F. ) ;
#3085 = ADVANCED_FACE ( 'NONE', ( #7345 ), #7344, .T. ) ;
#3086 = EDGE_LOOP ( 'NONE', ( #3087, #3088, #3091, #3092, #3093, #3094, #3190, #3195, #3197, #3199, #3202, #3203 ) ) ;
#3087 = ORIENTED_EDGE ( 'NONE', *, *, #2940, .T. ) ;
#3088 = ORIENTED_EDGE ( 'NONE', *, *, #3090, .T. ) ;
#3089 =( BOUNDED_CURVE ( )  B_SPLINE_CURVE ( 3, ( #3082, #3080, #3205, #3204 ),
 .UNSPECIFIED., .F., .T. ) 
 B_SPLINE_CURVE_WITH_KNOTS ( ( 4, 4 ),
 ( 1.570796326794896600, 3.036872898470137600 ),
 .UNSPECIFIED. ) 
 CURVE ( )  GEOMETRIC_REPRESENTATION_ITEM ( )  RATIONAL_B_SPLINE_CURVE ( ( 1.000000000000000000, 0.8287632169849283900, 0.8287632169849283900, 1.000000000000000000 ) ) 
 REPRESENTATION_ITEM ( '' )  );
#3090 = EDGE_CURVE ( 'NONE', #2938, #3068, #7401, .T. ) ;
#3091 = ORIENTED_EDGE ( 'NONE', *, *, #3066, .F. ) ;
#3092 = ORIENTED_EDGE ( 'NONE', *, *, #3021, .F. ) ;
#3093 = ORIENTED_EDGE ( 'NONE', *, *, #3127, .F. ) ;
#3094 = ORIENTED_EDGE ( 'NONE', *, *, #3185, .T. ) ;
#3095 = ORIENTED_EDGE ( 'NONE', *, *, #3096, .T. ) ;
#3096 = EDGE_CURVE ( 'NONE', #3006, #3097, #7397, .T. ) ;
#3097 = VERTEX_POINT ( 'NONE', #7393 ) ;
#3098 = DIRECTION ( 'NONE',  ( -1.000000000000000000, 0.0000000000000000000, 0.0000000000000000000 ) ) ;
#3099 = ORIENTED_EDGE ( 'NONE', *, *, #3101, .T. ) ;
#3100 = DIRECTION ( 'NONE',  ( 0.0000000000000000000, 0.0000000000000000000, -1.000000000000000000 ) ) ;
#3101 = EDGE_CURVE ( 'NONE', #3097, #3055, #7392, .T. ) ;
#3102 = AXIS2_PLACEMENT_3D ( 'NONE', #3116, #3100, #3098 ) ;
#3103 = ORIENTED_EDGE ( 'NONE', *, *, #3052, .F. ) ;
#3104 = CIRCLE ( 'NONE', #3102, 1.900799999999999400 ) ;
#3105 = ADVANCED_FACE ( 'NONE', ( #7388 ), #7387, .T. ) ;
#3106 = EDGE_LOOP ( 'NONE', ( #3107, #3112, #3081, #3084 ) ) ;
#3107 = ORIENTED_EDGE ( 'NONE', *, *, #3108, .F. ) ;
#3108 = EDGE_CURVE ( 'NONE', #3110, #978, #7385, .T. ) ;
#3109 = DIRECTION ( 'NONE',  ( -1.000000000000000000, 0.0000000000000000000, -0.0000000000000000000 ) ) ;
#3110 = VERTEX_POINT ( 'NONE', #7378 ) ;
#3111 = DIRECTION ( 'NONE',  ( 0.0000000000000000000, 0.0000000000000000000, -1.000000000000000000 ) ) ;
#3112 = ORIENTED_EDGE ( 'NONE', *, *, #3114, .T. ) ;
#3113 = CARTESIAN_POINT ( 'NONE',  ( 5.350000000000000500, 10.05000000000000100, 0.9524999999999999000 ) ) ;
#3114 = EDGE_CURVE ( 'NONE', #3110, #3117, #7377, .T. ) ;
#3115 = AXIS2_PLACEMENT_3D ( 'NONE', #3113, #3111, #3109 ) ;
#3116 = CARTESIAN_POINT ( 'NONE',  ( 9.350000000000003200, 0.0000000000000000000, 0.9524999999999999000 ) ) ;
#3117 = VERTEX_POINT ( 'NONE', #7373 ) ;
#3118 = ORIENTED_EDGE ( 'NONE', *, *, #3119, .F. ) ;
#3119 = EDGE_CURVE ( 'NONE', #3120, #3016, #7371, .T. ) ;
#3120 = VERTEX_POINT ( 'NONE', #7431 ) ;
#3122 = ORIENTED_EDGE ( 'NONE', *, *, #3123, .T. ) ;
#3121 = PLANE ( 'NONE',  #3115 ) ;
#3123 = EDGE_CURVE ( 'NONE', #3120, #3124, #7430, .T. ) ;
#3124 = VERTEX_POINT ( 'NONE', #7426 ) ;
#3125 =( GEOMETRIC_REPRESENTATION_CONTEXT ( 3 ) GLOBAL_UNCERTAINTY_ASSIGNED_CONTEXT ( ( #3131 ) ) GLOBAL_UNIT_ASSIGNED_CONTEXT ( ( #3014, #3010, #3134 ) ) REPRESENTATION_CONTEXT ( 'NONE', 'WORKASPACE' ) );
#3126 = ORIENTED_EDGE ( 'NONE', *, *, #3127, .T. ) ;
#3127 = EDGE_CURVE ( 'NONE', #3124, #3017, #7425, .T. ) ;
#3128 = ORIENTED_EDGE ( 'NONE', *, *, #3015, .F. ) ;
#3129 = ADVANCED_FACE ( 'NONE', ( #7421 ), #7420, .F. ) ;
#3130 = EDGE_LOOP ( 'NONE', ( #3132, #3095, #3099, #3103 ) ) ;
#3131 = UNCERTAINTY_MEASURE_WITH_UNIT (LENGTH_MEASURE( 1.000000000000000100E-005 ), #3014, 'distance_accuracy_value', 'NONE');
#3132 = ORIENTED_EDGE ( 'NONE', *, *, #3133, .F. ) ;
#3133 = EDGE_CURVE ( 'NONE', #3006, #3054, #7418, .T. ) ;
#3134 =( NAMED_UNIT ( * ) SI_UNIT ( $, .STERADIAN. ) SOLID_ANGLE_UNIT ( ) );
#3135 = ORIENTED_EDGE ( 'NONE', *, *, #3075, .T. ) ;
#3136 = ORIENTED_EDGE ( 'NONE', *, *, #3137, .T. ) ;
#3137 = EDGE_CURVE ( 'NONE', #3072, #2985, #7411, .T. ) ;
#3138 = DIRECTION ( 'NONE',  ( 0.0000000000000000000, -0.0000000000000000000, -1.000000000000000000 ) ) ;
#3139 = ORIENTED_EDGE ( 'NONE', *, *, #2984, .T. ) ;
#3140 = DIRECTION ( 'NONE',  ( 0.0000000000000000000, -1.000000000000000000, 0.0000000000000000000 ) ) ;
#3141 = ORIENTED_EDGE ( 'NONE', *, *, #3143, .T. ) ;
#3142 = CARTESIAN_POINT ( 'NONE',  ( 5.350000000000000500, 10.05000000000000100, 0.9524999999999999000 ) ) ;
#3143 = EDGE_CURVE ( 'NONE', #2986, #3076, #7407, .T. ) ;
#3144 = AXIS2_PLACEMENT_3D ( 'NONE', #3142, #3140, #3138 ) ;
#3145 = LINE ( 'NONE', #3275, #3274 ) ;
#3146 = ADVANCED_FACE ( 'NONE', ( #7402 ), #7462, .T. ) ;
#3147 = EDGE_LOOP ( 'NONE', ( #3149, #3246, #3253, #3257, #3263, #3268 ) ) ;
#3149 = ORIENTED_EDGE ( 'NONE', *, *, #3150, .F. ) ;
#3148 = PLANE ( 'NONE',  #3144 ) ;
#3150 = EDGE_CURVE ( 'NONE', #1617, #1619, #7403, .T. ) ;
#3151 = ORIENTED_EDGE ( 'NONE', *, *, #2948, .F. ) ;
#3152 =( GEOMETRIC_REPRESENTATION_CONTEXT ( 3 ) GLOBAL_UNCERTAINTY_ASSIGNED_CONTEXT ( ( #3160 ) ) GLOBAL_UNIT_ASSIGNED_CONTEXT ( ( #3173, #3168, #3164 ) ) REPRESENTATION_CONTEXT ( 'NONE', 'WORKASPACE' ) );
#3153 = ORIENTED_EDGE ( 'NONE', *, *, #3057, .F. ) ;
#3154 = ORIENTED_EDGE ( 'NONE', *, *, #3101, .F. ) ;
#3155 = ORIENTED_EDGE ( 'NONE', *, *, #3156, .T. ) ;
#3156 = EDGE_CURVE ( 'NONE', #3097, #3110, #7454, .T. ) ;
#3157 = ORIENTED_EDGE ( 'NONE', *, *, #3108, .T. ) ;
#3158 = ORIENTED_EDGE ( 'NONE', *, *, #747, .F. ) ;
#3159 = ORIENTED_EDGE ( 'NONE', *, *, #3171, .F. ) ;
#3161 = ORIENTED_EDGE ( 'NONE', *, *, #3162, .T. ) ;
#3160 = UNCERTAINTY_MEASURE_WITH_UNIT (LENGTH_MEASURE( 1.000000000000000100E-005 ), #3173, 'distance_accuracy_value', 'NONE');
#3162 = EDGE_CURVE ( 'NONE', #3169, #3120, #7449, .T. ) ;
#3163 = ORIENTED_EDGE ( 'NONE', *, *, #3119, .T. ) ;
#3164 =( NAMED_UNIT ( * ) SI_UNIT ( $, .STERADIAN. ) SOLID_ANGLE_UNIT ( ) );
#3165 = ORIENTED_EDGE ( 'NONE', *, *, #3192, .F. ) ;
#3166 = ORIENTED_EDGE ( 'NONE', *, *, #3167, .T. ) ;
#3167 = EDGE_CURVE ( 'NONE', #3188, #3169, #7444, .T. ) ;
#3168 =( NAMED_UNIT ( * ) PLANE_ANGLE_UNIT ( ) SI_UNIT ( $, .RADIAN. ) );
#3169 = VERTEX_POINT ( 'NONE', #7440 ) ;
#3170 = ORIENTED_EDGE ( 'NONE', *, *, #3171, .T. ) ;
#3171 = EDGE_CURVE ( 'NONE', #3169, #1608, #7439, .T. ) ;
#3172 = ORIENTED_EDGE ( 'NONE', *, *, #2845, .F. ) ;
#3173 =( LENGTH_UNIT ( ) NAMED_UNIT ( * ) SI_UNIT ( .MILLI., .METRE. ) );
#3174 = ADVANCED_FACE ( 'NONE', ( #7435 ), #7434, .T. ) ;
#3175 = MECHANICAL_DESIGN_GEOMETRIC_PRESENTATION_REPRESENTATION (  '', ( #3179 ), #3152 ) ;
#3176 = EDGE_LOOP ( 'NONE', ( #3177, #3180, #3151, #3153, #3154, #3155, #3157, #3158, #3159, #3161, #3163, #3270 ) ) ;
#3177 = ORIENTED_EDGE ( 'NONE', *, *, #3041, .T. ) ;
#3178 = PRESENTATION_LAYER_ASSIGNMENT (  '', '', ( #3179 ) ) ;
#3180 = ORIENTED_EDGE ( 'NONE', *, *, #3182, .T. ) ;
#3179 = STYLED_ITEM ( 'NONE', ( #3181 ), #2107 ) ;
#3181 = PRESENTATION_STYLE_ASSIGNMENT (( #3183 ) ) ;
#3182 = EDGE_CURVE ( 'NONE', #2932, #2949, #7493, .T. ) ;
#3183 = SURFACE_STYLE_USAGE ( .BOTH. , #3184 ) ;
#3184 = SURFACE_SIDE_STYLE ('',( #3186 ) ) ;
#3185 = EDGE_CURVE ( 'NONE', #3124, #3188, #7489, .T. ) ;
#3186 = SURFACE_STYLE_FILL_AREA ( #3187 ) ;
#3187 = FILL_AREA_STYLE ('',( #3200 ) ) ;
#3188 = VERTEX_POINT ( 'NONE', #7484 ) ;
#3189 = COLOUR_RGB ( '',0.7529411764705882200, 0.7529411764705882200, 0.7529411764705882200 ) ;
#3190 = ORIENTED_EDGE ( 'NONE', *, *, #3192, .T. ) ;
#3191 = FACE_OUTER_BOUND ( 'NONE', #2110, .T. ) ;
#3192 = EDGE_CURVE ( 'NONE', #3188, #1464, #7483, .T. ) ;
#3193 = DIRECTION ( 'NONE',  ( -0.7071067811865563400, 0.7071067811865388000, -1.320503680706662200E-017 ) ) ;
#3194 = VECTOR ( 'NONE', #3193, 1000.000000000000000 ) ;
#3195 = ORIENTED_EDGE ( 'NONE', *, *, #11435, .F. ) ;
#3197 = ORIENTED_EDGE ( 'NONE', *, *, #3083, .F. ) ;
#3196 = CARTESIAN_POINT ( 'NONE',  ( 9.849999999999944600, 10.05000000000000100, 0.05080000000000026200 ) ) ;
#3198 = LINE ( 'NONE', #3196, #3194 ) ;
#3199 = ORIENTED_EDGE ( 'NONE', *, *, #3201, .T. ) ;
#3200 = FILL_AREA_STYLE_COLOUR ( '', #3189 ) ;
#3201 = EDGE_CURVE ( 'NONE', #3117, #3006, #7479, .T. ) ;
#3202 = ORIENTED_EDGE ( 'NONE', *, *, #3133, .T. ) ;
#3203 = ORIENTED_EDGE ( 'NONE', *, *, #3009, .T. ) ;
#3204 = CARTESIAN_POINT ( 'NONE',  ( 5.007268214758404700, 9.771042883443888300, 4.886275114834989900 ) ) ;
#3205 = CARTESIAN_POINT ( 'NONE',  ( 5.000122799793892600, 9.763897468479378000, 4.954259196984012600 ) ) ;
#3206 = EDGE_LOOP ( 'NONE', ( #3207, #3212, #3214, #3305 ) ) ;
#3207 = ORIENTED_EDGE ( 'NONE', *, *, #3209, .T. ) ;
#3208 =( GEOMETRIC_REPRESENTATION_CONTEXT ( 3 ) GLOBAL_UNCERTAINTY_ASSIGNED_CONTEXT ( ( #3215 ) ) GLOBAL_UNIT_ASSIGNED_CONTEXT ( ( #3226, #3221, #3217 ) ) REPRESENTATION_CONTEXT ( 'NONE', 'WORKASPACE' ) );
#3209 = EDGE_CURVE ( 'NONE', #3210, #3211, #7474, .T. ) ;
#3210 = VERTEX_POINT ( 'NONE', #7470 ) ;
#3211 = VERTEX_POINT ( 'NONE', #7469 ) ;
#3212 = ORIENTED_EDGE ( 'NONE', *, *, #3213, .T. ) ;
#3213 = EDGE_CURVE ( 'NONE', #3211, #3260, #7467, .T. ) ;
#3214 = ORIENTED_EDGE ( 'NONE', *, *, #3258, .F. ) ;
#3215 = UNCERTAINTY_MEASURE_WITH_UNIT (LENGTH_MEASURE( 1.000000000000000100E-005 ), #3226, 'distance_accuracy_value', 'NONE');
#3216 = EDGE_LOOP ( 'NONE', ( #3314, #3323, #3328, #3330 ) ) ;
#3217 =( NAMED_UNIT ( * ) SI_UNIT ( $, .STERADIAN. ) SOLID_ANGLE_UNIT ( ) );
#3218 = ADVANCED_FACE ( 'NONE', ( #7468 ), #7526, .T. ) ;
#3219 = EDGE_LOOP ( 'NONE', ( #3220, #3225, #3229, #3235, #3338, #3341 ) ) ;
#3220 = ORIENTED_EDGE ( 'NONE', *, *, #3222, .T. ) ;
#3221 =( NAMED_UNIT ( * ) PLANE_ANGLE_UNIT ( ) SI_UNIT ( $, .RADIAN. ) );
#3222 = EDGE_CURVE ( 'NONE', #3223, #3224, #7524, .T. ) ;
#3223 = VERTEX_POINT ( 'NONE', #7517 ) ;
#3224 = VERTEX_POINT ( 'NONE', #7516 ) ;
#3225 = ORIENTED_EDGE ( 'NONE', *, *, #3227, .T. ) ;
#3226 =( LENGTH_UNIT ( ) NAMED_UNIT ( * ) SI_UNIT ( .MILLI., .METRE. ) );
#3227 = EDGE_CURVE ( 'NONE', #3224, #3228, #7515, .T. ) ;
#3228 = VERTEX_POINT ( 'NONE', #7511 ) ;
#3229 = ORIENTED_EDGE ( 'NONE', *, *, #3231, .F. ) ;
#3230 = MECHANICAL_DESIGN_GEOMETRIC_PRESENTATION_REPRESENTATION (  '', ( #3234 ), #3208 ) ;
#3231 = EDGE_CURVE ( 'NONE', #3233, #3228, #7510, .T. ) ;
#3232 = PRESENTATION_LAYER_ASSIGNMENT (  '', '', ( #3234 ) ) ;
#3233 = VERTEX_POINT ( 'NONE', #7506 ) ;
#3234 = STYLED_ITEM ( 'NONE', ( #3236 ), #2126 ) ;
#3235 = ORIENTED_EDGE ( 'NONE', *, *, #3238, .T. ) ;
#3236 = PRESENTATION_STYLE_ASSIGNMENT (( #3237 ) ) ;
#3237 = SURFACE_STYLE_USAGE ( .BOTH. , #3239 ) ;
#3238 = EDGE_CURVE ( 'NONE', #3233, #3241, #7505, .T. ) ;
#3239 = SURFACE_SIDE_STYLE ('',( #3240 ) ) ;
#3240 = SURFACE_STYLE_FILL_AREA ( #3242 ) ;
#3241 = VERTEX_POINT ( 'NONE', #7501 ) ;
#3242 = FILL_AREA_STYLE ('',( #3254 ) ) ;
#3244 = VERTEX_POINT ( 'NONE', #7500 ) ;
#3243 = COLOUR_RGB ( '',0.7529411764705882200, 0.7529411764705882200, 0.7529411764705882200 ) ;
#3245 = FACE_OUTER_BOUND ( 'NONE', #2128, .T. ) ;
#3246 = ORIENTED_EDGE ( 'NONE', *, *, #3248, .T. ) ;
#3248 = EDGE_CURVE ( 'NONE', #1617, #3250, #7499, .T. ) ;
#3247 = DIRECTION ( 'NONE',  ( -1.000000000000000000, 0.0000000000000000000, -1.867474214418929300E-017 ) ) ;
#3249 = VECTOR ( 'NONE', #3247, 1000.000000000000000 ) ;
#3250 = VERTEX_POINT ( 'NONE', #7557 ) ;
#3251 = CARTESIAN_POINT ( 'NONE',  ( 5.349999999999999600, 10.05000000000000100, 0.05080000000000015100 ) ) ;
#3252 = LINE ( 'NONE', #3251, #3249 ) ;
#3253 = ORIENTED_EDGE ( 'NONE', *, *, #3255, .F. ) ;
#3254 = FILL_AREA_STYLE_COLOUR ( '', #3243 ) ;
#3255 = EDGE_CURVE ( 'NONE', #3256, #3250, #7556, .T. ) ;
#3256 = VERTEX_POINT ( 'NONE', #7552 ) ;
#3257 = ORIENTED_EDGE ( 'NONE', *, *, #3258, .T. ) ;
#3258 = EDGE_CURVE ( 'NONE', #3256, #3260, #7551, .T. ) ;
#3259 = CARTESIAN_POINT ( 'NONE',  ( 9.828957951031389600, 10.05000000000000100, 0.05080000000000023400 ) ) ;
#3260 = VERTEX_POINT ( 'NONE', #7547 ) ;
#3261 = DIRECTION ( 'NONE',  ( 0.0000000000000000000, 0.0000000000000000000, -1.000000000000000000 ) ) ;
#3263 = ORIENTED_EDGE ( 'NONE', *, *, #3265, .T. ) ;
#3262 = VECTOR ( 'NONE', #3261, 1000.000000000000000 ) ;
#3264 = CARTESIAN_POINT ( 'NONE',  ( 9.828957951031389600, 10.05000000000000100, 0.9524999999999999000 ) ) ;
#3265 = EDGE_CURVE ( 'NONE', #3260, #3267, #7546, .T. ) ;
#3266 = LINE ( 'NONE', #3264, #3262 ) ;
#3267 = VERTEX_POINT ( 'NONE', #7542 ) ;
#3268 = ORIENTED_EDGE ( 'NONE', *, *, #3269, .T. ) ;
#3269 = EDGE_CURVE ( 'NONE', #3267, #1619, #7541, .T. ) ;
#3270 = ORIENTED_EDGE ( 'NONE', *, *, #3029, .T. ) ;
#3271 = CARTESIAN_POINT ( 'NONE',  ( 9.828957951031389600, 10.05000000000000100, 0.9016999999999998300 ) ) ;
#3272 = ADVANCED_FACE ( 'NONE', ( #7537 ), #7536, .T. ) ;
#3273 = DIRECTION ( 'NONE',  ( 1.000000000000000000, -0.0000000000000000000, -0.0000000000000000000 ) ) ;
#3274 = VECTOR ( 'NONE', #3273, 1000.000000000000000 ) ;
#3275 = CARTESIAN_POINT ( 'NONE',  ( 5.350000000000000500, 10.05000000000000100, 0.9016999999999998300 ) ) ;
#3276 = EDGE_LOOP ( 'NONE', ( #3135, #3136, #3139, #3141 ) ) ;
#3277 = EDGE_LOOP ( 'NONE', ( #3278, #3281, #3285, #3391 ) ) ;
#3278 = ORIENTED_EDGE ( 'NONE', *, *, #3279, .F. ) ;
#3279 = EDGE_CURVE ( 'NONE', #3280, #1633, #7534, .T. ) ;
#3280 = VERTEX_POINT ( 'NONE', #7527 ) ;
#3281 = ORIENTED_EDGE ( 'NONE', *, *, #3282, .T. ) ;
#3282 = EDGE_CURVE ( 'NONE', #3280, #3284, #7587, .T. ) ;
#3283 =( GEOMETRIC_REPRESENTATION_CONTEXT ( 3 ) GLOBAL_UNCERTAINTY_ASSIGNED_CONTEXT ( ( #3291 ) ) GLOBAL_UNIT_ASSIGNED_CONTEXT ( ( #3302, #3298, #3294 ) ) REPRESENTATION_CONTEXT ( 'NONE', 'WORKASPACE' ) );
#3284 = VERTEX_POINT ( 'NONE', #7583 ) ;
#3285 = ORIENTED_EDGE ( 'NONE', *, *, #3388, .T. ) ;
#3286 = ORIENTED_EDGE ( 'NONE', *, *, #3287, .F. ) ;
#3287 = EDGE_CURVE ( 'NONE', #3288, #3319, #7582, .T. ) ;
#3288 = VERTEX_POINT ( 'NONE', #7578 ) ;
#3289 = ORIENTED_EDGE ( 'NONE', *, *, #3290, .T. ) ;
#3290 = EDGE_CURVE ( 'NONE', #3288, #3292, #7577, .T. ) ;
#3291 = UNCERTAINTY_MEASURE_WITH_UNIT (LENGTH_MEASURE( 1.000000000000000100E-005 ), #3302, 'distance_accuracy_value', 'NONE');
#3292 = VERTEX_POINT ( 'NONE', #7573 ) ;
#3293 = ORIENTED_EDGE ( 'NONE', *, *, #3295, .T. ) ;
#3294 =( NAMED_UNIT ( * ) SI_UNIT ( $, .STERADIAN. ) SOLID_ANGLE_UNIT ( ) );
#3295 = EDGE_CURVE ( 'NONE', #3292, #3321, #7572, .T. ) ;
#3296 = ORIENTED_EDGE ( 'NONE', *, *, #3316, .F. ) ;
#3297 = ADVANCED_FACE ( 'NONE', ( #7568 ), #7567, .F. ) ;
#3298 =( NAMED_UNIT ( * ) PLANE_ANGLE_UNIT ( ) SI_UNIT ( $, .RADIAN. ) );
#3299 = EDGE_LOOP ( 'NONE', ( #3300, #3304, #3410, #3415 ) ) ;
#3300 = ORIENTED_EDGE ( 'NONE', *, *, #3301, .F. ) ;
#3301 = EDGE_CURVE ( 'NONE', #3303, #3210, #7565, .T. ) ;
#3302 =( LENGTH_UNIT ( ) NAMED_UNIT ( * ) SI_UNIT ( .MILLI., .METRE. ) );
#3303 = VERTEX_POINT ( 'NONE', #7558 ) ;
#3304 = ORIENTED_EDGE ( 'NONE', *, *, #3406, .T. ) ;
#3305 = ORIENTED_EDGE ( 'NONE', *, *, #3307, .F. ) ;
#3306 = MECHANICAL_DESIGN_GEOMETRIC_PRESENTATION_REPRESENTATION (  '', ( #3309 ), #3283 ) ;
#3307 = EDGE_CURVE ( 'NONE', #3210, #3256, #7619, .T. ) ;
#3308 = PRESENTATION_LAYER_ASSIGNMENT (  '', '', ( #3309 ) ) ;
#3309 = STYLED_ITEM ( 'NONE', ( #3310 ), #2136 ) ;
#3311 = ADVANCED_FACE ( 'NONE', ( #7620 ), #7613, .T. ) ;
#3310 = PRESENTATION_STYLE_ASSIGNMENT (( #3312 ) ) ;
#3312 = SURFACE_STYLE_USAGE ( .BOTH. , #3313 ) ;
#3314 = ORIENTED_EDGE ( 'NONE', *, *, #3316, .T. ) ;
#3313 = SURFACE_SIDE_STYLE ('',( #3315 ) ) ;
#3315 = SURFACE_STYLE_FILL_AREA ( #3317 ) ;
#3316 = EDGE_CURVE ( 'NONE', #3319, #3321, #7609, .T. ) ;
#3317 = FILL_AREA_STYLE ('',( #3329 ) ) ;
#3318 = COLOUR_RGB ( '',0.7529411764705882200, 0.7529411764705882200, 0.7529411764705882200 ) ;
#3319 = VERTEX_POINT ( 'NONE', #7605 ) ;
#3320 = FACE_OUTER_BOUND ( 'NONE', #2138, .T. ) ;
#3321 = VERTEX_POINT ( 'NONE', #7604 ) ;
#3322 = DIRECTION ( 'NONE',  ( -0.0000000000000000000, -0.0000000000000000000, 1.000000000000000000 ) ) ;
#3323 = ORIENTED_EDGE ( 'NONE', *, *, #3326, .T. ) ;
#3324 = VECTOR ( 'NONE', #3322, 1000.000000000000000 ) ;
#3326 = EDGE_CURVE ( 'NONE', #3321, #3223, #7603, .T. ) ;
#3325 = CARTESIAN_POINT ( 'NONE',  ( 12.15000000000000000, 7.728957951031445900, 0.9524999999999999000 ) ) ;
#3327 = LINE ( 'NONE', #3325, #3324 ) ;
#3328 = ORIENTED_EDGE ( 'NONE', *, *, #3342, .F. ) ;
#3329 = FILL_AREA_STYLE_COLOUR ( '', #3318 ) ;
#3330 = ORIENTED_EDGE ( 'NONE', *, *, #3331, .F. ) ;
#3331 = EDGE_CURVE ( 'NONE', #3319, #3244, #7598, .T. ) ;
#3332 = ADVANCED_FACE ( 'NONE', ( #7593 ), #7592, .F. ) ;
#3333 = DIRECTION ( 'NONE',  ( -1.000000000000000000, 0.0000000000000000000, 0.0000000000000000000 ) ) ;
#3334 = DIRECTION ( 'NONE',  ( -0.0000000000000000000, -0.0000000000000000000, -1.000000000000000000 ) ) ;
#3336 = EDGE_LOOP ( 'NONE', ( #3286, #3289, #3293, #3296 ) ) ;
#3335 = AXIS2_PLACEMENT_3D ( 'NONE', #3344, #3334, #3333 ) ;
#3337 = CYLINDRICAL_SURFACE ( 'NONE', #3335, 1.849999999999999200 ) ;
#3338 = ORIENTED_EDGE ( 'NONE', *, *, #3340, .F. ) ;
#3339 = CARTESIAN_POINT ( 'NONE',  ( 12.15000000000000000, 7.728957951031445900, 0.05080000000000026200 ) ) ;
#3340 = EDGE_CURVE ( 'NONE', #3244, #3241, #7651, .T. ) ;
#3341 = ORIENTED_EDGE ( 'NONE', *, *, #3342, .T. ) ;
#3342 = EDGE_CURVE ( 'NONE', #3244, #3223, #7647, .T. ) ;
#3343 = ADVANCED_FACE ( 'NONE', ( #7643 ), #7642, .F. ) ;
#3344 = CARTESIAN_POINT ( 'NONE',  ( 9.350000000000003200, 0.0000000000000000000, 0.9524999999999999000 ) ) ;
#3345 = ORIENTED_EDGE ( 'NONE', *, *, #3346, .T. ) ;
#3346 = EDGE_CURVE ( 'NONE', #3369, #3347, #7637, .T. ) ;
#3347 = VERTEX_POINT ( 'NONE', #7633 ) ;
#3348 = COLOUR_RGB ( '',0.7529411764705882200, 0.7529411764705882200, 0.7529411764705882200 ) ;
#3350 = ORIENTED_EDGE ( 'NONE', *, *, #3351, .T. ) ;
#3349 = FACE_OUTER_BOUND ( 'NONE', #2168, .T. ) ;
#3351 = EDGE_CURVE ( 'NONE', #3347, #1627, #7632, .T. ) ;
#3352 = DIRECTION ( 'NONE',  ( -0.0000000000000000000, -0.0000000000000000000, 1.000000000000000000 ) ) ;
#3353 = VECTOR ( 'NONE', #3352, 1000.000000000000000 ) ;
#3354 = ORIENTED_EDGE ( 'NONE', *, *, #2849, .F. ) ;
#3355 = CARTESIAN_POINT ( 'NONE',  ( 12.13512102448427900, -7.764878975515722800, 0.9524999999999999000 ) ) ;
#3356 = LINE ( 'NONE', #3355, #3353 ) ;
#3357 = ADVANCED_FACE ( 'NONE', ( #7628 ), #7627, .T. ) ;
#3358 = FILL_AREA_STYLE_COLOUR ( '', #3348 ) ;
#3359 = EDGE_LOOP ( 'NONE', ( #3360, #3363, #3367, #3462, #3464, #3465, #3467, #3469, #3470, #3471, #3475, #3477 ) ) ;
#3360 = ORIENTED_EDGE ( 'NONE', *, *, #3340, .T. ) ;
#3361 = DIRECTION ( 'NONE',  ( 0.7071067811865391400, 0.7071067811865560100, 1.320503680706630000E-017 ) ) ;
#3363 = ORIENTED_EDGE ( 'NONE', *, *, #3365, .T. ) ;
#3362 = VECTOR ( 'NONE', #3361, 1000.000000000000000 ) ;
#3364 = CARTESIAN_POINT ( 'NONE',  ( 12.15000000000000200, -7.750000000000000000, 0.05080000000000026200 ) ) ;
#3365 = EDGE_CURVE ( 'NONE', #3241, #3267, #7625, .T. ) ;
#3366 = LINE ( 'NONE', #3364, #3362 ) ;
#3367 = ORIENTED_EDGE ( 'NONE', *, *, #3265, .F. ) ;
#3368 = EDGE_CURVE ( 'NONE', #3292, #3369, #7682, .T. ) ;
#3369 = VERTEX_POINT ( 'NONE', #7677 ) ;
#3370 = ORIENTED_EDGE ( 'NONE', *, *, #3371, .T. ) ;
#3371 = EDGE_CURVE ( 'NONE', #3369, #15, #7676, .T. ) ;
#3372 = ORIENTED_EDGE ( 'NONE', *, *, #13, .F. ) ;
#3373 = CARTESIAN_POINT ( 'NONE',  ( 12.13512102448427800, 7.764878975515722800, 0.05080000000000029600 ) ) ;
#3374 = ORIENTED_EDGE ( 'NONE', *, *, #3388, .F. ) ;
#3375 = DIRECTION ( 'NONE',  ( 0.0000000000000000000, 0.0000000000000000000, -1.000000000000000000 ) ) ;
#3376 = ORIENTED_EDGE ( 'NONE', *, *, #3379, .T. ) ;
#3377 = VECTOR ( 'NONE', #3375, 1000.000000000000000 ) ;
#3379 = EDGE_CURVE ( 'NONE', #3284, #3303, #7672, .T. ) ;
#3378 = CARTESIAN_POINT ( 'NONE',  ( 12.13512102448427800, 7.764878975515721900, 0.9524999999999999000 ) ) ;
#3380 = LINE ( 'NONE', #3378, #3377 ) ;
#3381 = ORIENTED_EDGE ( 'NONE', *, *, #3301, .T. ) ;
#3382 = ORIENTED_EDGE ( 'NONE', *, *, #3307, .T. ) ;
#3383 = ADVANCED_FACE ( 'NONE', ( #7667 ), #7666, .T. ) ;
#3384 = CARTESIAN_POINT ( 'NONE',  ( 12.13512102448427800, 7.764878975515722800, 0.9016999999999998300 ) ) ;
#3385 = EDGE_LOOP ( 'NONE', ( #1805, #3345, #3350, #3354 ) ) ;
#3386 = DIRECTION ( 'NONE',  ( 0.7071067811865563400, -0.7071067811865388000, -0.0000000000000000000 ) ) ;
#3387 = VECTOR ( 'NONE', #3386, 1000.000000000000000 ) ;
#3388 = EDGE_CURVE ( 'NONE', #3284, #7, #7664, .T. ) ;
#3389 = CARTESIAN_POINT ( 'NONE',  ( 9.849999999999944600, 10.05000000000000100, 0.9016999999999998300 ) ) ;
#3391 = ORIENTED_EDGE ( 'NONE', *, *, #53, .F. ) ;
#3390 = LINE ( 'NONE', #3389, #3387 ) ;
#3392 = ADVANCED_FACE ( 'NONE', ( #7657 ), #7656, .T. ) ;
#3393 = EDGE_LOOP ( 'NONE', ( #3395, #3397, #3401, #3403, #3404, #3405, #3370, #3372, #3374, #3376, #3381, #3382 ) ) ;
#3394 = CARTESIAN_POINT ( 'NONE',  ( 9.864878975515667400, 10.03512102448427600, 0.9016999999999998300 ) ) ;
#3395 = ORIENTED_EDGE ( 'NONE', *, *, #3255, .T. ) ;
#3397 = ORIENTED_EDGE ( 'NONE', *, *, #3398, .T. ) ;
#3396 = CARTESIAN_POINT ( 'NONE',  ( 9.864878975515667400, 10.03512102448427600, 0.05080000000000026200 ) ) ;
#3398 = EDGE_CURVE ( 'NONE', #3250, #3224, #7713, .T. ) ;
#3399 = DIRECTION ( 'NONE',  ( -0.0000000000000000000, -0.0000000000000000000, 1.000000000000000000 ) ) ;
#3400 = VECTOR ( 'NONE', #3399, 1000.000000000000000 ) ;
#3401 = ORIENTED_EDGE ( 'NONE', *, *, #3222, .F. ) ;
#3403 = ORIENTED_EDGE ( 'NONE', *, *, #3326, .F. ) ;
#3402 = CARTESIAN_POINT ( 'NONE',  ( 9.864878975515667400, 10.03512102448427600, 0.9524999999999999000 ) ) ;
#3404 = ORIENTED_EDGE ( 'NONE', *, *, #3295, .F. ) ;
#3405 = ORIENTED_EDGE ( 'NONE', *, *, #3368, .T. ) ;
#3406 = EDGE_CURVE ( 'NONE', #3303, #3408, #7709, .T. ) ;
#3407 = DIRECTION ( 'NONE',  ( 0.7071067811865563400, -0.7071067811865388000, 0.0000000000000000000 ) ) ;
#3408 = VERTEX_POINT ( 'NONE', #7705 ) ;
#3409 = DIRECTION ( 'NONE',  ( -0.7071067811865388000, -0.7071067811865563400, 0.0000000000000000000 ) ) ;
#3410 = ORIENTED_EDGE ( 'NONE', *, *, #3412, .T. ) ;
#3411 = CARTESIAN_POINT ( 'NONE',  ( 9.849999999999944600, 10.05000000000000100, 0.9524999999999999000 ) ) ;
#3412 = EDGE_CURVE ( 'NONE', #3408, #3211, #7704, .T. ) ;
#3413 = AXIS2_PLACEMENT_3D ( 'NONE', #3411, #3409, #3407 ) ;
#3415 = ORIENTED_EDGE ( 'NONE', *, *, #3209, .F. ) ;
#3414 = PLANE ( 'NONE',  #3413 ) ;
#3416 = LINE ( 'NONE', #3402, #3400 ) ;
#3417 = ADVANCED_FACE ( 'NONE', ( #7700 ), #7699, .T. ) ;
#3418 = VERTEX_POINT ( 'NONE', #7694 ) ;
#3419 = ORIENTED_EDGE ( 'NONE', *, *, #3420, .T. ) ;
#3420 = EDGE_CURVE ( 'NONE', #3418, #3421, #7693, .T. ) ;
#3421 = VERTEX_POINT ( 'NONE', #7689 ) ;
#3422 = VERTEX_POINT ( 'NONE', #7688 ) ;
#3423 = ORIENTED_EDGE ( 'NONE', *, *, #3425, .T. ) ;
#3424 = CARTESIAN_POINT ( 'NONE',  ( -3.521178063977813200, -9.770160204421566500, 4.896586114993608500 ) ) ;
#3425 = EDGE_CURVE ( 'NONE', #3460, #3427, #7687, .T. ) ;
#3426 = CARTESIAN_POINT ( 'NONE',  ( -3.520339270037643200, -9.771255329389772400, 4.884068779328953400 ) ) ;
#3427 = VERTEX_POINT ( 'NONE', #7683 ) ;
#3428 = ORIENTED_EDGE ( 'NONE', *, *, #3429, .F. ) ;
#3429 = EDGE_CURVE ( 'NONE', #3430, #3427, #7746, .T. ) ;
#3430 = VERTEX_POINT ( 'NONE', #7742 ) ;
#3431 = ORIENTED_EDGE ( 'NONE', *, *, #3433, .T. ) ;
#3432 = B_SPLINE_CURVE_WITH_KNOTS ( 'NONE', 3,
 ( #3426, #3424, #3558, #3557, #3555, #3553, #3551, #3549, #3548, #3546, #3545, #3543, #3542, #3540, #3538, #3536, #3534, #3532, #3531 ),
 .UNSPECIFIED., .F., .F.,
 ( 4, 3, 3, 3, 3, 3, 4 ),
 ( 0.0000000000000000000, 3.777934746664609800E-005, 7.527780418455768200E-005, 0.0001166826362264154700, 0.0001667723368361862000, 0.0002093857276678275000, 0.0002117046689990630500 ),
 .UNSPECIFIED. ) ;
#3433 = EDGE_CURVE ( 'NONE', #3430, #3434, #7741, .T. ) ;
#3434 = VERTEX_POINT ( 'NONE', #7737 ) ;
#3435 = ORIENTED_EDGE ( 'NONE', *, *, #3437, .T. ) ;
#3436 = DIRECTION ( 'NONE',  ( 1.119176436114069300E-016, -1.000000000000000000, 0.0000000000000000000 ) ) ;
#3437 = EDGE_CURVE ( 'NONE', #3434, #3439, #7736, .T. ) ;
#3438 = DIRECTION ( 'NONE',  ( -1.000000000000000000, -1.119176436114069300E-016, 0.0000000000000000000 ) ) ;
#3439 = VERTEX_POINT ( 'NONE', #7732 ) ;
#3440 = CARTESIAN_POINT ( 'NONE',  ( 12.15000000000000000, 7.750000000000000000, 0.9524999999999999000 ) ) ;
#3442 = ORIENTED_EDGE ( 'NONE', *, *, #3443, .T. ) ;
#3441 = AXIS2_PLACEMENT_3D ( 'NONE', #3440, #3438, #3436 ) ;
#3443 = EDGE_CURVE ( 'NONE', #3439, #3461, #7731, .T. ) ;
#3444 = ADVANCED_FACE ( 'NONE', ( #7727 ), #7726, .T. ) ;
#3445 = PLANE ( 'NONE',  #3441 ) ;
#3446 = EDGE_LOOP ( 'NONE', ( #3447, #3448, #3451, #3452 ) ) ;
#3447 = ORIENTED_EDGE ( 'NONE', *, *, #3231, .T. ) ;
#3448 = ORIENTED_EDGE ( 'NONE', *, *, #3450, .T. ) ;
#3449 =( GEOMETRIC_REPRESENTATION_CONTEXT ( 3 ) GLOBAL_UNCERTAINTY_ASSIGNED_CONTEXT ( ( #3455 ) ) GLOBAL_UNIT_ASSIGNED_CONTEXT ( ( #3468, #3463, #3458 ) ) REPRESENTATION_CONTEXT ( 'NONE', 'WORKASPACE' ) );
#3450 = EDGE_CURVE ( 'NONE', #3228, #1617, #7721, .T. ) ;
#3451 = ORIENTED_EDGE ( 'NONE', *, *, #3150, .T. ) ;
#3452 = ORIENTED_EDGE ( 'NONE', *, *, #3453, .T. ) ;
#3453 = EDGE_CURVE ( 'NONE', #1619, #3233, #7717, .T. ) ;
#3454 = ADVANCED_FACE ( 'NONE', ( #7777 ), #7775, .T. ) ;
#3455 = UNCERTAINTY_MEASURE_WITH_UNIT (LENGTH_MEASURE( 1.000000000000000100E-005 ), #3468, 'distance_accuracy_value', 'NONE');
#3456 = EDGE_LOOP ( 'NONE', ( #3457, #3423, #3428, #3431, #3435, #3442 ) ) ;
#3457 = ORIENTED_EDGE ( 'NONE', *, *, #3459, .F. ) ;
#3459 = EDGE_CURVE ( 'NONE', #3460, #3461, #7776, .T. ) ;
#3458 =( NAMED_UNIT ( * ) SI_UNIT ( $, .STERADIAN. ) SOLID_ANGLE_UNIT ( ) );
#3460 = VERTEX_POINT ( 'NONE', #7767 ) ;
#3461 = VERTEX_POINT ( 'NONE', #7766 ) ;
#3462 = ORIENTED_EDGE ( 'NONE', *, *, #3213, .F. ) ;
#3463 =( NAMED_UNIT ( * ) PLANE_ANGLE_UNIT ( ) SI_UNIT ( $, .RADIAN. ) );
#3464 = ORIENTED_EDGE ( 'NONE', *, *, #3412, .F. ) ;
#3465 = ORIENTED_EDGE ( 'NONE', *, *, #3466, .T. ) ;
#3466 = EDGE_CURVE ( 'NONE', #3408, #3280, #7765, .T. ) ;
#3467 = ORIENTED_EDGE ( 'NONE', *, *, #3279, .T. ) ;
#3469 = ORIENTED_EDGE ( 'NONE', *, *, #1635, .F. ) ;
#3468 =( LENGTH_UNIT ( ) NAMED_UNIT ( * ) SI_UNIT ( .MILLI., .METRE. ) );
#3470 = ORIENTED_EDGE ( 'NONE', *, *, #3351, .F. ) ;
#3471 = ORIENTED_EDGE ( 'NONE', *, *, #3473, .T. ) ;
#3472 = MECHANICAL_DESIGN_GEOMETRIC_PRESENTATION_REPRESENTATION (  '', ( #3476 ), #3449 ) ;
#3473 = EDGE_CURVE ( 'NONE', #3347, #3288, #7760, .T. ) ;
#3474 = PRESENTATION_LAYER_ASSIGNMENT (  '', '', ( #3476 ) ) ;
#3475 = ORIENTED_EDGE ( 'NONE', *, *, #3287, .T. ) ;
#3476 = STYLED_ITEM ( 'NONE', ( #3478 ), #2164 ) ;
#3477 = ORIENTED_EDGE ( 'NONE', *, *, #3331, .T. ) ;
#3478 = PRESENTATION_STYLE_ASSIGNMENT (( #3479 ) ) ;
#3479 = SURFACE_STYLE_USAGE ( .BOTH. , #3480 ) ;
#3481 = ORIENTED_EDGE ( 'NONE', *, *, #3483, .F. ) ;
#3480 = SURFACE_SIDE_STYLE ('',( #3482 ) ) ;
#3482 = SURFACE_STYLE_FILL_AREA ( #3484 ) ;
#3483 = EDGE_CURVE ( 'NONE', #3533, #3430, #7755, .T. ) ;
#3484 = FILL_AREA_STYLE ('',( #3358 ) ) ;
#3485 = CARTESIAN_POINT ( 'NONE',  ( -0.9912282160460367300, -9.645998201529735600, 4.999995314382560200 ) ) ;
#3486 = ADVANCED_FACE ( 'NONE', ( #7750 ), #7749, .T. ) ;
#3487 = CARTESIAN_POINT ( 'NONE',  ( -0.9916765847675823600, -9.646627785937607100, 4.999985947989595800 ) ) ;
#3488 = ORIENTED_EDGE ( 'NONE', *, *, #3490, .T. ) ;
#3489 = CARTESIAN_POINT ( 'NONE',  ( -0.9999610537654679600, -9.658260561057559800, 4.999812885979682900 ) ) ;
#3490 = EDGE_CURVE ( 'NONE', #3493, #3495, #7806, .T. ) ;
#3491 = CARTESIAN_POINT ( 'NONE',  ( -1.008340942574351000, -9.669914155731428100, 4.998030715773816200 ) ) ;
#3493 = VERTEX_POINT ( 'NONE', #7802 ) ;
#3492 = CARTESIAN_POINT ( 'NONE',  ( -1.016495418541186500, -9.681147519932746800, 4.994669185697438800 ) ) ;
#3495 = VERTEX_POINT ( 'NONE', #7801 ) ;
#3494 = CARTESIAN_POINT ( 'NONE',  ( -1.026048603394012800, -9.694307704004756900, 4.990731064064782200 ) ) ;
#3497 = ORIENTED_EDGE ( 'NONE', *, *, #3499, .T. ) ;
#3496 = CARTESIAN_POINT ( 'NONE',  ( -1.035468173295038400, -9.707130926938750900, 4.984541707444427600 ) ) ;
#3499 = EDGE_CURVE ( 'NONE', #3495, #3556, #7800, .T. ) ;
#3498 = CARTESIAN_POINT ( 'NONE',  ( -1.044105763792314300, -9.718774248488124100, 4.976187805282305200 ) ) ;
#3500 = CARTESIAN_POINT ( 'NONE',  ( -1.051256986551537800, -9.728413972214674700, 4.969271453402814800 ) ) ;
#3501 = ORIENTED_EDGE ( 'NONE', *, *, #3520, .F. ) ;
#3502 = CARTESIAN_POINT ( 'NONE',  ( -1.057999896967206900, -9.737417926000313500, 4.960736703555616200 ) ) ;
#3503 = ORIENTED_EDGE ( 'NONE', *, *, #3505, .F. ) ;
#3504 = CARTESIAN_POINT ( 'NONE',  ( -1.063806279052208500, -9.745122246867708800, 4.950795398266450300 ) ) ;
#3505 = EDGE_CURVE ( 'NONE', #3493, #3422, #7795, .T. ) ;
#3506 = CARTESIAN_POINT ( 'NONE',  ( -1.069061729957167900, -9.752095553047341900, 4.941797361087088400 ) ) ;
#3507 = CARTESIAN_POINT ( 'NONE',  ( -1.073646007501719300, -9.758132685609373500, 4.931449143935561000 ) ) ;
#3508 = ADVANCED_FACE ( 'NONE', ( #7790 ), #7789, .F. ) ;
#3509 = CARTESIAN_POINT ( 'NONE',  ( -1.077065214719295200, -9.762620951146864500, 4.920252004531285200 ) ) ;
#3510 = CARTESIAN_POINT ( 'NONE',  ( -1.080499343295582700, -9.767128803394317800, 4.909006001012328600 ) ) ;
#3511 = EDGE_LOOP ( 'NONE', ( #3513, #3618, #3622, #3625 ) ) ;
#3512 = CARTESIAN_POINT ( 'NONE',  ( -1.082821936022170000, -9.770160204421566500, 4.896586114993607600 ) ) ;
#3513 = ORIENTED_EDGE ( 'NONE', *, *, #3616, .F. ) ;
#3514 = CARTESIAN_POINT ( 'NONE',  ( -1.083660729962340200, -9.771255329389772400, 4.884068779328952600 ) ) ;
#3515 = ORIENTED_EDGE ( 'NONE', *, *, #3516, .F. ) ;
#3516 = EDGE_CURVE ( 'NONE', #3422, #3421, #7784, .T. ) ;
#3517 = ORIENTED_EDGE ( 'NONE', *, *, #3520, .T. ) ;
#3518 = MECHANICAL_DESIGN_GEOMETRIC_PRESENTATION_REPRESENTATION (  '', ( #3521 ), #3613 ) ;
#3520 = EDGE_CURVE ( 'NONE', #3422, #3556, #7780, .T. ) ;
#3519 = PRESENTATION_LAYER_ASSIGNMENT (  '', '', ( #3521 ) ) ;
#3521 = STYLED_ITEM ( 'NONE', ( #3522 ), #2187 ) ;
#3522 = PRESENTATION_STYLE_ASSIGNMENT (( #3523 ) ) ;
#3524 = ADVANCED_FACE ( 'NONE', ( #7838 ), #7837, .F. ) ;
#3523 = SURFACE_STYLE_USAGE ( .BOTH. , #3525 ) ;
#3525 = SURFACE_SIDE_STYLE ('',( #3526 ) ) ;
#3526 = SURFACE_STYLE_FILL_AREA ( #3527 ) ;
#3527 = FILL_AREA_STYLE ('',( #3560 ) ) ;
#3528 = EDGE_LOOP ( 'NONE', ( #3529, #3537, #3541, #3481 ) ) ;
#3529 = ORIENTED_EDGE ( 'NONE', *, *, #3530, .T. ) ;
#3530 = EDGE_CURVE ( 'NONE', #3533, #3535, #7832, .T. ) ;
#3531 = CARTESIAN_POINT ( 'NONE',  ( -3.613668137603308000, -9.644738602732118700, 5.000000000000000900 ) ) ;
#3533 = VERTEX_POINT ( 'NONE', #7828 ) ;
#3532 = CARTESIAN_POINT ( 'NONE',  ( -3.613219888583177700, -9.645368342029261300, 5.000000000000000000 ) ) ;
#3535 = VERTEX_POINT ( 'NONE', #7827 ) ;
#3534 = CARTESIAN_POINT ( 'NONE',  ( -3.612771783953944800, -9.645998201529735600, 4.999995314382560200 ) ) ;
#3537 = ORIENTED_EDGE ( 'NONE', *, *, #3539, .T. ) ;
#3536 = CARTESIAN_POINT ( 'NONE',  ( -3.612323415232399500, -9.646627785937607100, 4.999985947989595800 ) ) ;
#3539 = EDGE_CURVE ( 'NONE', #3535, #3434, #7826, .T. ) ;
#3538 = CARTESIAN_POINT ( 'NONE',  ( -3.604038946234519700, -9.658260561057563400, 4.999812885979682000 ) ) ;
#3540 = CARTESIAN_POINT ( 'NONE',  ( -3.595659057425632200, -9.669914155731428100, 4.998030715773816200 ) ) ;
#3541 = ORIENTED_EDGE ( 'NONE', *, *, #3433, .F. ) ;
#3542 = CARTESIAN_POINT ( 'NONE',  ( -3.587504581458796700, -9.681147519932746800, 4.994669185697438800 ) ) ;
#3543 = CARTESIAN_POINT ( 'NONE',  ( -3.577951396605970400, -9.694307704004756900, 4.990731064064782200 ) ) ;
#3544 = EDGE_LOOP ( 'NONE', ( #3488, #3497, #3501, #3503 ) ) ;
#3545 = CARTESIAN_POINT ( 'NONE',  ( -3.568531826704945100, -9.707130926938750900, 4.984541707444428500 ) ) ;
#3546 = CARTESIAN_POINT ( 'NONE',  ( -3.559894236207668900, -9.718774248488124100, 4.976187805282306100 ) ) ;
#3547 = ADVANCED_FACE ( 'NONE', ( #7821 ), #7820, .T. ) ;
#3548 = CARTESIAN_POINT ( 'NONE',  ( -3.552743013448445500, -9.728413972214674700, 4.969271453402815700 ) ) ;
#3549 = CARTESIAN_POINT ( 'NONE',  ( -3.546000103032776400, -9.737417926000313500, 4.960736703555617100 ) ) ;
#3550 = EDGE_LOOP ( 'NONE', ( #3552, #3561, #3566, #3419, #3515, #3517 ) ) ;
#3551 = CARTESIAN_POINT ( 'NONE',  ( -3.540193720947774700, -9.745122246867708800, 4.950795398266451200 ) ) ;
#3552 = ORIENTED_EDGE ( 'NONE', *, *, #3554, .T. ) ;
#3553 = CARTESIAN_POINT ( 'NONE',  ( -3.534938270042815600, -9.752095553047341900, 4.941797361087089300 ) ) ;
#3554 = EDGE_CURVE ( 'NONE', #3556, #3559, #7818, .T. ) ;
#3555 = CARTESIAN_POINT ( 'NONE',  ( -3.530353992498263900, -9.758132685609373500, 4.931449143935561900 ) ) ;
#3556 = VERTEX_POINT ( 'NONE', #7811 ) ;
#3557 = CARTESIAN_POINT ( 'NONE',  ( -3.526934785280688300, -9.762620951146864500, 4.920252004531286100 ) ) ;
#3559 = VERTEX_POINT ( 'NONE', #7810 ) ;
#3558 = CARTESIAN_POINT ( 'NONE',  ( -3.523500656704400500, -9.767128803394317800, 4.909006001012329500 ) ) ;
#3561 = ORIENTED_EDGE ( 'NONE', *, *, #3563, .T. ) ;
#3560 = FILL_AREA_STYLE_COLOUR ( '', #3562 ) ;
#3562 = COLOUR_RGB ( '',0.1568627450980392100, 0.1568627450980392100, 0.1568627450980392100 ) ;
#3563 = EDGE_CURVE ( 'NONE', #3559, #3564, #7809, .T. ) ;
#3564 = VERTEX_POINT ( 'NONE', #7868 ) ;
#3565 = B_SPLINE_CURVE_WITH_KNOTS ( 'NONE', 3,
 ( #3514, #3512, #3510, #3509, #3507, #3506, #3504, #3502, #3500, #3498, #3496, #3494, #3492, #3491, #3489, #3487, #3485, #3636, #3634 ),
 .UNSPECIFIED., .F., .F.,
 ( 4, 3, 3, 3, 3, 3, 4 ),
 ( 0.0000000000000000000, 3.777934746664605800E-005, 7.527780418455787100E-005, 0.0001166826362264156900, 0.0001667723368361869100, 0.0002093857276678289100, 0.0002117046689990637200 ),
 .UNSPECIFIED. ) ;
#3566 = ORIENTED_EDGE ( 'NONE', *, *, #3567, .F. ) ;
#3567 = EDGE_CURVE ( 'NONE', #3418, #3564, #7867, .T. ) ;
#3568 = FACE_OUTER_BOUND ( 'NONE', #2190, .T. ) ;
#3569 = EDGE_LOOP ( 'NONE', ( #3661, #3662, #3666, #3669 ) ) ;
#3570 = ORIENTED_EDGE ( 'NONE', *, *, #3571, .T. ) ;
#3571 = EDGE_CURVE ( 'NONE', #3615, #11419, #7863, .T. ) ;
#3572 = ORIENTED_EDGE ( 'NONE', *, *, #7049, .F. ) ;
#3573 = FILL_AREA_STYLE_COLOUR ( '', #3576 ) ;
#3574 = ADVANCED_FACE ( 'NONE', ( #7859 ), #7858, .T. ) ;
#3575 = B_SPLINE_CURVE_WITH_KNOTS ( 'NONE', 3,
 ( #3706, #3704, #3703, #3702, #3700, #3699, #3697, #3695, #3693, #3691, #3689, #3687, #3685, #3683, #3681, #3679, #3677, #3675, #3673 ),
 .UNSPECIFIED., .F., .F.,
 ( 4, 3, 3, 3, 3, 3, 4 ),
 ( -2.318941331236974500E-006, 0.0000000000000000000, 4.284687277093075200E-005, 9.321101857758654400E-005, 0.0001348427107751940500, 0.0001725466243277766400, 0.0002105329676504072900 ),
 .UNSPECIFIED. ) ;
#3576 = COLOUR_RGB ( '',0.1568627450980392100, 0.1568627450980392100, 0.1568627450980392100 ) ;
#3577 = EDGE_LOOP ( 'NONE', ( #3579, #3580, #3582, #3583, #3585, #3587, #3684, #3688, #3690, #3692, #3696, #3698 ) ) ;
#3578 = FACE_OUTER_BOUND ( 'NONE', #2211, .T. ) ;
#3579 = ORIENTED_EDGE ( 'NONE', *, *, #3429, .T. ) ;
#3580 = ORIENTED_EDGE ( 'NONE', *, *, #3581, .T. ) ;
#3581 = EDGE_CURVE ( 'NONE', #3427, #3559, #7856, .T. ) ;
#3582 = ORIENTED_EDGE ( 'NONE', *, *, #3554, .F. ) ;
#3583 = ORIENTED_EDGE ( 'NONE', *, *, #3499, .F. ) ;
#3584 = MECHANICAL_DESIGN_GEOMETRIC_PRESENTATION_REPRESENTATION (  '', ( #3588 ), #3653 ) ;
#3585 = ORIENTED_EDGE ( 'NONE', *, *, #3623, .F. ) ;
#3586 = PRESENTATION_LAYER_ASSIGNMENT (  '', '', ( #3588 ) ) ;
#3587 = ORIENTED_EDGE ( 'NONE', *, *, #3589, .T. ) ;
#3588 = STYLED_ITEM ( 'NONE', ( #3590 ), #2207 ) ;
#3589 = EDGE_CURVE ( 'NONE', #3620, #3592, #7849, .T. ) ;
#3590 = PRESENTATION_STYLE_ASSIGNMENT (( #3591 ) ) ;
#3591 = SURFACE_STYLE_USAGE ( .BOTH. , #3593 ) ;
#3592 = VERTEX_POINT ( 'NONE', #7844 ) ;
#3593 = SURFACE_SIDE_STYLE ('',( #3594 ) ) ;
#3594 = SURFACE_STYLE_FILL_AREA ( #3596 ) ;
#3595 = ORIENTED_EDGE ( 'NONE', *, *, #3597, .T. ) ;
#3596 = FILL_AREA_STYLE ('',( #3573 ) ) ;
#3597 = EDGE_CURVE ( 'NONE', #3631, #3598, #7843, .T. ) ;
#3598 = VERTEX_POINT ( 'NONE', #7903 ) ;
#3600 = ORIENTED_EDGE ( 'NONE', *, *, #3602, .T. ) ;
#3599 = DIRECTION ( 'NONE',  ( -1.000000000000000000, 0.0000000000000000000, 1.708586460515685700E-016 ) ) ;
#3602 = EDGE_CURVE ( 'NONE', #3598, #3535, #7902, .T. ) ;
#3601 = DIRECTION ( 'NONE',  ( -1.708586460515685700E-016, 0.0000000000000000000, -1.000000000000000000 ) ) ;
#3603 = AXIS2_PLACEMENT_3D ( 'NONE', #3609, #3601, #3599 ) ;
#3604 = ORIENTED_EDGE ( 'NONE', *, *, #3530, .F. ) ;
#3605 = TOROIDAL_SURFACE ( 'NONE', #3603, 1.388429415939483400, 0.1270000000000000000 ) ;
#3606 = ADVANCED_FACE ( 'NONE', ( #7898 ), #7897, .T. ) ;
#3607 = EDGE_LOOP ( 'NONE', ( #3608, #3612, #3570, #3572 ) ) ;
#3608 = ORIENTED_EDGE ( 'NONE', *, *, #3610, .F. ) ;
#3610 = EDGE_CURVE ( 'NONE', #3611, #1544, #7895, .T. ) ;
#3609 = CARTESIAN_POINT ( 'NONE',  ( -2.301999999999991600, 10.10000000000000000, 4.872999999999999300 ) ) ;
#3611 = VERTEX_POINT ( 'NONE', #7888 ) ;
#3612 = ORIENTED_EDGE ( 'NONE', *, *, #3614, .T. ) ;
#3613 =( GEOMETRIC_REPRESENTATION_CONTEXT ( 3 ) GLOBAL_UNCERTAINTY_ASSIGNED_CONTEXT ( ( #3621 ) ) GLOBAL_UNIT_ASSIGNED_CONTEXT ( ( #3632, #3627, #3624 ) ) REPRESENTATION_CONTEXT ( 'NONE', 'WORKASPACE' ) );
#3614 = EDGE_CURVE ( 'NONE', #3611, #3615, #7887, .T. ) ;
#3615 = VERTEX_POINT ( 'NONE', #7883 ) ;
#3616 = EDGE_CURVE ( 'NONE', #3617, #3493, #7882, .T. ) ;
#3617 = VERTEX_POINT ( 'NONE', #7878 ) ;
#3618 = ORIENTED_EDGE ( 'NONE', *, *, #3619, .T. ) ;
#3619 = EDGE_CURVE ( 'NONE', #3617, #3620, #7877, .T. ) ;
#3620 = VERTEX_POINT ( 'NONE', #7873 ) ;
#3621 = UNCERTAINTY_MEASURE_WITH_UNIT (LENGTH_MEASURE( 1.000000000000000100E-005 ), #3632, 'distance_accuracy_value', 'NONE');
#3622 = ORIENTED_EDGE ( 'NONE', *, *, #3623, .T. ) ;
#3623 = EDGE_CURVE ( 'NONE', #3620, #3495, #7935, .T. ) ;
#3624 =( NAMED_UNIT ( * ) SI_UNIT ( $, .STERADIAN. ) SOLID_ANGLE_UNIT ( ) );
#3625 = ORIENTED_EDGE ( 'NONE', *, *, #3490, .F. ) ;
#3626 = ADVANCED_FACE ( 'NONE', ( #7931 ), #7929, .F. ) ;
#3627 =( NAMED_UNIT ( * ) PLANE_ANGLE_UNIT ( ) SI_UNIT ( $, .RADIAN. ) );
#3628 = EDGE_LOOP ( 'NONE', ( #3629, #3595, #3600, #3604 ) ) ;
#3629 = ORIENTED_EDGE ( 'NONE', *, *, #3630, .F. ) ;
#3630 = EDGE_CURVE ( 'NONE', #3631, #3533, #7930, .T. ) ;
#3631 = VERTEX_POINT ( 'NONE', #7921 ) ;
#3632 =( LENGTH_UNIT ( ) NAMED_UNIT ( * ) SI_UNIT ( .MILLI., .METRE. ) );
#3633 = ORIENTED_EDGE ( 'NONE', *, *, #3635, .T. ) ;
#3634 = CARTESIAN_POINT ( 'NONE',  ( -0.9903318623966750300, -9.644738602732118700, 5.000000000000000000 ) ) ;
#3635 = EDGE_CURVE ( 'NONE', #3461, #3418, #7920, .T. ) ;
#3636 = CARTESIAN_POINT ( 'NONE',  ( -0.9907801114168052200, -9.645368342029261300, 5.000000000000000000 ) ) ;
#3637 = ADVANCED_FACE ( 'NONE', ( #7916 ), #7915, .T. ) ;
#3638 = DIRECTION ( 'NONE',  ( 0.0000000000000000000, 0.0000000000000000000, 1.000000000000000000 ) ) ;
#3639 = DIRECTION ( 'NONE',  ( -1.000000000000000000, 3.081487911019577400E-033, 1.708586460515685700E-016 ) ) ;
#3640 = EDGE_LOOP ( 'NONE', ( #3642, #3745, #3751, #3757, #3763, #3771 ) ) ;
#3641 = AXIS2_PLACEMENT_3D ( 'NONE', #3649, #3639, #3638 ) ;
#3642 = ORIENTED_EDGE ( 'NONE', *, *, #3644, .F. ) ;
#3643 = CYLINDRICAL_SURFACE ( 'NONE', #3641, 0.1270000000000003900 ) ;
#3644 = EDGE_CURVE ( 'NONE', #3645, #3646, #7913, .T. ) ;
#3645 = VERTEX_POINT ( 'NONE', #7906 ) ;
#3646 = VERTEX_POINT ( 'NONE', #7905 ) ;
#3647 = ORIENTED_EDGE ( 'NONE', *, *, #3602, .F. ) ;
#3648 = ORIENTED_EDGE ( 'NONE', *, *, #3650, .T. ) ;
#3650 = EDGE_CURVE ( 'NONE', #3598, #3611, #7904, .T. ) ;
#3649 = CARTESIAN_POINT ( 'NONE',  ( 4.995315247672459200, 9.644738602732116900, 4.872999999999998400 ) ) ;
#3651 = ORIENTED_EDGE ( 'NONE', *, *, #3610, .T. ) ;
#3652 = ORIENTED_EDGE ( 'NONE', *, *, #1626, .F. ) ;
#3653 =( GEOMETRIC_REPRESENTATION_CONTEXT ( 3 ) GLOBAL_UNCERTAINTY_ASSIGNED_CONTEXT ( ( #3660 ) ) GLOBAL_UNIT_ASSIGNED_CONTEXT ( ( #3671, #3668, #3664 ) ) REPRESENTATION_CONTEXT ( 'NONE', 'WORKASPACE' ) );
#3654 = ORIENTED_EDGE ( 'NONE', *, *, #3667, .F. ) ;
#3655 = ORIENTED_EDGE ( 'NONE', *, *, #3656, .T. ) ;
#3656 = EDGE_CURVE ( 'NONE', #3665, #3617, #7964, .T. ) ;
#3657 = ORIENTED_EDGE ( 'NONE', *, *, #3616, .T. ) ;
#3658 = ORIENTED_EDGE ( 'NONE', *, *, #3505, .T. ) ;
#3659 = EDGE_LOOP ( 'NONE', ( #3776, #3777, #3780, #3633 ) ) ;
#3660 = UNCERTAINTY_MEASURE_WITH_UNIT (LENGTH_MEASURE( 1.000000000000000100E-005 ), #3671, 'distance_accuracy_value', 'NONE');
#3661 = ORIENTED_EDGE ( 'NONE', *, *, #3686, .F. ) ;
#3662 = ORIENTED_EDGE ( 'NONE', *, *, #3663, .T. ) ;
#3663 = EDGE_CURVE ( 'NONE', #3592, #3665, #7959, .T. ) ;
#3664 =( NAMED_UNIT ( * ) SI_UNIT ( $, .STERADIAN. ) SOLID_ANGLE_UNIT ( ) );
#3665 = VERTEX_POINT ( 'NONE', #7955 ) ;
#3666 = ORIENTED_EDGE ( 'NONE', *, *, #3667, .T. ) ;
#3667 = EDGE_CURVE ( 'NONE', #3665, #1580, #7954, .T. ) ;
#3668 =( NAMED_UNIT ( * ) PLANE_ANGLE_UNIT ( ) SI_UNIT ( $, .RADIAN. ) );
#3669 = ORIENTED_EDGE ( 'NONE', *, *, #2808, .F. ) ;
#3670 = ADVANCED_FACE ( 'NONE', ( #7950 ), #7949, .T. ) ;
#3672 = EDGE_LOOP ( 'NONE', ( #3674, #3676, #3680, #3682, #3647, #3648, #3651, #3652, #3654, #3655, #3657, #3658 ) ) ;
#3671 =( LENGTH_UNIT ( ) NAMED_UNIT ( * ) SI_UNIT ( .MILLI., .METRE. ) );
#3674 = ORIENTED_EDGE ( 'NONE', *, *, #3516, .T. ) ;
#3673 = CARTESIAN_POINT ( 'NONE',  ( -3.520339270037642800, 9.771255329389770600, 4.884068779328953400 ) ) ;
#3676 = ORIENTED_EDGE ( 'NONE', *, *, #3678, .T. ) ;
#3675 = CARTESIAN_POINT ( 'NONE',  ( -3.521178063977812700, 9.770160204421564700, 4.896586114993608500 ) ) ;
#3678 = EDGE_CURVE ( 'NONE', #3421, #3439, #7947, .T. ) ;
#3677 = CARTESIAN_POINT ( 'NONE',  ( -3.523500656704399600, 9.767128803394316000, 4.909006001012329500 ) ) ;
#3679 = CARTESIAN_POINT ( 'NONE',  ( -3.526934785280687400, 9.762620951146862700, 4.920252004531286100 ) ) ;
#3680 = ORIENTED_EDGE ( 'NONE', *, *, #3437, .F. ) ;
#3681 = CARTESIAN_POINT ( 'NONE',  ( -3.530353992498263400, 9.758132685609371700, 4.931449143935561900 ) ) ;
#3682 = ORIENTED_EDGE ( 'NONE', *, *, #3539, .F. ) ;
#3683 = CARTESIAN_POINT ( 'NONE',  ( -3.534938270042814700, 9.752095553047340100, 4.941797361087089300 ) ) ;
#3684 = ORIENTED_EDGE ( 'NONE', *, *, #3686, .T. ) ;
#3685 = CARTESIAN_POINT ( 'NONE',  ( -3.540193720947774300, 9.745122246867707000, 4.950795398266451200 ) ) ;
#3686 = EDGE_CURVE ( 'NONE', #3592, #1607, #7940, .T. ) ;
#3687 = CARTESIAN_POINT ( 'NONE',  ( -3.546000103032775900, 9.737417926000311800, 4.960736703555617100 ) ) ;
#3688 = ORIENTED_EDGE ( 'NONE', *, *, #1606, .F. ) ;
#3689 = CARTESIAN_POINT ( 'NONE',  ( -3.552743013448445000, 9.728413972214673000, 4.969271453402815700 ) ) ;
#3690 = ORIENTED_EDGE ( 'NONE', *, *, #3571, .F. ) ;
#3691 = CARTESIAN_POINT ( 'NONE',  ( -3.559894236207668400, 9.718774248488122300, 4.976187805282306100 ) ) ;
#3692 = ORIENTED_EDGE ( 'NONE', *, *, #3694, .T. ) ;
#3693 = CARTESIAN_POINT ( 'NONE',  ( -3.568531826704944200, 9.707130926938749100, 4.984541707444428500 ) ) ;
#3694 = EDGE_CURVE ( 'NONE', #3615, #3631, #7999, .T. ) ;
#3695 = CARTESIAN_POINT ( 'NONE',  ( -3.577951396605969500, 9.694307704004756900, 4.990731064064782200 ) ) ;
#3696 = ORIENTED_EDGE ( 'NONE', *, *, #3630, .T. ) ;
#3697 = CARTESIAN_POINT ( 'NONE',  ( -3.587504581458795800, 9.681147519932746800, 4.994669185697438800 ) ) ;
#3698 = ORIENTED_EDGE ( 'NONE', *, *, #3483, .T. ) ;
#3699 = CARTESIAN_POINT ( 'NONE',  ( -3.595659057425631300, 9.669914155731428100, 4.998030715773816200 ) ) ;
#3700 = CARTESIAN_POINT ( 'NONE',  ( -3.604038946234513500, 9.658260561057559800, 4.999812885979682000 ) ) ;
#3701 = ADVANCED_FACE ( 'NONE', ( #7995 ), #7994, .T. ) ;
#3702 = CARTESIAN_POINT ( 'NONE',  ( -3.612323415232398600, 9.646627785937607100, 4.999985947989595800 ) ) ;
#3703 = CARTESIAN_POINT ( 'NONE',  ( -3.612771783953944400, 9.645998201529735600, 4.999995314382560200 ) ) ;
#3704 = CARTESIAN_POINT ( 'NONE',  ( -3.613219888583176800, 9.645368342029261300, 5.000000000000000000 ) ) ;
#3705 = EDGE_LOOP ( 'NONE', ( #3707, #3713, #3715, #3808 ) ) ;
#3706 = CARTESIAN_POINT ( 'NONE',  ( -3.613668137603307100, 9.644738602732116900, 5.000000000000000900 ) ) ;
#3707 = ORIENTED_EDGE ( 'NONE', *, *, #3708, .T. ) ;
#3708 = EDGE_CURVE ( 'NONE', #3710, #3711, #7989, .T. ) ;
#3709 = UNCERTAINTY_MEASURE_WITH_UNIT (LENGTH_MEASURE( 1.000000000000000100E-005 ), #3721, 'distance_accuracy_value', 'NONE');
#3710 = VERTEX_POINT ( 'NONE', #7985 ) ;
#3711 = VERTEX_POINT ( 'NONE', #7984 ) ;
#3712 =( NAMED_UNIT ( * ) SI_UNIT ( $, .STERADIAN. ) SOLID_ANGLE_UNIT ( ) );
#3713 = ORIENTED_EDGE ( 'NONE', *, *, #3714, .T. ) ;
#3714 = EDGE_CURVE ( 'NONE', #3711, #3761, #7983, .T. ) ;
#3715 = ORIENTED_EDGE ( 'NONE', *, *, #3759, .F. ) ;
#3716 =( NAMED_UNIT ( * ) PLANE_ANGLE_UNIT ( ) SI_UNIT ( $, .RADIAN. ) );
#3717 = ADVANCED_FACE ( 'NONE', ( #7978 ), #7977, .T. ) ;
#3718 = ORIENTED_EDGE ( 'NONE', *, *, #3719, .T. ) ;
#3719 = EDGE_CURVE ( 'NONE', #3720, #3722, #7975, .T. ) ;
#3720 = VERTEX_POINT ( 'NONE', #8031 ) ;
#3721 =( LENGTH_UNIT ( ) NAMED_UNIT ( * ) SI_UNIT ( .MILLI., .METRE. ) );
#3722 = VERTEX_POINT ( 'NONE', #8030 ) ;
#3723 = ORIENTED_EDGE ( 'NONE', *, *, #3725, .T. ) ;
#3724 = MECHANICAL_DESIGN_GEOMETRIC_PRESENTATION_REPRESENTATION (  '', ( #3762 ), #3845 ) ;
#3725 = EDGE_CURVE ( 'NONE', #3722, #3727, #8029, .T. ) ;
#3726 = CARTESIAN_POINT ( 'NONE',  ( -1.083660729962340900, 9.771255329389770600, 4.884068779328952600 ) ) ;
#3727 = VERTEX_POINT ( 'NONE', #8025 ) ;
#3728 = CARTESIAN_POINT ( 'NONE',  ( -1.082821936022170700, 9.770160204421564700, 4.896586114993607600 ) ) ;
#3729 = ORIENTED_EDGE ( 'NONE', *, *, #3731, .F. ) ;
#3730 = CARTESIAN_POINT ( 'NONE',  ( -1.080499343295583200, 9.767128803394316000, 4.909006001012328600 ) ) ;
#3731 = EDGE_CURVE ( 'NONE', #3733, #3727, #8024, .T. ) ;
#3732 = CARTESIAN_POINT ( 'NONE',  ( -1.077065214719295600, 9.762620951146862700, 4.920252004531285200 ) ) ;
#3733 = VERTEX_POINT ( 'NONE', #8020 ) ;
#3734 = CARTESIAN_POINT ( 'NONE',  ( -1.073646007501719800, 9.758132685609371700, 4.931449143935561000 ) ) ;
#3735 = ORIENTED_EDGE ( 'NONE', *, *, #3737, .T. ) ;
#3736 = CARTESIAN_POINT ( 'NONE',  ( -1.069061729957168300, 9.752095553047340100, 4.941797361087088400 ) ) ;
#3737 = EDGE_CURVE ( 'NONE', #3733, #3740, #8019, .T. ) ;
#3738 = CARTESIAN_POINT ( 'NONE',  ( -1.063806279052208900, 9.745122246867707000, 4.950795398266450300 ) ) ;
#3740 = VERTEX_POINT ( 'NONE', #8015 ) ;
#3739 = CARTESIAN_POINT ( 'NONE',  ( -1.057999896967207300, 9.737417926000311800, 4.960736703555616200 ) ) ;
#3741 = CARTESIAN_POINT ( 'NONE',  ( -1.051256986551538200, 9.728413972214673000, 4.969271453402814800 ) ) ;
#3743 = EDGE_LOOP ( 'NONE', ( #4903, #4911, #4917, #4925, #4931, #5026 ) ) ;
#3742 = CARTESIAN_POINT ( 'NONE',  ( -1.044105763792314800, 9.718774248488122300, 4.976187805282305200 ) ) ;
#3745 = ORIENTED_EDGE ( 'NONE', *, *, #3747, .T. ) ;
#3744 = CARTESIAN_POINT ( 'NONE',  ( -1.035468173295039000, 9.707130926938749100, 4.984541707444427600 ) ) ;
#3747 = EDGE_CURVE ( 'NONE', #3645, #3749, #8014, .T. ) ;
#3746 = CARTESIAN_POINT ( 'NONE',  ( -1.026048603394013300, 9.694307704004756900, 4.990731064064782200 ) ) ;
#3748 = CARTESIAN_POINT ( 'NONE',  ( -1.016495418541187000, 9.681147519932746800, 4.994669185697438800 ) ) ;
#3749 = VERTEX_POINT ( 'NONE', #8010 ) ;
#3750 = CARTESIAN_POINT ( 'NONE',  ( -1.008340942574351000, 9.669914155731426300, 4.998030715773816200 ) ) ;
#3751 = ORIENTED_EDGE ( 'NONE', *, *, #3753, .F. ) ;
#3752 = CARTESIAN_POINT ( 'NONE',  ( -0.9999610537654690700, 9.658260561057558000, 4.999812885979682900 ) ) ;
#3753 = EDGE_CURVE ( 'NONE', #3755, #3749, #8009, .T. ) ;
#3754 = CARTESIAN_POINT ( 'NONE',  ( -0.9916765847675830200, 9.646627785937605300, 4.999985947989595800 ) ) ;
#3755 = VERTEX_POINT ( 'NONE', #8005 ) ;
#3756 = CARTESIAN_POINT ( 'NONE',  ( -0.9912282160460373900, 9.645998201529733900, 4.999995314382560200 ) ) ;
#3757 = ORIENTED_EDGE ( 'NONE', *, *, #3759, .T. ) ;
#3758 = CARTESIAN_POINT ( 'NONE',  ( -0.9907801114168057800, 9.645368342029259500, 5.000000000000000000 ) ) ;
#3759 = EDGE_CURVE ( 'NONE', #3755, #3761, #8004, .T. ) ;
#3760 = PRESENTATION_LAYER_ASSIGNMENT (  '', '', ( #3762 ) ) ;
#3761 = VERTEX_POINT ( 'NONE', #8000 ) ;
#3762 = STYLED_ITEM ( 'NONE', ( #3764 ), #2222 ) ;
#3763 = ORIENTED_EDGE ( 'NONE', *, *, #3766, .T. ) ;
#3764 = PRESENTATION_STYLE_ASSIGNMENT (( #3765 ) ) ;
#3765 = SURFACE_STYLE_USAGE ( .BOTH. , #3767 ) ;
#3766 = EDGE_CURVE ( 'NONE', #3761, #3769, #8061, .T. ) ;
#3767 = SURFACE_SIDE_STYLE ('',( #3768 ) ) ;
#3768 = SURFACE_STYLE_FILL_AREA ( #3770 ) ;
#3769 = VERTEX_POINT ( 'NONE', #8057 ) ;
#3770 = FILL_AREA_STYLE ('',( #3779 ) ) ;
#3771 = ORIENTED_EDGE ( 'NONE', *, *, #3772, .T. ) ;
#3772 = EDGE_CURVE ( 'NONE', #3769, #3646, #8056, .T. ) ;
#3773 = EDGE_LOOP ( 'NONE', ( #3718, #3723, #3729, #3735, #3840, #3844 ) ) ;
#3774 = ADVANCED_FACE ( 'NONE', ( #8052 ), #8051, .T. ) ;
#3775 = CARTESIAN_POINT ( 'NONE',  ( -0.9903318623966757000, 9.644738602732116900, 5.000000000000000000 ) ) ;
#3776 = ORIENTED_EDGE ( 'NONE', *, *, #3567, .T. ) ;
#3777 = ORIENTED_EDGE ( 'NONE', *, *, #3778, .T. ) ;
#3778 = EDGE_CURVE ( 'NONE', #3564, #3460, #8049, .T. ) ;
#3779 = FILL_AREA_STYLE_COLOUR ( '', #3783 ) ;
#3780 = ORIENTED_EDGE ( 'NONE', *, *, #3459, .T. ) ;
#3781 = B_SPLINE_CURVE_WITH_KNOTS ( 'NONE', 3,
 ( #3775, #3758, #3756, #3754, #3752, #3750, #3748, #3746, #3744, #3742, #3741, #3739, #3738, #3736, #3734, #3732, #3730, #3728, #3726 ),
 .UNSPECIFIED., .F., .F.,
 ( 4, 3, 3, 3, 3, 3, 4 ),
 ( -2.318941331234806900E-006, 0.0000000000000000000, 4.284687277093278500E-005, 9.321101857758933600E-005, 0.0001348427107751968700, 0.0001725466243277795400, 0.0002105329676504102800 ),
 .UNSPECIFIED. ) ;
#3782 = EDGE_CURVE ( 'NONE', #3784, #1573, #8042, .T. ) ;
#3783 = COLOUR_RGB ( '',0.1568627450980392100, 0.1568627450980392100, 0.1568627450980392100 ) ;
#3784 = VERTEX_POINT ( 'NONE', #8038 ) ;
#3785 = FACE_OUTER_BOUND ( 'NONE', #2224, .T. ) ;
#3786 = ORIENTED_EDGE ( 'NONE', *, *, #3787, .T. ) ;
#3787 = EDGE_CURVE ( 'NONE', #3784, #3788, #8037, .T. ) ;
#3788 = VERTEX_POINT ( 'NONE', #8033 ) ;
#3789 = CYLINDRICAL_SURFACE ( 'NONE', #3911, 0.1270000000000003900 ) ;
#3790 = ORIENTED_EDGE ( 'NONE', *, *, #3791, .F. ) ;
#3791 = EDGE_CURVE ( 'NONE', #3839, #3818, #8032, .T. ) ;
#3792 =( GEOMETRIC_REPRESENTATION_CONTEXT ( 3 ) GLOBAL_UNCERTAINTY_ASSIGNED_CONTEXT ( ( #3799 ) ) GLOBAL_UNIT_ASSIGNED_CONTEXT ( ( #3811, #3806, #3802 ) ) REPRESENTATION_CONTEXT ( 'NONE', 'WORKASPACE' ) );
#3793 = ORIENTED_EDGE ( 'NONE', *, *, #3794, .T. ) ;
#3794 = EDGE_CURVE ( 'NONE', #3839, #3795, #8089, .T. ) ;
#3795 = VERTEX_POINT ( 'NONE', #8085 ) ;
#3796 = ORIENTED_EDGE ( 'NONE', *, *, #3797, .T. ) ;
#3797 = EDGE_CURVE ( 'NONE', #3795, #3821, #8084, .T. ) ;
#3798 = ORIENTED_EDGE ( 'NONE', *, *, #3816, .F. ) ;
#3800 = ADVANCED_FACE ( 'NONE', ( #8080 ), #8079, .F. ) ;
#3799 = UNCERTAINTY_MEASURE_WITH_UNIT (LENGTH_MEASURE( 1.000000000000000100E-005 ), #3811, 'distance_accuracy_value', 'NONE');
#3801 = EDGE_LOOP ( 'NONE', ( #3803, #3902, #3904, #3906 ) ) ;
#3802 =( NAMED_UNIT ( * ) SI_UNIT ( $, .STERADIAN. ) SOLID_ANGLE_UNIT ( ) );
#3803 = ORIENTED_EDGE ( 'NONE', *, *, #3804, .F. ) ;
#3804 = EDGE_CURVE ( 'NONE', #3805, #3710, #8077, .T. ) ;
#3805 = VERTEX_POINT ( 'NONE', #8070 ) ;
#3806 =( NAMED_UNIT ( * ) PLANE_ANGLE_UNIT ( ) SI_UNIT ( $, .RADIAN. ) );
#3807 = VERTEX_POINT ( 'NONE', #8069 ) ;
#3808 = ORIENTED_EDGE ( 'NONE', *, *, #3809, .F. ) ;
#3809 = EDGE_CURVE ( 'NONE', #3710, #3755, #8068, .T. ) ;
#3810 = ADVANCED_FACE ( 'NONE', ( #8063 ), #8062, .T. ) ;
#3811 =( LENGTH_UNIT ( ) NAMED_UNIT ( * ) SI_UNIT ( .MILLI., .METRE. ) );
#3812 = EDGE_LOOP ( 'NONE', ( #3814, #3823, #3828, #3830 ) ) ;
#3813 = MECHANICAL_DESIGN_GEOMETRIC_PRESENTATION_REPRESENTATION (  '', ( #3817 ), #3792 ) ;
#3814 = ORIENTED_EDGE ( 'NONE', *, *, #3816, .T. ) ;
#3816 = EDGE_CURVE ( 'NONE', #3818, #3821, #8121, .T. ) ;
#3815 = PRESENTATION_LAYER_ASSIGNMENT (  '', '', ( #3817 ) ) ;
#3817 = STYLED_ITEM ( 'NONE', ( #3819 ), #2235 ) ;
#3818 = VERTEX_POINT ( 'NONE', #8117 ) ;
#3819 = PRESENTATION_STYLE_ASSIGNMENT (( #3820 ) ) ;
#3821 = VERTEX_POINT ( 'NONE', #8116 ) ;
#3820 = SURFACE_STYLE_USAGE ( .BOTH. , #3822 ) ;
#3822 = SURFACE_SIDE_STYLE ('',( #3824 ) ) ;
#3823 = ORIENTED_EDGE ( 'NONE', *, *, #3826, .T. ) ;
#3824 = SURFACE_STYLE_FILL_AREA ( #3825 ) ;
#3825 = FILL_AREA_STYLE ('',( #3837 ) ) ;
#3826 = EDGE_CURVE ( 'NONE', #3821, #3720, #8115, .T. ) ;
#3827 = COLOUR_RGB ( '',0.1568627450980392100, 0.1568627450980392100, 0.1568627450980392100 ) ;
#3828 = ORIENTED_EDGE ( 'NONE', *, *, #3846, .F. ) ;
#3829 = DIRECTION ( 'NONE',  ( 0.0000000000000000000, 0.0000000000000000000, 1.000000000000000000 ) ) ;
#3830 = ORIENTED_EDGE ( 'NONE', *, *, #3832, .F. ) ;
#3831 = DIRECTION ( 'NONE',  ( -1.000000000000000000, 0.0000000000000000000, 1.708586460515685700E-016 ) ) ;
#3832 = EDGE_CURVE ( 'NONE', #3818, #3843, #8110, .T. ) ;
#3833 = AXIS2_PLACEMENT_3D ( 'NONE', #3841, #3831, #3829 ) ;
#3834 = CYLINDRICAL_SURFACE ( 'NONE', #3833, 0.1270000000000003900 ) ;
#3836 = ADVANCED_FACE ( 'NONE', ( #8105 ), #8104, .F. ) ;
#3835 = FACE_OUTER_BOUND ( 'NONE', #2237, .T. ) ;
#3837 = FILL_AREA_STYLE_COLOUR ( '', #3827 ) ;
#3838 = EDGE_LOOP ( 'NONE', ( #3790, #3793, #3796, #3798 ) ) ;
#3839 = VERTEX_POINT ( 'NONE', #8099 ) ;
#3840 = ORIENTED_EDGE ( 'NONE', *, *, #3842, .F. ) ;
#3841 = CARTESIAN_POINT ( 'NONE',  ( 4.995315247672459200, -9.644738602732118700, 4.872999999999998400 ) ) ;
#3842 = EDGE_CURVE ( 'NONE', #3843, #3740, #8098, .T. ) ;
#3843 = VERTEX_POINT ( 'NONE', #8094 ) ;
#3844 = ORIENTED_EDGE ( 'NONE', *, *, #3846, .T. ) ;
#3845 =( GEOMETRIC_REPRESENTATION_CONTEXT ( 3 ) GLOBAL_UNCERTAINTY_ASSIGNED_CONTEXT ( ( #3709 ) ) GLOBAL_UNIT_ASSIGNED_CONTEXT ( ( #3721, #3716, #3712 ) ) REPRESENTATION_CONTEXT ( 'NONE', 'WORKASPACE' ) );
#3846 = EDGE_CURVE ( 'NONE', #3843, #3720, #8093, .T. ) ;
#3847 = ADVANCED_FACE ( 'NONE', ( #8154 ), #8153, .F. ) ;
#3848 = EDGE_CURVE ( 'NONE', #11425, #1528, #8148, .T. ) ;
#3849 = ORIENTED_EDGE ( 'NONE', *, *, #5489, .F. ) ;
#3850 = ADVANCED_FACE ( 'NONE', ( #8144 ), #8143, .T. ) ;
#3851 = EDGE_LOOP ( 'NONE', ( #3852, #3854, #3857, #3966, #3967, #3968, #3971, #3972, #3974, #3975, #3977, #3978 ) ) ;
#3852 = ORIENTED_EDGE ( 'NONE', *, *, #3842, .T. ) ;
#3853 =( LENGTH_UNIT ( ) NAMED_UNIT ( * ) SI_UNIT ( .MILLI., .METRE. ) );
#3854 = ORIENTED_EDGE ( 'NONE', *, *, #3855, .T. ) ;
#3855 = EDGE_CURVE ( 'NONE', #3740, #3769, #8141, .T. ) ;
#3856 = MECHANICAL_DESIGN_GEOMETRIC_PRESENTATION_REPRESENTATION (  '', ( #3860 ), #3973 ) ;
#3857 = ORIENTED_EDGE ( 'NONE', *, *, #3766, .F. ) ;
#3858 = PRESENTATION_LAYER_ASSIGNMENT (  '', '', ( #3860 ) ) ;
#3859 = EDGE_CURVE ( 'NONE', #3795, #3861, #8134, .T. ) ;
#3860 = STYLED_ITEM ( 'NONE', ( #3862 ), #2250 ) ;
#3861 = VERTEX_POINT ( 'NONE', #8129 ) ;
#3862 = PRESENTATION_STYLE_ASSIGNMENT (( #3863 ) ) ;
#3863 = SURFACE_STYLE_USAGE ( .BOTH. , #3865 ) ;
#3864 = ORIENTED_EDGE ( 'NONE', *, *, #3867, .T. ) ;
#3865 = SURFACE_SIDE_STYLE ('',( #3866 ) ) ;
#3867 = EDGE_CURVE ( 'NONE', #3861, #1536, #8127, .T. ) ;
#3866 = SURFACE_STYLE_FILL_AREA ( #3868 ) ;
#3868 = FILL_AREA_STYLE ('',( #3882 ) ) ;
#3870 = ORIENTED_EDGE ( 'NONE', *, *, #1659, .F. ) ;
#3869 = COLOUR_RGB ( '',0.1568627450980392100, 0.1568627450980392100, 0.1568627450980392100 ) ;
#3871 = FACE_OUTER_BOUND ( 'NONE', #2251, .T. ) ;
#3872 = ORIENTED_EDGE ( 'NONE', *, *, #3886, .F. ) ;
#3874 = ORIENTED_EDGE ( 'NONE', *, *, #3876, .T. ) ;
#3873 = DIRECTION ( 'NONE',  ( 0.9945218953682730700, 0.0000000000000000000, -0.1045284632676560800 ) ) ;
#3876 = EDGE_CURVE ( 'NONE', #3788, #3805, #8186, .T. ) ;
#3875 = DIRECTION ( 'NONE',  ( -0.1041350224314091000, -0.08668189170242603100, -0.9907785558610454600 ) ) ;
#3877 = CARTESIAN_POINT ( 'NONE',  ( -5.043307935837978200, -9.644738602732118700, 4.873000000000000200 ) ) ;
#3878 = ORIENTED_EDGE ( 'NONE', *, *, #3804, .T. ) ;
#3879 = AXIS2_PLACEMENT_3D ( 'NONE', #3877, #3875, #3873 ) ;
#3880 = ORIENTED_EDGE ( 'NONE', *, *, #3809, .T. ) ;
#3881 = CIRCLE ( 'NONE', #3879, 0.1269999999999998100 ) ;
#3882 = FILL_AREA_STYLE_COLOUR ( '', #3869 ) ;
#3883 = ADVANCED_FACE ( 'NONE', ( #8181 ), #8180, .T. ) ;
#3884 = EDGE_LOOP ( 'NONE', ( #3980, #3982, #11424, #3849 ) ) ;
#3885 = ORIENTED_EDGE ( 'NONE', *, *, #3886, .T. ) ;
#3886 = EDGE_CURVE ( 'NONE', #3788, #1546, #8178, .T. ) ;
#3887 = ORIENTED_EDGE ( 'NONE', *, *, #7040, .F. ) ;
#3888 = CARTESIAN_POINT ( 'NONE',  ( 4.880963934046633300, -9.644738602732118700, 4.999999999999999100 ) ) ;
#3889 = CARTESIAN_POINT ( 'NONE',  ( 4.949322491526001700, -9.713097160211487900, 4.999999999999999100 ) ) ;
#3890 = ADVANCED_FACE ( 'NONE', ( #8171 ), #8169, .T. ) ;
#3891 = CARTESIAN_POINT ( 'NONE',  ( 5.000122799793891700, -9.763897468479379800, 4.954259196984012600 ) ) ;
#3892 = CARTESIAN_POINT ( 'NONE',  ( 5.007268214758404700, -9.771042883443890000, 4.886275114834989000 ) ) ;
#3893 = EDGE_LOOP ( 'NONE', ( #3894, #3895, #3897, #3898, #3899, #3900, #3864, #3870, #3872, #3874, #3878, #3880 ) ) ;
#3894 = ORIENTED_EDGE ( 'NONE', *, *, #3753, .T. ) ;
#3895 = ORIENTED_EDGE ( 'NONE', *, *, #3896, .T. ) ;
#3896 = EDGE_CURVE ( 'NONE', #3749, #3722, #8170, .T. ) ;
#3897 = ORIENTED_EDGE ( 'NONE', *, *, #3719, .F. ) ;
#3898 = ORIENTED_EDGE ( 'NONE', *, *, #3826, .F. ) ;
#3899 = ORIENTED_EDGE ( 'NONE', *, *, #3797, .F. ) ;
#3900 = ORIENTED_EDGE ( 'NONE', *, *, #3859, .T. ) ;
#3901 =( BOUNDED_CURVE ( )  B_SPLINE_CURVE ( 3, ( #3892, #3891, #3889, #3888 ),
 .UNSPECIFIED., .F., .T. ) 
 B_SPLINE_CURVE_WITH_KNOTS ( ( 4, 4 ),
 ( 0.1047197551196489600, 1.570796326794896800 ),
 .UNSPECIFIED. ) 
 CURVE ( )  GEOMETRIC_REPRESENTATION_ITEM ( )  RATIONAL_B_SPLINE_CURVE ( ( 1.000000000000000000, 0.8287632169849269400, 0.8287632169849269400, 1.000000000000000000 ) ) 
 REPRESENTATION_ITEM ( '' )  );
#3902 = ORIENTED_EDGE ( 'NONE', *, *, #3903, .T. ) ;
#3903 = EDGE_CURVE ( 'NONE', #3805, #3807, #8161, .T. ) ;
#3904 = ORIENTED_EDGE ( 'NONE', *, *, #3905, .T. ) ;
#3905 = EDGE_CURVE ( 'NONE', #3807, #3711, #8219, .T. ) ;
#3906 = ORIENTED_EDGE ( 'NONE', *, *, #3708, .F. ) ;
#3908 = ADVANCED_FACE ( 'NONE', ( #8215 ), #8214, .T. ) ;
#3907 = DIRECTION ( 'NONE',  ( 0.0000000000000000000, 0.0000000000000000000, -1.000000000000000000 ) ) ;
#3909 = DIRECTION ( 'NONE',  ( 0.0000000000000000000, -1.000000000000000000, 0.0000000000000000000 ) ) ;
#3910 = CARTESIAN_POINT ( 'NONE',  ( 4.880963934046633300, 10.10000000000000000, 4.872999999999998400 ) ) ;
#3912 = EDGE_LOOP ( 'NONE', ( #3913, #3786, #3885, #3887 ) ) ;
#3911 = AXIS2_PLACEMENT_3D ( 'NONE', #3910, #3909, #3907 ) ;
#3913 = ORIENTED_EDGE ( 'NONE', *, *, #3782, .F. ) ;
#3914 = VERTEX_POINT ( 'NONE', #8209 ) ;
#3915 = ORIENTED_EDGE ( 'NONE', *, *, #3916, .T. ) ;
#3916 = EDGE_CURVE ( 'NONE', #3964, #3918, #8208, .T. ) ;
#3917 =( NAMED_UNIT ( * ) SI_UNIT ( $, .STERADIAN. ) SOLID_ANGLE_UNIT ( ) );
#3918 = VERTEX_POINT ( 'NONE', #8204 ) ;
#3919 = ORIENTED_EDGE ( 'NONE', *, *, #3920, .F. ) ;
#3920 = EDGE_CURVE ( 'NONE', #3922, #3918, #8203, .T. ) ;
#3922 = VERTEX_POINT ( 'NONE', #8199 ) ;
#3921 =( NAMED_UNIT ( * ) PLANE_ANGLE_UNIT ( ) SI_UNIT ( $, .RADIAN. ) );
#3923 = ORIENTED_EDGE ( 'NONE', *, *, #3924, .T. ) ;
#3924 = EDGE_CURVE ( 'NONE', #3922, #3925, #8198, .T. ) ;
#3925 = VERTEX_POINT ( 'NONE', #8194 ) ;
#3926 = ORIENTED_EDGE ( 'NONE', *, *, #3928, .T. ) ;
#3927 =( LENGTH_UNIT ( ) NAMED_UNIT ( * ) SI_UNIT ( .MILLI., .METRE. ) );
#3928 = EDGE_CURVE ( 'NONE', #3925, #3929, #8193, .T. ) ;
#3929 = VERTEX_POINT ( 'NONE', #8189 ) ;
#3930 = MECHANICAL_DESIGN_GEOMETRIC_PRESENTATION_REPRESENTATION (  '', ( #3934 ), #4045 ) ;
#3931 = ORIENTED_EDGE ( 'NONE', *, *, #3933, .T. ) ;
#3933 = EDGE_CURVE ( 'NONE', #3929, #3965, #8249, .T. ) ;
#3932 = PRESENTATION_LAYER_ASSIGNMENT (  '', '', ( #3934 ) ) ;
#3934 = STYLED_ITEM ( 'NONE', ( #3935 ), #2258 ) ;
#3935 = PRESENTATION_STYLE_ASSIGNMENT (( #3936 ) ) ;
#3937 = ADVANCED_FACE ( 'NONE', ( #8245 ), #8244, .T. ) ;
#3936 = SURFACE_STYLE_USAGE ( .BOTH. , #3938 ) ;
#3938 = SURFACE_SIDE_STYLE ('',( #3939 ) ) ;
#3939 = SURFACE_STYLE_FILL_AREA ( #3940 ) ;
#3940 = FILL_AREA_STYLE ('',( #3953 ) ) ;
#3941 = EDGE_LOOP ( 'NONE', ( #3944, #3945, #3950, #3952 ) ) ;
#3942 = COLOUR_RGB ( '',0.1568627450980392100, 0.1568627450980392100, 0.1568627450980392100 ) ;
#3944 = ORIENTED_EDGE ( 'NONE', *, *, #3731, .T. ) ;
#3943 = FACE_OUTER_BOUND ( 'NONE', #2259, .T. ) ;
#3945 = ORIENTED_EDGE ( 'NONE', *, *, #3947, .T. ) ;
#3946 = DIRECTION ( 'NONE',  ( 0.0000000000000000000, 1.365923996832127400E-014, 1.000000000000000000 ) ) ;
#3947 = EDGE_CURVE ( 'NONE', #3727, #3645, #8242, .T. ) ;
#3948 = DIRECTION ( 'NONE',  ( -1.435643971180808700E-015, 1.000000000000000000, -1.365923996832129600E-014 ) ) ;
#3950 = ORIENTED_EDGE ( 'NONE', *, *, #3644, .T. ) ;
#3949 = CARTESIAN_POINT ( 'NONE',  ( -5.043307935837978200, 9.644738602732115100, 4.873000000000000200 ) ) ;
#3951 = AXIS2_PLACEMENT_3D ( 'NONE', #3949, #3948, #3946 ) ;
#3952 = ORIENTED_EDGE ( 'NONE', *, *, #3954, .T. ) ;
#3954 = EDGE_CURVE ( 'NONE', #3646, #3733, #8235, .T. ) ;
#3953 = FILL_AREA_STYLE_COLOUR ( '', #3942 ) ;
#3955 = ADVANCED_FACE ( 'NONE', ( #8231 ), #8229, .T. ) ;
#3956 = DIRECTION ( 'NONE',  ( -0.9945218953682730700, 0.0000000000000000000, 0.1045284632676560800 ) ) ;
#3957 = EDGE_LOOP ( 'NONE', ( #3959, #3915, #3919, #3923, #3926, #3931 ) ) ;
#3958 = DIRECTION ( 'NONE',  ( -0.1041350224314106600, 0.08668189170242482400, -0.9907785558610455700 ) ) ;
#3959 = ORIENTED_EDGE ( 'NONE', *, *, #3962, .F. ) ;
#3960 = AXIS2_PLACEMENT_3D ( 'NONE', #3969, #3958, #3956 ) ;
#3962 = EDGE_CURVE ( 'NONE', #3964, #3965, #8230, .T. ) ;
#3961 = CYLINDRICAL_SURFACE ( 'NONE', #3960, 0.1269999999999998100 ) ;
#3963 = CIRCLE ( 'NONE', #3951, 0.1270000000000003900 ) ;
#3964 = VERTEX_POINT ( 'NONE', #8221 ) ;
#3965 = VERTEX_POINT ( 'NONE', #8220 ) ;
#3966 = ORIENTED_EDGE ( 'NONE', *, *, #3714, .F. ) ;
#3967 = ORIENTED_EDGE ( 'NONE', *, *, #3905, .F. ) ;
#3968 = ORIENTED_EDGE ( 'NONE', *, *, #3970, .T. ) ;
#3969 = CARTESIAN_POINT ( 'NONE',  ( -5.226449802486610200, 9.797185714955796600, 3.130521533878357000 ) ) ;
#3970 = EDGE_CURVE ( 'NONE', #3807, #3784, #8283, .T. ) ;
#3971 = ORIENTED_EDGE ( 'NONE', *, *, #3782, .T. ) ;
#3972 = ORIENTED_EDGE ( 'NONE', *, *, #1572, .F. ) ;
#3973 =( GEOMETRIC_REPRESENTATION_CONTEXT ( 3 ) GLOBAL_UNCERTAINTY_ASSIGNED_CONTEXT ( ( #3981 ) ) GLOBAL_UNIT_ASSIGNED_CONTEXT ( ( #3853, #2725, #3984 ) ) REPRESENTATION_CONTEXT ( 'NONE', 'WORKASPACE' ) );
#3974 = ORIENTED_EDGE ( 'NONE', *, *, #3848, .F. ) ;
#3975 = ORIENTED_EDGE ( 'NONE', *, *, #3976, .T. ) ;
#3976 = EDGE_CURVE ( 'NONE', #11425, #3839, #8278, .T. ) ;
#3977 = ORIENTED_EDGE ( 'NONE', *, *, #3791, .T. ) ;
#3978 = ORIENTED_EDGE ( 'NONE', *, *, #3832, .T. ) ;
#3979 = EDGE_CURVE ( 'NONE', #5704, #1388, #8273, .T. ) ;
#3980 = ORIENTED_EDGE ( 'NONE', *, *, #3867, .F. ) ;
#3981 = UNCERTAINTY_MEASURE_WITH_UNIT (LENGTH_MEASURE( 1.000000000000000100E-005 ), #3853, 'distance_accuracy_value', 'NONE');
#3982 = ORIENTED_EDGE ( 'NONE', *, *, #3983, .T. ) ;
#3983 = EDGE_CURVE ( 'NONE', #3861, #11425, #8269, .T. ) ;
#3984 =( NAMED_UNIT ( * ) SI_UNIT ( $, .STERADIAN. ) SOLID_ANGLE_UNIT ( ) );
#3985 = ADVANCED_FACE ( 'NONE', ( #8265 ), #8264, .T. ) ;
#3986 = ORIENTED_EDGE ( 'NONE', *, *, #3987, .T. ) ;
#3987 = EDGE_CURVE ( 'NONE', #3989, #3990, #8259, .T. ) ;
#3989 = VERTEX_POINT ( 'NONE', #8255 ) ;
#3988 = UNCERTAINTY_MEASURE_WITH_UNIT (LENGTH_MEASURE( 1.000000000000000100E-005 ), #4000, 'distance_accuracy_value', 'NONE');
#3990 = VERTEX_POINT ( 'NONE', #8254 ) ;
#3991 = ORIENTED_EDGE ( 'NONE', *, *, #3993, .T. ) ;
#3992 =( NAMED_UNIT ( * ) SI_UNIT ( $, .STERADIAN. ) SOLID_ANGLE_UNIT ( ) );
#3993 = EDGE_CURVE ( 'NONE', #3990, #4039, #8252, .T. ) ;
#3994 = ORIENTED_EDGE ( 'NONE', *, *, #4006, .F. ) ;
#3995 = ORIENTED_EDGE ( 'NONE', *, *, #3997, .F. ) ;
#3997 = EDGE_CURVE ( 'NONE', #3989, #3914, #8312, .T. ) ;
#3996 =( NAMED_UNIT ( * ) PLANE_ANGLE_UNIT ( ) SI_UNIT ( $, .RADIAN. ) );
#3998 = ADVANCED_FACE ( 'NONE', ( #8308 ), #8307, .F. ) ;
#3999 = EDGE_LOOP ( 'NONE', ( #4085, #4092, #4099, #4104 ) ) ;
#4000 =( LENGTH_UNIT ( ) NAMED_UNIT ( * ) SI_UNIT ( .MILLI., .METRE. ) );
#4001 = ORIENTED_EDGE ( 'NONE', *, *, #4002, .F. ) ;
#4002 = EDGE_CURVE ( 'NONE', #3914, #4051, #8302, .T. ) ;
#4003 = MECHANICAL_DESIGN_GEOMETRIC_PRESENTATION_REPRESENTATION (  '', ( #4007 ), #4113 ) ;
#4004 = ORIENTED_EDGE ( 'NONE', *, *, #4006, .T. ) ;
#4005 = PRESENTATION_LAYER_ASSIGNMENT (  '', '', ( #4007 ) ) ;
#4006 = EDGE_CURVE ( 'NONE', #3914, #4039, #8298, .T. ) ;
#4007 = STYLED_ITEM ( 'NONE', ( #4008 ), #2267 ) ;
#4008 = PRESENTATION_STYLE_ASSIGNMENT (( #4009 ) ) ;
#4009 = SURFACE_STYLE_USAGE ( .BOTH. , #4011 ) ;
#4010 = ADVANCED_FACE ( 'NONE', ( #8294 ), #8293, .F. ) ;
#4011 = SURFACE_SIDE_STYLE ('',( #4012 ) ) ;
#4012 = SURFACE_STYLE_FILL_AREA ( #4013 ) ;
#4013 = FILL_AREA_STYLE ('',( #4026 ) ) ;
#4015 = EDGE_LOOP ( 'NONE', ( #4017, #4025, #4028, #4115 ) ) ;
#4014 = COLOUR_RGB ( '',0.1568627450980392100, 0.1568627450980392100, 0.1568627450980392100 ) ;
#4016 = FACE_OUTER_BOUND ( 'NONE', #2269, .T. ) ;
#4017 = ORIENTED_EDGE ( 'NONE', *, *, #4019, .T. ) ;
#4019 = EDGE_CURVE ( 'NONE', #4021, #4023, #8288, .T. ) ;
#4018 = DIRECTION ( 'NONE',  ( -1.365923996832127400E-014, 0.0000000000000000000, 1.000000000000000000 ) ) ;
#4020 = DIRECTION ( 'NONE',  ( -1.000000000000000000, -1.195028649608287200E-015, -1.365923996832127400E-014 ) ) ;
#4021 = VERTEX_POINT ( 'NONE', #8284 ) ;
#4022 = CARTESIAN_POINT ( 'NONE',  ( -5.043307935837978200, -9.644738602732118700, 4.873000000000000200 ) ) ;
#4023 = VERTEX_POINT ( 'NONE', #8346 ) ;
#4024 = AXIS2_PLACEMENT_3D ( 'NONE', #4022, #4020, #4018 ) ;
#4025 = ORIENTED_EDGE ( 'NONE', *, *, #4027, .T. ) ;
#4026 = FILL_AREA_STYLE_COLOUR ( '', #4014 ) ;
#4027 = EDGE_CURVE ( 'NONE', #4023, #3925, #8344, .T. ) ;
#4028 = ORIENTED_EDGE ( 'NONE', *, *, #3924, .F. ) ;
#4029 = EDGE_LOOP ( 'NONE', ( #3986, #3991, #3994, #3995 ) ) ;
#4030 = DIRECTION ( 'NONE',  ( 0.0000000000000000000, 0.0000000000000000000, 1.000000000000000000 ) ) ;
#4031 = DIRECTION ( 'NONE',  ( -1.000000000000000000, 0.0000000000000000000, 1.708586460515685700E-016 ) ) ;
#4032 = ADVANCED_FACE ( 'NONE', ( #8345 ), #8339, .T. ) ;
#4033 = AXIS2_PLACEMENT_3D ( 'NONE', #4041, #4031, #4030 ) ;
#4034 = CYLINDRICAL_SURFACE ( 'NONE', #4033, 0.1270000000000003900 ) ;
#4035 = CIRCLE ( 'NONE', #4024, 0.1270000000000003900 ) ;
#4036 = EDGE_LOOP ( 'NONE', ( #4037, #4042, #4046, #4049, #4001, #4004 ) ) ;
#4037 = ORIENTED_EDGE ( 'NONE', *, *, #4038, .T. ) ;
#4038 = EDGE_CURVE ( 'NONE', #4039, #4040, #8338, .T. ) ;
#4039 = VERTEX_POINT ( 'NONE', #8330 ) ;
#4040 = VERTEX_POINT ( 'NONE', #8329 ) ;
#4041 = CARTESIAN_POINT ( 'NONE',  ( 4.995315247672459200, -9.644738602732118700, 4.872999999999998400 ) ) ;
#4042 = ORIENTED_EDGE ( 'NONE', *, *, #4043, .T. ) ;
#4043 = EDGE_CURVE ( 'NONE', #4040, #4044, #8328, .T. ) ;
#4044 = VERTEX_POINT ( 'NONE', #8324 ) ;
#4045 =( GEOMETRIC_REPRESENTATION_CONTEXT ( 3 ) GLOBAL_UNCERTAINTY_ASSIGNED_CONTEXT ( ( #4052 ) ) GLOBAL_UNIT_ASSIGNED_CONTEXT ( ( #3927, #3921, #3917 ) ) REPRESENTATION_CONTEXT ( 'NONE', 'WORKASPACE' ) );
#4046 = ORIENTED_EDGE ( 'NONE', *, *, #4047, .F. ) ;
#4047 = EDGE_CURVE ( 'NONE', #4048, #4044, #8323, .T. ) ;
#4048 = VERTEX_POINT ( 'NONE', #8319 ) ;
#4049 = ORIENTED_EDGE ( 'NONE', *, *, #4050, .T. ) ;
#4050 = EDGE_CURVE ( 'NONE', #4048, #4051, #8318, .T. ) ;
#4051 = VERTEX_POINT ( 'NONE', #8377 ) ;
#4052 = UNCERTAINTY_MEASURE_WITH_UNIT (LENGTH_MEASURE( 1.000000000000000100E-005 ), #3927, 'distance_accuracy_value', 'NONE');
#4053 = ORIENTED_EDGE ( 'NONE', *, *, #7032, .F. ) ;
#4054 = ADVANCED_FACE ( 'NONE', ( #8376 ), #8375, .T. ) ;
#4055 = EDGE_LOOP ( 'NONE', ( #4057, #4058, #4061, #4062, #4063, #4064, #4166, #4170, #4173, #4174, #4177, #4178 ) ) ;
#4056 = CYLINDRICAL_SURFACE ( 'NONE', #4183, 0.1270000000000003900 ) ;
#4057 = ORIENTED_EDGE ( 'NONE', *, *, #3920, .T. ) ;
#4058 = ORIENTED_EDGE ( 'NONE', *, *, #4060, .T. ) ;
#4059 =( GEOMETRIC_REPRESENTATION_CONTEXT ( 3 ) GLOBAL_UNCERTAINTY_ASSIGNED_CONTEXT ( ( #4067 ) ) GLOBAL_UNIT_ASSIGNED_CONTEXT ( ( #4078, #4073, #4070 ) ) REPRESENTATION_CONTEXT ( 'NONE', 'WORKASPACE' ) );
#4060 = EDGE_CURVE ( 'NONE', #3918, #4040, #8370, .T. ) ;
#4061 = ORIENTED_EDGE ( 'NONE', *, *, #4038, .F. ) ;
#4062 = ORIENTED_EDGE ( 'NONE', *, *, #3993, .F. ) ;
#4063 = ORIENTED_EDGE ( 'NONE', *, *, #4101, .F. ) ;
#4064 = ORIENTED_EDGE ( 'NONE', *, *, #4162, .T. ) ;
#4065 = EDGE_CURVE ( 'NONE', #4112, #4066, #8366, .T. ) ;
#4066 = VERTEX_POINT ( 'NONE', #8362 ) ;
#4067 = UNCERTAINTY_MEASURE_WITH_UNIT (LENGTH_MEASURE( 1.000000000000000100E-005 ), #4078, 'distance_accuracy_value', 'NONE');
#4068 = ORIENTED_EDGE ( 'NONE', *, *, #4069, .T. ) ;
#4069 = EDGE_CURVE ( 'NONE', #4066, #4023, #8361, .T. ) ;
#4071 = ORIENTED_EDGE ( 'NONE', *, *, #4019, .F. ) ;
#4070 =( NAMED_UNIT ( * ) SI_UNIT ( $, .STERADIAN. ) SOLID_ANGLE_UNIT ( ) );
#4072 = ADVANCED_FACE ( 'NONE', ( #8357 ), #8356, .T. ) ;
#4073 =( NAMED_UNIT ( * ) PLANE_ANGLE_UNIT ( ) SI_UNIT ( $, .RADIAN. ) );
#4074 = EDGE_LOOP ( 'NONE', ( #4075, #4079, #4083, #4053 ) ) ;
#4075 = ORIENTED_EDGE ( 'NONE', *, *, #4076, .F. ) ;
#4076 = EDGE_CURVE ( 'NONE', #4077, #1493, #8354, .T. ) ;
#4077 = VERTEX_POINT ( 'NONE', #8347 ) ;
#4079 = ORIENTED_EDGE ( 'NONE', *, *, #4080, .T. ) ;
#4078 =( LENGTH_UNIT ( ) NAMED_UNIT ( * ) SI_UNIT ( .MILLI., .METRE. ) );
#4080 = EDGE_CURVE ( 'NONE', #4077, #4081, #8408, .T. ) ;
#4081 = VERTEX_POINT ( 'NONE', #8404 ) ;
#4082 = MECHANICAL_DESIGN_GEOMETRIC_PRESENTATION_REPRESENTATION (  '', ( #4086 ), #4059 ) ;
#4083 = ORIENTED_EDGE ( 'NONE', *, *, #4185, .T. ) ;
#4085 = ORIENTED_EDGE ( 'NONE', *, *, #4087, .F. ) ;
#4084 = PRESENTATION_LAYER_ASSIGNMENT (  '', '', ( #4086 ) ) ;
#4086 = STYLED_ITEM ( 'NONE', ( #4088 ), #2275 ) ;
#4087 = EDGE_CURVE ( 'NONE', #4090, #3989, #8403, .T. ) ;
#4088 = PRESENTATION_STYLE_ASSIGNMENT (( #4089 ) ) ;
#4090 = VERTEX_POINT ( 'NONE', #8399 ) ;
#4089 = SURFACE_STYLE_USAGE ( .BOTH. , #4091 ) ;
#4091 = SURFACE_SIDE_STYLE ('',( #4093 ) ) ;
#4092 = ORIENTED_EDGE ( 'NONE', *, *, #4095, .T. ) ;
#4093 = SURFACE_STYLE_FILL_AREA ( #4094 ) ;
#4094 = FILL_AREA_STYLE ('',( #4106 ) ) ;
#4095 = EDGE_CURVE ( 'NONE', #4090, #4097, #8398, .T. ) ;
#4096 = COLOUR_RGB ( '',0.1568627450980392100, 0.1568627450980392100, 0.1568627450980392100 ) ;
#4097 = VERTEX_POINT ( 'NONE', #8394 ) ;
#4098 = DIRECTION ( 'NONE',  ( 1.000000000000000000, 0.0000000000000000000, 0.0000000000000000000 ) ) ;
#4099 = ORIENTED_EDGE ( 'NONE', *, *, #4101, .T. ) ;
#4100 = DIRECTION ( 'NONE',  ( 0.0000000000000000000, 1.000000000000000000, 0.0000000000000000000 ) ) ;
#4101 = EDGE_CURVE ( 'NONE', #4097, #3990, #8393, .T. ) ;
#4102 = AXIS2_PLACEMENT_3D ( 'NONE', #4110, #4100, #4098 ) ;
#4104 = ORIENTED_EDGE ( 'NONE', *, *, #3987, .F. ) ;
#4103 = SPHERICAL_SURFACE ( 'NONE', #4102, 0.1270000000000000000 ) ;
#4105 = FACE_OUTER_BOUND ( 'NONE', #2280, .T. ) ;
#4107 = ADVANCED_FACE ( 'NONE', ( #8389 ), #8388, .F. ) ;
#4106 = FILL_AREA_STYLE_COLOUR ( '', #4096 ) ;
#4108 = EDGE_LOOP ( 'NONE', ( #4109, #4114, #4068, #4071 ) ) ;
#4109 = ORIENTED_EDGE ( 'NONE', *, *, #4111, .F. ) ;
#4110 = CARTESIAN_POINT ( 'NONE',  ( -5.043307935837978200, 9.644738602732116900, 4.873000000000000200 ) ) ;
#4111 = EDGE_CURVE ( 'NONE', #4112, #4021, #8383, .T. ) ;
#4112 = VERTEX_POINT ( 'NONE', #8379 ) ;
#4114 = ORIENTED_EDGE ( 'NONE', *, *, #4065, .T. ) ;
#4113 =( GEOMETRIC_REPRESENTATION_CONTEXT ( 3 ) GLOBAL_UNCERTAINTY_ASSIGNED_CONTEXT ( ( #3988 ) ) GLOBAL_UNIT_ASSIGNED_CONTEXT ( ( #4000, #3996, #3992 ) ) REPRESENTATION_CONTEXT ( 'NONE', 'WORKASPACE' ) );
#4115 = ORIENTED_EDGE ( 'NONE', *, *, #4116, .F. ) ;
#4116 = EDGE_CURVE ( 'NONE', #4021, #3922, #8440, .T. ) ;
#4117 = EDGE_CURVE ( 'NONE', #3965, #4048, #8435, .T. ) ;
#4118 = ADVANCED_FACE ( 'NONE', ( #8431 ), #8430, .T. ) ;
#4119 = EDGE_LOOP ( 'NONE', ( #4120, #4212, #4216, #4219, #4224, #4231 ) ) ;
#4120 = ORIENTED_EDGE ( 'NONE', *, *, #4122, .F. ) ;
#4121 = CARTESIAN_POINT ( 'NONE',  ( -5.043307935837980000, 10.10000000000000000, 4.873000000000000200 ) ) ;
#4122 = EDGE_CURVE ( 'NONE', #4123, #4124, #8428, .T. ) ;
#4123 = VERTEX_POINT ( 'NONE', #8421 ) ;
#4124 = VERTEX_POINT ( 'NONE', #8420 ) ;
#4125 =( GEOMETRIC_REPRESENTATION_CONTEXT ( 3 ) GLOBAL_UNCERTAINTY_ASSIGNED_CONTEXT ( ( #4133 ) ) GLOBAL_UNIT_ASSIGNED_CONTEXT ( ( #4146, #4141, #4136 ) ) REPRESENTATION_CONTEXT ( 'NONE', 'WORKASPACE' ) );
#4126 = ORIENTED_EDGE ( 'NONE', *, *, #4027, .F. ) ;
#4127 = ORIENTED_EDGE ( 'NONE', *, *, #4069, .F. ) ;
#4128 = ORIENTED_EDGE ( 'NONE', *, *, #4129, .T. ) ;
#4129 = EDGE_CURVE ( 'NONE', #4066, #4077, #8419, .T. ) ;
#4130 = ORIENTED_EDGE ( 'NONE', *, *, #4076, .T. ) ;
#4131 = ORIENTED_EDGE ( 'NONE', *, *, #1501, .F. ) ;
#4132 = ORIENTED_EDGE ( 'NONE', *, *, #4144, .F. ) ;
#4133 = UNCERTAINTY_MEASURE_WITH_UNIT (LENGTH_MEASURE( 1.000000000000000100E-005 ), #4146, 'distance_accuracy_value', 'NONE');
#4134 = ORIENTED_EDGE ( 'NONE', *, *, #4135, .T. ) ;
#4135 = EDGE_CURVE ( 'NONE', #4142, #4090, #8413, .T. ) ;
#4136 =( NAMED_UNIT ( * ) SI_UNIT ( $, .STERADIAN. ) SOLID_ANGLE_UNIT ( ) );
#4137 = ORIENTED_EDGE ( 'NONE', *, *, #4087, .T. ) ;
#4138 = ORIENTED_EDGE ( 'NONE', *, *, #4168, .F. ) ;
#4139 = ORIENTED_EDGE ( 'NONE', *, *, #4140, .T. ) ;
#4140 = EDGE_CURVE ( 'NONE', #4164, #4142, #8414, .T. ) ;
#4141 =( NAMED_UNIT ( * ) PLANE_ANGLE_UNIT ( ) SI_UNIT ( $, .RADIAN. ) );
#4142 = VERTEX_POINT ( 'NONE', #8469 ) ;
#4143 = ORIENTED_EDGE ( 'NONE', *, *, #4144, .T. ) ;
#4144 = EDGE_CURVE ( 'NONE', #4142, #1532, #8468, .T. ) ;
#4145 = ORIENTED_EDGE ( 'NONE', *, *, #5453, .F. ) ;
#4146 =( LENGTH_UNIT ( ) NAMED_UNIT ( * ) SI_UNIT ( .MILLI., .METRE. ) );
#4147 = ADVANCED_FACE ( 'NONE', ( #8464 ), #8463, .T. ) ;
#4148 = MECHANICAL_DESIGN_GEOMETRIC_PRESENTATION_REPRESENTATION (  '', ( #4152 ), #4125 ) ;
#4149 = EDGE_LOOP ( 'NONE', ( #4151, #4153, #4159, #4126, #4127, #4128, #4130, #4131, #4132, #4134, #4137, #4240 ) ) ;
#4150 = PRESENTATION_LAYER_ASSIGNMENT (  '', '', ( #4152 ) ) ;
#4151 = ORIENTED_EDGE ( 'NONE', *, *, #4002, .T. ) ;
#4152 = STYLED_ITEM ( 'NONE', ( #4154 ), #2292 ) ;
#4153 = ORIENTED_EDGE ( 'NONE', *, *, #4156, .T. ) ;
#4154 = PRESENTATION_STYLE_ASSIGNMENT (( #4155 ) ) ;
#4155 = SURFACE_STYLE_USAGE ( .BOTH. , #4157 ) ;
#4156 = EDGE_CURVE ( 'NONE', #4051, #3929, #8461, .T. ) ;
#4157 = SURFACE_SIDE_STYLE ('',( #4158 ) ) ;
#4158 = SURFACE_STYLE_FILL_AREA ( #4160 ) ;
#4159 = ORIENTED_EDGE ( 'NONE', *, *, #3928, .F. ) ;
#4160 = FILL_AREA_STYLE ('',( #4175 ) ) ;
#4162 = EDGE_CURVE ( 'NONE', #4097, #4164, #8454, .T. ) ;
#4161 = COLOUR_RGB ( '',0.1568627450980392100, 0.1568627450980392100, 0.1568627450980392100 ) ;
#4163 = FACE_OUTER_BOUND ( 'NONE', #2293, .T. ) ;
#4164 = VERTEX_POINT ( 'NONE', #8449 ) ;
#4165 = DIRECTION ( 'NONE',  ( -1.365923996832127400E-014, -1.000000000000000000, 0.0000000000000000000 ) ) ;
#4166 = ORIENTED_EDGE ( 'NONE', *, *, #4168, .T. ) ;
#4167 = DIRECTION ( 'NONE',  ( -1.000000000000000000, 1.371141604596580300E-014, 0.0000000000000000000 ) ) ;
#4168 = EDGE_CURVE ( 'NONE', #4164, #1593, #8448, .T. ) ;
#4169 = CARTESIAN_POINT ( 'NONE',  ( -5.043307935837980000, 9.644738602732116900, 4.873000000000000200 ) ) ;
#4170 = ORIENTED_EDGE ( 'NONE', *, *, #1562, .F. ) ;
#4171 = AXIS2_PLACEMENT_3D ( 'NONE', #4169, #4167, #4165 ) ;
#4173 = ORIENTED_EDGE ( 'NONE', *, *, #4185, .F. ) ;
#4172 = CIRCLE ( 'NONE', #4171, 0.1270000000000003900 ) ;
#4174 = ORIENTED_EDGE ( 'NONE', *, *, #4176, .T. ) ;
#4175 = FILL_AREA_STYLE_COLOUR ( '', #4161 ) ;
#4176 = EDGE_CURVE ( 'NONE', #4081, #4112, #8443, .T. ) ;
#4177 = ORIENTED_EDGE ( 'NONE', *, *, #4111, .T. ) ;
#4178 = ORIENTED_EDGE ( 'NONE', *, *, #4116, .T. ) ;
#4179 = DIRECTION ( 'NONE',  ( 0.0000000000000000000, 0.0000000000000000000, 1.000000000000000000 ) ) ;
#4180 = ADVANCED_FACE ( 'NONE', ( #8444 ), #8501, .T. ) ;
#4181 = DIRECTION ( 'NONE',  ( -1.000000000000000000, 3.081487911019577400E-033, 1.708586460515685700E-016 ) ) ;
#4182 = CARTESIAN_POINT ( 'NONE',  ( 4.995315247672459200, 9.644738602732116900, 4.872999999999998400 ) ) ;
#4183 = AXIS2_PLACEMENT_3D ( 'NONE', #4182, #4181, #4179 ) ;
#4184 = EDGE_LOOP ( 'NONE', ( #4138, #4139, #4143, #4145 ) ) ;
#4185 = EDGE_CURVE ( 'NONE', #4081, #1563, #8500, .T. ) ;
#4186 = VERTEX_POINT ( 'NONE', #8492 ) ;
#4187 = VERTEX_POINT ( 'NONE', #8491 ) ;
#4188 = ORIENTED_EDGE ( 'NONE', *, *, #4191, .T. ) ;
#4189 = CARTESIAN_POINT ( 'NONE',  ( -2.301999999999991600, -10.10000000000000000, 4.872999999999999300 ) ) ;
#4191 = EDGE_CURVE ( 'NONE', #4187, #4222, #8490, .T. ) ;
#4190 = TOROIDAL_SURFACE ( 'NONE', #4320, 1.388429415939483400, 0.1270000000000000000 ) ;
#4192 = ORIENTED_EDGE ( 'NONE', *, *, #4221, .F. ) ;
#4193 = ORIENTED_EDGE ( 'NONE', *, *, #4280, .F. ) ;
#4194 = ADVANCED_FACE ( 'NONE', ( #8485 ), #8484, .T. ) ;
#4195 = ORIENTED_EDGE ( 'NONE', *, *, #4196, .T. ) ;
#4196 = EDGE_CURVE ( 'NONE', #4197, #4199, #8482, .T. ) ;
#4197 = VERTEX_POINT ( 'NONE', #8475 ) ;
#4198 =( GEOMETRIC_REPRESENTATION_CONTEXT ( 3 ) GLOBAL_UNCERTAINTY_ASSIGNED_CONTEXT ( ( #4206 ) ) GLOBAL_UNIT_ASSIGNED_CONTEXT ( ( #4220, #4214, #4210 ) ) REPRESENTATION_CONTEXT ( 'NONE', 'WORKASPACE' ) );
#4199 = VERTEX_POINT ( 'NONE', #8474 ) ;
#4200 = ORIENTED_EDGE ( 'NONE', *, *, #4201, .T. ) ;
#4201 = EDGE_CURVE ( 'NONE', #4199, #4202, #8473, .T. ) ;
#4202 = VERTEX_POINT ( 'NONE', #8532 ) ;
#4203 = ORIENTED_EDGE ( 'NONE', *, *, #4204, .F. ) ;
#4204 = EDGE_CURVE ( 'NONE', #4205, #4202, #8531, .T. ) ;
#4205 = VERTEX_POINT ( 'NONE', #8527 ) ;
#4207 = ORIENTED_EDGE ( 'NONE', *, *, #4208, .T. ) ;
#4206 = UNCERTAINTY_MEASURE_WITH_UNIT (LENGTH_MEASURE( 1.000000000000000100E-005 ), #4220, 'distance_accuracy_value', 'NONE');
#4208 = EDGE_CURVE ( 'NONE', #4205, #4209, #8526, .T. ) ;
#4209 = VERTEX_POINT ( 'NONE', #8522 ) ;
#4210 =( NAMED_UNIT ( * ) SI_UNIT ( $, .STERADIAN. ) SOLID_ANGLE_UNIT ( ) );
#4211 = ORIENTED_EDGE ( 'NONE', *, *, #4305, .F. ) ;
#4212 = ORIENTED_EDGE ( 'NONE', *, *, #4213, .T. ) ;
#4213 = EDGE_CURVE ( 'NONE', #4123, #4215, #8521, .T. ) ;
#4214 =( NAMED_UNIT ( * ) PLANE_ANGLE_UNIT ( ) SI_UNIT ( $, .RADIAN. ) );
#4215 = VERTEX_POINT ( 'NONE', #8517 ) ;
#4216 = ORIENTED_EDGE ( 'NONE', *, *, #4217, .F. ) ;
#4217 = EDGE_CURVE ( 'NONE', #4218, #4215, #8516, .T. ) ;
#4218 = VERTEX_POINT ( 'NONE', #8512 ) ;
#4219 = ORIENTED_EDGE ( 'NONE', *, *, #4221, .T. ) ;
#4220 =( LENGTH_UNIT ( ) NAMED_UNIT ( * ) SI_UNIT ( .MILLI., .METRE. ) );
#4221 = EDGE_CURVE ( 'NONE', #4218, #4222, #8511, .T. ) ;
#4222 = VERTEX_POINT ( 'NONE', #8507 ) ;
#4223 = MECHANICAL_DESIGN_GEOMETRIC_PRESENTATION_REPRESENTATION (  '', ( #4227 ), #4198 ) ;
#4224 = ORIENTED_EDGE ( 'NONE', *, *, #4226, .T. ) ;
#4225 = PRESENTATION_LAYER_ASSIGNMENT (  '', '', ( #4227 ) ) ;
#4226 = EDGE_CURVE ( 'NONE', #4222, #4228, #8506, .T. ) ;
#4227 = STYLED_ITEM ( 'NONE', ( #4229 ), #2306 ) ;
#4228 = VERTEX_POINT ( 'NONE', #8565 ) ;
#4229 = PRESENTATION_STYLE_ASSIGNMENT (( #4230 ) ) ;
#4230 = SURFACE_STYLE_USAGE ( .BOTH. , #4232 ) ;
#4231 = ORIENTED_EDGE ( 'NONE', *, *, #4234, .T. ) ;
#4232 = SURFACE_SIDE_STYLE ('',( #4233 ) ) ;
#4234 = EDGE_CURVE ( 'NONE', #4228, #4124, #8564, .T. ) ;
#4233 = SURFACE_STYLE_FILL_AREA ( #4235 ) ;
#4235 = FILL_AREA_STYLE ('',( #4245 ) ) ;
#4236 = COLOUR_RGB ( '',0.1568627450980392100, 0.1568627450980392100, 0.1568627450980392100 ) ;
#4237 = FACE_OUTER_BOUND ( 'NONE', #2170, .T. ) ;
#4238 = EDGE_LOOP ( 'NONE', ( #4195, #4200, #4203, #4207, #4211, #4308 ) ) ;
#4240 = ORIENTED_EDGE ( 'NONE', *, *, #3997, .T. ) ;
#4239 = DIRECTION ( 'NONE',  ( 0.0000000000000000000, 0.0000000000000000000, -1.000000000000000000 ) ) ;
#4241 = DIRECTION ( 'NONE',  ( 0.0000000000000000000, -1.000000000000000000, 0.0000000000000000000 ) ) ;
#4243 = ADVANCED_FACE ( 'NONE', ( #8560 ), #8559, .T. ) ;
#4242 = CARTESIAN_POINT ( 'NONE',  ( -5.043307935837980000, -9.644738602732118700, 4.873000000000000200 ) ) ;
#4244 = AXIS2_PLACEMENT_3D ( 'NONE', #4242, #4241, #4239 ) ;
#4245 = FILL_AREA_STYLE_COLOUR ( '', #4236 ) ;
#4246 = EDGE_LOOP ( 'NONE', ( #4247, #4248, #4251, #4253 ) ) ;
#4247 = ORIENTED_EDGE ( 'NONE', *, *, #4047, .T. ) ;
#4248 = ORIENTED_EDGE ( 'NONE', *, *, #4249, .T. ) ;
#4249 = EDGE_CURVE ( 'NONE', #4044, #3964, #8554, .T. ) ;
#4250 = DIRECTION ( 'NONE',  ( 0.0000000000000000000, 0.0000000000000000000, -1.000000000000000000 ) ) ;
#4251 = ORIENTED_EDGE ( 'NONE', *, *, #3962, .T. ) ;
#4252 = DIRECTION ( 'NONE',  ( 0.0000000000000000000, -1.000000000000000000, 0.0000000000000000000 ) ) ;
#4253 = ORIENTED_EDGE ( 'NONE', *, *, #4117, .T. ) ;
#4254 = AXIS2_PLACEMENT_3D ( 'NONE', #4121, #4252, #4250 ) ;
#4255 = CYLINDRICAL_SURFACE ( 'NONE', #4254, 0.1270000000000003900 ) ;
#4256 = VERTEX_POINT ( 'NONE', #8550 ) ;
#4257 = CIRCLE ( 'NONE', #4244, 0.1270000000000003900 ) ;
#4258 = ORIENTED_EDGE ( 'NONE', *, *, #4259, .T. ) ;
#4259 = EDGE_CURVE ( 'NONE', #4256, #4260, #8549, .T. ) ;
#4260 = VERTEX_POINT ( 'NONE', #8545 ) ;
#4261 = ORIENTED_EDGE ( 'NONE', *, *, #4262, .F. ) ;
#4262 = EDGE_CURVE ( 'NONE', #4263, #4292, #8544, .T. ) ;
#4263 = VERTEX_POINT ( 'NONE', #8540 ) ;
#4264 = ORIENTED_EDGE ( 'NONE', *, *, #4266, .T. ) ;
#4265 = UNCERTAINTY_MEASURE_WITH_UNIT (LENGTH_MEASURE( 1.000000000000000100E-005 ), #4276, 'distance_accuracy_value', 'NONE');
#4266 = EDGE_CURVE ( 'NONE', #4263, #4267, #8539, .T. ) ;
#4267 = VERTEX_POINT ( 'NONE', #8599 ) ;
#4268 =( NAMED_UNIT ( * ) SI_UNIT ( $, .STERADIAN. ) SOLID_ANGLE_UNIT ( ) );
#4269 = ORIENTED_EDGE ( 'NONE', *, *, #4270, .T. ) ;
#4270 = EDGE_CURVE ( 'NONE', #4267, #4293, #8598, .T. ) ;
#4271 = ORIENTED_EDGE ( 'NONE', *, *, #4291, .F. ) ;
#4272 =( NAMED_UNIT ( * ) PLANE_ANGLE_UNIT ( ) SI_UNIT ( $, .RADIAN. ) );
#4273 = ADVANCED_FACE ( 'NONE', ( #8594 ), #8593, .F. ) ;
#4274 = EDGE_LOOP ( 'NONE', ( #4275, #4366, #4372, #4377 ) ) ;
#4275 = ORIENTED_EDGE ( 'NONE', *, *, #4277, .F. ) ;
#4276 =( LENGTH_UNIT ( ) NAMED_UNIT ( * ) SI_UNIT ( .MILLI., .METRE. ) );
#4277 = EDGE_CURVE ( 'NONE', #4278, #4186, #8591, .T. ) ;
#4278 = VERTEX_POINT ( 'NONE', #8584 ) ;
#4280 = EDGE_CURVE ( 'NONE', #4186, #4218, #8583, .T. ) ;
#4279 = MECHANICAL_DESIGN_GEOMETRIC_PRESENTATION_REPRESENTATION (  '', ( #4283 ), #4384 ) ;
#4281 = PRESENTATION_LAYER_ASSIGNMENT (  '', '', ( #4283 ) ) ;
#4282 = ADVANCED_FACE ( 'NONE', ( #8578 ), #8577, .T. ) ;
#4283 = STYLED_ITEM ( 'NONE', ( #4284 ), #2318 ) ;
#4284 = PRESENTATION_STYLE_ASSIGNMENT (( #4285 ) ) ;
#4285 = SURFACE_STYLE_USAGE ( .BOTH. , #4286 ) ;
#4287 = EDGE_LOOP ( 'NONE', ( #4289, #4294, #4298, #4300 ) ) ;
#4286 = SURFACE_SIDE_STYLE ('',( #4288 ) ) ;
#4288 = SURFACE_STYLE_FILL_AREA ( #4290 ) ;
#4289 = ORIENTED_EDGE ( 'NONE', *, *, #4291, .T. ) ;
#4290 = FILL_AREA_STYLE ('',( #4307 ) ) ;
#4291 = EDGE_CURVE ( 'NONE', #4292, #4293, #8572, .T. ) ;
#4292 = VERTEX_POINT ( 'NONE', #8568 ) ;
#4293 = VERTEX_POINT ( 'NONE', #8567 ) ;
#4294 = ORIENTED_EDGE ( 'NONE', *, *, #4296, .T. ) ;
#4295 = CARTESIAN_POINT ( 'NONE',  ( -5.187895630127984600, -9.973000000000000800, 1.107679945415499500 ) ) ;
#4296 = EDGE_CURVE ( 'NONE', #4293, #4197, #8630, .T. ) ;
#4297 = CARTESIAN_POINT ( 'NONE',  ( -5.188233301379410600, -10.04739487757861500, 1.110892672767289400 ) ) ;
#4298 = ORIENTED_EDGE ( 'NONE', *, *, #4310, .F. ) ;
#4299 = CARTESIAN_POINT ( 'NONE',  ( -5.136155124954510300, -10.10000000000000000, 1.118663146670541900 ) ) ;
#4300 = ORIENTED_EDGE ( 'NONE', *, *, #4302, .F. ) ;
#4301 = CARTESIAN_POINT ( 'NONE',  ( -5.062167790299334100, -10.10000000000000000, 1.126439528898805800 ) ) ;
#4302 = EDGE_CURVE ( 'NONE', #4292, #4306, #8625, .T. ) ;
#4303 = ADVANCED_FACE ( 'NONE', ( #8620 ), #8619, .F. ) ;
#4304 = EDGE_LOOP ( 'NONE', ( #4261, #4264, #4269, #4271 ) ) ;
#4305 = EDGE_CURVE ( 'NONE', #4306, #4209, #8614, .T. ) ;
#4306 = VERTEX_POINT ( 'NONE', #8610 ) ;
#4307 = FILL_AREA_STYLE_COLOUR ( '', #4312 ) ;
#4308 = ORIENTED_EDGE ( 'NONE', *, *, #4310, .T. ) ;
#4309 =( BOUNDED_CURVE ( )  B_SPLINE_CURVE ( 3, ( #4301, #4299, #4297, #4295 ),
 .UNSPECIFIED., .F., .T. ) 
 B_SPLINE_CURVE_WITH_KNOTS ( ( 4, 4 ),
 ( 3.141592653589795300, 4.712388980384683500 ),
 .UNSPECIFIED. ) 
 CURVE ( )  GEOMETRIC_REPRESENTATION_ITEM ( )  RATIONAL_B_SPLINE_CURVE ( ( 1.000000000000000000, 0.8047378541243670500, 0.8047378541243670500, 1.000000000000000000 ) ) 
 REPRESENTATION_ITEM ( '' )  );
#4310 = EDGE_CURVE ( 'NONE', #4306, #4197, #8609, .T. ) ;
#4311 = ADVANCED_FACE ( 'NONE', ( #8605 ), #8604, .F. ) ;
#4312 = COLOUR_RGB ( '',0.1568627450980392100, 0.1568627450980392100, 0.1568627450980392100 ) ;
#4313 = EDGE_LOOP ( 'NONE', ( #4315, #4188, #4192, #4193 ) ) ;
#4314 = FACE_OUTER_BOUND ( 'NONE', #2319, .T. ) ;
#4315 = ORIENTED_EDGE ( 'NONE', *, *, #4316, .T. ) ;
#4316 = EDGE_CURVE ( 'NONE', #4186, #4187, #8661, .T. ) ;
#4317 = DIRECTION ( 'NONE',  ( -1.000000000000000000, 0.0000000000000000000, 1.708586460515685700E-016 ) ) ;
#4318 = ADVANCED_FACE ( 'NONE', ( #8657 ), #8656, .T. ) ;
#4319 = DIRECTION ( 'NONE',  ( -1.708586460515685700E-016, 0.0000000000000000000, -1.000000000000000000 ) ) ;
#4320 = AXIS2_PLACEMENT_3D ( 'NONE', #4189, #4319, #4317 ) ;
#4321 = EDGE_LOOP ( 'NONE', ( #4323, #4324, #4326, #4327, #4422, #4424, #4428, #4430, #4431, #4432, #4434, #4435 ) ) ;
#4322 = CYLINDRICAL_SURFACE ( 'NONE', #4452, 0.1269999999999997200 ) ;
#4323 = ORIENTED_EDGE ( 'NONE', *, *, #4305, .T. ) ;
#4324 = ORIENTED_EDGE ( 'NONE', *, *, #4325, .T. ) ;
#4325 = EDGE_CURVE ( 'NONE', #4209, #4228, #8654, .T. ) ;
#4326 = ORIENTED_EDGE ( 'NONE', *, *, #4226, .F. ) ;
#4327 = ORIENTED_EDGE ( 'NONE', *, *, #4191, .F. ) ;
#4329 = ORIENTED_EDGE ( 'NONE', *, *, #4330, .T. ) ;
#4328 = CARTESIAN_POINT ( 'NONE',  ( -5.221331326688933800, 9.840032597802308000, 2.640779421932426500 ) ) ;
#4330 = EDGE_CURVE ( 'NONE', #4363, #1495, #8647, .T. ) ;
#4331 = ORIENTED_EDGE ( 'NONE', *, *, #1494, .F. ) ;
#4332 =( GEOMETRIC_REPRESENTATION_CONTEXT ( 3 ) GLOBAL_UNCERTAINTY_ASSIGNED_CONTEXT ( ( #4339 ) ) GLOBAL_UNIT_ASSIGNED_CONTEXT ( ( #4350, #4345, #4342 ) ) REPRESENTATION_CONTEXT ( 'NONE', 'WORKASPACE' ) );
#4333 = ORIENTED_EDGE ( 'NONE', *, *, #4343, .F. ) ;
#4334 = ORIENTED_EDGE ( 'NONE', *, *, #4335, .T. ) ;
#4335 = EDGE_CURVE ( 'NONE', #4260, #4278, #8643, .T. ) ;
#4336 = ORIENTED_EDGE ( 'NONE', *, *, #4277, .T. ) ;
#4337 = ORIENTED_EDGE ( 'NONE', *, *, #4280, .T. ) ;
#4338 = ADVANCED_FACE ( 'NONE', ( #8638 ), #8637, .T. ) ;
#4339 = UNCERTAINTY_MEASURE_WITH_UNIT (LENGTH_MEASURE( 1.000000000000000100E-005 ), #4350, 'distance_accuracy_value', 'NONE');
#4340 = EDGE_LOOP ( 'NONE', ( #4439, #4440, #4443, #4447 ) ) ;
#4341 = ORIENTED_EDGE ( 'NONE', *, *, #4343, .T. ) ;
#4342 =( NAMED_UNIT ( * ) SI_UNIT ( $, .STERADIAN. ) SOLID_ANGLE_UNIT ( ) );
#4343 = EDGE_CURVE ( 'NONE', #4260, #1517, #8631, .T. ) ;
#4344 = ORIENTED_EDGE ( 'NONE', *, *, #6958, .F. ) ;
#4345 =( NAMED_UNIT ( * ) PLANE_ANGLE_UNIT ( ) SI_UNIT ( $, .RADIAN. ) );
#4346 = ADVANCED_FACE ( 'NONE', ( #8692 ), #8691, .T. ) ;
#4347 = EDGE_LOOP ( 'NONE', ( #4348, #4349, #4352, #4354, #4356, #4358, #4329, #4331, #4333, #4334, #4336, #4337 ) ) ;
#4348 = ORIENTED_EDGE ( 'NONE', *, *, #4217, .T. ) ;
#4349 = ORIENTED_EDGE ( 'NONE', *, *, #4351, .T. ) ;
#4350 =( LENGTH_UNIT ( ) NAMED_UNIT ( * ) SI_UNIT ( .MILLI., .METRE. ) );
#4351 = EDGE_CURVE ( 'NONE', #4215, #4199, #8686, .T. ) ;
#4352 = ORIENTED_EDGE ( 'NONE', *, *, #4196, .F. ) ;
#4353 = MECHANICAL_DESIGN_GEOMETRIC_PRESENTATION_REPRESENTATION (  '', ( #4357 ), #4332 ) ;
#4354 = ORIENTED_EDGE ( 'NONE', *, *, #4296, .F. ) ;
#4356 = ORIENTED_EDGE ( 'NONE', *, *, #4270, .F. ) ;
#4355 = PRESENTATION_LAYER_ASSIGNMENT (  '', '', ( #4357 ) ) ;
#4357 = STYLED_ITEM ( 'NONE', ( #4359 ), #2324 ) ;
#4358 = ORIENTED_EDGE ( 'NONE', *, *, #4360, .T. ) ;
#4359 = PRESENTATION_STYLE_ASSIGNMENT (( #4361 ) ) ;
#4360 = EDGE_CURVE ( 'NONE', #4267, #4363, #8682, .T. ) ;
#4361 = SURFACE_STYLE_USAGE ( .BOTH. , #4362 ) ;
#4362 = SURFACE_SIDE_STYLE ('',( #4364 ) ) ;
#4363 = VERTEX_POINT ( 'NONE', #8677 ) ;
#4364 = SURFACE_STYLE_FILL_AREA ( #4365 ) ;
#4365 = FILL_AREA_STYLE ('',( #4378 ) ) ;
#4366 = ORIENTED_EDGE ( 'NONE', *, *, #4368, .T. ) ;
#4367 = COLOUR_RGB ( '',0.1568627450980392100, 0.1568627450980392100, 0.1568627450980392100 ) ;
#4368 = EDGE_CURVE ( 'NONE', #4278, #4370, #8676, .T. ) ;
#4369 = DIRECTION ( 'NONE',  ( 0.0000000000000000000, 0.0000000000000000000, 1.000000000000000000 ) ) ;
#4370 = VERTEX_POINT ( 'NONE', #8672 ) ;
#4371 = DIRECTION ( 'NONE',  ( -1.000000000000000000, 0.0000000000000000000, 7.150601860090840900E-018 ) ) ;
#4372 = ORIENTED_EDGE ( 'NONE', *, *, #4374, .T. ) ;
#4373 = AXIS2_PLACEMENT_3D ( 'NONE', #4381, #4371, #4369 ) ;
#4374 = EDGE_CURVE ( 'NONE', #4370, #4187, #8671, .T. ) ;
#4375 = CYLINDRICAL_SURFACE ( 'NONE', #4373, 0.1270000000000000000 ) ;
#4377 = ORIENTED_EDGE ( 'NONE', *, *, #4316, .F. ) ;
#4376 = FACE_OUTER_BOUND ( 'NONE', #2364, .T. ) ;
#4378 = FILL_AREA_STYLE_COLOUR ( '', #4367 ) ;
#4379 = ADVANCED_FACE ( 'NONE', ( #8667 ), #8666, .T. ) ;
#4380 = EDGE_LOOP ( 'NONE', ( #4382, #4258, #4341, #4344 ) ) ;
#4381 = CARTESIAN_POINT ( 'NONE',  ( -5.157659249463804100, 9.972999999999999000, 0.1524000000000004500 ) ) ;
#4382 = ORIENTED_EDGE ( 'NONE', *, *, #4383, .F. ) ;
#4383 = EDGE_CURVE ( 'NONE', #4256, #1453, #8722, .T. ) ;
#4384 =( GEOMETRIC_REPRESENTATION_CONTEXT ( 3 ) GLOBAL_UNCERTAINTY_ASSIGNED_CONTEXT ( ( #4265 ) ) GLOBAL_UNIT_ASSIGNED_CONTEXT ( ( #4276, #4272, #4268 ) ) REPRESENTATION_CONTEXT ( 'NONE', 'WORKASPACE' ) );
#4385 = ORIENTED_EDGE ( 'NONE', *, *, #4386, .F. ) ;
#4386 = EDGE_CURVE ( 'NONE', #4387, #4514, #8718, .T. ) ;
#4387 = VERTEX_POINT ( 'NONE', #8714 ) ;
#4388 = ORIENTED_EDGE ( 'NONE', *, *, #4389, .T. ) ;
#4389 = EDGE_CURVE ( 'NONE', #4387, #4391, #8713, .T. ) ;
#4390 = UNCERTAINTY_MEASURE_WITH_UNIT (LENGTH_MEASURE( 1.000000000000000100E-005 ), #4402, 'distance_accuracy_value', 'NONE');
#4391 = VERTEX_POINT ( 'NONE', #8709 ) ;
#4392 = ORIENTED_EDGE ( 'NONE', *, *, #4393, .T. ) ;
#4393 = EDGE_CURVE ( 'NONE', #4391, #4395, #8708, .T. ) ;
#4394 =( NAMED_UNIT ( * ) SI_UNIT ( $, .STERADIAN. ) SOLID_ANGLE_UNIT ( ) );
#4395 = VERTEX_POINT ( 'NONE', #8704 ) ;
#4396 = ORIENTED_EDGE ( 'NONE', *, *, #4397, .T. ) ;
#4397 = EDGE_CURVE ( 'NONE', #4395, #4421, #8703, .T. ) ;
#4398 =( NAMED_UNIT ( * ) PLANE_ANGLE_UNIT ( ) SI_UNIT ( $, .RADIAN. ) );
#4399 = EDGE_CURVE ( 'NONE', #6163, #6209, #8699, .T. ) ;
#4400 = ADVANCED_FACE ( 'NONE', ( #8695 ), #8693, .T. ) ;
#4401 = ORIENTED_EDGE ( 'NONE', *, *, #4204, .T. ) ;
#4402 =( LENGTH_UNIT ( ) NAMED_UNIT ( * ) SI_UNIT ( .MILLI., .METRE. ) );
#4403 = ORIENTED_EDGE ( 'NONE', *, *, #4404, .T. ) ;
#4404 = EDGE_CURVE ( 'NONE', #4202, #4123, #8694, .T. ) ;
#4405 = ORIENTED_EDGE ( 'NONE', *, *, #4122, .T. ) ;
#4406 = MECHANICAL_DESIGN_GEOMETRIC_PRESENTATION_REPRESENTATION (  '', ( #4410 ), #4513 ) ;
#4407 = ORIENTED_EDGE ( 'NONE', *, *, #4409, .T. ) ;
#4408 = PRESENTATION_LAYER_ASSIGNMENT (  '', '', ( #4410 ) ) ;
#4409 = EDGE_CURVE ( 'NONE', #4124, #4205, #8749, .T. ) ;
#4410 = STYLED_ITEM ( 'NONE', ( #4411 ), #2334 ) ;
#4411 = PRESENTATION_STYLE_ASSIGNMENT (( #4412 ) ) ;
#4412 = SURFACE_STYLE_USAGE ( .BOTH. , #4414 ) ;
#4413 = ADVANCED_FACE ( 'NONE', ( #8745 ), #8743, .T. ) ;
#4414 = SURFACE_SIDE_STYLE ('',( #4415 ) ) ;
#4415 = SURFACE_STYLE_FILL_AREA ( #4416 ) ;
#4416 = FILL_AREA_STYLE ('',( #4437 ) ) ;
#4417 = EDGE_LOOP ( 'NONE', ( #4418, #4511, #4385, #4388, #4392, #4396 ) ) ;
#4418 = ORIENTED_EDGE ( 'NONE', *, *, #4419, .F. ) ;
#4419 = EDGE_CURVE ( 'NONE', #4420, #4421, #8744, .T. ) ;
#4420 = VERTEX_POINT ( 'NONE', #8735 ) ;
#4421 = VERTEX_POINT ( 'NONE', #8734 ) ;
#4422 = ORIENTED_EDGE ( 'NONE', *, *, #4374, .F. ) ;
#4424 = ORIENTED_EDGE ( 'NONE', *, *, #4426, .T. ) ;
#4423 = CARTESIAN_POINT ( 'NONE',  ( -5.062167790299328700, 10.10000000000000000, 1.126439528898760300 ) ) ;
#4426 = EDGE_CURVE ( 'NONE', #4370, #4256, #8733, .T. ) ;
#4425 = CARTESIAN_POINT ( 'NONE',  ( -5.136155124954500600, 10.10000000000000100, 1.118663146670432000 ) ) ;
#4427 = CARTESIAN_POINT ( 'NONE',  ( -5.188233301379400000, 10.04739487757862000, 1.110892672767179300 ) ) ;
#4428 = ORIENTED_EDGE ( 'NONE', *, *, #4383, .T. ) ;
#4429 = CARTESIAN_POINT ( 'NONE',  ( -5.187895630127981900, 9.972999999999999000, 1.107679945415468200 ) ) ;
#4430 = ORIENTED_EDGE ( 'NONE', *, *, #1416, .F. ) ;
#4431 = ORIENTED_EDGE ( 'NONE', *, *, #4445, .F. ) ;
#4432 = ORIENTED_EDGE ( 'NONE', *, *, #4433, .T. ) ;
#4433 = EDGE_CURVE ( 'NONE', #4442, #4263, #8727, .T. ) ;
#4434 = ORIENTED_EDGE ( 'NONE', *, *, #4262, .T. ) ;
#4435 = ORIENTED_EDGE ( 'NONE', *, *, #4302, .T. ) ;
#4436 = EDGE_LOOP ( 'NONE', ( #4401, #4403, #4405, #4407 ) ) ;
#4437 = FILL_AREA_STYLE_COLOUR ( '', #4444 ) ;
#4439 = ORIENTED_EDGE ( 'NONE', *, *, #4330, .F. ) ;
#4438 =( BOUNDED_CURVE ( )  B_SPLINE_CURVE ( 3, ( #4429, #4427, #4425, #4423 ),
 .UNSPECIFIED., .F., .T. ) 
 B_SPLINE_CURVE_WITH_KNOTS ( ( 4, 4 ),
 ( 4.712388980384681700, 6.283185307179588900 ),
 .UNSPECIFIED. ) 
 CURVE ( )  GEOMETRIC_REPRESENTATION_ITEM ( )  RATIONAL_B_SPLINE_CURVE ( ( 1.000000000000000000, 0.8047378541243626100, 0.8047378541243626100, 1.000000000000000000 ) ) 
 REPRESENTATION_ITEM ( '' )  );
#4440 = ORIENTED_EDGE ( 'NONE', *, *, #4441, .T. ) ;
#4441 = EDGE_CURVE ( 'NONE', #4363, #4442, #8728, .T. ) ;
#4442 = VERTEX_POINT ( 'NONE', #8782 ) ;
#4443 = ORIENTED_EDGE ( 'NONE', *, *, #4445, .T. ) ;
#4444 = COLOUR_RGB ( '',0.1568627450980392100, 0.1568627450980392100, 0.1568627450980392100 ) ;
#4445 = EDGE_CURVE ( 'NONE', #4442, #1408, #8781, .T. ) ;
#4446 = FACE_OUTER_BOUND ( 'NONE', #2336, .T. ) ;
#4447 = ORIENTED_EDGE ( 'NONE', *, *, #5594, .F. ) ;
#4448 = DIRECTION ( 'NONE',  ( -0.9945218953682737300, 0.0000000000000000000, -0.1045284632676493200 ) ) ;
#4449 = VERTEX_POINT ( 'NONE', #8777 ) ;
#4450 = DIRECTION ( 'NONE',  ( 0.1041350224314032400, 0.08668189170242487900, -0.9907785558610461300 ) ) ;
#4451 = ORIENTED_EDGE ( 'NONE', *, *, #4453, .T. ) ;
#4452 = AXIS2_PLACEMENT_3D ( 'NONE', #4328, #4450, #4448 ) ;
#4453 = EDGE_CURVE ( 'NONE', #4449, #4494, #8776, .T. ) ;
#4454 = ORIENTED_EDGE ( 'NONE', *, *, #4471, .F. ) ;
#4455 = ORIENTED_EDGE ( 'NONE', *, *, #4457, .F. ) ;
#4456 =( LENGTH_UNIT ( ) NAMED_UNIT ( * ) SI_UNIT ( .MILLI., .METRE. ) );
#4457 = EDGE_CURVE ( 'NONE', #4570, #4510, #8771, .T. ) ;
#4458 = MECHANICAL_DESIGN_GEOMETRIC_PRESENTATION_REPRESENTATION (  '', ( #4461 ), #4557 ) ;
#4459 = ADVANCED_FACE ( 'NONE', ( #8766 ), #8765, .F. ) ;
#4460 = PRESENTATION_LAYER_ASSIGNMENT (  '', '', ( #4461 ) ) ;
#4462 = EDGE_LOOP ( 'NONE', ( #4542, #4549, #4552, #4554 ) ) ;
#4461 = STYLED_ITEM ( 'NONE', ( #4463 ), #2347 ) ;
#4463 = PRESENTATION_STYLE_ASSIGNMENT (( #4465 ) ) ;
#4464 = ORIENTED_EDGE ( 'NONE', *, *, #4467, .F. ) ;
#4465 = SURFACE_STYLE_USAGE ( .BOTH. , #4466 ) ;
#4467 = EDGE_CURVE ( 'NONE', #4510, #4508, #8760, .T. ) ;
#4466 = SURFACE_SIDE_STYLE ('',( #4468 ) ) ;
#4468 = SURFACE_STYLE_FILL_AREA ( #4469 ) ;
#4470 = ORIENTED_EDGE ( 'NONE', *, *, #4471, .T. ) ;
#4469 = FILL_AREA_STYLE ('',( #4486 ) ) ;
#4471 = EDGE_CURVE ( 'NONE', #4510, #4494, #8818, .T. ) ;
#4472 = ADVANCED_FACE ( 'NONE', ( #8814 ), #8813, .F. ) ;
#4473 = CARTESIAN_POINT ( 'NONE',  ( -5.249627549664508000, 9.942995575891149700, 2.921068779328967600 ) ) ;
#4474 = EDGE_LOOP ( 'NONE', ( #4476, #4482, #4484, #4563 ) ) ;
#4475 = CARTESIAN_POINT ( 'NONE',  ( -5.289494700172957300, 9.942995575891149700, 2.921068779328956900 ) ) ;
#4476 = ORIENTED_EDGE ( 'NONE', *, *, #4478, .T. ) ;
#4477 = CARTESIAN_POINT ( 'NONE',  ( -5.325354964030937700, 9.925736931075027400, 2.919558843559725900 ) ) ;
#4478 = EDGE_CURVE ( 'NONE', #4480, #4481, #8808, .T. ) ;
#4479 = CARTESIAN_POINT ( 'NONE',  ( -5.349999999999999600, 9.894688835134170200, 2.916842487140836500 ) ) ;
#4480 = VERTEX_POINT ( 'NONE', #8804 ) ;
#4481 = VERTEX_POINT ( 'NONE', #8803 ) ;
#4482 = ORIENTED_EDGE ( 'NONE', *, *, #4483, .T. ) ;
#4483 = EDGE_CURVE ( 'NONE', #4481, #4391, #8802, .T. ) ;
#4484 = ORIENTED_EDGE ( 'NONE', *, *, #4389, .F. ) ;
#4485 = EDGE_LOOP ( 'NONE', ( #4568, #4451, #4454, #4455 ) ) ;
#4486 = FILL_AREA_STYLE_COLOUR ( '', #4491 ) ;
#4487 =( BOUNDED_CURVE ( )  B_SPLINE_CURVE ( 3, ( #4479, #4477, #4475, #4473 ),
 .UNSPECIFIED., .F., .T. ) 
 B_SPLINE_CURVE_WITH_KNOTS ( ( 4, 4 ),
 ( 0.6664239264806440800, 1.570796326794910100 ),
 .UNSPECIFIED. ) 
 CURVE ( )  GEOMETRIC_REPRESENTATION_ITEM ( )  RATIONAL_B_SPLINE_CURVE ( ( 1.000000000000000000, 0.9329960197076883100, 0.9329960197076883100, 1.000000000000000000 ) ) 
 REPRESENTATION_ITEM ( '' )  );
#4488 = ADVANCED_FACE ( 'NONE', ( #8797 ), #8796, .T. ) ;
#4489 = EDGE_LOOP ( 'NONE', ( #4490, #4496, #4503, #4506, #4464, #4470 ) ) ;
#4490 = ORIENTED_EDGE ( 'NONE', *, *, #4492, .T. ) ;
#4492 = EDGE_CURVE ( 'NONE', #4494, #4495, #8794, .T. ) ;
#4491 = COLOUR_RGB ( '',0.1568627450980392100, 0.1568627450980392100, 0.1568627450980392100 ) ;
#4493 = FACE_OUTER_BOUND ( 'NONE', #2351, .T. ) ;
#4494 = VERTEX_POINT ( 'NONE', #8787 ) ;
#4495 = VERTEX_POINT ( 'NONE', #8786 ) ;
#4496 = ORIENTED_EDGE ( 'NONE', *, *, #4498, .T. ) ;
#4497 = DIRECTION ( 'NONE',  ( -0.9945218953682737300, 0.0000000000000000000, -0.1045284632676493200 ) ) ;
#4498 = EDGE_CURVE ( 'NONE', #4495, #4501, #8848, .T. ) ;
#4499 = DIRECTION ( 'NONE',  ( 0.1041350224314032700, -0.08668189170242444900, -0.9907785558610463500 ) ) ;
#4501 = VERTEX_POINT ( 'NONE', #8844 ) ;
#4500 = AXIS2_PLACEMENT_3D ( 'NONE', #4509, #4499, #4497 ) ;
#4502 = CYLINDRICAL_SURFACE ( 'NONE', #4500, 0.1269999999999997200 ) ;
#4503 = ORIENTED_EDGE ( 'NONE', *, *, #4504, .F. ) ;
#4504 = EDGE_CURVE ( 'NONE', #4505, #4501, #8843, .T. ) ;
#4505 = VERTEX_POINT ( 'NONE', #8839 ) ;
#4506 = ORIENTED_EDGE ( 'NONE', *, *, #4507, .T. ) ;
#4507 = EDGE_CURVE ( 'NONE', #4505, #4508, #8838, .T. ) ;
#4508 = VERTEX_POINT ( 'NONE', #8834 ) ;
#4509 = CARTESIAN_POINT ( 'NONE',  ( -5.403669065572867900, -9.688254840750273500, 4.375607123433107800 ) ) ;
#4510 = VERTEX_POINT ( 'NONE', #8833 ) ;
#4511 = ORIENTED_EDGE ( 'NONE', *, *, #4512, .T. ) ;
#4512 = EDGE_CURVE ( 'NONE', #4420, #4514, #8832, .T. ) ;
#4513 =( GEOMETRIC_REPRESENTATION_CONTEXT ( 3 ) GLOBAL_UNCERTAINTY_ASSIGNED_CONTEXT ( ( #4390 ) ) GLOBAL_UNIT_ASSIGNED_CONTEXT ( ( #4402, #4398, #4394 ) ) REPRESENTATION_CONTEXT ( 'NONE', 'WORKASPACE' ) );
#4514 = VERTEX_POINT ( 'NONE', #8828 ) ;
#4515 = EDGE_LOOP ( 'NONE', ( #4516, #4517, #4519, #4520, #4521, #4523, #4613, #4615, #4616, #4618, #4621, #4623 ) ) ;
#4516 = ORIENTED_EDGE ( 'NONE', *, *, #4386, .T. ) ;
#4517 = ORIENTED_EDGE ( 'NONE', *, *, #4518, .T. ) ;
#4518 = EDGE_CURVE ( 'NONE', #4514, #4495, #8827, .T. ) ;
#4519 = ORIENTED_EDGE ( 'NONE', *, *, #4492, .F. ) ;
#4520 = ORIENTED_EDGE ( 'NONE', *, *, #4453, .F. ) ;
#4521 = ORIENTED_EDGE ( 'NONE', *, *, #4553, .F. ) ;
#4522 = CARTESIAN_POINT ( 'NONE',  ( -5.349999999999999600, -9.894688835134173700, 2.916842487140837400 ) ) ;
#4523 = ORIENTED_EDGE ( 'NONE', *, *, #4610, .T. ) ;
#4524 = CARTESIAN_POINT ( 'NONE',  ( -5.325354964030938600, -9.925736931075029200, 2.919558843559726800 ) ) ;
#4525 = EDGE_CURVE ( 'NONE', #4561, #4527, #8823, .T. ) ;
#4526 = CARTESIAN_POINT ( 'NONE',  ( -5.289494700172957300, -9.942995575891151500, 2.921068779328957800 ) ) ;
#4527 = VERTEX_POINT ( 'NONE', #8819 ) ;
#4528 = CARTESIAN_POINT ( 'NONE',  ( -5.249627549664508800, -9.942995575891151500, 2.921068779328957800 ) ) ;
#4529 = ORIENTED_EDGE ( 'NONE', *, *, #4530, .T. ) ;
#4530 = EDGE_CURVE ( 'NONE', #4527, #4481, #8880, .T. ) ;
#4531 = ORIENTED_EDGE ( 'NONE', *, *, #4478, .F. ) ;
#4532 = ADVANCED_FACE ( 'NONE', ( #8876 ), #8875, .T. ) ;
#4533 = EDGE_LOOP ( 'NONE', ( #4534, #4538, #4541, #4635 ) ) ;
#4534 = ORIENTED_EDGE ( 'NONE', *, *, #4536, .F. ) ;
#4535 =( BOUNDED_CURVE ( )  B_SPLINE_CURVE ( 3, ( #4528, #4526, #4524, #4522 ),
 .UNSPECIFIED., .F., .T. ) 
 B_SPLINE_CURVE_WITH_KNOTS ( ( 4, 4 ),
 ( 1.570796326794896600, 2.475168727109153400 ),
 .UNSPECIFIED. ) 
 CURVE ( )  GEOMETRIC_REPRESENTATION_ITEM ( )  RATIONAL_B_SPLINE_CURVE ( ( 1.000000000000000000, 0.9329960197076898600, 0.9329960197076898600, 1.000000000000000000 ) ) 
 REPRESENTATION_ITEM ( '' )  );
#4536 = EDGE_CURVE ( 'NONE', #4537, #7078, #8873, .T. ) ;
#4537 = VERTEX_POINT ( 'NONE', #8866 ) ;
#4538 = ORIENTED_EDGE ( 'NONE', *, *, #4539, .T. ) ;
#4539 = EDGE_CURVE ( 'NONE', #4537, #4540, #8865, .T. ) ;
#4540 = VERTEX_POINT ( 'NONE', #8861 ) ;
#4541 = ORIENTED_EDGE ( 'NONE', *, *, #4633, .T. ) ;
#4542 = ORIENTED_EDGE ( 'NONE', *, *, #4544, .F. ) ;
#4543 = DIRECTION ( 'NONE',  ( -0.9945218953682730700, 0.0000000000000000000, 0.1045284632676560800 ) ) ;
#4544 = EDGE_CURVE ( 'NONE', #4546, #4570, #8860, .T. ) ;
#4545 = DIRECTION ( 'NONE',  ( -0.1041350224314106600, -0.08668189170242438000, -0.9907785558610455700 ) ) ;
#4546 = VERTEX_POINT ( 'NONE', #8856 ) ;
#4547 = AXIS2_PLACEMENT_3D ( 'NONE', #4555, #4545, #4543 ) ;
#4549 = ORIENTED_EDGE ( 'NONE', *, *, #4550, .T. ) ;
#4548 = CYLINDRICAL_SURFACE ( 'NONE', #4547, 0.1269999999999998100 ) ;
#4550 = EDGE_CURVE ( 'NONE', #4546, #4551, #8855, .T. ) ;
#4551 = VERTEX_POINT ( 'NONE', #8851 ) ;
#4552 = ORIENTED_EDGE ( 'NONE', *, *, #4553, .T. ) ;
#4553 = EDGE_CURVE ( 'NONE', #4551, #4449, #8850, .T. ) ;
#4554 = ORIENTED_EDGE ( 'NONE', *, *, #4569, .F. ) ;
#4555 = CARTESIAN_POINT ( 'NONE',  ( -5.044112063602662800, -9.645407957903760400, 4.865349235379034600 ) ) ;
#4556 = ADVANCED_FACE ( 'NONE', ( #8909 ), #8908, .F. ) ;
#4557 =( GEOMETRIC_REPRESENTATION_CONTEXT ( 3 ) GLOBAL_UNCERTAINTY_ASSIGNED_CONTEXT ( ( #4565 ) ) GLOBAL_UNIT_ASSIGNED_CONTEXT ( ( #4456, #4571, #4567 ) ) REPRESENTATION_CONTEXT ( 'NONE', 'WORKASPACE' ) );
#4558 = EDGE_LOOP ( 'NONE', ( #4559, #4562, #4529, #4531 ) ) ;
#4559 = ORIENTED_EDGE ( 'NONE', *, *, #4560, .F. ) ;
#4560 = EDGE_CURVE ( 'NONE', #4561, #4480, #8906, .T. ) ;
#4561 = VERTEX_POINT ( 'NONE', #8899 ) ;
#4562 = ORIENTED_EDGE ( 'NONE', *, *, #4525, .T. ) ;
#4563 = ORIENTED_EDGE ( 'NONE', *, *, #4564, .F. ) ;
#4564 = EDGE_CURVE ( 'NONE', #4480, #4387, #8898, .T. ) ;
#4565 = UNCERTAINTY_MEASURE_WITH_UNIT (LENGTH_MEASURE( 1.000000000000000100E-005 ), #4456, 'distance_accuracy_value', 'NONE');
#4566 = ADVANCED_FACE ( 'NONE', ( #8893 ), #8892, .T. ) ;
#4567 =( NAMED_UNIT ( * ) SI_UNIT ( $, .STERADIAN. ) SOLID_ANGLE_UNIT ( ) );
#4568 = ORIENTED_EDGE ( 'NONE', *, *, #4569, .T. ) ;
#4569 = EDGE_CURVE ( 'NONE', #4570, #4449, #8887, .T. ) ;
#4570 = VERTEX_POINT ( 'NONE', #8883 ) ;
#4571 =( NAMED_UNIT ( * ) PLANE_ANGLE_UNIT ( ) SI_UNIT ( $, .RADIAN. ) );
#4572 = EDGE_LOOP ( 'NONE', ( #4573, #4575, #4670, #4672 ) ) ;
#4573 = ORIENTED_EDGE ( 'NONE', *, *, #3185, .F. ) ;
#4574 = CARTESIAN_POINT ( 'NONE',  ( -4.959792110495889100, 9.972999999999999000, 0.1524000000000000600 ) ) ;
#4575 = ORIENTED_EDGE ( 'NONE', *, *, #3123, .F. ) ;
#4576 = FILL_AREA_STYLE_COLOUR ( '', #4703 ) ;
#4577 = ORIENTED_EDGE ( 'NONE', *, *, #4483, .F. ) ;
#4578 = ORIENTED_EDGE ( 'NONE', *, *, #4530, .F. ) ;
#4579 = ORIENTED_EDGE ( 'NONE', *, *, #4580, .T. ) ;
#4580 = EDGE_CURVE ( 'NONE', #4527, #4537, #8632, .T. ) ;
#4581 = DIRECTION ( 'NONE',  ( 1.000000000000000000, 0.0000000000000000000, 0.0000000000000000000 ) ) ;
#4582 = ORIENTED_EDGE ( 'NONE', *, *, #4536, .T. ) ;
#4583 = DIRECTION ( 'NONE',  ( 0.0000000000000000000, 1.000000000000000000, 0.0000000000000000000 ) ) ;
#4584 = ORIENTED_EDGE ( 'NONE', *, *, #7096, .F. ) ;
#4585 = AXIS2_PLACEMENT_3D ( 'NONE', #4594, #4583, #4581 ) ;
#4587 = ORIENTED_EDGE ( 'NONE', *, *, #4600, .F. ) ;
#4586 = SPHERICAL_SURFACE ( 'NONE', #4585, 0.1270000000000000000 ) ;
#4588 = CIRCLE ( 'NONE', #4709, 0.1270000000000000000 ) ;
#4589 = ORIENTED_EDGE ( 'NONE', *, *, #4590, .T. ) ;
#4590 = EDGE_CURVE ( 'NONE', #4598, #4546, #8939, .T. ) ;
#4591 = ORIENTED_EDGE ( 'NONE', *, *, #4544, .T. ) ;
#4592 = ORIENTED_EDGE ( 'NONE', *, *, #4457, .T. ) ;
#4593 = ORIENTED_EDGE ( 'NONE', *, *, #4614, .F. ) ;
#4594 = CARTESIAN_POINT ( 'NONE',  ( -5.043307935837978200, -9.644738602732118700, 4.873000000000000200 ) ) ;
#4595 = ORIENTED_EDGE ( 'NONE', *, *, #4596, .T. ) ;
#4596 = EDGE_CURVE ( 'NONE', #4612, #4598, #8934, .T. ) ;
#4598 = VERTEX_POINT ( 'NONE', #8930 ) ;
#4597 =( GEOMETRIC_REPRESENTATION_CONTEXT ( 3 ) GLOBAL_UNCERTAINTY_ASSIGNED_CONTEXT ( ( #4604 ) ) GLOBAL_UNIT_ASSIGNED_CONTEXT ( ( #4617, #4611, #4607 ) ) REPRESENTATION_CONTEXT ( 'NONE', 'WORKASPACE' ) );
#4599 = ORIENTED_EDGE ( 'NONE', *, *, #4600, .T. ) ;
#4600 = EDGE_CURVE ( 'NONE', #4598, #5490, #8929, .T. ) ;
#4601 = ORIENTED_EDGE ( 'NONE', *, *, #5499, .F. ) ;
#4602 = ADVANCED_FACE ( 'NONE', ( #8925 ), #8924, .T. ) ;
#4603 = EDGE_LOOP ( 'NONE', ( #4605, #4606, #4609, #4577, #4578, #4579, #4582, #4584, #4587, #4589, #4591, #4592 ) ) ;
#4604 = UNCERTAINTY_MEASURE_WITH_UNIT (LENGTH_MEASURE( 1.000000000000000100E-005 ), #4617, 'distance_accuracy_value', 'NONE');
#4605 = ORIENTED_EDGE ( 'NONE', *, *, #4467, .T. ) ;
#4606 = ORIENTED_EDGE ( 'NONE', *, *, #4608, .T. ) ;
#4607 =( NAMED_UNIT ( * ) SI_UNIT ( $, .STERADIAN. ) SOLID_ANGLE_UNIT ( ) );
#4608 = EDGE_CURVE ( 'NONE', #4508, #4395, #8922, .T. ) ;
#4609 = ORIENTED_EDGE ( 'NONE', *, *, #4393, .F. ) ;
#4610 = EDGE_CURVE ( 'NONE', #4551, #4612, #8915, .T. ) ;
#4612 = VERTEX_POINT ( 'NONE', #8973 ) ;
#4611 =( NAMED_UNIT ( * ) PLANE_ANGLE_UNIT ( ) SI_UNIT ( $, .RADIAN. ) );
#4613 = ORIENTED_EDGE ( 'NONE', *, *, #4614, .T. ) ;
#4614 = EDGE_CURVE ( 'NONE', #4612, #1439, #8972, .T. ) ;
#4615 = ORIENTED_EDGE ( 'NONE', *, *, #1432, .F. ) ;
#4616 = ORIENTED_EDGE ( 'NONE', *, *, #4633, .F. ) ;
#4617 =( LENGTH_UNIT ( ) NAMED_UNIT ( * ) SI_UNIT ( .MILLI., .METRE. ) );
#4618 = ORIENTED_EDGE ( 'NONE', *, *, #4619, .T. ) ;
#4619 = EDGE_CURVE ( 'NONE', #4540, #4561, #8968, .T. ) ;
#4620 = MECHANICAL_DESIGN_GEOMETRIC_PRESENTATION_REPRESENTATION (  '', ( #4624 ), #4597 ) ;
#4621 = ORIENTED_EDGE ( 'NONE', *, *, #4560, .T. ) ;
#4623 = ORIENTED_EDGE ( 'NONE', *, *, #4564, .T. ) ;
#4622 = PRESENTATION_LAYER_ASSIGNMENT (  '', '', ( #4624 ) ) ;
#4624 = STYLED_ITEM ( 'NONE', ( #4625 ), #2373 ) ;
#4625 = PRESENTATION_STYLE_ASSIGNMENT (( #4627 ) ) ;
#4626 = ADVANCED_FACE ( 'NONE', ( #8963 ), #8962, .T. ) ;
#4627 = SURFACE_STYLE_USAGE ( .BOTH. , #4628 ) ;
#4628 = SURFACE_SIDE_STYLE ('',( #4629 ) ) ;
#4629 = SURFACE_STYLE_FILL_AREA ( #4630 ) ;
#4630 = FILL_AREA_STYLE ('',( #4643 ) ) ;
#4631 = EDGE_LOOP ( 'NONE', ( #4593, #4595, #4599, #4601 ) ) ;
#4632 = COLOUR_RGB ( '',0.1568627450980392100, 0.1568627450980392100, 0.1568627450980392100 ) ;
#4633 = EDGE_CURVE ( 'NONE', #4540, #1422, #8960, .T. ) ;
#4634 = FACE_OUTER_BOUND ( 'NONE', #2243, .T. ) ;
#4635 = ORIENTED_EDGE ( 'NONE', *, *, #7027, .F. ) ;
#4636 = DIRECTION ( 'NONE',  ( 0.9945218953682730700, 0.0000000000000000000, -0.1045284632676560800 ) ) ;
#4637 = DIRECTION ( 'NONE',  ( -0.1041350224314102800, 0.08668189170242601700, -0.9907785558610453500 ) ) ;
#4638 = CARTESIAN_POINT ( 'NONE',  ( -5.043307935837978200, 9.644738602732116900, 4.873000000000000200 ) ) ;
#4639 = ADVANCED_FACE ( 'NONE', ( #8953 ), #8951, .T. ) ;
#4640 = AXIS2_PLACEMENT_3D ( 'NONE', #4638, #4637, #4636 ) ;
#4641 = CIRCLE ( 'NONE', #4640, 0.1269999999999998100 ) ;
#4642 = ADVANCED_FACE ( 'NONE', ( #8946 ), #8945, .F. ) ;
#4643 = FILL_AREA_STYLE_COLOUR ( '', #4632 ) ;
#4644 = EDGE_LOOP ( 'NONE', ( #4646, #4648, #4740, #4741 ) ) ;
#4645 = DIRECTION ( 'NONE',  ( 0.0000000000000000000, 0.0000000000000000000, -1.000000000000000000 ) ) ;
#4646 = ORIENTED_EDGE ( 'NONE', *, *, #3859, .F. ) ;
#4647 = DIRECTION ( 'NONE',  ( -0.0000000000000000000, 1.000000000000000000, 0.0000000000000000000 ) ) ;
#4648 = ORIENTED_EDGE ( 'NONE', *, *, #3794, .F. ) ;
#4649 = CARTESIAN_POINT ( 'NONE',  ( -4.959792110495889100, -9.973000000000000800, 0.1524000000000000900 ) ) ;
#4650 = ORIENTED_EDGE ( 'NONE', *, *, #3473, .F. ) ;
#4651 = AXIS2_PLACEMENT_3D ( 'NONE', #4649, #4647, #4645 ) ;
#4652 = ORIENTED_EDGE ( 'NONE', *, *, #3346, .F. ) ;
#4653 = FILL_AREA_STYLE_COLOUR ( '', #4773 ) ;
#4654 = ADVANCED_FACE ( 'NONE', ( #8944 ), #9003, .T. ) ;
#4655 = EDGE_LOOP ( 'NONE', ( #4657, #4659, #4662, #4664 ) ) ;
#4656 = DIRECTION ( 'NONE',  ( 1.000000000000000000, 0.0000000000000000000, 0.0000000000000000000 ) ) ;
#4657 = ORIENTED_EDGE ( 'NONE', *, *, #3466, .F. ) ;
#4658 = DIRECTION ( 'NONE',  ( 0.0000000000000000000, 1.000000000000000000, 0.0000000000000000000 ) ) ;
#4659 = ORIENTED_EDGE ( 'NONE', *, *, #3406, .F. ) ;
#4660 = AXIS2_PLACEMENT_3D ( 'NONE', #4667, #4658, #4656 ) ;
#4662 = ORIENTED_EDGE ( 'NONE', *, *, #3379, .F. ) ;
#4661 = SPHERICAL_SURFACE ( 'NONE', #4660, 0.1270000000000000000 ) ;
#4663 = CIRCLE ( 'NONE', #4651, 0.1270000000000000000 ) ;
#4664 = ORIENTED_EDGE ( 'NONE', *, *, #3282, .F. ) ;
#4665 = ADVANCED_FACE ( 'NONE', ( #9002 ), #8997, .F. ) ;
#4666 = EDGE_LOOP ( 'NONE', ( #4668, #4669, #4756, #4757 ) ) ;
#4667 = CARTESIAN_POINT ( 'NONE',  ( -4.959792110495889100, -9.972999999999999000, 0.1524000000000000600 ) ) ;
#4668 = ORIENTED_EDGE ( 'NONE', *, *, #3589, .F. ) ;
#4669 = ORIENTED_EDGE ( 'NONE', *, *, #3619, .F. ) ;
#4670 = ORIENTED_EDGE ( 'NONE', *, *, #3162, .F. ) ;
#4671 =( GEOMETRIC_REPRESENTATION_CONTEXT ( 3 ) GLOBAL_UNCERTAINTY_ASSIGNED_CONTEXT ( ( #4677 ) ) GLOBAL_UNIT_ASSIGNED_CONTEXT ( ( #4687, #4683, #4680 ) ) REPRESENTATION_CONTEXT ( 'NONE', 'WORKASPACE' ) );
#4672 = ORIENTED_EDGE ( 'NONE', *, *, #3167, .F. ) ;
#4673 = ADVANCED_FACE ( 'NONE', ( #8996 ), #8991, .T. ) ;
#4674 = EDGE_LOOP ( 'NONE', ( #4675, #4676, #4678, #4679 ) ) ;
#4675 = ORIENTED_EDGE ( 'NONE', *, *, #3156, .F. ) ;
#4676 = ORIENTED_EDGE ( 'NONE', *, *, #3096, .F. ) ;
#4677 = UNCERTAINTY_MEASURE_WITH_UNIT (LENGTH_MEASURE( 1.000000000000000100E-005 ), #4687, 'distance_accuracy_value', 'NONE');
#4678 = ORIENTED_EDGE ( 'NONE', *, *, #3201, .F. ) ;
#4679 = ORIENTED_EDGE ( 'NONE', *, *, #3114, .F. ) ;
#4680 =( NAMED_UNIT ( * ) SI_UNIT ( $, .STERADIAN. ) SOLID_ANGLE_UNIT ( ) );
#4681 = ADVANCED_FACE ( 'NONE', ( #8990 ), #8985, .F. ) ;
#4682 = EDGE_LOOP ( 'NONE', ( #4684, #4685, #4650, #4652 ) ) ;
#4683 =( NAMED_UNIT ( * ) PLANE_ANGLE_UNIT ( ) SI_UNIT ( $, .RADIAN. ) );
#4684 = ORIENTED_EDGE ( 'NONE', *, *, #3368, .F. ) ;
#4685 = ORIENTED_EDGE ( 'NONE', *, *, #3290, .F. ) ;
#4686 = ADVANCED_FACE ( 'NONE', ( #8984 ), #8979, .T. ) ;
#4687 =( LENGTH_UNIT ( ) NAMED_UNIT ( * ) SI_UNIT ( .MILLI., .METRE. ) );
#4688 = EDGE_LOOP ( 'NONE', ( #4689, #4691, #4695, #4698 ) ) ;
#4689 = ORIENTED_EDGE ( 'NONE', *, *, #4504, .T. ) ;
#4690 = MECHANICAL_DESIGN_GEOMETRIC_PRESENTATION_REPRESENTATION (  '', ( #4694 ), #4671 ) ;
#4691 = ORIENTED_EDGE ( 'NONE', *, *, #4693, .T. ) ;
#4693 = EDGE_CURVE ( 'NONE', #4501, #4420, #9040, .T. ) ;
#4692 = PRESENTATION_LAYER_ASSIGNMENT (  '', '', ( #4694 ) ) ;
#4694 = STYLED_ITEM ( 'NONE', ( #4696 ), #2381 ) ;
#4695 = ORIENTED_EDGE ( 'NONE', *, *, #4419, .T. ) ;
#4696 = PRESENTATION_STYLE_ASSIGNMENT (( #4697 ) ) ;
#4698 = ORIENTED_EDGE ( 'NONE', *, *, #4700, .T. ) ;
#4697 = SURFACE_STYLE_USAGE ( .BOTH. , #4699 ) ;
#4699 = SURFACE_SIDE_STYLE ('',( #4701 ) ) ;
#4700 = EDGE_CURVE ( 'NONE', #4421, #4505, #9036, .T. ) ;
#4701 = SURFACE_STYLE_FILL_AREA ( #4702 ) ;
#4702 = FILL_AREA_STYLE ('',( #4576 ) ) ;
#4703 = COLOUR_RGB ( '',0.1568627450980392100, 0.1568627450980392100, 0.1568627450980392100 ) ;
#4705 = ADVANCED_FACE ( 'NONE', ( #9032 ), #9030, .F. ) ;
#4704 = FACE_OUTER_BOUND ( 'NONE', #2383, .T. ) ;
#4706 = DIRECTION ( 'NONE',  ( 0.0000000000000000000, 0.0000000000000000000, 1.000000000000000000 ) ) ;
#4708 = ORIENTED_EDGE ( 'NONE', *, *, #4335, .F. ) ;
#4707 = DIRECTION ( 'NONE',  ( -0.0000000000000000000, -1.000000000000000000, -0.0000000000000000000 ) ) ;
#4710 = ORIENTED_EDGE ( 'NONE', *, *, #4259, .F. ) ;
#4709 = AXIS2_PLACEMENT_3D ( 'NONE', #4574, #4707, #4706 ) ;
#4711 = SURFACE_STYLE_FILL_AREA ( #4712 ) ;
#4712 = FILL_AREA_STYLE ('',( #4724 ) ) ;
#4713 = ADVANCED_FACE ( 'NONE', ( #9031 ), #9025, .F. ) ;
#4714 = COLOUR_RGB ( '',0.1568627450980392100, 0.1568627450980392100, 0.1568627450980392100 ) ;
#4715 = FACE_OUTER_BOUND ( 'NONE', #2399, .T. ) ;
#4717 = EDGE_LOOP ( 'NONE', ( #4719, #4810, #4811, #4813 ) ) ;
#4716 = DIRECTION ( 'NONE',  ( -0.9945218953682735100, 0.0000000000000000000, -0.1045284632676505800 ) ) ;
#4719 = ORIENTED_EDGE ( 'NONE', *, *, #4610, .F. ) ;
#4718 = DIRECTION ( 'NONE',  ( 0.1045284632676504000, 0.0000000000000000000, -0.9945218953682738400 ) ) ;
#4721 = ORIENTED_EDGE ( 'NONE', *, *, #4135, .F. ) ;
#4720 = CARTESIAN_POINT ( 'NONE',  ( -4.959792110495889100, -9.972999999999999000, 0.1524000000000000900 ) ) ;
#4722 = AXIS2_PLACEMENT_3D ( 'NONE', #4720, #4718, #4716 ) ;
#4723 = ORIENTED_EDGE ( 'NONE', *, *, #4140, .F. ) ;
#4724 = FILL_AREA_STYLE_COLOUR ( '', #4714 ) ;
#4725 = ADVANCED_FACE ( 'NONE', ( #9024 ), #9019, .T. ) ;
#4726 = EDGE_LOOP ( 'NONE', ( #4728, #4730, #4732, #4734 ) ) ;
#4727 = DIRECTION ( 'NONE',  ( 0.0000000000000000000, 0.0000000000000000000, -1.000000000000000000 ) ) ;
#4728 = ORIENTED_EDGE ( 'NONE', *, *, #4129, .F. ) ;
#4729 = DIRECTION ( 'NONE',  ( 0.0000000000000000000, -1.000000000000000000, 0.0000000000000000000 ) ) ;
#4730 = ORIENTED_EDGE ( 'NONE', *, *, #4065, .F. ) ;
#4731 = AXIS2_PLACEMENT_3D ( 'NONE', #4738, #4729, #4727 ) ;
#4732 = ORIENTED_EDGE ( 'NONE', *, *, #4176, .F. ) ;
#4733 = CYLINDRICAL_SURFACE ( 'NONE', #4731, 0.1270000000000000000 ) ;
#4734 = ORIENTED_EDGE ( 'NONE', *, *, #4080, .F. ) ;
#4735 = CIRCLE ( 'NONE', #4722, 0.1269999999999997500 ) ;
#4736 = ADVANCED_FACE ( 'NONE', ( #9018 ), #9013, .F. ) ;
#4737 = EDGE_LOOP ( 'NONE', ( #4739, #4826, #4827, #4828 ) ) ;
#4739 = ORIENTED_EDGE ( 'NONE', *, *, #4360, .F. ) ;
#4738 = CARTESIAN_POINT ( 'NONE',  ( -4.959792110495889100, 10.10000000000000000, 0.1524000000000000100 ) ) ;
#4740 = ORIENTED_EDGE ( 'NONE', *, *, #3976, .F. ) ;
#4741 = ORIENTED_EDGE ( 'NONE', *, *, #3983, .F. ) ;
#4742 =( GEOMETRIC_REPRESENTATION_CONTEXT ( 3 ) GLOBAL_UNCERTAINTY_ASSIGNED_CONTEXT ( ( #4749 ) ) GLOBAL_UNIT_ASSIGNED_CONTEXT ( ( #4759, #4755, #4751 ) ) REPRESENTATION_CONTEXT ( 'NONE', 'WORKASPACE' ) );
#4743 = ADVANCED_FACE ( 'NONE', ( #9012 ), #9070, .T. ) ;
#4744 = EDGE_LOOP ( 'NONE', ( #4745, #4746, #4747, #4748 ) ) ;
#4745 = ORIENTED_EDGE ( 'NONE', *, *, #3970, .F. ) ;
#4746 = ORIENTED_EDGE ( 'NONE', *, *, #3903, .F. ) ;
#4747 = ORIENTED_EDGE ( 'NONE', *, *, #3876, .F. ) ;
#4748 = ORIENTED_EDGE ( 'NONE', *, *, #3787, .F. ) ;
#4749 = UNCERTAINTY_MEASURE_WITH_UNIT (LENGTH_MEASURE( 1.000000000000000100E-005 ), #4759, 'distance_accuracy_value', 'NONE');
#4750 = ADVANCED_FACE ( 'NONE', ( #9071 ), #9066, .F. ) ;
#4751 =( NAMED_UNIT ( * ) SI_UNIT ( $, .STERADIAN. ) SOLID_ANGLE_UNIT ( ) );
#4752 = EDGE_LOOP ( 'NONE', ( #4753, #4754, #4721, #4723 ) ) ;
#4753 = ORIENTED_EDGE ( 'NONE', *, *, #4162, .F. ) ;
#4754 = ORIENTED_EDGE ( 'NONE', *, *, #4095, .F. ) ;
#4755 =( NAMED_UNIT ( * ) PLANE_ANGLE_UNIT ( ) SI_UNIT ( $, .RADIAN. ) );
#4756 = ORIENTED_EDGE ( 'NONE', *, *, #3656, .F. ) ;
#4757 = ORIENTED_EDGE ( 'NONE', *, *, #3663, .F. ) ;
#4758 = ADVANCED_FACE ( 'NONE', ( #9065 ), #9060, .T. ) ;
#4759 =( LENGTH_UNIT ( ) NAMED_UNIT ( * ) SI_UNIT ( .MILLI., .METRE. ) );
#4760 = EDGE_LOOP ( 'NONE', ( #4761, #4763, #4765, #4767 ) ) ;
#4761 = ORIENTED_EDGE ( 'NONE', *, *, #3650, .F. ) ;
#4762 = MECHANICAL_DESIGN_GEOMETRIC_PRESENTATION_REPRESENTATION (  '', ( #4766 ), #4742 ) ;
#4763 = ORIENTED_EDGE ( 'NONE', *, *, #3597, .F. ) ;
#4764 = PRESENTATION_LAYER_ASSIGNMENT (  '', '', ( #4766 ) ) ;
#4765 = ORIENTED_EDGE ( 'NONE', *, *, #3694, .F. ) ;
#4766 = STYLED_ITEM ( 'NONE', ( #4768 ), #2389 ) ;
#4767 = ORIENTED_EDGE ( 'NONE', *, *, #3614, .F. ) ;
#4768 = PRESENTATION_STYLE_ASSIGNMENT (( #4769 ) ) ;
#4769 = SURFACE_STYLE_USAGE ( .BOTH. , #4770 ) ;
#4770 = SURFACE_SIDE_STYLE ('',( #4771 ) ) ;
#4771 = SURFACE_STYLE_FILL_AREA ( #4772 ) ;
#4772 = FILL_AREA_STYLE ('',( #4653 ) ) ;
#4773 = COLOUR_RGB ( '',0.1568627450980392100, 0.1568627450980392100, 0.1568627450980392100 ) ;
#4774 = EDGE_LOOP ( 'NONE', ( #4776, #4779, #4782, #4784 ) ) ;
#4775 = FACE_OUTER_BOUND ( 'NONE', #2390, .T. ) ;
#4776 = ORIENTED_EDGE ( 'NONE', *, *, #3269, .F. ) ;
#4777 = SURFACE_STYLE_USAGE ( .BOTH. , #4778 ) ;
#4778 = SURFACE_SIDE_STYLE ('',( #4780 ) ) ;
#4779 = ORIENTED_EDGE ( 'NONE', *, *, #3365, .F. ) ;
#4780 = SURFACE_STYLE_FILL_AREA ( #4781 ) ;
#4782 = ORIENTED_EDGE ( 'NONE', *, *, #3238, .F. ) ;
#4781 = FILL_AREA_STYLE ('',( #4793 ) ) ;
#4783 = COLOUR_RGB ( '',0.1568627450980392100, 0.1568627450980392100, 0.1568627450980392100 ) ;
#4784 = ORIENTED_EDGE ( 'NONE', *, *, #3453, .F. ) ;
#4785 = FACE_OUTER_BOUND ( 'NONE', #2410, .T. ) ;
#4786 = DIRECTION ( 'NONE',  ( 0.0000000000000000000, 0.0000000000000000000, 1.000000000000000000 ) ) ;
#4787 = ADVANCED_FACE ( 'NONE', ( #9059 ), #9054, .F. ) ;
#4788 = DIRECTION ( 'NONE',  ( -1.000000000000000000, -0.0000000000000000000, -0.0000000000000000000 ) ) ;
#4789 = CARTESIAN_POINT ( 'NONE',  ( -4.959792110495889100, -9.973000000000000800, 0.1524000000000000600 ) ) ;
#4791 = EDGE_LOOP ( 'NONE', ( #4879, #4880, #4882, #4883 ) ) ;
#4790 = AXIS2_PLACEMENT_3D ( 'NONE', #4789, #4788, #4786 ) ;
#4792 = ORIENTED_EDGE ( 'NONE', *, *, #3090, .F. ) ;
#4793 = FILL_AREA_STYLE_COLOUR ( '', #4783 ) ;
#4794 = ORIENTED_EDGE ( 'NONE', *, *, #2936, .F. ) ;
#4795 = ORIENTED_EDGE ( 'NONE', *, *, #3137, .F. ) ;
#4796 = ADVANCED_FACE ( 'NONE', ( #9052 ), #9048, .F. ) ;
#4797 = DIRECTION ( 'NONE',  ( 0.0000000000000000000, 0.0000000000000000000, -1.000000000000000000 ) ) ;
#4798 = EDGE_LOOP ( 'NONE', ( #4800, #4802, #4804, #4806 ) ) ;
#4799 = DIRECTION ( 'NONE',  ( 1.000000000000000000, 0.0000000000000000000, -7.150601860090840900E-018 ) ) ;
#4800 = ORIENTED_EDGE ( 'NONE', *, *, #2952, .F. ) ;
#4801 = AXIS2_PLACEMENT_3D ( 'NONE', #4809, #4799, #4797 ) ;
#4802 = ORIENTED_EDGE ( 'NONE', *, *, #3182, .F. ) ;
#4803 = CYLINDRICAL_SURFACE ( 'NONE', #4801, 0.1270000000000000000 ) ;
#4804 = ORIENTED_EDGE ( 'NONE', *, *, #2929, .F. ) ;
#4805 = CIRCLE ( 'NONE', #4790, 0.1270000000000000000 ) ;
#4806 = ORIENTED_EDGE ( 'NONE', *, *, #3143, .F. ) ;
#4807 = ADVANCED_FACE ( 'NONE', ( #9042 ), #9046, .F. ) ;
#4808 = EDGE_LOOP ( 'NONE', ( #4896, #4897, #4898, #4900 ) ) ;
#4809 = CARTESIAN_POINT ( 'NONE',  ( -5.074143424121714000, -9.973000000000000800, 0.1524000000000000600 ) ) ;
#4810 = ORIENTED_EDGE ( 'NONE', *, *, #4550, .F. ) ;
#4811 = ORIENTED_EDGE ( 'NONE', *, *, #4590, .F. ) ;
#4813 = ORIENTED_EDGE ( 'NONE', *, *, #4596, .F. ) ;
#4812 =( GEOMETRIC_REPRESENTATION_CONTEXT ( 3 ) GLOBAL_UNCERTAINTY_ASSIGNED_CONTEXT ( ( #4819 ) ) GLOBAL_UNIT_ASSIGNED_CONTEXT ( ( #4829, #4825, #4821 ) ) REPRESENTATION_CONTEXT ( 'NONE', 'WORKASPACE' ) );
#4814 = ADVANCED_FACE ( 'NONE', ( #9106 ), #9102, .T. ) ;
#4815 = EDGE_LOOP ( 'NONE', ( #4816, #4817, #4818, #4820 ) ) ;
#4816 = ORIENTED_EDGE ( 'NONE', *, *, #4580, .F. ) ;
#4817 = ORIENTED_EDGE ( 'NONE', *, *, #4525, .F. ) ;
#4818 = ORIENTED_EDGE ( 'NONE', *, *, #4619, .F. ) ;
#4819 = UNCERTAINTY_MEASURE_WITH_UNIT (LENGTH_MEASURE( 1.000000000000000100E-005 ), #4829, 'distance_accuracy_value', 'NONE');
#4820 = ORIENTED_EDGE ( 'NONE', *, *, #4539, .F. ) ;
#4821 =( NAMED_UNIT ( * ) SI_UNIT ( $, .STERADIAN. ) SOLID_ANGLE_UNIT ( ) );
#4822 = ADVANCED_FACE ( 'NONE', ( #9101 ), #9096, .F. ) ;
#4823 = EDGE_LOOP ( 'NONE', ( #4824, #4792, #4794, #4795 ) ) ;
#4824 = ORIENTED_EDGE ( 'NONE', *, *, #3071, .F. ) ;
#4825 =( NAMED_UNIT ( * ) PLANE_ANGLE_UNIT ( ) SI_UNIT ( $, .RADIAN. ) );
#4826 = ORIENTED_EDGE ( 'NONE', *, *, #4266, .F. ) ;
#4827 = ORIENTED_EDGE ( 'NONE', *, *, #4433, .F. ) ;
#4828 = ORIENTED_EDGE ( 'NONE', *, *, #4441, .F. ) ;
#4830 = ADVANCED_FACE ( 'NONE', ( #9094 ), #9090, .T. ) ;
#4829 =( LENGTH_UNIT ( ) NAMED_UNIT ( * ) SI_UNIT ( .MILLI., .METRE. ) );
#4831 = EDGE_LOOP ( 'NONE', ( #4833, #4835, #4708, #4710 ) ) ;
#4832 = MECHANICAL_DESIGN_GEOMETRIC_PRESENTATION_REPRESENTATION (  '', ( #4836 ), #4812 ) ;
#4833 = ORIENTED_EDGE ( 'NONE', *, *, #4426, .F. ) ;
#4835 = ORIENTED_EDGE ( 'NONE', *, *, #4368, .F. ) ;
#4834 = PRESENTATION_LAYER_ASSIGNMENT (  '', '', ( #4836 ) ) ;
#4836 = STYLED_ITEM ( 'NONE', ( #4837 ), #2397 ) ;
#4837 = PRESENTATION_STYLE_ASSIGNMENT (( #4839 ) ) ;
#4838 = ADVANCED_FACE ( 'NONE', ( #9089 ), #9084, .F. ) ;
#4839 = SURFACE_STYLE_USAGE ( .BOTH. , #4840 ) ;
#4840 = SURFACE_SIDE_STYLE ('',( #4711 ) ) ;
#4841 = EDGE_LOOP ( 'NONE', ( #4843, #4845, #4848, #4850 ) ) ;
#4842 = PRESENTATION_LAYER_ASSIGNMENT (  '', '', ( #4844 ) ) ;
#4843 = ORIENTED_EDGE ( 'NONE', *, *, #3933, .F. ) ;
#4844 = STYLED_ITEM ( 'NONE', ( #4846 ), #2416 ) ;
#4845 = ORIENTED_EDGE ( 'NONE', *, *, #4156, .F. ) ;
#4846 = PRESENTATION_STYLE_ASSIGNMENT (( #4847 ) ) ;
#4848 = ORIENTED_EDGE ( 'NONE', *, *, #4050, .F. ) ;
#4847 = SURFACE_STYLE_USAGE ( .BOTH. , #4849 ) ;
#4849 = SURFACE_SIDE_STYLE ('',( #4851 ) ) ;
#4850 = ORIENTED_EDGE ( 'NONE', *, *, #4117, .F. ) ;
#4851 = SURFACE_STYLE_FILL_AREA ( #4852 ) ;
#4852 = FILL_AREA_STYLE ('',( #4864 ) ) ;
#4853 = COLOUR_RGB ( '',0.1568627450980392100, 0.1568627450980392100, 0.1568627450980392100 ) ;
#4854 = ADVANCED_FACE ( 'NONE', ( #9082 ), #9078, .F. ) ;
#4855 = FACE_OUTER_BOUND ( 'NONE', #2420, .T. ) ;
#4856 = DIRECTION ( 'NONE',  ( 6.829619984160657500E-015, 0.0000000000000000000, 1.000000000000000000 ) ) ;
#4857 = EDGE_LOOP ( 'NONE', ( #4954, #4955, #4957, #4958 ) ) ;
#4858 = DIRECTION ( 'NONE',  ( -1.000000000000000000, 0.0000000000000000000, 6.829619984160637700E-015 ) ) ;
#4859 = ORIENTED_EDGE ( 'NONE', *, *, #3896, .F. ) ;
#4860 = CARTESIAN_POINT ( 'NONE',  ( -4.959792110495888200, 9.972999999999999000, 0.1524000000000004500 ) ) ;
#4861 = AXIS2_PLACEMENT_3D ( 'NONE', #4860, #4858, #4856 ) ;
#4862 = ORIENTED_EDGE ( 'NONE', *, *, #3747, .F. ) ;
#4863 = ORIENTED_EDGE ( 'NONE', *, *, #3947, .F. ) ;
#4864 = FILL_AREA_STYLE_COLOUR ( '', #4853 ) ;
#4865 = ADVANCED_FACE ( 'NONE', ( #9076 ), #9072, .F. ) ;
#4866 = DIRECTION ( 'NONE',  ( 1.000000000000000000, 0.0000000000000000000, 0.0000000000000000000 ) ) ;
#4867 = EDGE_LOOP ( 'NONE', ( #4869, #4871, #4873, #4875 ) ) ;
#4868 = DIRECTION ( 'NONE',  ( 0.0000000000000000000, 1.000000000000000000, 0.0000000000000000000 ) ) ;
#4869 = ORIENTED_EDGE ( 'NONE', *, *, #3772, .F. ) ;
#4870 = AXIS2_PLACEMENT_3D ( 'NONE', #4877, #4868, #4866 ) ;
#4871 = ORIENTED_EDGE ( 'NONE', *, *, #3855, .F. ) ;
#4872 = SPHERICAL_SURFACE ( 'NONE', #4870, 0.1270000000000000000 ) ;
#4873 = ORIENTED_EDGE ( 'NONE', *, *, #3737, .F. ) ;
#4874 = CIRCLE ( 'NONE', #4861, 0.1270000000000000000 ) ;
#4875 = ORIENTED_EDGE ( 'NONE', *, *, #3954, .F. ) ;
#4876 = ADVANCED_FACE ( 'NONE', ( #9133 ), #9137, .F. ) ;
#4877 = CARTESIAN_POINT ( 'NONE',  ( -4.959792110495889100, 9.972999999999999000, 0.1524000000000000600 ) ) ;
#4878 = EDGE_LOOP ( 'NONE', ( #4970, #4971, #4972, #4973 ) ) ;
#4879 = ORIENTED_EDGE ( 'NONE', *, *, #3563, .F. ) ;
#4880 = ORIENTED_EDGE ( 'NONE', *, *, #3581, .F. ) ;
#4881 =( GEOMETRIC_REPRESENTATION_CONTEXT ( 3 ) GLOBAL_UNCERTAINTY_ASSIGNED_CONTEXT ( ( #4887 ) ) GLOBAL_UNIT_ASSIGNED_CONTEXT ( ( #4899, #4893, #4891 ) ) REPRESENTATION_CONTEXT ( 'NONE', 'WORKASPACE' ) );
#4882 = ORIENTED_EDGE ( 'NONE', *, *, #3425, .F. ) ;
#4883 = ORIENTED_EDGE ( 'NONE', *, *, #3778, .F. ) ;
#4884 = ADVANCED_FACE ( 'NONE', ( #9127 ), #9131, .F. ) ;
#4885 = EDGE_LOOP ( 'NONE', ( #4886, #4888, #4889, #4890 ) ) ;
#4886 = ORIENTED_EDGE ( 'NONE', *, *, #3443, .F. ) ;
#4888 = ORIENTED_EDGE ( 'NONE', *, *, #3678, .F. ) ;
#4887 = UNCERTAINTY_MEASURE_WITH_UNIT (LENGTH_MEASURE( 1.000000000000000100E-005 ), #4899, 'distance_accuracy_value', 'NONE');
#4889 = ORIENTED_EDGE ( 'NONE', *, *, #3420, .F. ) ;
#4890 = ORIENTED_EDGE ( 'NONE', *, *, #3635, .F. ) ;
#4891 =( NAMED_UNIT ( * ) SI_UNIT ( $, .STERADIAN. ) SOLID_ANGLE_UNIT ( ) );
#4892 = ADVANCED_FACE ( 'NONE', ( #9121 ), #9125, .F. ) ;
#4894 = EDGE_LOOP ( 'NONE', ( #4895, #4859, #4862, #4863 ) ) ;
#4893 =( NAMED_UNIT ( * ) PLANE_ANGLE_UNIT ( ) SI_UNIT ( $, .RADIAN. ) );
#4895 = ORIENTED_EDGE ( 'NONE', *, *, #3725, .F. ) ;
#4896 = ORIENTED_EDGE ( 'NONE', *, *, #3227, .F. ) ;
#4897 = ORIENTED_EDGE ( 'NONE', *, *, #3398, .F. ) ;
#4898 = ORIENTED_EDGE ( 'NONE', *, *, #3248, .F. ) ;
#4899 =( LENGTH_UNIT ( ) NAMED_UNIT ( * ) SI_UNIT ( .MILLI., .METRE. ) );
#4900 = ORIENTED_EDGE ( 'NONE', *, *, #3450, .F. ) ;
#4901 = ADVANCED_FACE ( 'NONE', ( #9115 ), #9119, .F. ) ;
#4902 = MECHANICAL_DESIGN_GEOMETRIC_PRESENTATION_REPRESENTATION (  '', ( #4905 ), #4881 ) ;
#4903 = ORIENTED_EDGE ( 'NONE', *, *, #4906, .T. ) ;
#4904 = PRESENTATION_LAYER_ASSIGNMENT (  '', '', ( #4905 ) ) ;
#4906 = EDGE_CURVE ( 'NONE', #4908, #4910, #9113, .T. ) ;
#4905 = STYLED_ITEM ( 'NONE', ( #4907 ), #2407 ) ;
#4907 = PRESENTATION_STYLE_ASSIGNMENT (( #4777 ) ) ;
#4908 = VERTEX_POINT ( 'NONE', #9171 ) ;
#4909 =( LENGTH_UNIT ( ) NAMED_UNIT ( * ) SI_UNIT ( .MILLI., .METRE. ) );
#4910 = VERTEX_POINT ( 'NONE', #9170 ) ;
#4911 = ORIENTED_EDGE ( 'NONE', *, *, #4912, .T. ) ;
#4912 = EDGE_CURVE ( 'NONE', #4910, #4914, #9169, .T. ) ;
#4913 = MECHANICAL_DESIGN_GEOMETRIC_PRESENTATION_REPRESENTATION (  '', ( #4916 ), #5027 ) ;
#4914 = VERTEX_POINT ( 'NONE', #9165 ) ;
#4915 = PRESENTATION_LAYER_ASSIGNMENT (  '', '', ( #4916 ) ) ;
#4917 = ORIENTED_EDGE ( 'NONE', *, *, #4919, .T. ) ;
#4916 = STYLED_ITEM ( 'NONE', ( #4918 ), #2431 ) ;
#4918 = PRESENTATION_STYLE_ASSIGNMENT (( #4920 ) ) ;
#4919 = EDGE_CURVE ( 'NONE', #4914, #4922, #9164, .T. ) ;
#4920 = SURFACE_STYLE_USAGE ( .BOTH. , #4921 ) ;
#4921 = SURFACE_SIDE_STYLE ('',( #4923 ) ) ;
#4922 = VERTEX_POINT ( 'NONE', #9160 ) ;
#4923 = SURFACE_STYLE_FILL_AREA ( #4924 ) ;
#4925 = ORIENTED_EDGE ( 'NONE', *, *, #4927, .T. ) ;
#4924 = FILL_AREA_STYLE ('',( #4938 ) ) ;
#4926 = COLOUR_RGB ( '',0.1568627450980392100, 0.1568627450980392100, 0.1568627450980392100 ) ;
#4927 = EDGE_CURVE ( 'NONE', #4922, #4929, #9159, .T. ) ;
#4928 = FACE_OUTER_BOUND ( 'NONE', #2307, .T. ) ;
#4929 = VERTEX_POINT ( 'NONE', #9155 ) ;
#4930 = DIRECTION ( 'NONE',  ( -0.9945218953682735100, 0.0000000000000000000, -0.1045284632676505800 ) ) ;
#4931 = ORIENTED_EDGE ( 'NONE', *, *, #4933, .F. ) ;
#4932 = DIRECTION ( 'NONE',  ( 0.1045284632676504000, 2.045444254191222700E-015, -0.9945218953682738400 ) ) ;
#4933 = EDGE_CURVE ( 'NONE', #5025, #4929, #9154, .T. ) ;
#4934 = CARTESIAN_POINT ( 'NONE',  ( -4.959792110495889100, 9.972999999999999000, 0.1524000000000000900 ) ) ;
#4935 = AXIS2_PLACEMENT_3D ( 'NONE', #4934, #4932, #4930 ) ;
#4936 = ORIENTED_EDGE ( 'NONE', *, *, #4498, .F. ) ;
#4937 = ORIENTED_EDGE ( 'NONE', *, *, #4518, .F. ) ;
#4938 = FILL_AREA_STYLE_COLOUR ( '', #4926 ) ;
#4939 = ORIENTED_EDGE ( 'NONE', *, *, #4512, .F. ) ;
#4940 = ORIENTED_EDGE ( 'NONE', *, *, #4693, .F. ) ;
#4941 = DIRECTION ( 'NONE',  ( 0.9945218953682737300, 0.0000000000000000000, 0.1045284632676493200 ) ) ;
#4942 = ADVANCED_FACE ( 'NONE', ( #9150 ), #9149, .F. ) ;
#4943 = DIRECTION ( 'NONE',  ( -0.1045284632676501800, 0.0000000000000000000, 0.9945218953682737300 ) ) ;
#4944 = AXIS2_PLACEMENT_3D ( 'NONE', #4953, #4943, #4941 ) ;
#4945 = EDGE_LOOP ( 'NONE', ( #4947, #4949, #4950, #4951 ) ) ;
#4946 = CYLINDRICAL_SURFACE ( 'NONE', #4944, 0.1269999999999997200 ) ;
#4947 = ORIENTED_EDGE ( 'NONE', *, *, #4397, .F. ) ;
#4948 = CIRCLE ( 'NONE', #4935, 0.1269999999999997500 ) ;
#4949 = ORIENTED_EDGE ( 'NONE', *, *, #4608, .F. ) ;
#4950 = ORIENTED_EDGE ( 'NONE', *, *, #4507, .F. ) ;
#4951 = ORIENTED_EDGE ( 'NONE', *, *, #4700, .F. ) ;
#4952 = ADVANCED_FACE ( 'NONE', ( #9143 ), #9147, .F. ) ;
#4953 = CARTESIAN_POINT ( 'NONE',  ( -5.465890402561150600, 9.972999999999999000, 4.967603600368648600 ) ) ;
#4954 = ORIENTED_EDGE ( 'NONE', *, *, #4201, .F. ) ;
#4955 = ORIENTED_EDGE ( 'NONE', *, *, #4351, .F. ) ;
#4957 = ORIENTED_EDGE ( 'NONE', *, *, #4213, .F. ) ;
#4956 =( GEOMETRIC_REPRESENTATION_CONTEXT ( 3 ) GLOBAL_UNCERTAINTY_ASSIGNED_CONTEXT ( ( #4963 ) ) GLOBAL_UNIT_ASSIGNED_CONTEXT ( ( #4974, #4969, #4966 ) ) REPRESENTATION_CONTEXT ( 'NONE', 'WORKASPACE' ) );
#4958 = ORIENTED_EDGE ( 'NONE', *, *, #4404, .F. ) ;
#4959 = ADVANCED_FACE ( 'NONE', ( #9201 ), #9200, .F. ) ;
#4960 = EDGE_LOOP ( 'NONE', ( #4961, #4962, #4964, #4965 ) ) ;
#4961 = ORIENTED_EDGE ( 'NONE', *, *, #4234, .F. ) ;
#4962 = ORIENTED_EDGE ( 'NONE', *, *, #4325, .F. ) ;
#4963 = UNCERTAINTY_MEASURE_WITH_UNIT (LENGTH_MEASURE( 1.000000000000000100E-005 ), #4974, 'distance_accuracy_value', 'NONE');
#4964 = ORIENTED_EDGE ( 'NONE', *, *, #4208, .F. ) ;
#4965 = ORIENTED_EDGE ( 'NONE', *, *, #4409, .F. ) ;
#4966 =( NAMED_UNIT ( * ) SI_UNIT ( $, .STERADIAN. ) SOLID_ANGLE_UNIT ( ) );
#4967 = ADVANCED_FACE ( 'NONE', ( #9194 ), #9198, .F. ) ;
#4968 = EDGE_LOOP ( 'NONE', ( #4936, #4937, #4939, #4940 ) ) ;
#4969 =( NAMED_UNIT ( * ) PLANE_ANGLE_UNIT ( ) SI_UNIT ( $, .RADIAN. ) );
#4970 = ORIENTED_EDGE ( 'NONE', *, *, #4043, .F. ) ;
#4971 = ORIENTED_EDGE ( 'NONE', *, *, #4060, .F. ) ;
#4972 = ORIENTED_EDGE ( 'NONE', *, *, #3916, .F. ) ;
#4973 = ORIENTED_EDGE ( 'NONE', *, *, #4249, .F. ) ;
#4974 =( LENGTH_UNIT ( ) NAMED_UNIT ( * ) SI_UNIT ( .MILLI., .METRE. ) );
#4975 = EDGE_CURVE ( 'NONE', #5022, #5025, #9188, .T. ) ;
#4976 = MECHANICAL_DESIGN_GEOMETRIC_PRESENTATION_REPRESENTATION (  '', ( #4844 ), #4956 ) ;
#4977 = ADVANCED_FACE ( 'NONE', ( #9184 ), #9183, .F. ) ;
#4978 = PRESENTATION_STYLE_ASSIGNMENT (( #4979 ) ) ;
#4979 = SURFACE_STYLE_USAGE ( .BOTH. , #4980 ) ;
#4980 = SURFACE_SIDE_STYLE ('',( #4981 ) ) ;
#4982 = EDGE_LOOP ( 'NONE', ( #4984, #4993, #4997, #5088 ) ) ;
#4981 = SURFACE_STYLE_FILL_AREA ( #4983 ) ;
#4983 = FILL_AREA_STYLE ('',( #4998 ) ) ;
#4984 = ORIENTED_EDGE ( 'NONE', *, *, #4987, .F. ) ;
#4985 = COLOUR_RGB ( '',0.7529411764705882200, 0.7529411764705882200, 0.7529411764705882200 ) ;
#4987 = EDGE_CURVE ( 'NONE', #4989, #4991, #9178, .T. ) ;
#4986 = FACE_OUTER_BOUND ( 'NONE', #2452, .T. ) ;
#4989 = VERTEX_POINT ( 'NONE', #9174 ) ;
#4988 = DIRECTION ( 'NONE',  ( -3.414809992080328700E-014, 0.0000000000000000000, -1.000000000000000000 ) ) ;
#4991 = VERTEX_POINT ( 'NONE', #9173 ) ;
#4990 = DIRECTION ( 'NONE',  ( 1.000000000000000000, 0.0000000000000000000, -3.414809992080326200E-014 ) ) ;
#4992 = CARTESIAN_POINT ( 'NONE',  ( 9.828957951031505000, -9.999200000000000100, 0.05080000000000026200 ) ) ;
#4993 = ORIENTED_EDGE ( 'NONE', *, *, #4996, .T. ) ;
#4994 = AXIS2_PLACEMENT_3D ( 'NONE', #4992, #4990, #4988 ) ;
#4996 = EDGE_CURVE ( 'NONE', #4989, #5004, #9172, .T. ) ;
#4995 = CIRCLE ( 'NONE', #4994, 0.05080000000000000500 ) ;
#4997 = ORIENTED_EDGE ( 'NONE', *, *, #5002, .T. ) ;
#4998 = FILL_AREA_STYLE_COLOUR ( '', #4985 ) ;
#4999 = EDGE_LOOP ( 'NONE', ( #5091, #5095, #5099, #5102 ) ) ;
#5000 = ORIENTED_EDGE ( 'NONE', *, *, #5002, .F. ) ;
#5001 = DIRECTION ( 'NONE',  ( 1.000000000000000000, 0.0000000000000000000, 0.0000000000000000000 ) ) ;
#5002 = EDGE_CURVE ( 'NONE', #5004, #5043, #9232, .T. ) ;
#5003 = DIRECTION ( 'NONE',  ( 0.0000000000000000000, 0.0000000000000000000, 1.000000000000000000 ) ) ;
#5004 = VERTEX_POINT ( 'NONE', #9224 ) ;
#5005 = CARTESIAN_POINT ( 'NONE',  ( 9.828957951031505000, -9.999200000000000100, 0.9016999999999998300 ) ) ;
#5006 = ORIENTED_EDGE ( 'NONE', *, *, #5008, .T. ) ;
#5007 = AXIS2_PLACEMENT_3D ( 'NONE', #5005, #5003, #5001 ) ;
#5008 = EDGE_CURVE ( 'NONE', #5004, #5009, #9223, .T. ) ;
#5009 = VERTEX_POINT ( 'NONE', #9219 ) ;
#5010 = ORIENTED_EDGE ( 'NONE', *, *, #5011, .T. ) ;
#5011 = EDGE_CURVE ( 'NONE', #5009, #5034, #9218, .T. ) ;
#5012 = DIRECTION ( 'NONE',  ( -0.9945218953682737300, 0.0000000000000000000, -0.1045284632676493200 ) ) ;
#5013 = DIRECTION ( 'NONE',  ( 0.1045284632676501800, 0.0000000000000000000, -0.9945218953682737300 ) ) ;
#5014 = ADVANCED_FACE ( 'NONE', ( #9214 ), #9213, .T. ) ;
#5015 = AXIS2_PLACEMENT_3D ( 'NONE', #5024, #5013, #5012 ) ;
#5016 = CYLINDRICAL_SURFACE ( 'NONE', #5015, 0.1269999999999997200 ) ;
#5017 = EDGE_LOOP ( 'NONE', ( #5019, #5023, #5106, #5107 ) ) ;
#5018 = CIRCLE ( 'NONE', #5007, 0.05080000000000015100 ) ;
#5019 = ORIENTED_EDGE ( 'NONE', *, *, #5020, .F. ) ;
#5020 = EDGE_CURVE ( 'NONE', #5021, #5022, #9208, .T. ) ;
#5021 = VERTEX_POINT ( 'NONE', #9204 ) ;
#5022 = VERTEX_POINT ( 'NONE', #9203 ) ;
#5023 = ORIENTED_EDGE ( 'NONE', *, *, #5104, .T. ) ;
#5024 = CARTESIAN_POINT ( 'NONE',  ( -5.223695719288229200, -9.973000000000000800, 2.663275114834991400 ) ) ;
#5025 = VERTEX_POINT ( 'NONE', #9202 ) ;
#5026 = ORIENTED_EDGE ( 'NONE', *, *, #5028, .F. ) ;
#5028 = EDGE_CURVE ( 'NONE', #4908, #5025, #9264, .T. ) ;
#5027 =( GEOMETRIC_REPRESENTATION_CONTEXT ( 3 ) GLOBAL_UNCERTAINTY_ASSIGNED_CONTEXT ( ( #5033 ) ) GLOBAL_UNIT_ASSIGNED_CONTEXT ( ( #4909, #5041, #5037 ) ) REPRESENTATION_CONTEXT ( 'NONE', 'WORKASPACE' ) );
#5029 = ADVANCED_FACE ( 'NONE', ( #9260 ), #9259, .F. ) ;
#5030 = EDGE_LOOP ( 'NONE', ( #5031, #5036, #5040, #5000, #5006, #5010 ) ) ;
#5031 = ORIENTED_EDGE ( 'NONE', *, *, #5032, .T. ) ;
#5032 = EDGE_CURVE ( 'NONE', #5034, #5035, #9257, .T. ) ;
#5034 = VERTEX_POINT ( 'NONE', #9250 ) ;
#5033 = UNCERTAINTY_MEASURE_WITH_UNIT (LENGTH_MEASURE( 1.000000000000000100E-005 ), #4909, 'distance_accuracy_value', 'NONE');
#5035 = VERTEX_POINT ( 'NONE', #9249 ) ;
#5036 = ORIENTED_EDGE ( 'NONE', *, *, #5038, .T. ) ;
#5037 =( NAMED_UNIT ( * ) SI_UNIT ( $, .STERADIAN. ) SOLID_ANGLE_UNIT ( ) );
#5038 = EDGE_CURVE ( 'NONE', #5035, #5039, #9248, .T. ) ;
#5039 = VERTEX_POINT ( 'NONE', #9244 ) ;
#5040 = ORIENTED_EDGE ( 'NONE', *, *, #5042, .F. ) ;
#5042 = EDGE_CURVE ( 'NONE', #5043, #5039, #9243, .T. ) ;
#5041 =( NAMED_UNIT ( * ) PLANE_ANGLE_UNIT ( ) SI_UNIT ( $, .RADIAN. ) );
#5043 = VERTEX_POINT ( 'NONE', #9239 ) ;
#5044 = ORIENTED_EDGE ( 'NONE', *, *, #4906, .F. ) ;
#5045 = ORIENTED_EDGE ( 'NONE', *, *, #5104, .F. ) ;
#5046 = ORIENTED_EDGE ( 'NONE', *, *, #5100, .F. ) ;
#5047 = DIRECTION ( 'NONE',  ( 0.7071067811865816600, -0.7071067811865133800, 0.0000000000000000000 ) ) ;
#5048 = ORIENTED_EDGE ( 'NONE', *, *, #5050, .T. ) ;
#5049 = DIRECTION ( 'NONE',  ( 0.7071067811865133800, 0.7071067811865816600, 0.0000000000000000000 ) ) ;
#5050 = EDGE_CURVE ( 'NONE', #5098, #5053, #9238, .T. ) ;
#5051 = CARTESIAN_POINT ( 'NONE',  ( 9.828957951031503300, -9.999200000000000100, 0.05080000000000022000 ) ) ;
#5053 = VERTEX_POINT ( 'NONE', #9233 ) ;
#5052 = AXIS2_PLACEMENT_3D ( 'NONE', #5051, #5049, #5047 ) ;
#5054 = CIRCLE ( 'NONE', #5052, 0.05080000000000051100 ) ;
#5055 = ORIENTED_EDGE ( 'NONE', *, *, #5057, .T. ) ;
#5057 = EDGE_CURVE ( 'NONE', #5053, #11447, #9297, .T. ) ;
#5056 = FACE_OUTER_BOUND ( 'NONE', #2475, .T. ) ;
#5058 = ORIENTED_EDGE ( 'NONE', *, *, #12, .T. ) ;
#5059 = ORIENTED_EDGE ( 'NONE', *, *, #5060, .F. ) ;
#5060 = EDGE_CURVE ( 'NONE', #5062, #3, #9293, .T. ) ;
#5061 = DIRECTION ( 'NONE',  ( -1.000000000000000000, 0.0000000000000000000, 8.003460918938246800E-016 ) ) ;
#5062 = VERTEX_POINT ( 'NONE', #9289 ) ;
#5063 = DIRECTION ( 'NONE',  ( 8.003460918937973600E-016, 8.003460918937973600E-016, 1.000000000000000000 ) ) ;
#5064 = CARTESIAN_POINT ( 'NONE',  ( 9.828957951031505000, -9.999199999999998300, 0.05080000000000022000 ) ) ;
#5066 = EDGE_LOOP ( 'NONE', ( #5067, #5070, #5076, #5080 ) ) ;
#5065 = AXIS2_PLACEMENT_3D ( 'NONE', #5064, #5063, #5061 ) ;
#5067 = ORIENTED_EDGE ( 'NONE', *, *, #5068, .F. ) ;
#5068 = EDGE_CURVE ( 'NONE', #5069, #4991, #9288, .T. ) ;
#5069 = VERTEX_POINT ( 'NONE', #9284 ) ;
#5070 = ORIENTED_EDGE ( 'NONE', *, *, #5072, .T. ) ;
#5071 = DIRECTION ( 'NONE',  ( 1.000000000000000000, 0.0000000000000000000, 0.0000000000000000000 ) ) ;
#5072 = EDGE_CURVE ( 'NONE', #5069, #5074, #9283, .T. ) ;
#5073 = DIRECTION ( 'NONE',  ( 0.0000000000000000000, 1.000000000000000000, 0.0000000000000000000 ) ) ;
#5074 = VERTEX_POINT ( 'NONE', #9279 ) ;
#5075 = AXIS2_PLACEMENT_3D ( 'NONE', #5082, #5073, #5071 ) ;
#5076 = ORIENTED_EDGE ( 'NONE', *, *, #5078, .T. ) ;
#5077 = SPHERICAL_SURFACE ( 'NONE', #5075, 0.05080000000000000500 ) ;
#5078 = EDGE_CURVE ( 'NONE', #5074, #4989, #9278, .T. ) ;
#5079 = CIRCLE ( 'NONE', #5065, 0.05080000000000015100 ) ;
#5080 = ORIENTED_EDGE ( 'NONE', *, *, #4987, .T. ) ;
#5081 = ADVANCED_FACE ( 'NONE', ( #9274 ), #9273, .F. ) ;
#5082 = CARTESIAN_POINT ( 'NONE',  ( 9.828957951031505000, -9.999200000000000100, 0.05080000000000022000 ) ) ;
#5083 = EDGE_LOOP ( 'NONE', ( #5084, #5085, #5044, #5045, #5046, #5048, #5055, #5058, #5059, #5158, #5161, #5162 ) ) ;
#5084 = ORIENTED_EDGE ( 'NONE', *, *, #5042, .T. ) ;
#5085 = ORIENTED_EDGE ( 'NONE', *, *, #5087, .T. ) ;
#5086 =( GEOMETRIC_REPRESENTATION_CONTEXT ( 3 ) GLOBAL_UNCERTAINTY_ASSIGNED_CONTEXT ( ( #5093 ) ) GLOBAL_UNIT_ASSIGNED_CONTEXT ( ( #5105, #5101, #5096 ) ) REPRESENTATION_CONTEXT ( 'NONE', 'WORKASPACE' ) );
#5087 = EDGE_CURVE ( 'NONE', #5039, #4910, #9271, .T. ) ;
#5088 = ORIENTED_EDGE ( 'NONE', *, *, #5089, .F. ) ;
#5089 = EDGE_CURVE ( 'NONE', #4991, #5043, #9328, .T. ) ;
#5090 = ADVANCED_FACE ( 'NONE', ( #9323 ), #9322, .T. ) ;
#5091 = ORIENTED_EDGE ( 'NONE', *, *, #5092, .F. ) ;
#5092 = EDGE_CURVE ( 'NONE', #5094, #5022, #9317, .T. ) ;
#5093 = UNCERTAINTY_MEASURE_WITH_UNIT (LENGTH_MEASURE( 1.000000000000000100E-005 ), #5105, 'distance_accuracy_value', 'NONE');
#5094 = VERTEX_POINT ( 'NONE', #9313 ) ;
#5095 = ORIENTED_EDGE ( 'NONE', *, *, #5097, .T. ) ;
#5096 =( NAMED_UNIT ( * ) SI_UNIT ( $, .STERADIAN. ) SOLID_ANGLE_UNIT ( ) );
#5097 = EDGE_CURVE ( 'NONE', #5094, #5098, #9312, .T. ) ;
#5098 = VERTEX_POINT ( 'NONE', #9308 ) ;
#5099 = ORIENTED_EDGE ( 'NONE', *, *, #5100, .T. ) ;
#5100 = EDGE_CURVE ( 'NONE', #5098, #5021, #9307, .T. ) ;
#5101 =( NAMED_UNIT ( * ) PLANE_ANGLE_UNIT ( ) SI_UNIT ( $, .RADIAN. ) );
#5102 = ORIENTED_EDGE ( 'NONE', *, *, #5020, .T. ) ;
#5103 = ADVANCED_FACE ( 'NONE', ( #9303 ), #9302, .T. ) ;
#5104 = EDGE_CURVE ( 'NONE', #5021, #4908, #9358, .T. ) ;
#5105 =( LENGTH_UNIT ( ) NAMED_UNIT ( * ) SI_UNIT ( .MILLI., .METRE. ) );
#5106 = ORIENTED_EDGE ( 'NONE', *, *, #5028, .T. ) ;
#5107 = ORIENTED_EDGE ( 'NONE', *, *, #4975, .F. ) ;
#5108 = MECHANICAL_DESIGN_GEOMETRIC_PRESENTATION_REPRESENTATION (  '', ( #5111 ), #5086 ) ;
#5110 = ORIENTED_EDGE ( 'NONE', *, *, #5032, .F. ) ;
#5109 = PRESENTATION_LAYER_ASSIGNMENT (  '', '', ( #5111 ) ) ;
#5111 = STYLED_ITEM ( 'NONE', ( #4978 ), #2448 ) ;
#5112 = ORIENTED_EDGE ( 'NONE', *, *, #5113, .T. ) ;
#5113 = EDGE_CURVE ( 'NONE', #5034, #4922, #9354, .T. ) ;
#5114 = MECHANICAL_DESIGN_GEOMETRIC_PRESENTATION_REPRESENTATION (  '', ( #5117 ), #5228 ) ;
#5115 = ADVANCED_FACE ( 'NONE', ( #9350 ), #9349, .F. ) ;
#5116 = PRESENTATION_LAYER_ASSIGNMENT (  '', '', ( #5117 ) ) ;
#5117 = STYLED_ITEM ( 'NONE', ( #5119 ), #2482 ) ;
#5118 = EDGE_LOOP ( 'NONE', ( #5218, #5220, #5222, #5223 ) ) ;
#5119 = PRESENTATION_STYLE_ASSIGNMENT (( #5120 ) ) ;
#5120 = SURFACE_STYLE_USAGE ( .BOTH. , #5122 ) ;
#5121 = ORIENTED_EDGE ( 'NONE', *, *, #5124, .T. ) ;
#5122 = SURFACE_SIDE_STYLE ('',( #5123 ) ) ;
#5124 = EDGE_CURVE ( 'NONE', #5157, #11422, #9344, .T. ) ;
#5123 = SURFACE_STYLE_FILL_AREA ( #5125 ) ;
#5125 = FILL_AREA_STYLE ('',( #5138 ) ) ;
#5127 = ORIENTED_EDGE ( 'NONE', *, *, #11, .T. ) ;
#5126 = COLOUR_RGB ( '',0.7529411764705882200, 0.7529411764705882200, 0.7529411764705882200 ) ;
#5128 = ORIENTED_EDGE ( 'NONE', *, *, #5180, .F. ) ;
#5129 = DIRECTION ( 'NONE',  ( -1.000000000000000000, 0.0000000000000000000, 0.0000000000000000000 ) ) ;
#5130 = ORIENTED_EDGE ( 'NONE', *, *, #5132, .T. ) ;
#5131 = DIRECTION ( 'NONE',  ( 0.0000000000000000000, 0.0000000000000000000, -1.000000000000000000 ) ) ;
#5132 = EDGE_CURVE ( 'NONE', #5175, #5094, #9340, .T. ) ;
#5133 = AXIS2_PLACEMENT_3D ( 'NONE', #5141, #5131, #5129 ) ;
#5134 = TOROIDAL_SURFACE ( 'NONE', #5133, 1.900799999999999400, 0.05080000000000000500 ) ;
#5135 = ORIENTED_EDGE ( 'NONE', *, *, #5092, .T. ) ;
#5136 = FACE_OUTER_BOUND ( 'NONE', #2484, .T. ) ;
#5137 = ORIENTED_EDGE ( 'NONE', *, *, #4975, .T. ) ;
#5138 = FILL_AREA_STYLE_COLOUR ( '', #5126 ) ;
#5139 = ADVANCED_FACE ( 'NONE', ( #9335 ), #9334, .F. ) ;
#5140 = EDGE_LOOP ( 'NONE', ( #5142, #5233, #5236, #5237 ) ) ;
#5141 = CARTESIAN_POINT ( 'NONE',  ( 9.350000000000003200, 0.0000000000000000000, 0.9016999999999998300 ) ) ;
#5142 = ORIENTED_EDGE ( 'NONE', *, *, #5124, .F. ) ;
#5143 = ORIENTED_EDGE ( 'NONE', *, *, #2851, .T. ) ;
#5144 =( GEOMETRIC_REPRESENTATION_CONTEXT ( 3 ) GLOBAL_UNCERTAINTY_ASSIGNED_CONTEXT ( ( #5151 ) ) GLOBAL_UNIT_ASSIGNED_CONTEXT ( ( #5163, #5159, #5154 ) ) REPRESENTATION_CONTEXT ( 'NONE', 'WORKASPACE' ) );
#5145 = ADVANCED_FACE ( 'NONE', ( #9332 ), #9390, .F. ) ;
#5146 = EDGE_LOOP ( 'NONE', ( #5147, #5148, #5150, #5152, #5153, #5155, #5121, #5127, #5128, #5130, #5135, #5137 ) ) ;
#5147 = ORIENTED_EDGE ( 'NONE', *, *, #4933, .T. ) ;
#5148 = ORIENTED_EDGE ( 'NONE', *, *, #5149, .T. ) ;
#5149 = EDGE_CURVE ( 'NONE', #4929, #5009, #9391, .T. ) ;
#5150 = ORIENTED_EDGE ( 'NONE', *, *, #5008, .F. ) ;
#5151 = UNCERTAINTY_MEASURE_WITH_UNIT (LENGTH_MEASURE( 1.000000000000000100E-005 ), #5163, 'distance_accuracy_value', 'NONE');
#5152 = ORIENTED_EDGE ( 'NONE', *, *, #4996, .F. ) ;
#5153 = ORIENTED_EDGE ( 'NONE', *, *, #5078, .F. ) ;
#5154 =( NAMED_UNIT ( * ) SI_UNIT ( $, .STERADIAN. ) SOLID_ANGLE_UNIT ( ) );
#5155 = ORIENTED_EDGE ( 'NONE', *, *, #5156, .T. ) ;
#5156 = EDGE_CURVE ( 'NONE', #5074, #5157, #9382, .T. ) ;
#5157 = VERTEX_POINT ( 'NONE', #9377 ) ;
#5158 = ORIENTED_EDGE ( 'NONE', *, *, #5160, .T. ) ;
#5159 =( NAMED_UNIT ( * ) PLANE_ANGLE_UNIT ( ) SI_UNIT ( $, .RADIAN. ) );
#5160 = EDGE_CURVE ( 'NONE', #5062, #5069, #9376, .T. ) ;
#5161 = ORIENTED_EDGE ( 'NONE', *, *, #5068, .T. ) ;
#5162 = ORIENTED_EDGE ( 'NONE', *, *, #5089, .T. ) ;
#5163 =( LENGTH_UNIT ( ) NAMED_UNIT ( * ) SI_UNIT ( .MILLI., .METRE. ) );
#5164 = ADVANCED_FACE ( 'NONE', ( #9371 ), #9370, .F. ) ;
#5166 = EDGE_LOOP ( 'NONE', ( #5167, #5170, #5178, #5143 ) ) ;
#5165 = MECHANICAL_DESIGN_GEOMETRIC_PRESENTATION_REPRESENTATION (  '', ( #5169 ), #5144 ) ;
#5167 = ORIENTED_EDGE ( 'NONE', *, *, #5057, .F. ) ;
#5168 = PRESENTATION_LAYER_ASSIGNMENT (  '', '', ( #5169 ) ) ;
#5170 = ORIENTED_EDGE ( 'NONE', *, *, #5172, .T. ) ;
#5169 = STYLED_ITEM ( 'NONE', ( #5171 ), #2474 ) ;
#5171 = PRESENTATION_STYLE_ASSIGNMENT (( #5173 ) ) ;
#5172 = EDGE_CURVE ( 'NONE', #5053, #5175, #9365, .T. ) ;
#5173 = SURFACE_STYLE_USAGE ( .BOTH. , #5174 ) ;
#5174 = SURFACE_SIDE_STYLE ('',( #5176 ) ) ;
#5175 = VERTEX_POINT ( 'NONE', #9360 ) ;
#5176 = SURFACE_STYLE_FILL_AREA ( #5177 ) ;
#5178 = ORIENTED_EDGE ( 'NONE', *, *, #5180, .T. ) ;
#5177 = FILL_AREA_STYLE ('',( #5179 ) ) ;
#5179 = FILL_AREA_STYLE_COLOUR ( '', #5182 ) ;
#5180 = EDGE_CURVE ( 'NONE', #5175, #11437, #9361, .T. ) ;
#5181 = VERTEX_POINT ( 'NONE', #9421 ) ;
#5182 = COLOUR_RGB ( '',0.7529411764705882200, 0.7529411764705882200, 0.7529411764705882200 ) ;
#5183 = ORIENTED_EDGE ( 'NONE', *, *, #5184, .T. ) ;
#5184 = EDGE_CURVE ( 'NONE', #5181, #5185, #9420, .T. ) ;
#5185 = VERTEX_POINT ( 'NONE', #9416 ) ;
#5186 =( NAMED_UNIT ( * ) SI_UNIT ( $, .STERADIAN. ) SOLID_ANGLE_UNIT ( ) );
#5187 = ORIENTED_EDGE ( 'NONE', *, *, #5188, .T. ) ;
#5188 = EDGE_CURVE ( 'NONE', #5185, #5189, #9415, .T. ) ;
#5189 = VERTEX_POINT ( 'NONE', #9411 ) ;
#5191 = VERTEX_POINT ( 'NONE', #9410 ) ;
#5190 =( NAMED_UNIT ( * ) PLANE_ANGLE_UNIT ( ) SI_UNIT ( $, .RADIAN. ) );
#5192 = EDGE_LOOP ( 'NONE', ( #5193, #5194, #5196, #5197 ) ) ;
#5193 = ORIENTED_EDGE ( 'NONE', *, *, #5038, .F. ) ;
#5194 = ORIENTED_EDGE ( 'NONE', *, *, #5244, .F. ) ;
#5195 =( LENGTH_UNIT ( ) NAMED_UNIT ( * ) SI_UNIT ( .MILLI., .METRE. ) );
#5196 = ORIENTED_EDGE ( 'NONE', *, *, #4912, .F. ) ;
#5197 = ORIENTED_EDGE ( 'NONE', *, *, #5087, .F. ) ;
#5198 = MECHANICAL_DESIGN_GEOMETRIC_PRESENTATION_REPRESENTATION (  '', ( #5201 ), #5306 ) ;
#5199 = ADVANCED_FACE ( 'NONE', ( #9409 ), #9408, .T. ) ;
#5200 = PRESENTATION_LAYER_ASSIGNMENT (  '', '', ( #5201 ) ) ;
#5201 = STYLED_ITEM ( 'NONE', ( #5202 ), #2494 ) ;
#5203 = EDGE_LOOP ( 'NONE', ( #5205, #5208, #5211, #5212 ) ) ;
#5202 = PRESENTATION_STYLE_ASSIGNMENT (( #5204 ) ) ;
#5204 = SURFACE_STYLE_USAGE ( .BOTH. , #5206 ) ;
#5205 = ORIENTED_EDGE ( 'NONE', *, *, #4927, .F. ) ;
#5206 = SURFACE_SIDE_STYLE ('',( #5207 ) ) ;
#5207 = SURFACE_STYLE_FILL_AREA ( #5209 ) ;
#5208 = ORIENTED_EDGE ( 'NONE', *, *, #5113, .F. ) ;
#5209 = FILL_AREA_STYLE ('',( #5221 ) ) ;
#5211 = ORIENTED_EDGE ( 'NONE', *, *, #5011, .F. ) ;
#5210 = COLOUR_RGB ( '',0.1568627450980392100, 0.1568627450980392100, 0.1568627450980392100 ) ;
#5212 = ORIENTED_EDGE ( 'NONE', *, *, #5149, .F. ) ;
#5213 = DIRECTION ( 'NONE',  ( 0.0000000000000000000, -1.000000000000000000, 0.0000000000000000000 ) ) ;
#5214 = DIRECTION ( 'NONE',  ( -1.000000000000000000, 3.854941057726189300E-016, -1.867474214418929300E-017 ) ) ;
#5215 = ADVANCED_FACE ( 'NONE', ( #9407 ), #9402, .F. ) ;
#5216 = AXIS2_PLACEMENT_3D ( 'NONE', #5225, #5214, #5213 ) ;
#5217 = CYLINDRICAL_SURFACE ( 'NONE', #5216, 0.05080000000000015100 ) ;
#5218 = ORIENTED_EDGE ( 'NONE', *, *, #5132, .F. ) ;
#5219 = FACE_OUTER_BOUND ( 'NONE', #2496, .T. ) ;
#5220 = ORIENTED_EDGE ( 'NONE', *, *, #5172, .F. ) ;
#5222 = ORIENTED_EDGE ( 'NONE', *, *, #5050, .F. ) ;
#5221 = FILL_AREA_STYLE_COLOUR ( '', #5210 ) ;
#5223 = ORIENTED_EDGE ( 'NONE', *, *, #5097, .F. ) ;
#5224 = ADVANCED_FACE ( 'NONE', ( #9396 ), #9395, .T. ) ;
#5225 = CARTESIAN_POINT ( 'NONE',  ( 9.850000000000058300, -9.999200000000000100, 0.05080000000000026200 ) ) ;
#5226 = EDGE_LOOP ( 'NONE', ( #5227, #5229, #5230, #5231 ) ) ;
#5227 = ORIENTED_EDGE ( 'NONE', *, *, #5160, .F. ) ;
#5228 =( GEOMETRIC_REPRESENTATION_CONTEXT ( 3 ) GLOBAL_UNCERTAINTY_ASSIGNED_CONTEXT ( ( #5235 ) ) GLOBAL_UNIT_ASSIGNED_CONTEXT ( ( #5247, #5241, #5238 ) ) REPRESENTATION_CONTEXT ( 'NONE', 'WORKASPACE' ) );
#5229 = ORIENTED_EDGE ( 'NONE', *, *, #5234, .F. ) ;
#5230 = ORIENTED_EDGE ( 'NONE', *, *, #5156, .F. ) ;
#5231 = ORIENTED_EDGE ( 'NONE', *, *, #5072, .F. ) ;
#5232 = ADVANCED_FACE ( 'NONE', ( #9456 ), #9455, .T. ) ;
#5233 = ORIENTED_EDGE ( 'NONE', *, *, #5234, .T. ) ;
#5234 = EDGE_CURVE ( 'NONE', #5157, #5062, #9453, .T. ) ;
#5235 = UNCERTAINTY_MEASURE_WITH_UNIT (LENGTH_MEASURE( 1.000000000000000100E-005 ), #5247, 'distance_accuracy_value', 'NONE');
#5236 = ORIENTED_EDGE ( 'NONE', *, *, #5060, .T. ) ;
#5237 = ORIENTED_EDGE ( 'NONE', *, *, #7102, .T. ) ;
#5238 =( NAMED_UNIT ( * ) SI_UNIT ( $, .STERADIAN. ) SOLID_ANGLE_UNIT ( ) );
#5239 = ADVANCED_FACE ( 'NONE', ( #9446 ), #9444, .T. ) ;
#5240 = EDGE_LOOP ( 'NONE', ( #5242, #5243, #5110, #5112 ) ) ;
#5241 =( NAMED_UNIT ( * ) PLANE_ANGLE_UNIT ( ) SI_UNIT ( $, .RADIAN. ) );
#5242 = ORIENTED_EDGE ( 'NONE', *, *, #4919, .F. ) ;
#5243 = ORIENTED_EDGE ( 'NONE', *, *, #5244, .T. ) ;
#5244 = EDGE_CURVE ( 'NONE', #4914, #5035, #9445, .T. ) ;
#5245 = VERTEX_POINT ( 'NONE', #9436 ) ;
#5246 = VERTEX_POINT ( 'NONE', #9435 ) ;
#5247 =( LENGTH_UNIT ( ) NAMED_UNIT ( * ) SI_UNIT ( .MILLI., .METRE. ) );
#5248 = ORIENTED_EDGE ( 'NONE', *, *, #5250, .T. ) ;
#5249 = CYLINDRICAL_SURFACE ( 'NONE', #5375, 0.1269999999999999500 ) ;
#5250 = EDGE_CURVE ( 'NONE', #5245, #5257, #9434, .T. ) ;
#5251 = ORIENTED_EDGE ( 'NONE', *, *, #5256, .T. ) ;
#5252 =( GEOMETRIC_REPRESENTATION_CONTEXT ( 3 ) GLOBAL_UNCERTAINTY_ASSIGNED_CONTEXT ( ( #5260 ) ) GLOBAL_UNIT_ASSIGNED_CONTEXT ( ( #5271, #5266, #5264 ) ) REPRESENTATION_CONTEXT ( 'NONE', 'WORKASPACE' ) );
#5253 = EDGE_LOOP ( 'NONE', ( #5345, #5348, #5352, #5355 ) ) ;
#5254 = VERTEX_POINT ( 'NONE', #9429 ) ;
#5255 = ORIENTED_EDGE ( 'NONE', *, *, #5256, .F. ) ;
#5256 = EDGE_CURVE ( 'NONE', #5257, #5254, #9428, .T. ) ;
#5257 = VERTEX_POINT ( 'NONE', #9487 ) ;
#5258 = ORIENTED_EDGE ( 'NONE', *, *, #5259, .T. ) ;
#5259 = EDGE_CURVE ( 'NONE', #5257, #5261, #9486, .T. ) ;
#5260 = UNCERTAINTY_MEASURE_WITH_UNIT (LENGTH_MEASURE( 1.000000000000000100E-005 ), #5271, 'distance_accuracy_value', 'NONE');
#5261 = VERTEX_POINT ( 'NONE', #9482 ) ;
#5262 = ORIENTED_EDGE ( 'NONE', *, *, #5263, .T. ) ;
#5263 = EDGE_CURVE ( 'NONE', #5261, #5293, #9481, .T. ) ;
#5264 =( NAMED_UNIT ( * ) SI_UNIT ( $, .STERADIAN. ) SOLID_ANGLE_UNIT ( ) );
#5265 = ADVANCED_FACE ( 'NONE', ( #9477 ), #9476, .T. ) ;
#5266 =( NAMED_UNIT ( * ) PLANE_ANGLE_UNIT ( ) SI_UNIT ( $, .RADIAN. ) );
#5267 = EDGE_LOOP ( 'NONE', ( #5268, #5358, #5363, #5366 ) ) ;
#5268 = ORIENTED_EDGE ( 'NONE', *, *, #5269, .F. ) ;
#5269 = EDGE_CURVE ( 'NONE', #5270, #5272, #9471, .T. ) ;
#5270 = VERTEX_POINT ( 'NONE', #9467 ) ;
#5272 = VERTEX_POINT ( 'NONE', #9466 ) ;
#5271 =( LENGTH_UNIT ( ) NAMED_UNIT ( * ) SI_UNIT ( .MILLI., .METRE. ) );
#5273 = ORIENTED_EDGE ( 'NONE', *, *, #5274, .F. ) ;
#5274 = EDGE_CURVE ( 'NONE', #5191, #5189, #9465, .T. ) ;
#5275 = MECHANICAL_DESIGN_GEOMETRIC_PRESENTATION_REPRESENTATION (  '', ( #5279 ), #5252 ) ;
#5276 = ORIENTED_EDGE ( 'NONE', *, *, #5278, .F. ) ;
#5277 = PRESENTATION_LAYER_ASSIGNMENT (  '', '', ( #5279 ) ) ;
#5278 = EDGE_CURVE ( 'NONE', #5308, #5191, #9461, .T. ) ;
#5279 = STYLED_ITEM ( 'NONE', ( #5280 ), #2502 ) ;
#5280 = PRESENTATION_STYLE_ASSIGNMENT (( #5281 ) ) ;
#5281 = SURFACE_STYLE_USAGE ( .BOTH. , #5283 ) ;
#5282 = ADVANCED_FACE ( 'NONE', ( #9457 ), #9518, .F. ) ;
#5283 = SURFACE_SIDE_STYLE ('',( #5284 ) ) ;
#5284 = SURFACE_STYLE_FILL_AREA ( #5285 ) ;
#5285 = FILL_AREA_STYLE ('',( #5298 ) ) ;
#5287 = EDGE_LOOP ( 'NONE', ( #5288, #5297, #5301, #5255, #5258, #5262 ) ) ;
#5286 = COLOUR_RGB ( '',0.1568627450980392100, 0.1568627450980392100, 0.1568627450980392100 ) ;
#5288 = ORIENTED_EDGE ( 'NONE', *, *, #5290, .T. ) ;
#5289 = DIRECTION ( 'NONE',  ( 0.0000000000000000000, 0.0000000000000000000, 1.000000000000000000 ) ) ;
#5290 = EDGE_CURVE ( 'NONE', #5293, #5295, #9516, .T. ) ;
#5291 = DIRECTION ( 'NONE',  ( -1.000000000000000000, 0.0000000000000000000, 0.0000000000000000000 ) ) ;
#5293 = VERTEX_POINT ( 'NONE', #9509 ) ;
#5292 = AXIS2_PLACEMENT_3D ( 'NONE', #5303, #5291, #5289 ) ;
#5294 = CYLINDRICAL_SURFACE ( 'NONE', #5292, 0.1269999999999999500 ) ;
#5295 = VERTEX_POINT ( 'NONE', #9508 ) ;
#5296 = FACE_OUTER_BOUND ( 'NONE', #2374, .T. ) ;
#5297 = ORIENTED_EDGE ( 'NONE', *, *, #5299, .T. ) ;
#5299 = EDGE_CURVE ( 'NONE', #5295, #5300, #9507, .T. ) ;
#5298 = FILL_AREA_STYLE_COLOUR ( '', #5286 ) ;
#5300 = VERTEX_POINT ( 'NONE', #9503 ) ;
#5301 = ORIENTED_EDGE ( 'NONE', *, *, #5302, .F. ) ;
#5302 = EDGE_CURVE ( 'NONE', #5254, #5300, #9502, .T. ) ;
#5303 = CARTESIAN_POINT ( 'NONE',  ( -3.571999999999992100, 9.732910840789392300, 1.571000000000000000 ) ) ;
#5304 = EDGE_LOOP ( 'NONE', ( #5305, #5310, #5183, #5187, #5273, #5276 ) ) ;
#5305 = ORIENTED_EDGE ( 'NONE', *, *, #5307, .T. ) ;
#5306 =( GEOMETRIC_REPRESENTATION_CONTEXT ( 3 ) GLOBAL_UNCERTAINTY_ASSIGNED_CONTEXT ( ( #5314 ) ) GLOBAL_UNIT_ASSIGNED_CONTEXT ( ( #5195, #5190, #5186 ) ) REPRESENTATION_CONTEXT ( 'NONE', 'WORKASPACE' ) );
#5307 = EDGE_CURVE ( 'NONE', #5308, #5309, #9498, .T. ) ;
#5308 = VERTEX_POINT ( 'NONE', #9494 ) ;
#5309 = VERTEX_POINT ( 'NONE', #9493 ) ;
#5310 = ORIENTED_EDGE ( 'NONE', *, *, #5311, .T. ) ;
#5311 = EDGE_CURVE ( 'NONE', #5309, #5181, #9492, .T. ) ;
#5312 = VERTEX_POINT ( 'NONE', #9488 ) ;
#5313 = ORIENTED_EDGE ( 'NONE', *, *, #5315, .T. ) ;
#5314 = UNCERTAINTY_MEASURE_WITH_UNIT (LENGTH_MEASURE( 1.000000000000000100E-005 ), #5195, 'distance_accuracy_value', 'NONE');
#5315 = EDGE_CURVE ( 'NONE', #5312, #1616, #9550, .T. ) ;
#5316 = CIRCLE ( 'NONE', #5326, 0.05080000000000015100 ) ;
#5317 = ORIENTED_EDGE ( 'NONE', *, *, #1204, .T. ) ;
#5318 = ORIENTED_EDGE ( 'NONE', *, *, #5415, .F. ) ;
#5319 = DIRECTION ( 'NONE',  ( -0.7071067811865561200, 0.7071067811865390200, 0.0000000000000000000 ) ) ;
#5320 = EDGE_LOOP ( 'NONE', ( #5322, #5328, #5331, #5334 ) ) ;
#5321 = DIRECTION ( 'NONE',  ( 0.7071067811865391400, 0.7071067811865560100, 0.0000000000000000000 ) ) ;
#5322 = ORIENTED_EDGE ( 'NONE', *, *, #5325, .F. ) ;
#5323 = AXIS2_PLACEMENT_3D ( 'NONE', #5332, #5321, #5319 ) ;
#5325 = EDGE_CURVE ( 'NONE', #5327, #5246, #9546, .T. ) ;
#5324 = CYLINDRICAL_SURFACE ( 'NONE', #5323, 0.05079999999999989400 ) ;
#5326 = AXIS2_PLACEMENT_3D ( 'NONE', #5449, #5447, #5445 ) ;
#5327 = VERTEX_POINT ( 'NONE', #9542 ) ;
#5328 = ORIENTED_EDGE ( 'NONE', *, *, #5329, .T. ) ;
#5329 = EDGE_CURVE ( 'NONE', #5327, #5330, #9541, .T. ) ;
#5330 = VERTEX_POINT ( 'NONE', #9537 ) ;
#5331 = ORIENTED_EDGE ( 'NONE', *, *, #5333, .T. ) ;
#5332 = CARTESIAN_POINT ( 'NONE',  ( 17.61407897551580600, -2.214078975515513500, 0.9016999999999998300 ) ) ;
#5333 = EDGE_CURVE ( 'NONE', #5330, #5245, #9536, .T. ) ;
#5334 = ORIENTED_EDGE ( 'NONE', *, *, #5379, .T. ) ;
#5335 =( GEOMETRIC_REPRESENTATION_CONTEXT ( 3 ) GLOBAL_UNCERTAINTY_ASSIGNED_CONTEXT ( ( #5342 ) ) GLOBAL_UNIT_ASSIGNED_CONTEXT ( ( #5354, #5349, #5344 ) ) REPRESENTATION_CONTEXT ( 'NONE', 'WORKASPACE' ) );
#5336 = ADVANCED_FACE ( 'NONE', ( #9532 ), #9531, .F. ) ;
#5337 = EDGE_LOOP ( 'NONE', ( #5338, #5339, #5439, #5442, #5444, #5446, #5313, #5317, #5318, #5418, #5420, #5422 ) ) ;
#5338 = ORIENTED_EDGE ( 'NONE', *, *, #5302, .T. ) ;
#5339 = ORIENTED_EDGE ( 'NONE', *, *, #5436, .T. ) ;
#5340 = ORIENTED_EDGE ( 'NONE', *, *, #5341, .F. ) ;
#5341 = EDGE_CURVE ( 'NONE', #5246, #5254, #9525, .T. ) ;
#5342 = UNCERTAINTY_MEASURE_WITH_UNIT (LENGTH_MEASURE( 1.000000000000000100E-005 ), #5354, 'distance_accuracy_value', 'NONE');
#5343 = ADVANCED_FACE ( 'NONE', ( #9521 ), #9519, .T. ) ;
#5344 =( NAMED_UNIT ( * ) SI_UNIT ( $, .STERADIAN. ) SOLID_ANGLE_UNIT ( ) );
#5345 = ORIENTED_EDGE ( 'NONE', *, *, #5346, .F. ) ;
#5346 = EDGE_CURVE ( 'NONE', #5347, #5272, #9579, .T. ) ;
#5347 = VERTEX_POINT ( 'NONE', #9575 ) ;
#5348 = ORIENTED_EDGE ( 'NONE', *, *, #5350, .T. ) ;
#5349 =( NAMED_UNIT ( * ) PLANE_ANGLE_UNIT ( ) SI_UNIT ( $, .RADIAN. ) );
#5350 = EDGE_CURVE ( 'NONE', #5347, #5351, #9574, .T. ) ;
#5351 = VERTEX_POINT ( 'NONE', #9570 ) ;
#5352 = ORIENTED_EDGE ( 'NONE', *, *, #5353, .T. ) ;
#5353 = EDGE_CURVE ( 'NONE', #5351, #5270, #9569, .T. ) ;
#5354 =( LENGTH_UNIT ( ) NAMED_UNIT ( * ) SI_UNIT ( .MILLI., .METRE. ) );
#5355 = ORIENTED_EDGE ( 'NONE', *, *, #5269, .T. ) ;
#5357 = ADVANCED_FACE ( 'NONE', ( #9565 ), #9564, .T. ) ;
#5356 = MECHANICAL_DESIGN_GEOMETRIC_PRESENTATION_REPRESENTATION (  '', ( #5360 ), #5335 ) ;
#5358 = ORIENTED_EDGE ( 'NONE', *, *, #5361, .T. ) ;
#5359 = PRESENTATION_LAYER_ASSIGNMENT (  '', '', ( #5360 ) ) ;
#5361 = EDGE_CURVE ( 'NONE', #5270, #5308, #9558, .T. ) ;
#5360 = STYLED_ITEM ( 'NONE', ( #5362 ), #2503 ) ;
#5362 = PRESENTATION_STYLE_ASSIGNMENT (( #5364 ) ) ;
#5363 = ORIENTED_EDGE ( 'NONE', *, *, #5278, .T. ) ;
#5364 = SURFACE_STYLE_USAGE ( .BOTH. , #5365 ) ;
#5365 = SURFACE_SIDE_STYLE ('',( #5367 ) ) ;
#5366 = ORIENTED_EDGE ( 'NONE', *, *, #5369, .F. ) ;
#5367 = SURFACE_STYLE_FILL_AREA ( #5368 ) ;
#5369 = EDGE_CURVE ( 'NONE', #5272, #5191, #9553, .T. ) ;
#5368 = FILL_AREA_STYLE ('',( #5380 ) ) ;
#5370 = COLOUR_RGB ( '',0.7529411764705882200, 0.7529411764705882200, 0.7529411764705882200 ) ;
#5371 = DIRECTION ( 'NONE',  ( 0.0000000000000000000, 0.0000000000000000000, -1.000000000000000000 ) ) ;
#5372 = ADVANCED_FACE ( 'NONE', ( #9554 ), #9612, .F. ) ;
#5373 = DIRECTION ( 'NONE',  ( 1.000000000000000000, 0.0000000000000000000, 0.0000000000000000000 ) ) ;
#5374 = CARTESIAN_POINT ( 'NONE',  ( -3.571999999999992100, -9.951561715413879100, 1.365995774351318500 ) ) ;
#5376 = EDGE_LOOP ( 'NONE', ( #5378, #5248, #5251, #5340 ) ) ;
#5375 = AXIS2_PLACEMENT_3D ( 'NONE', #5374, #5373, #5371 ) ;
#5378 = ORIENTED_EDGE ( 'NONE', *, *, #5379, .F. ) ;
#5377 = FACE_OUTER_BOUND ( 'NONE', #2506, .T. ) ;
#5379 = EDGE_CURVE ( 'NONE', #5245, #5246, #9608, .T. ) ;
#5380 = FILL_AREA_STYLE_COLOUR ( '', #5370 ) ;
#5381 = ORIENTED_EDGE ( 'NONE', *, *, #11429, .T. ) ;
#5382 = ORIENTED_EDGE ( 'NONE', *, *, #5399, .F. ) ;
#5383 = ORIENTED_EDGE ( 'NONE', *, *, #5385, .T. ) ;
#5384 = CARTESIAN_POINT ( 'NONE',  ( 9.828957951031505000, -9.999199999999998300, 0.9016999999999998300 ) ) ;
#5385 = EDGE_CURVE ( 'NONE', #5431, #5347, #9604, .T. ) ;
#5386 = AXIS2_PLACEMENT_3D ( 'NONE', #5384, #5528, #5527 ) ;
#5387 = ORIENTED_EDGE ( 'NONE', *, *, #5346, .T. ) ;
#5388 = FILL_AREA_STYLE_COLOUR ( '', #5523 ) ;
#5389 = ORIENTED_EDGE ( 'NONE', *, *, #5369, .T. ) ;
#5390 = ADVANCED_FACE ( 'NONE', ( #9599 ), #9598, .F. ) ;
#5391 = DIRECTION ( 'NONE',  ( 1.000000000000000000, 0.0000000000000000000, 0.0000000000000000000 ) ) ;
#5392 = DIRECTION ( 'NONE',  ( 0.0000000000000000000, 1.000000000000000000, 0.0000000000000000000 ) ) ;
#5393 = EDGE_LOOP ( 'NONE', ( #5395, #5397, #5502, #5504 ) ) ;
#5394 = AXIS2_PLACEMENT_3D ( 'NONE', #5402, #5392, #5391 ) ;
#5395 = ORIENTED_EDGE ( 'NONE', *, *, #5524, .F. ) ;
#5396 = SPHERICAL_SURFACE ( 'NONE', #5394, 0.05080000000000000500 ) ;
#5397 = ORIENTED_EDGE ( 'NONE', *, *, #5501, .T. ) ;
#5398 = CIRCLE ( 'NONE', #5386, 0.05080000000000051100 ) ;
#5399 = EDGE_CURVE ( 'NONE', #5431, #11427, #9593, .T. ) ;
#5400 = ORIENTED_EDGE ( 'NONE', *, *, #2821, .T. ) ;
#5401 = ADVANCED_FACE ( 'NONE', ( #9589 ), #9587, .F. ) ;
#5402 = CARTESIAN_POINT ( 'NONE',  ( 9.828957951031505000, -9.999200000000000100, 0.9016999999999998300 ) ) ;
#5403 = EDGE_LOOP ( 'NONE', ( #5404, #5406, #5408, #5409, #5410, #5411, #5521, #5381, #5382, #5383, #5387, #5389 ) ) ;
#5404 = ORIENTED_EDGE ( 'NONE', *, *, #5274, .T. ) ;
#5405 =( GEOMETRIC_REPRESENTATION_CONTEXT ( 3 ) GLOBAL_UNCERTAINTY_ASSIGNED_CONTEXT ( ( #5413 ) ) GLOBAL_UNIT_ASSIGNED_CONTEXT ( ( #5424, #5421, #5416 ) ) REPRESENTATION_CONTEXT ( 'NONE', 'WORKASPACE' ) );
#5406 = ORIENTED_EDGE ( 'NONE', *, *, #5407, .T. ) ;
#5407 = EDGE_CURVE ( 'NONE', #5189, #5261, #9588, .T. ) ;
#5408 = ORIENTED_EDGE ( 'NONE', *, *, #5259, .F. ) ;
#5409 = ORIENTED_EDGE ( 'NONE', *, *, #5250, .F. ) ;
#5410 = ORIENTED_EDGE ( 'NONE', *, *, #5333, .F. ) ;
#5411 = ORIENTED_EDGE ( 'NONE', *, *, #5412, .T. ) ;
#5412 = EDGE_CURVE ( 'NONE', #5330, #5414, #9642, .T. ) ;
#5413 = UNCERTAINTY_MEASURE_WITH_UNIT (LENGTH_MEASURE( 1.000000000000000100E-005 ), #5424, 'distance_accuracy_value', 'NONE');
#5414 = VERTEX_POINT ( 'NONE', #9637 ) ;
#5415 = EDGE_CURVE ( 'NONE', #5417, #28, #9636, .T. ) ;
#5417 = VERTEX_POINT ( 'NONE', #9632 ) ;
#5416 =( NAMED_UNIT ( * ) SI_UNIT ( $, .STERADIAN. ) SOLID_ANGLE_UNIT ( ) );
#5418 = ORIENTED_EDGE ( 'NONE', *, *, #5419, .T. ) ;
#5419 = EDGE_CURVE ( 'NONE', #5417, #5327, #9631, .T. ) ;
#5420 = ORIENTED_EDGE ( 'NONE', *, *, #5325, .T. ) ;
#5421 =( NAMED_UNIT ( * ) PLANE_ANGLE_UNIT ( ) SI_UNIT ( $, .RADIAN. ) );
#5422 = ORIENTED_EDGE ( 'NONE', *, *, #5341, .T. ) ;
#5423 = ADVANCED_FACE ( 'NONE', ( #9626 ), #9625, .F. ) ;
#5425 = EDGE_LOOP ( 'NONE', ( #5426, #5427, #5433, #5400 ) ) ;
#5424 =( LENGTH_UNIT ( ) NAMED_UNIT ( * ) SI_UNIT ( .MILLI., .METRE. ) );
#5426 = ORIENTED_EDGE ( 'NONE', *, *, #5315, .F. ) ;
#5427 = ORIENTED_EDGE ( 'NONE', *, *, #5429, .T. ) ;
#5428 = MECHANICAL_DESIGN_GEOMETRIC_PRESENTATION_REPRESENTATION (  '', ( #5432 ), #5405 ) ;
#5429 = EDGE_CURVE ( 'NONE', #5312, #5431, #9623, .T. ) ;
#5430 = PRESENTATION_LAYER_ASSIGNMENT (  '', '', ( #5432 ) ) ;
#5431 = VERTEX_POINT ( 'NONE', #9616 ) ;
#5432 = STYLED_ITEM ( 'NONE', ( #5434 ), #2515 ) ;
#5433 = ORIENTED_EDGE ( 'NONE', *, *, #5399, .T. ) ;
#5434 = PRESENTATION_STYLE_ASSIGNMENT (( #5435 ) ) ;
#5435 = SURFACE_STYLE_USAGE ( .BOTH. , #5437 ) ;
#5436 = EDGE_CURVE ( 'NONE', #5300, #5309, #9680, .T. ) ;
#5437 = SURFACE_SIDE_STYLE ('',( #5438 ) ) ;
#5438 = SURFACE_STYLE_FILL_AREA ( #5440 ) ;
#5439 = ORIENTED_EDGE ( 'NONE', *, *, #5307, .F. ) ;
#5440 = FILL_AREA_STYLE ('',( #5451 ) ) ;
#5442 = ORIENTED_EDGE ( 'NONE', *, *, #5361, .F. ) ;
#5441 = COLOUR_RGB ( '',0.7529411764705882200, 0.7529411764705882200, 0.7529411764705882200 ) ;
#5443 = FACE_OUTER_BOUND ( 'NONE', #2519, .T. ) ;
#5444 = ORIENTED_EDGE ( 'NONE', *, *, #5353, .F. ) ;
#5446 = ORIENTED_EDGE ( 'NONE', *, *, #5448, .T. ) ;
#5445 = DIRECTION ( 'NONE',  ( 1.000000000000000000, -1.707404996040159300E-014, 0.0000000000000000000 ) ) ;
#5448 = EDGE_CURVE ( 'NONE', #5351, #5312, #9676, .T. ) ;
#5447 = DIRECTION ( 'NONE',  ( 1.707404996040159300E-014, 1.000000000000000000, 0.0000000000000000000 ) ) ;
#5449 = CARTESIAN_POINT ( 'NONE',  ( 12.09920000000000300, -7.728957951031445000, 0.05080000000000026900 ) ) ;
#5450 = ORIENTED_EDGE ( 'NONE', *, *, #1542, .T. ) ;
#5451 = FILL_AREA_STYLE_COLOUR ( '', #5441 ) ;
#5452 = ORIENTED_EDGE ( 'NONE', *, *, #5453, .T. ) ;
#5453 = EDGE_CURVE ( 'NONE', #1593, #1532, #9671, .T. ) ;
#5454 = ORIENTED_EDGE ( 'NONE', *, *, #1516, .T. ) ;
#5455 = MECHANICAL_DESIGN_GEOMETRIC_PRESENTATION_REPRESENTATION (  '', ( #5459 ), #5576 ) ;
#5456 = VERTEX_POINT ( 'NONE', #9667 ) ;
#5457 = ORIENTED_EDGE ( 'NONE', *, *, #5593, .T. ) ;
#5458 = PRESENTATION_LAYER_ASSIGNMENT (  '', '', ( #5459 ) ) ;
#5460 = VERTEX_POINT ( 'NONE', #9666 ) ;
#5459 = STYLED_ITEM ( 'NONE', ( #5461 ), #2536 ) ;
#5461 = PRESENTATION_STYLE_ASSIGNMENT (( #5463 ) ) ;
#5462 = ORIENTED_EDGE ( 'NONE', *, *, #5594, .T. ) ;
#5463 = SURFACE_STYLE_USAGE ( .BOTH. , #5464 ) ;
#5465 = ORIENTED_EDGE ( 'NONE', *, *, #5467, .T. ) ;
#5464 = SURFACE_SIDE_STYLE ('',( #5466 ) ) ;
#5466 = SURFACE_STYLE_FILL_AREA ( #5468 ) ;
#5467 = EDGE_CURVE ( 'NONE', #5456, #5460, #9665, .T. ) ;
#5468 = FILL_AREA_STYLE ('',( #5479 ) ) ;
#5469 = COLOUR_RGB ( '',0.7529411764705882200, 0.7529411764705882200, 0.7529411764705882200 ) ;
#5470 = ORIENTED_EDGE ( 'NONE', *, *, #5472, .F. ) ;
#5471 = DIRECTION ( 'NONE',  ( 1.000000000000000000, 0.0000000000000000000, 0.0000000000000000000 ) ) ;
#5472 = EDGE_CURVE ( 'NONE', #1591, #1526, #9661, .T. ) ;
#5473 = DIRECTION ( 'NONE',  ( 1.119176436114069300E-016, -1.000000000000000000, 2.090033135828298400E-033 ) ) ;
#5474 = ORIENTED_EDGE ( 'NONE', *, *, #1569, .T. ) ;
#5475 = AXIS2_PLACEMENT_3D ( 'NONE', #5483, #5473, #5471 ) ;
#5476 = CYLINDRICAL_SURFACE ( 'NONE', #5475, 0.05080000000000015100 ) ;
#5477 = EDGE_LOOP ( 'NONE', ( #5465, #5591, #6968, #6967, #6965, #7041 ) ) ;
#5478 = FACE_OUTER_BOUND ( 'NONE', #2539, .T. ) ;
#5479 = FILL_AREA_STYLE_COLOUR ( '', #5469 ) ;
#5480 = ADVANCED_FACE ( 'NONE', ( #9656 ), #9703, .F. ) ;
#5481 = EDGE_CURVE ( 'NONE', #5490, #5482, #9702, .T. ) ;
#5482 = VERTEX_POINT ( 'NONE', #9694 ) ;
#5484 = EDGE_CURVE ( 'NONE', #1549, #1581, #9693, .T. ) ;
#5483 = CARTESIAN_POINT ( 'NONE',  ( 12.09920000000000200, 7.750000000000000000, 0.05080000000000026200 ) ) ;
#5485 = ORIENTED_EDGE ( 'NONE', *, *, #5486, .F. ) ;
#5486 = EDGE_CURVE ( 'NONE', #1402, #1438, #9689, .T. ) ;
#5487 =( GEOMETRIC_REPRESENTATION_CONTEXT ( 3 ) GLOBAL_UNCERTAINTY_ASSIGNED_CONTEXT ( ( #5495 ) ) GLOBAL_UNIT_ASSIGNED_CONTEXT ( ( #5506, #5503, #5498 ) ) REPRESENTATION_CONTEXT ( 'NONE', 'WORKASPACE' ) );
#5488 = ORIENTED_EDGE ( 'NONE', *, *, #5489, .T. ) ;
#5489 = EDGE_CURVE ( 'NONE', #1536, #1528, #9685, .T. ) ;
#5490 = VERTEX_POINT ( 'NONE', #9681 ) ;
#5491 = ORIENTED_EDGE ( 'NONE', *, *, #1400, .T. ) ;
#5492 = ORIENTED_EDGE ( 'NONE', *, *, #5499, .T. ) ;
#5493 = ORIENTED_EDGE ( 'NONE', *, *, #1530, .T. ) ;
#5494 = EDGE_CURVE ( 'NONE', #1499, #1396, #9736, .T. ) ;
#5495 = UNCERTAINTY_MEASURE_WITH_UNIT (LENGTH_MEASURE( 1.000000000000000100E-005 ), #5506, 'distance_accuracy_value', 'NONE');
#5496 = ORIENTED_EDGE ( 'NONE', *, *, #1507, .T. ) ;
#5497 = ORIENTED_EDGE ( 'NONE', *, *, #5481, .T. ) ;
#5499 = EDGE_CURVE ( 'NONE', #1439, #5490, #9732, .T. ) ;
#5498 =( NAMED_UNIT ( * ) SI_UNIT ( $, .STERADIAN. ) SOLID_ANGLE_UNIT ( ) );
#5500 = ORIENTED_EDGE ( 'NONE', *, *, #5494, .F. ) ;
#5501 = EDGE_CURVE ( 'NONE', #5414, #5417, #9728, .T. ) ;
#5502 = ORIENTED_EDGE ( 'NONE', *, *, #5415, .T. ) ;
#5503 =( NAMED_UNIT ( * ) PLANE_ANGLE_UNIT ( ) SI_UNIT ( $, .RADIAN. ) );
#5504 = ORIENTED_EDGE ( 'NONE', *, *, #56, .T. ) ;
#5505 = ADVANCED_FACE ( 'NONE', ( #9724 ), #9722, .T. ) ;
#5506 =( LENGTH_UNIT ( ) NAMED_UNIT ( * ) SI_UNIT ( .MILLI., .METRE. ) );
#5507 = EDGE_LOOP ( 'NONE', ( #5508, #5509, #5513, #5515 ) ) ;
#5508 = ORIENTED_EDGE ( 'NONE', *, *, #5184, .F. ) ;
#5509 = ORIENTED_EDGE ( 'NONE', *, *, #5511, .T. ) ;
#5510 = MECHANICAL_DESIGN_GEOMETRIC_PRESENTATION_REPRESENTATION (  '', ( #5514 ), #5487 ) ;
#5511 = EDGE_CURVE ( 'NONE', #5181, #5295, #9723, .T. ) ;
#5512 = PRESENTATION_LAYER_ASSIGNMENT (  '', '', ( #5514 ) ) ;
#5513 = ORIENTED_EDGE ( 'NONE', *, *, #5290, .F. ) ;
#5514 = STYLED_ITEM ( 'NONE', ( #5516 ), #2526 ) ;
#5515 = ORIENTED_EDGE ( 'NONE', *, *, #5518, .T. ) ;
#5516 = PRESENTATION_STYLE_ASSIGNMENT (( #5517 ) ) ;
#5517 = SURFACE_STYLE_USAGE ( .BOTH. , #5519 ) ;
#5518 = EDGE_CURVE ( 'NONE', #5293, #5185, #9714, .T. ) ;
#5519 = SURFACE_SIDE_STYLE ('',( #5520 ) ) ;
#5520 = SURFACE_STYLE_FILL_AREA ( #5522 ) ;
#5521 = ORIENTED_EDGE ( 'NONE', *, *, #5524, .T. ) ;
#5522 = FILL_AREA_STYLE ('',( #5388 ) ) ;
#5524 = EDGE_CURVE ( 'NONE', #5414, #11426, #9710, .T. ) ;
#5523 = COLOUR_RGB ( '',0.7529411764705882200, 0.7529411764705882200, 0.7529411764705882200 ) ;
#5525 = FACE_OUTER_BOUND ( 'NONE', #2529, .T. ) ;
#5526 = EDGE_CURVE ( 'NONE', #5662, #5559, #9706, .T. ) ;
#5527 = DIRECTION ( 'NONE',  ( 0.7071067811865474600, -0.7071067811865474600, 0.0000000000000000000 ) ) ;
#5528 = DIRECTION ( 'NONE',  ( 0.7071067811865475700, 0.7071067811865475700, 7.243905905590737100E-014 ) ) ;
#5529 = ADVANCED_FACE ( 'NONE', ( #9764 ), #9763, .T. ) ;
#5530 =( LENGTH_UNIT ( ) NAMED_UNIT ( * ) SI_UNIT ( .MILLI., .METRE. ) );
#5531 = EDGE_LOOP ( 'NONE', ( #5532, #5635, #5640, #5642 ) ) ;
#5532 = ORIENTED_EDGE ( 'NONE', *, *, #5533, .F. ) ;
#5533 = EDGE_CURVE ( 'NONE', #5535, #5537, #9758, .T. ) ;
#5534 = MECHANICAL_DESIGN_GEOMETRIC_PRESENTATION_REPRESENTATION (  '', ( #5538 ), #5648 ) ;
#5535 = VERTEX_POINT ( 'NONE', #9754 ) ;
#5536 = PRESENTATION_LAYER_ASSIGNMENT (  '', '', ( #5538 ) ) ;
#5537 = VERTEX_POINT ( 'NONE', #9753 ) ;
#5538 = STYLED_ITEM ( 'NONE', ( #5539 ), #2553 ) ;
#5540 = ORIENTED_EDGE ( 'NONE', *, *, #5542, .F. ) ;
#5539 = PRESENTATION_STYLE_ASSIGNMENT (( #5541 ) ) ;
#5541 = SURFACE_STYLE_USAGE ( .BOTH. , #5543 ) ;
#5542 = EDGE_CURVE ( 'NONE', #5590, #5589, #9752, .T. ) ;
#5543 = SURFACE_SIDE_STYLE ('',( #5544 ) ) ;
#5544 = SURFACE_STYLE_FILL_AREA ( #5546 ) ;
#5545 = ORIENTED_EDGE ( 'NONE', *, *, #5548, .F. ) ;
#5546 = FILL_AREA_STYLE ('',( #5557 ) ) ;
#5547 = COLOUR_RGB ( '',0.7529411764705882200, 0.7529411764705882200, 0.7529411764705882200 ) ;
#5548 = EDGE_CURVE ( 'NONE', #5577, #5590, #9748, .T. ) ;
#5549 = FACE_OUTER_BOUND ( 'NONE', #2557, .T. ) ;
#5550 = DIRECTION ( 'NONE',  ( -3.414809992080318600E-014, 1.000000000000000000, 0.0000000000000000000 ) ) ;
#5551 = ADVANCED_FACE ( 'NONE', ( #9744 ), #9742, .F. ) ;
#5552 = DIRECTION ( 'NONE',  ( 1.000000000000000000, 3.414809992080435400E-014, -0.0000000000000000000 ) ) ;
#5553 = CARTESIAN_POINT ( 'NONE',  ( 9.828957951031503300, -9.999200000000001900, 0.9016999999999998300 ) ) ;
#5555 = EDGE_LOOP ( 'NONE', ( #5556, #5562, #5568, #5655, #5660, #5663 ) ) ;
#5554 = AXIS2_PLACEMENT_3D ( 'NONE', #5553, #5552, #5550 ) ;
#5556 = ORIENTED_EDGE ( 'NONE', *, *, #5558, .T. ) ;
#5557 = FILL_AREA_STYLE_COLOUR ( '', #5547 ) ;
#5558 = EDGE_CURVE ( 'NONE', #5559, #5560, #9743, .T. ) ;
#5559 = VERTEX_POINT ( 'NONE', #9797 ) ;
#5560 = VERTEX_POINT ( 'NONE', #9796 ) ;
#5561 = DIRECTION ( 'NONE',  ( 0.0000000000000000000, 1.000000000000000000, 0.0000000000000000000 ) ) ;
#5562 = ORIENTED_EDGE ( 'NONE', *, *, #5564, .T. ) ;
#5563 = DIRECTION ( 'NONE',  ( 1.000000000000000000, -3.854941057726189300E-016, 0.0000000000000000000 ) ) ;
#5564 = EDGE_CURVE ( 'NONE', #5560, #5566, #9795, .T. ) ;
#5565 = AXIS2_PLACEMENT_3D ( 'NONE', #5573, #5563, #5561 ) ;
#5566 = VERTEX_POINT ( 'NONE', #9791 ) ;
#5567 = CYLINDRICAL_SURFACE ( 'NONE', #5565, 0.05080000000000015100 ) ;
#5568 = ORIENTED_EDGE ( 'NONE', *, *, #5654, .F. ) ;
#5569 = CIRCLE ( 'NONE', #5554, 0.05080000000000015100 ) ;
#5570 = VERTEX_POINT ( 'NONE', #9790 ) ;
#5571 = ADVANCED_FACE ( 'NONE', ( #9789 ), #9788, .F. ) ;
#5572 = EDGE_LOOP ( 'NONE', ( #5574, #5579, #5582, #5586, #5540, #5545 ) ) ;
#5573 = CARTESIAN_POINT ( 'NONE',  ( 5.349999999999992500, -9.999200000000000100, 0.9016999999999998300 ) ) ;
#5574 = ORIENTED_EDGE ( 'NONE', *, *, #5575, .T. ) ;
#5575 = EDGE_CURVE ( 'NONE', #5577, #5578, #9783, .T. ) ;
#5576 =( GEOMETRIC_REPRESENTATION_CONTEXT ( 3 ) GLOBAL_UNCERTAINTY_ASSIGNED_CONTEXT ( ( #5584 ) ) GLOBAL_UNIT_ASSIGNED_CONTEXT ( ( #5597, #5592, #5588 ) ) REPRESENTATION_CONTEXT ( 'NONE', 'WORKASPACE' ) );
#5577 = VERTEX_POINT ( 'NONE', #9779 ) ;
#5578 = VERTEX_POINT ( 'NONE', #9778 ) ;
#5579 = ORIENTED_EDGE ( 'NONE', *, *, #5580, .T. ) ;
#5580 = EDGE_CURVE ( 'NONE', #5578, #5581, #9777, .T. ) ;
#5581 = VERTEX_POINT ( 'NONE', #9773 ) ;
#5582 = ORIENTED_EDGE ( 'NONE', *, *, #5583, .T. ) ;
#5583 = EDGE_CURVE ( 'NONE', #5581, #5585, #9772, .T. ) ;
#5585 = VERTEX_POINT ( 'NONE', #9768 ) ;
#5584 = UNCERTAINTY_MEASURE_WITH_UNIT (LENGTH_MEASURE( 1.000000000000000100E-005 ), #5597, 'distance_accuracy_value', 'NONE');
#5586 = ORIENTED_EDGE ( 'NONE', *, *, #5587, .T. ) ;
#5587 = EDGE_CURVE ( 'NONE', #5585, #5589, #9832, .T. ) ;
#5588 =( NAMED_UNIT ( * ) SI_UNIT ( $, .STERADIAN. ) SOLID_ANGLE_UNIT ( ) );
#5589 = VERTEX_POINT ( 'NONE', #9828 ) ;
#5590 = VERTEX_POINT ( 'NONE', #9827 ) ;
#5591 = ORIENTED_EDGE ( 'NONE', *, *, #235, .T. ) ;
#5593 = EDGE_CURVE ( 'NONE', #5482, #2816, #9826, .T. ) ;
#5592 =( NAMED_UNIT ( * ) PLANE_ANGLE_UNIT ( ) SI_UNIT ( $, .RADIAN. ) );
#5594 = EDGE_CURVE ( 'NONE', #1495, #1408, #9822, .T. ) ;
#5595 = ORIENTED_EDGE ( 'NONE', *, *, #1441, .T. ) ;
#5596 = VERTEX_POINT ( 'NONE', #9818 ) ;
#5598 = ORIENTED_EDGE ( 'NONE', *, *, #5599, .T. ) ;
#5597 =( LENGTH_UNIT ( ) NAMED_UNIT ( * ) SI_UNIT ( .MILLI., .METRE. ) );
#5599 = EDGE_CURVE ( 'NONE', #5596, #5650, #9817, .T. ) ;
#5600 = ORIENTED_EDGE ( 'NONE', *, *, #5649, .T. ) ;
#5601 = ADVANCED_FACE ( 'NONE', ( #9813 ), #9812, .F. ) ;
#5602 =( LENGTH_UNIT ( ) NAMED_UNIT ( * ) SI_UNIT ( .MILLI., .METRE. ) );
#5603 = EDGE_LOOP ( 'NONE', ( #5605, #5708, #5712, #5713, #5714, #5715, #5719, #5722, #5723, #5687, #5690, #5692 ) ) ;
#5604 = MECHANICAL_DESIGN_GEOMETRIC_PRESENTATION_REPRESENTATION (  '', ( #5608 ), #5720 ) ;
#5605 = ORIENTED_EDGE ( 'NONE', *, *, #5654, .T. ) ;
#5606 = ORIENTED_EDGE ( 'NONE', *, *, #5657, .T. ) ;
#5607 = PRESENTATION_LAYER_ASSIGNMENT (  '', '', ( #5608 ) ) ;
#5609 = ORIENTED_EDGE ( 'NONE', *, *, #5611, .F. ) ;
#5608 = STYLED_ITEM ( 'NONE', ( #5610 ), #2560 ) ;
#5610 = PRESENTATION_STYLE_ASSIGNMENT (( #5612 ) ) ;
#5611 = EDGE_CURVE ( 'NONE', #5651, #5570, #9806, .T. ) ;
#5612 = SURFACE_STYLE_USAGE ( .BOTH. , #5613 ) ;
#5613 = SURFACE_SIDE_STYLE ('',( #5614 ) ) ;
#5614 = SURFACE_STYLE_FILL_AREA ( #5615 ) ;
#5616 = ADVANCED_FACE ( 'NONE', ( #9802 ), #9800, .T. ) ;
#5615 = FILL_AREA_STYLE ('',( #5628 ) ) ;
#5617 = COLOUR_RGB ( '',0.7529411764705882200, 0.7529411764705882200, 0.7529411764705882200 ) ;
#5618 = FACE_OUTER_BOUND ( 'NONE', #2465, .T. ) ;
#5619 = EDGE_LOOP ( 'NONE', ( #5621, #5627, #5631, #5633 ) ) ;
#5620 = DIRECTION ( 'NONE',  ( -1.000000000000000000, 0.0000000000000000000, 0.0000000000000000000 ) ) ;
#5621 = ORIENTED_EDGE ( 'NONE', *, *, #5623, .F. ) ;
#5622 = DIRECTION ( 'NONE',  ( -0.0000000000000000000, -0.0000000000000000000, 1.000000000000000000 ) ) ;
#5623 = EDGE_CURVE ( 'NONE', #5626, #5537, #9860, .T. ) ;
#5624 = CARTESIAN_POINT ( 'NONE',  ( 12.09920000000000300, -7.728957951031445900, 0.05080000000000026200 ) ) ;
#5625 = AXIS2_PLACEMENT_3D ( 'NONE', #5624, #5622, #5620 ) ;
#5626 = VERTEX_POINT ( 'NONE', #9856 ) ;
#5627 = ORIENTED_EDGE ( 'NONE', *, *, #5629, .T. ) ;
#5628 = FILL_AREA_STYLE_COLOUR ( '', #5617 ) ;
#5629 = EDGE_CURVE ( 'NONE', #5626, #5630, #9855, .T. ) ;
#5630 = VERTEX_POINT ( 'NONE', #9851 ) ;
#5631 = ORIENTED_EDGE ( 'NONE', *, *, #5632, .T. ) ;
#5632 = EDGE_CURVE ( 'NONE', #5630, #5535, #9850, .T. ) ;
#5633 = ORIENTED_EDGE ( 'NONE', *, *, #5533, .T. ) ;
#5634 = DIRECTION ( 'NONE',  ( 1.000000000000000000, 0.0000000000000000000, 0.0000000000000000000 ) ) ;
#5635 = ORIENTED_EDGE ( 'NONE', *, *, #5637, .T. ) ;
#5636 = DIRECTION ( 'NONE',  ( 0.0000000000000000000, 1.000000000000000000, 0.0000000000000000000 ) ) ;
#5637 = EDGE_CURVE ( 'NONE', #5535, #5577, #9846, .T. ) ;
#5638 = AXIS2_PLACEMENT_3D ( 'NONE', #5645, #5636, #5634 ) ;
#5639 = SPHERICAL_SURFACE ( 'NONE', #5638, 0.05080000000000000500 ) ;
#5640 = ORIENTED_EDGE ( 'NONE', *, *, #5548, .T. ) ;
#5641 = CIRCLE ( 'NONE', #5625, 0.05080000000000015100 ) ;
#5642 = ORIENTED_EDGE ( 'NONE', *, *, #5643, .F. ) ;
#5643 = EDGE_CURVE ( 'NONE', #5537, #5590, #9841, .T. ) ;
#5644 = ADVANCED_FACE ( 'NONE', ( #9836 ), #9835, .F. ) ;
#5645 = CARTESIAN_POINT ( 'NONE',  ( 12.09920000000000300, -7.728957951031446800, 0.05080000000000026900 ) ) ;
#5646 = EDGE_LOOP ( 'NONE', ( #5647, #5652, #5606, #5609 ) ) ;
#5647 = ORIENTED_EDGE ( 'NONE', *, *, #5649, .F. ) ;
#5648 =( GEOMETRIC_REPRESENTATION_CONTEXT ( 3 ) GLOBAL_UNCERTAINTY_ASSIGNED_CONTEXT ( ( #5656 ) ) GLOBAL_UNIT_ASSIGNED_CONTEXT ( ( #5530, #5664, #5659 ) ) REPRESENTATION_CONTEXT ( 'NONE', 'WORKASPACE' ) );
#5649 = EDGE_CURVE ( 'NONE', #5650, #5651, #9890, .T. ) ;
#5650 = VERTEX_POINT ( 'NONE', #9886 ) ;
#5651 = VERTEX_POINT ( 'NONE', #9885 ) ;
#5652 = ORIENTED_EDGE ( 'NONE', *, *, #5653, .T. ) ;
#5653 = EDGE_CURVE ( 'NONE', #5650, #5658, #9884, .T. ) ;
#5654 = EDGE_CURVE ( 'NONE', #5570, #5566, #9879, .T. ) ;
#5655 = ORIENTED_EDGE ( 'NONE', *, *, #5657, .F. ) ;
#5656 = UNCERTAINTY_MEASURE_WITH_UNIT (LENGTH_MEASURE( 1.000000000000000100E-005 ), #5530, 'distance_accuracy_value', 'NONE');
#5657 = EDGE_CURVE ( 'NONE', #5658, #5570, #9875, .T. ) ;
#5658 = VERTEX_POINT ( 'NONE', #9871 ) ;
#5659 =( NAMED_UNIT ( * ) SI_UNIT ( $, .STERADIAN. ) SOLID_ANGLE_UNIT ( ) );
#5660 = ORIENTED_EDGE ( 'NONE', *, *, #5661, .T. ) ;
#5661 = EDGE_CURVE ( 'NONE', #5658, #5662, #9870, .T. ) ;
#5662 = VERTEX_POINT ( 'NONE', #9866 ) ;
#5663 = ORIENTED_EDGE ( 'NONE', *, *, #5526, .T. ) ;
#5664 =( NAMED_UNIT ( * ) PLANE_ANGLE_UNIT ( ) SI_UNIT ( $, .RADIAN. ) );
#5665 = ADVANCED_FACE ( 'NONE', ( #9865 ), #9864, .F. ) ;
#5666 = EDGE_LOOP ( 'NONE', ( #5667, #5668, #5671, #5672, #5673, #5675, #5782, #5785, #5786, #5787, #5790, #5791 ) ) ;
#5667 = ORIENTED_EDGE ( 'NONE', *, *, #5542, .T. ) ;
#5668 = ORIENTED_EDGE ( 'NONE', *, *, #5669, .T. ) ;
#5669 = EDGE_CURVE ( 'NONE', #5589, #5662, #9924, .T. ) ;
#5670 =( LENGTH_UNIT ( ) NAMED_UNIT ( * ) SI_UNIT ( .MILLI., .METRE. ) );
#5671 = ORIENTED_EDGE ( 'NONE', *, *, #5661, .F. ) ;
#5672 = ORIENTED_EDGE ( 'NONE', *, *, #5653, .F. ) ;
#5673 = ORIENTED_EDGE ( 'NONE', *, *, #5599, .F. ) ;
#5674 = MECHANICAL_DESIGN_GEOMETRIC_PRESENTATION_REPRESENTATION (  '', ( #5678 ), #5788 ) ;
#5675 = ORIENTED_EDGE ( 'NONE', *, *, #5677, .T. ) ;
#5676 = PRESENTATION_LAYER_ASSIGNMENT (  '', '', ( #5678 ) ) ;
#5677 = EDGE_CURVE ( 'NONE', #5596, #5680, #9920, .T. ) ;
#5678 = STYLED_ITEM ( 'NONE', ( #5679 ), #2568 ) ;
#5679 = PRESENTATION_STYLE_ASSIGNMENT (( #5681 ) ) ;
#5680 = VERTEX_POINT ( 'NONE', #9915 ) ;
#5681 = SURFACE_STYLE_USAGE ( .BOTH. , #5682 ) ;
#5683 = EDGE_CURVE ( 'NONE', #5686, #1653, #9914, .T. ) ;
#5682 = SURFACE_SIDE_STYLE ('',( #5684 ) ) ;
#5684 = SURFACE_STYLE_FILL_AREA ( #5685 ) ;
#5686 = VERTEX_POINT ( 'NONE', #9910 ) ;
#5685 = FILL_AREA_STYLE ('',( #5699 ) ) ;
#5687 = ORIENTED_EDGE ( 'NONE', *, *, #5688, .T. ) ;
#5688 = EDGE_CURVE ( 'NONE', #5686, #5729, #9908, .T. ) ;
#5689 = COLOUR_RGB ( '',0.7529411764705882200, 0.7529411764705882200, 0.7529411764705882200 ) ;
#5690 = ORIENTED_EDGE ( 'NONE', *, *, #5728, .T. ) ;
#5691 = FACE_OUTER_BOUND ( 'NONE', #2570, .T. ) ;
#5692 = ORIENTED_EDGE ( 'NONE', *, *, #5611, .T. ) ;
#5693 = DIRECTION ( 'NONE',  ( -0.7071067811865561200, 0.7071067811865390200, 0.0000000000000000000 ) ) ;
#5694 = DIRECTION ( 'NONE',  ( 0.7071067811865390200, 0.7071067811865561200, 2.414635301863610700E-014 ) ) ;
#5695 = ADVANCED_FACE ( 'NONE', ( #9909 ), #9903, .F. ) ;
#5696 = CARTESIAN_POINT ( 'NONE',  ( 12.09920000000000300, -7.728957951031446800, 0.05080000000000026200 ) ) ;
#5697 = AXIS2_PLACEMENT_3D ( 'NONE', #5696, #5694, #5693 ) ;
#5698 = EDGE_LOOP ( 'NONE', ( #5700, #5701, #5706, #5798 ) ) ;
#5699 = FILL_AREA_STYLE_COLOUR ( '', #5689 ) ;
#5700 = ORIENTED_EDGE ( 'NONE', *, *, #5721, .F. ) ;
#5701 = ORIENTED_EDGE ( 'NONE', *, *, #5702, .T. ) ;
#5702 = EDGE_CURVE ( 'NONE', #5718, #5704, #9902, .T. ) ;
#5703 = DIRECTION ( 'NONE',  ( 0.7071067811865561200, -0.7071067811865390200, 0.0000000000000000000 ) ) ;
#5704 = VERTEX_POINT ( 'NONE', #9958 ) ;
#5705 = DIRECTION ( 'NONE',  ( -0.7071067811865391400, -0.7071067811865560100, -1.320503680706629800E-017 ) ) ;
#5706 = ORIENTED_EDGE ( 'NONE', *, *, #3979, .T. ) ;
#5707 = AXIS2_PLACEMENT_3D ( 'NONE', #5717, #5705, #5703 ) ;
#5708 = ORIENTED_EDGE ( 'NONE', *, *, #5710, .T. ) ;
#5709 = CYLINDRICAL_SURFACE ( 'NONE', #5707, 0.05079999999999989400 ) ;
#5710 = EDGE_CURVE ( 'NONE', #5566, #5578, #9957, .T. ) ;
#5711 = CIRCLE ( 'NONE', #5697, 0.05079999999999989400 ) ;
#5712 = ORIENTED_EDGE ( 'NONE', *, *, #5575, .F. ) ;
#5713 = ORIENTED_EDGE ( 'NONE', *, *, #5637, .F. ) ;
#5714 = ORIENTED_EDGE ( 'NONE', *, *, #5632, .F. ) ;
#5715 = ORIENTED_EDGE ( 'NONE', *, *, #5716, .T. ) ;
#5716 = EDGE_CURVE ( 'NONE', #5630, #5718, #9953, .T. ) ;
#5717 = CARTESIAN_POINT ( 'NONE',  ( 12.11407897551572600, -7.714078975515724000, 0.05080000000000026200 ) ) ;
#5718 = VERTEX_POINT ( 'NONE', #9948 ) ;
#5719 = ORIENTED_EDGE ( 'NONE', *, *, #5721, .T. ) ;
#5721 = EDGE_CURVE ( 'NONE', #5718, #1651, #9947, .T. ) ;
#5720 =( GEOMETRIC_REPRESENTATION_CONTEXT ( 3 ) GLOBAL_UNCERTAINTY_ASSIGNED_CONTEXT ( ( #5727 ) ) GLOBAL_UNIT_ASSIGNED_CONTEXT ( ( #5602, #5734, #5730 ) ) REPRESENTATION_CONTEXT ( 'NONE', 'WORKASPACE' ) );
#5722 = ORIENTED_EDGE ( 'NONE', *, *, #1649, .T. ) ;
#5723 = ORIENTED_EDGE ( 'NONE', *, *, #5683, .F. ) ;
#5724 = ADVANCED_FACE ( 'NONE', ( #9943 ), #9942, .T. ) ;
#5725 = EDGE_LOOP ( 'NONE', ( #5726, #5731, #5598, #5600 ) ) ;
#5726 = ORIENTED_EDGE ( 'NONE', *, *, #5728, .F. ) ;
#5727 = UNCERTAINTY_MEASURE_WITH_UNIT (LENGTH_MEASURE( 1.000000000000000100E-005 ), #5602, 'distance_accuracy_value', 'NONE');
#5728 = EDGE_CURVE ( 'NONE', #5729, #5651, #9937, .T. ) ;
#5729 = VERTEX_POINT ( 'NONE', #9933 ) ;
#5730 =( NAMED_UNIT ( * ) SI_UNIT ( $, .STERADIAN. ) SOLID_ANGLE_UNIT ( ) );
#5731 = ORIENTED_EDGE ( 'NONE', *, *, #5732, .T. ) ;
#5732 = EDGE_CURVE ( 'NONE', #5729, #5596, #9932, .T. ) ;
#5733 = EDGE_CURVE ( 'NONE', #5735, #5868, #9990, .T. ) ;
#5734 =( NAMED_UNIT ( * ) PLANE_ANGLE_UNIT ( ) SI_UNIT ( $, .RADIAN. ) );
#5735 = VERTEX_POINT ( 'NONE', #9986 ) ;
#5736 = ORIENTED_EDGE ( 'NONE', *, *, #5737, .T. ) ;
#5737 = EDGE_CURVE ( 'NONE', #5781, #5738, #9985, .T. ) ;
#5738 = VERTEX_POINT ( 'NONE', #9981 ) ;
#5739 = ORIENTED_EDGE ( 'NONE', *, *, #5740, .T. ) ;
#5740 = EDGE_CURVE ( 'NONE', #5738, #5742, #9980, .T. ) ;
#5741 = UNCERTAINTY_MEASURE_WITH_UNIT (LENGTH_MEASURE( 1.000000000000000100E-005 ), #5754, 'distance_accuracy_value', 'NONE');
#5742 = VERTEX_POINT ( 'NONE', #9976 ) ;
#5743 = ORIENTED_EDGE ( 'NONE', *, *, #5745, .T. ) ;
#5745 = EDGE_CURVE ( 'NONE', #5742, #5746, #9975, .T. ) ;
#5744 =( NAMED_UNIT ( * ) SI_UNIT ( $, .STERADIAN. ) SOLID_ANGLE_UNIT ( ) );
#5746 = VERTEX_POINT ( 'NONE', #9971 ) ;
#5747 = ORIENTED_EDGE ( 'NONE', *, *, #5748, .T. ) ;
#5748 = EDGE_CURVE ( 'NONE', #5746, #5750, #9970, .T. ) ;
#5749 =( NAMED_UNIT ( * ) PLANE_ANGLE_UNIT ( ) SI_UNIT ( $, .RADIAN. ) );
#5750 = VERTEX_POINT ( 'NONE', #9966 ) ;
#5751 = ORIENTED_EDGE ( 'NONE', *, *, #5850, .F. ) ;
#5752 = EDGE_CURVE ( 'NONE', #5680, #5686, #9965, .T. ) ;
#5753 = ORIENTED_EDGE ( 'NONE', *, *, #5683, .T. ) ;
#5754 =( LENGTH_UNIT ( ) NAMED_UNIT ( * ) SI_UNIT ( .MILLI., .METRE. ) );
#5755 = ORIENTED_EDGE ( 'NONE', *, *, #50, .T. ) ;
#5756 = ADVANCED_FACE ( 'NONE', ( #9961 ), #9960, .T. ) ;
#5757 = MECHANICAL_DESIGN_GEOMETRIC_PRESENTATION_REPRESENTATION (  '', ( #5760 ), #5870 ) ;
#5758 = PRESENTATION_LAYER_ASSIGNMENT (  '', '', ( #5760 ) ) ;
#5759 = EDGE_LOOP ( 'NONE', ( #5761, #5764, #5770, #5771 ) ) ;
#5760 = STYLED_ITEM ( 'NONE', ( #5762 ), #2583 ) ;
#5761 = ORIENTED_EDGE ( 'NONE', *, *, #5583, .F. ) ;
#5762 = PRESENTATION_STYLE_ASSIGNMENT (( #5763 ) ) ;
#5763 = SURFACE_STYLE_USAGE ( .BOTH. , #5765 ) ;
#5764 = ORIENTED_EDGE ( 'NONE', *, *, #5767, .T. ) ;
#5765 = SURFACE_SIDE_STYLE ('',( #5766 ) ) ;
#5767 = EDGE_CURVE ( 'NONE', #5581, #5560, #10021, .T. ) ;
#5766 = SURFACE_STYLE_FILL_AREA ( #5768 ) ;
#5768 = FILL_AREA_STYLE ('',( #5779 ) ) ;
#5770 = ORIENTED_EDGE ( 'NONE', *, *, #5558, .F. ) ;
#5769 = COLOUR_RGB ( '',0.7529411764705882200, 0.7529411764705882200, 0.7529411764705882200 ) ;
#5771 = ORIENTED_EDGE ( 'NONE', *, *, #5773, .T. ) ;
#5772 = DIRECTION ( 'NONE',  ( -1.000000000000000000, 0.0000000000000000000, 0.0000000000000000000 ) ) ;
#5773 = EDGE_CURVE ( 'NONE', #5559, #5585, #10014, .T. ) ;
#5774 = DIRECTION ( 'NONE',  ( 0.0000000000000000000, 0.0000000000000000000, -1.000000000000000000 ) ) ;
#5775 = AXIS2_PLACEMENT_3D ( 'NONE', #5784, #5774, #5772 ) ;
#5776 = CYLINDRICAL_SURFACE ( 'NONE', #5775, 0.05080000000000015100 ) ;
#5777 = ADVANCED_FACE ( 'NONE', ( #10010 ), #10009, .F. ) ;
#5778 = FACE_OUTER_BOUND ( 'NONE', #2584, .T. ) ;
#5779 = FILL_AREA_STYLE_COLOUR ( '', #5769 ) ;
#5780 = EDGE_LOOP ( 'NONE', ( #5736, #5739, #5743, #5747, #5751, #5852 ) ) ;
#5781 = VERTEX_POINT ( 'NONE', #10004 ) ;
#5782 = ORIENTED_EDGE ( 'NONE', *, *, #5783, .T. ) ;
#5783 = EDGE_CURVE ( 'NONE', #5680, #1625, #10003, .T. ) ;
#5784 = CARTESIAN_POINT ( 'NONE',  ( 9.828957951031505000, -9.999200000000000100, 0.9524999999999999000 ) ) ;
#5785 = ORIENTED_EDGE ( 'NONE', *, *, #1551, .T. ) ;
#5786 = ORIENTED_EDGE ( 'NONE', *, *, #3979, .F. ) ;
#5787 = ORIENTED_EDGE ( 'NONE', *, *, #5789, .T. ) ;
#5788 =( GEOMETRIC_REPRESENTATION_CONTEXT ( 3 ) GLOBAL_UNCERTAINTY_ASSIGNED_CONTEXT ( ( #5794 ) ) GLOBAL_UNIT_ASSIGNED_CONTEXT ( ( #5670, #5800, #5797 ) ) REPRESENTATION_CONTEXT ( 'NONE', 'WORKASPACE' ) );
#5789 = EDGE_CURVE ( 'NONE', #5704, #5626, #9999, .T. ) ;
#5790 = ORIENTED_EDGE ( 'NONE', *, *, #5623, .T. ) ;
#5791 = ORIENTED_EDGE ( 'NONE', *, *, #5643, .T. ) ;
#5792 = ADVANCED_FACE ( 'NONE', ( #9994 ), #9993, .F. ) ;
#5793 = EDGE_LOOP ( 'NONE', ( #5795, #5796, #5753, #5755 ) ) ;
#5794 = UNCERTAINTY_MEASURE_WITH_UNIT (LENGTH_MEASURE( 1.000000000000000100E-005 ), #5670, 'distance_accuracy_value', 'NONE');
#5795 = ORIENTED_EDGE ( 'NONE', *, *, #5783, .F. ) ;
#5796 = ORIENTED_EDGE ( 'NONE', *, *, #5752, .T. ) ;
#5797 =( NAMED_UNIT ( * ) SI_UNIT ( $, .STERADIAN. ) SOLID_ANGLE_UNIT ( ) );
#5798 = ORIENTED_EDGE ( 'NONE', *, *, #2811, .T. ) ;
#5799 = ADVANCED_FACE ( 'NONE', ( #9991 ), #10050, .F. ) ;
#5800 =( NAMED_UNIT ( * ) PLANE_ANGLE_UNIT ( ) SI_UNIT ( $, .RADIAN. ) );
#5801 = EDGE_LOOP ( 'NONE', ( #5803, #5808, #5810, #5811 ) ) ;
#5803 = ORIENTED_EDGE ( 'NONE', *, *, #5804, .F. ) ;
#5802 =( NAMED_UNIT ( * ) SI_UNIT ( $, .STERADIAN. ) SOLID_ANGLE_UNIT ( ) );
#5804 = EDGE_CURVE ( 'NONE', #5805, #5806, #10045, .T. ) ;
#5805 = VERTEX_POINT ( 'NONE', #10041 ) ;
#5806 = VERTEX_POINT ( 'NONE', #10040 ) ;
#5807 =( NAMED_UNIT ( * ) PLANE_ANGLE_UNIT ( ) SI_UNIT ( $, .RADIAN. ) );
#5808 = ORIENTED_EDGE ( 'NONE', *, *, #5809, .T. ) ;
#5809 = EDGE_CURVE ( 'NONE', #5805, #5818, #10039, .T. ) ;
#5810 = ORIENTED_EDGE ( 'NONE', *, *, #5816, .T. ) ;
#5811 = ORIENTED_EDGE ( 'NONE', *, *, #5916, .F. ) ;
#5812 =( LENGTH_UNIT ( ) NAMED_UNIT ( * ) SI_UNIT ( .MILLI., .METRE. ) );
#5813 = EDGE_LOOP ( 'NONE', ( #5918, #5925, #5929, #5932 ) ) ;
#5814 = ORIENTED_EDGE ( 'NONE', *, *, #5816, .F. ) ;
#5815 = MECHANICAL_DESIGN_GEOMETRIC_PRESENTATION_REPRESENTATION (  '', ( #5819 ), #5934 ) ;
#5816 = EDGE_CURVE ( 'NONE', #5818, #5735, #10034, .T. ) ;
#5817 = PRESENTATION_LAYER_ASSIGNMENT (  '', '', ( #5819 ) ) ;
#5818 = VERTEX_POINT ( 'NONE', #10030 ) ;
#5819 = STYLED_ITEM ( 'NONE', ( #5821 ), #2598 ) ;
#5820 = ORIENTED_EDGE ( 'NONE', *, *, #5823, .T. ) ;
#5821 = PRESENTATION_STYLE_ASSIGNMENT (( #5822 ) ) ;
#5823 = EDGE_CURVE ( 'NONE', #5818, #5826, #10029, .T. ) ;
#5822 = SURFACE_STYLE_USAGE ( .BOTH. , #5824 ) ;
#5824 = SURFACE_SIDE_STYLE ('',( #5825 ) ) ;
#5826 = VERTEX_POINT ( 'NONE', #10025 ) ;
#5825 = SURFACE_STYLE_FILL_AREA ( #5827 ) ;
#5827 = FILL_AREA_STYLE ('',( #5840 ) ) ;
#5828 = ORIENTED_EDGE ( 'NONE', *, *, #5831, .T. ) ;
#5829 = COLOUR_RGB ( '',0.7529411764705882200, 0.7529411764705882200, 0.7529411764705882200 ) ;
#5831 = EDGE_CURVE ( 'NONE', #5826, #5863, #10024, .T. ) ;
#5830 = FACE_OUTER_BOUND ( 'NONE', #2600, .T. ) ;
#5832 = DIRECTION ( 'NONE',  ( -0.7071067811865474600, -0.7071067811865474600, 0.0000000000000000000 ) ) ;
#5834 = ADVANCED_FACE ( 'NONE', ( #10083 ), #10082, .T. ) ;
#5833 = DIRECTION ( 'NONE',  ( -0.7071067811865475700, 0.7071067811865475700, 0.0000000000000000000 ) ) ;
#5835 = CARTESIAN_POINT ( 'NONE',  ( 9.828957951031389600, 9.999200000000000100, 0.05080000000000026200 ) ) ;
#5836 = AXIS2_PLACEMENT_3D ( 'NONE', #5835, #5833, #5832 ) ;
#5837 = CIRCLE ( 'NONE', #5836, 0.05080000000000051100 ) ;
#5838 = EDGE_LOOP ( 'NONE', ( #5839, #5845, #5936, #5937 ) ) ;
#5839 = ORIENTED_EDGE ( 'NONE', *, *, #5841, .F. ) ;
#5840 = FILL_AREA_STYLE_COLOUR ( '', #5829 ) ;
#5841 = EDGE_CURVE ( 'NONE', #5842, #5843, #10077, .T. ) ;
#5842 = VERTEX_POINT ( 'NONE', #10073 ) ;
#5843 = VERTEX_POINT ( 'NONE', #10072 ) ;
#5844 = DIRECTION ( 'NONE',  ( 0.7071067811865474600, 0.7071067811865474600, 0.0000000000000000000 ) ) ;
#5845 = ORIENTED_EDGE ( 'NONE', *, *, #5847, .T. ) ;
#5846 = DIRECTION ( 'NONE',  ( 0.7071067811865561200, -0.7071067811865390200, 0.0000000000000000000 ) ) ;
#5847 = EDGE_CURVE ( 'NONE', #5842, #5781, #10071, .T. ) ;
#5848 = CARTESIAN_POINT ( 'NONE',  ( 12.09920000000000200, 7.728957951031445000, 0.05080000000000026900 ) ) ;
#5850 = EDGE_CURVE ( 'NONE', #5851, #5750, #10066, .T. ) ;
#5849 = AXIS2_PLACEMENT_3D ( 'NONE', #5848, #5846, #5844 ) ;
#5851 = VERTEX_POINT ( 'NONE', #10062 ) ;
#5852 = ORIENTED_EDGE ( 'NONE', *, *, #5853, .F. ) ;
#5853 = EDGE_CURVE ( 'NONE', #5781, #5851, #10061, .T. ) ;
#5854 = DIRECTION ( 'NONE',  ( 0.7071067811865474600, 0.7071067811865474600, 0.0000000000000000000 ) ) ;
#5855 = ADVANCED_FACE ( 'NONE', ( #10057 ), #10056, .F. ) ;
#5856 = DIRECTION ( 'NONE',  ( 0.7071067811865563400, -0.7071067811865388000, 1.320503680706662000E-017 ) ) ;
#5857 = AXIS2_PLACEMENT_3D ( 'NONE', #5866, #5856, #5854 ) ;
#5858 = EDGE_LOOP ( 'NONE', ( #5860, #5865, #5869, #5814, #5820, #5828 ) ) ;
#5859 = CYLINDRICAL_SURFACE ( 'NONE', #5857, 0.05080000000000051100 ) ;
#5860 = ORIENTED_EDGE ( 'NONE', *, *, #5862, .T. ) ;
#5861 = CIRCLE ( 'NONE', #5849, 0.05080000000000051100 ) ;
#5862 = EDGE_CURVE ( 'NONE', #5863, #5864, #10113, .T. ) ;
#5863 = VERTEX_POINT ( 'NONE', #10109 ) ;
#5864 = VERTEX_POINT ( 'NONE', #10108 ) ;
#5865 = ORIENTED_EDGE ( 'NONE', *, *, #5867, .T. ) ;
#5867 = EDGE_CURVE ( 'NONE', #5864, #5868, #10107, .T. ) ;
#5866 = CARTESIAN_POINT ( 'NONE',  ( 9.814078975515666800, 10.01407897551572300, 0.05080000000000026200 ) ) ;
#5868 = VERTEX_POINT ( 'NONE', #10103 ) ;
#5869 = ORIENTED_EDGE ( 'NONE', *, *, #5733, .F. ) ;
#5870 =( GEOMETRIC_REPRESENTATION_CONTEXT ( 3 ) GLOBAL_UNCERTAINTY_ASSIGNED_CONTEXT ( ( #5741 ) ) GLOBAL_UNIT_ASSIGNED_CONTEXT ( ( #5754, #5749, #5744 ) ) REPRESENTATION_CONTEXT ( 'NONE', 'WORKASPACE' ) );
#5871 = ORIENTED_EDGE ( 'NONE', *, *, #5484, .T. ) ;
#5872 = EDGE_CURVE ( 'NONE', #5868, #5738, #10102, .T. ) ;
#5873 = ORIENTED_EDGE ( 'NONE', *, *, #5737, .F. ) ;
#5874 = ORIENTED_EDGE ( 'NONE', *, *, #5847, .F. ) ;
#5876 = ORIENTED_EDGE ( 'NONE', *, *, #5930, .F. ) ;
#5875 = UNCERTAINTY_MEASURE_WITH_UNIT (LENGTH_MEASURE( 1.000000000000000100E-005 ), #5889, 'distance_accuracy_value', 'NONE');
#5877 = ORIENTED_EDGE ( 'NONE', *, *, #5878, .T. ) ;
#5878 = EDGE_CURVE ( 'NONE', #5928, #5880, #10098, .T. ) ;
#5879 =( NAMED_UNIT ( * ) SI_UNIT ( $, .STERADIAN. ) SOLID_ANGLE_UNIT ( ) );
#5880 = VERTEX_POINT ( 'NONE', #10093 ) ;
#5881 = ORIENTED_EDGE ( 'NONE', *, *, #5882, .T. ) ;
#5882 = EDGE_CURVE ( 'NONE', #5880, #1581, #10092, .T. ) ;
#5883 =( NAMED_UNIT ( * ) PLANE_ANGLE_UNIT ( ) SI_UNIT ( $, .RADIAN. ) );
#5884 = ORIENTED_EDGE ( 'NONE', *, *, #1576, .T. ) ;
#5885 = ORIENTED_EDGE ( 'NONE', *, *, #5886, .F. ) ;
#5886 = EDGE_CURVE ( 'NONE', #5990, #1582, #10088, .T. ) ;
#5887 = ORIENTED_EDGE ( 'NONE', *, *, #5888, .F. ) ;
#5888 = EDGE_CURVE ( 'NONE', #5890, #5806, #10146, .T. ) ;
#5889 =( LENGTH_UNIT ( ) NAMED_UNIT ( * ) SI_UNIT ( .MILLI., .METRE. ) );
#5890 = VERTEX_POINT ( 'NONE', #10142 ) ;
#5891 = ORIENTED_EDGE ( 'NONE', *, *, #5893, .T. ) ;
#5892 = MECHANICAL_DESIGN_GEOMETRIC_PRESENTATION_REPRESENTATION (  '', ( #5896 ), #6006 ) ;
#5893 = EDGE_CURVE ( 'NONE', #5890, #5895, #10141, .T. ) ;
#5894 = PRESENTATION_LAYER_ASSIGNMENT (  '', '', ( #5896 ) ) ;
#5895 = VERTEX_POINT ( 'NONE', #10137 ) ;
#5896 = STYLED_ITEM ( 'NONE', ( #5898 ), #2614 ) ;
#5897 = ORIENTED_EDGE ( 'NONE', *, *, #5900, .T. ) ;
#5898 = PRESENTATION_STYLE_ASSIGNMENT (( #5899 ) ) ;
#5900 = EDGE_CURVE ( 'NONE', #5895, #5805, #10136, .T. ) ;
#5899 = SURFACE_STYLE_USAGE ( .BOTH. , #5901 ) ;
#5901 = SURFACE_SIDE_STYLE ('',( #5902 ) ) ;
#5903 = ORIENTED_EDGE ( 'NONE', *, *, #5804, .T. ) ;
#5902 = SURFACE_STYLE_FILL_AREA ( #5904 ) ;
#5904 = FILL_AREA_STYLE ('',( #5915 ) ) ;
#5905 = COLOUR_RGB ( '',0.7529411764705882200, 0.7529411764705882200, 0.7529411764705882200 ) ;
#5907 = ADVANCED_FACE ( 'NONE', ( #10132 ), #10131, .F. ) ;
#5906 = FACE_OUTER_BOUND ( 'NONE', #2616, .T. ) ;
#5908 = DIRECTION ( 'NONE',  ( -0.7071067811865561200, 0.7071067811865390200, 0.0000000000000000000 ) ) ;
#5910 = EDGE_LOOP ( 'NONE', ( #5912, #5914, #5873, #5874, #5876, #5877, #5881, #5884, #5885, #5992, #5996, #5998 ) ) ;
#5909 = DIRECTION ( 'NONE',  ( 0.7071067811865304800, 0.7071067811865646700, -0.0000000000000000000 ) ) ;
#5912 = ORIENTED_EDGE ( 'NONE', *, *, #5733, .T. ) ;
#5911 = CARTESIAN_POINT ( 'NONE',  ( 12.09920000000000300, -7.728957951031447700, 0.9016999999999998300 ) ) ;
#5913 = AXIS2_PLACEMENT_3D ( 'NONE', #5911, #5909, #5908 ) ;
#5914 = ORIENTED_EDGE ( 'NONE', *, *, #5872, .T. ) ;
#5916 = EDGE_CURVE ( 'NONE', #5806, #5735, #10125, .T. ) ;
#5915 = FILL_AREA_STYLE_COLOUR ( '', #5905 ) ;
#5917 = ADVANCED_FACE ( 'NONE', ( #10121 ), #10120, .T. ) ;
#5918 = ORIENTED_EDGE ( 'NONE', *, *, #5920, .F. ) ;
#5919 = DIRECTION ( 'NONE',  ( 1.000000000000000000, 0.0000000000000000000, 0.0000000000000000000 ) ) ;
#5920 = EDGE_CURVE ( 'NONE', #5923, #5843, #10178, .T. ) ;
#5921 = DIRECTION ( 'NONE',  ( 0.0000000000000000000, 1.000000000000000000, 0.0000000000000000000 ) ) ;
#5923 = VERTEX_POINT ( 'NONE', #10174 ) ;
#5922 = AXIS2_PLACEMENT_3D ( 'NONE', #5931, #5921, #5919 ) ;
#5924 = SPHERICAL_SURFACE ( 'NONE', #5922, 0.05080000000000000500 ) ;
#5925 = ORIENTED_EDGE ( 'NONE', *, *, #5927, .T. ) ;
#5926 = CIRCLE ( 'NONE', #5913, 0.05079999999999989400 ) ;
#5927 = EDGE_CURVE ( 'NONE', #5923, #5928, #10173, .T. ) ;
#5928 = VERTEX_POINT ( 'NONE', #10169 ) ;
#5929 = ORIENTED_EDGE ( 'NONE', *, *, #5930, .T. ) ;
#5930 = EDGE_CURVE ( 'NONE', #5928, #5842, #10168, .T. ) ;
#5932 = ORIENTED_EDGE ( 'NONE', *, *, #5841, .T. ) ;
#5931 = CARTESIAN_POINT ( 'NONE',  ( 12.09920000000000200, 7.728957951031445000, 0.05080000000000026900 ) ) ;
#5933 = ADVANCED_FACE ( 'NONE', ( #10164 ), #10163, .T. ) ;
#5934 =( GEOMETRIC_REPRESENTATION_CONTEXT ( 3 ) GLOBAL_UNCERTAINTY_ASSIGNED_CONTEXT ( ( #5941 ) ) GLOBAL_UNIT_ASSIGNED_CONTEXT ( ( #5812, #5807, #5802 ) ) REPRESENTATION_CONTEXT ( 'NONE', 'WORKASPACE' ) );
#5935 = EDGE_LOOP ( 'NONE', ( #5887, #5891, #5897, #5903 ) ) ;
#5936 = ORIENTED_EDGE ( 'NONE', *, *, #5853, .T. ) ;
#5937 = ORIENTED_EDGE ( 'NONE', *, *, #5938, .F. ) ;
#5938 = EDGE_CURVE ( 'NONE', #5843, #5851, #10161, .T. ) ;
#5939 = ORIENTED_EDGE ( 'NONE', *, *, #5940, .T. ) ;
#5940 = EDGE_CURVE ( 'NONE', #5863, #5746, #10153, .T. ) ;
#5941 = UNCERTAINTY_MEASURE_WITH_UNIT (LENGTH_MEASURE( 1.000000000000000100E-005 ), #5812, 'distance_accuracy_value', 'NONE');
#5942 = ADVANCED_FACE ( 'NONE', ( #10149 ), #10148, .F. ) ;
#5943 = EDGE_LOOP ( 'NONE', ( #6051, #6058, #6062, #6068, #6072, #6022 ) ) ;
#5944 =( NAMED_UNIT ( * ) PLANE_ANGLE_UNIT ( ) SI_UNIT ( $, .RADIAN. ) );
#5945 = EDGE_CURVE ( 'NONE', #5988, #1661, #10207, .T. ) ;
#5946 = ORIENTED_EDGE ( 'NONE', *, *, #1548, .T. ) ;
#5947 = ORIENTED_EDGE ( 'NONE', *, *, #6009, .F. ) ;
#5948 = ORIENTED_EDGE ( 'NONE', *, *, #5950, .T. ) ;
#5950 = EDGE_CURVE ( 'NONE', #6007, #5923, #10203, .T. ) ;
#5949 =( LENGTH_UNIT ( ) NAMED_UNIT ( * ) SI_UNIT ( .MILLI., .METRE. ) );
#5951 = ORIENTED_EDGE ( 'NONE', *, *, #5920, .T. ) ;
#5952 = ORIENTED_EDGE ( 'NONE', *, *, #5938, .T. ) ;
#5953 = MECHANICAL_DESIGN_GEOMETRIC_PRESENTATION_REPRESENTATION (  '', ( #5956 ), #6077 ) ;
#5954 = PRESENTATION_LAYER_ASSIGNMENT (  '', '', ( #5956 ) ) ;
#5955 = ADVANCED_FACE ( 'NONE', ( #10198 ), #10197, .F. ) ;
#5956 = STYLED_ITEM ( 'NONE', ( #5957 ), #2633 ) ;
#5957 = PRESENTATION_STYLE_ASSIGNMENT (( #5958 ) ) ;
#5958 = SURFACE_STYLE_USAGE ( .BOTH. , #5960 ) ;
#5959 = EDGE_LOOP ( 'NONE', ( #5962, #5964, #6075, #6076 ) ) ;
#5960 = SURFACE_SIDE_STYLE ('',( #5961 ) ) ;
#5962 = ORIENTED_EDGE ( 'NONE', *, *, #5945, .F. ) ;
#5961 = SURFACE_STYLE_FILL_AREA ( #5963 ) ;
#5963 = FILL_AREA_STYLE ('',( #5976 ) ) ;
#5964 = ORIENTED_EDGE ( 'NONE', *, *, #5967, .T. ) ;
#5965 = COLOUR_RGB ( '',0.7529411764705882200, 0.7529411764705882200, 0.7529411764705882200 ) ;
#5967 = EDGE_CURVE ( 'NONE', #5988, #5990, #10195, .T. ) ;
#5966 = FACE_OUTER_BOUND ( 'NONE', #2636, .T. ) ;
#5968 = DIRECTION ( 'NONE',  ( 0.0000000000000000000, 1.707404996040164400E-014, 1.000000000000000000 ) ) ;
#5970 = ADVANCED_FACE ( 'NONE', ( #10188 ), #10186, .F. ) ;
#5969 = DIRECTION ( 'NONE',  ( 0.0000000000000000000, 1.000000000000000000, -1.707404996040164700E-014 ) ) ;
#5971 = CARTESIAN_POINT ( 'NONE',  ( 12.09920000000000200, 7.728957951031445900, 0.05080000000000026200 ) ) ;
#5972 = AXIS2_PLACEMENT_3D ( 'NONE', #5971, #5969, #5968 ) ;
#5973 = CIRCLE ( 'NONE', #5972, 0.05080000000000000500 ) ;
#5974 = EDGE_LOOP ( 'NONE', ( #5975, #5977, #5979, #5981, #5983, #5985, #5989, #5946, #5947, #5948, #5951, #5952 ) ) ;
#5975 = ORIENTED_EDGE ( 'NONE', *, *, #5850, .T. ) ;
#5976 = FILL_AREA_STYLE_COLOUR ( '', #5965 ) ;
#5977 = ORIENTED_EDGE ( 'NONE', *, *, #5978, .T. ) ;
#5978 = EDGE_CURVE ( 'NONE', #5750, #5826, #10187, .T. ) ;
#5979 = ORIENTED_EDGE ( 'NONE', *, *, #5823, .F. ) ;
#5980 = DIRECTION ( 'NONE',  ( 0.0000000000000000000, 0.0000000000000000000, -1.000000000000000000 ) ) ;
#5981 = ORIENTED_EDGE ( 'NONE', *, *, #5809, .F. ) ;
#5982 = DIRECTION ( 'NONE',  ( 1.000000000000000000, -0.0000000000000000000, 0.0000000000000000000 ) ) ;
#5983 = ORIENTED_EDGE ( 'NONE', *, *, #5900, .F. ) ;
#5984 = CARTESIAN_POINT ( 'NONE',  ( 9.828957951031389600, 9.999200000000000100, 0.05080000000000022000 ) ) ;
#5985 = ORIENTED_EDGE ( 'NONE', *, *, #5987, .T. ) ;
#5986 = AXIS2_PLACEMENT_3D ( 'NONE', #5984, #5982, #5980 ) ;
#5987 = EDGE_CURVE ( 'NONE', #5895, #5988, #10241, .T. ) ;
#5988 = VERTEX_POINT ( 'NONE', #10236 ) ;
#5989 = ORIENTED_EDGE ( 'NONE', *, *, #5945, .T. ) ;
#5990 = VERTEX_POINT ( 'NONE', #10235 ) ;
#5992 = ORIENTED_EDGE ( 'NONE', *, *, #5994, .T. ) ;
#5991 = DIRECTION ( 'NONE',  ( 0.0000000000000000000, 0.0000000000000000000, -1.000000000000000000 ) ) ;
#5994 = EDGE_CURVE ( 'NONE', #5990, #5890, #10234, .T. ) ;
#5993 = DIRECTION ( 'NONE',  ( 1.000000000000000000, 0.0000000000000000000, 1.867474214418929300E-017 ) ) ;
#5995 = AXIS2_PLACEMENT_3D ( 'NONE', #6003, #5993, #5991 ) ;
#5996 = ORIENTED_EDGE ( 'NONE', *, *, #5888, .T. ) ;
#5997 = CYLINDRICAL_SURFACE ( 'NONE', #5995, 0.05080000000000000500 ) ;
#5998 = ORIENTED_EDGE ( 'NONE', *, *, #5916, .T. ) ;
#5999 = CIRCLE ( 'NONE', #5986, 0.05080000000000000500 ) ;
#6000 = ADVANCED_FACE ( 'NONE', ( #10229 ), #10228, .F. ) ;
#6001 = EDGE_LOOP ( 'NONE', ( #6002, #6004, #6008, #5871 ) ) ;
#6002 = ORIENTED_EDGE ( 'NONE', *, *, #5882, .F. ) ;
#6003 = CARTESIAN_POINT ( 'NONE',  ( 5.350000000000000500, 9.999200000000000100, 0.05080000000000015100 ) ) ;
#6004 = ORIENTED_EDGE ( 'NONE', *, *, #6005, .T. ) ;
#6005 = EDGE_CURVE ( 'NONE', #5880, #6007, #10226, .T. ) ;
#6007 = VERTEX_POINT ( 'NONE', #10219 ) ;
#6006 =( GEOMETRIC_REPRESENTATION_CONTEXT ( 3 ) GLOBAL_UNCERTAINTY_ASSIGNED_CONTEXT ( ( #5875 ) ) GLOBAL_UNIT_ASSIGNED_CONTEXT ( ( #5889, #5883, #5879 ) ) REPRESENTATION_CONTEXT ( 'NONE', 'WORKASPACE' ) );
#6008 = ORIENTED_EDGE ( 'NONE', *, *, #6009, .T. ) ;
#6009 = EDGE_CURVE ( 'NONE', #6007, #1549, #10218, .T. ) ;
#6010 = EDGE_LOOP ( 'NONE', ( #6011, #6017, #6124, #6126 ) ) ;
#6011 = ORIENTED_EDGE ( 'NONE', *, *, #6012, .F. ) ;
#6012 = EDGE_CURVE ( 'NONE', #6013, #6015, #10214, .T. ) ;
#6013 = VERTEX_POINT ( 'NONE', #10210 ) ;
#6014 = MECHANICAL_DESIGN_GEOMETRIC_PRESENTATION_REPRESENTATION (  '', ( #6018 ), #6134 ) ;
#6015 = VERTEX_POINT ( 'NONE', #10272 ) ;
#6016 = PRESENTATION_LAYER_ASSIGNMENT (  '', '', ( #6018 ) ) ;
#6017 = ORIENTED_EDGE ( 'NONE', *, *, #6122, .T. ) ;
#6018 = STYLED_ITEM ( 'NONE', ( #6020 ), #2661 ) ;
#6019 = EDGE_CURVE ( 'NONE', #6073, #6071, #10271, .T. ) ;
#6020 = PRESENTATION_STYLE_ASSIGNMENT (( #6021 ) ) ;
#6021 = SURFACE_STYLE_USAGE ( .BOTH. , #6023 ) ;
#6022 = ORIENTED_EDGE ( 'NONE', *, *, #6025, .F. ) ;
#6023 = SURFACE_SIDE_STYLE ('',( #6024 ) ) ;
#6024 = SURFACE_STYLE_FILL_AREA ( #6026 ) ;
#6025 = EDGE_CURVE ( 'NONE', #6056, #6073, #10267, .T. ) ;
#6026 = FILL_AREA_STYLE ('',( #6038 ) ) ;
#6027 = COLOUR_RGB ( '',0.7529411764705882200, 0.7529411764705882200, 0.7529411764705882200 ) ;
#6028 = FACE_OUTER_BOUND ( 'NONE', #2662, .T. ) ;
#6029 = ADVANCED_FACE ( 'NONE', ( #10263 ), #10261, .F. ) ;
#6030 = DIRECTION ( 'NONE',  ( -1.000000000000000000, 1.707404996040159300E-014, 0.0000000000000000000 ) ) ;
#6031 = DIRECTION ( 'NONE',  ( 1.707404996040159300E-014, 1.000000000000000000, -0.0000000000000000000 ) ) ;
#6032 = EDGE_LOOP ( 'NONE', ( #6035, #6041, #6045, #6140, #6144, #6148 ) ) ;
#6033 = CARTESIAN_POINT ( 'NONE',  ( 12.09920000000000200, 7.728957951031446800, 0.9016999999999998300 ) ) ;
#6034 = AXIS2_PLACEMENT_3D ( 'NONE', #6033, #6031, #6030 ) ;
#6035 = ORIENTED_EDGE ( 'NONE', *, *, #6037, .T. ) ;
#6036 = CIRCLE ( 'NONE', #6034, 0.05080000000000015100 ) ;
#6037 = EDGE_CURVE ( 'NONE', #6039, #6040, #10262, .T. ) ;
#6038 = FILL_AREA_STYLE_COLOUR ( '', #6027 ) ;
#6039 = VERTEX_POINT ( 'NONE', #10253 ) ;
#6040 = VERTEX_POINT ( 'NONE', #10252 ) ;
#6041 = ORIENTED_EDGE ( 'NONE', *, *, #6042, .T. ) ;
#6042 = EDGE_CURVE ( 'NONE', #6040, #6044, #10251, .T. ) ;
#6043 = CARTESIAN_POINT ( 'NONE',  ( -1.650000000000002800, -9.000000000000000000, 0.02540000000000000600 ) ) ;
#6044 = VERTEX_POINT ( 'NONE', #10247 ) ;
#6045 = ORIENTED_EDGE ( 'NONE', *, *, #6047, .F. ) ;
#6046 = CARTESIAN_POINT ( 'NONE',  ( -1.083788702343032800, 9.771448653716284100, 4.881859072165501500 ) ) ;
#6047 = EDGE_CURVE ( 'NONE', #6049, #6044, #10246, .T. ) ;
#6048 = CARTESIAN_POINT ( 'NONE',  ( 4.079999999999996500, -8.999999999999998200, 0.02540000000000011300 ) ) ;
#6049 = VERTEX_POINT ( 'NONE', #10242 ) ;
#6050 = DIRECTION ( 'NONE',  ( 1.000000000000000000, 0.0000000000000000000, 0.0000000000000000000 ) ) ;
#6051 = ORIENTED_EDGE ( 'NONE', *, *, #6053, .T. ) ;
#6052 = DIRECTION ( 'NONE',  ( -0.0000000000000000000, 0.0000000000000000000, 1.000000000000000000 ) ) ;
#6053 = EDGE_CURVE ( 'NONE', #6056, #6057, #10304, .T. ) ;
#6054 = CARTESIAN_POINT ( 'NONE',  ( 12.09920000000000300, -7.728957951031446800, 0.9016999999999998300 ) ) ;
#6055 = AXIS2_PLACEMENT_3D ( 'NONE', #6054, #6052, #6050 ) ;
#6056 = VERTEX_POINT ( 'NONE', #10300 ) ;
#6057 = VERTEX_POINT ( 'NONE', #10299 ) ;
#6058 = ORIENTED_EDGE ( 'NONE', *, *, #6059, .T. ) ;
#6059 = EDGE_CURVE ( 'NONE', #6057, #6060, #10298, .T. ) ;
#6060 = VERTEX_POINT ( 'NONE', #10294 ) ;
#6061 = DIRECTION ( 'NONE',  ( -1.000000000000000000, 0.0000000000000000000, 0.0000000000000000000 ) ) ;
#6062 = ORIENTED_EDGE ( 'NONE', *, *, #6064, .T. ) ;
#6063 = DIRECTION ( 'NONE',  ( 0.0000000000000000000, 0.0000000000000000000, -1.000000000000000000 ) ) ;
#6064 = EDGE_CURVE ( 'NONE', #6060, #6066, #10293, .T. ) ;
#6065 = AXIS2_PLACEMENT_3D ( 'NONE', #6074, #6063, #6061 ) ;
#6066 = VERTEX_POINT ( 'NONE', #10289 ) ;
#6067 = CYLINDRICAL_SURFACE ( 'NONE', #6065, 0.05080000000000015100 ) ;
#6068 = ORIENTED_EDGE ( 'NONE', *, *, #6070, .T. ) ;
#6069 = CIRCLE ( 'NONE', #6055, 0.05080000000000015100 ) ;
#6070 = EDGE_CURVE ( 'NONE', #6066, #6071, #10288, .T. ) ;
#6071 = VERTEX_POINT ( 'NONE', #10284 ) ;
#6072 = ORIENTED_EDGE ( 'NONE', *, *, #6019, .F. ) ;
#6073 = VERTEX_POINT ( 'NONE', #10283 ) ;
#6075 = ORIENTED_EDGE ( 'NONE', *, *, #5886, .T. ) ;
#6074 = CARTESIAN_POINT ( 'NONE',  ( 12.09920000000000300, -7.728957951031445900, 0.9524999999999999000 ) ) ;
#6076 = ORIENTED_EDGE ( 'NONE', *, *, #7044, .T. ) ;
#6077 =( GEOMETRIC_REPRESENTATION_CONTEXT ( 3 ) GLOBAL_UNCERTAINTY_ASSIGNED_CONTEXT ( ( #6084 ) ) GLOBAL_UNIT_ASSIGNED_CONTEXT ( ( #5949, #5944, #6087 ) ) REPRESENTATION_CONTEXT ( 'NONE', 'WORKASPACE' ) );
#6078 = ADVANCED_FACE ( 'NONE', ( #10282 ), #10281, .T. ) ;
#6079 = EDGE_LOOP ( 'NONE', ( #6080, #6081, #6083, #5939 ) ) ;
#6080 = ORIENTED_EDGE ( 'NONE', *, *, #5745, .F. ) ;
#6081 = ORIENTED_EDGE ( 'NONE', *, *, #6082, .T. ) ;
#6082 = EDGE_CURVE ( 'NONE', #5742, #5864, #10276, .T. ) ;
#6083 = ORIENTED_EDGE ( 'NONE', *, *, #5862, .F. ) ;
#6084 = UNCERTAINTY_MEASURE_WITH_UNIT (LENGTH_MEASURE( 1.000000000000000100E-005 ), #5949, 'distance_accuracy_value', 'NONE');
#6085 = EDGE_LOOP ( 'NONE', ( #6086, #6088, #6192, #6194, #6196, #6198, #6202, #6205, #6206, #6165, #6171, #6173 ) ) ;
#6086 = ORIENTED_EDGE ( 'NONE', *, *, #6047, .T. ) ;
#6088 = ORIENTED_EDGE ( 'NONE', *, *, #6190, .T. ) ;
#6087 =( NAMED_UNIT ( * ) SI_UNIT ( $, .STERADIAN. ) SOLID_ANGLE_UNIT ( ) );
#6089 = ORIENTED_EDGE ( 'NONE', *, *, #6091, .F. ) ;
#6091 = EDGE_CURVE ( 'NONE', #6136, #6049, #10336, .T. ) ;
#6090 =( LENGTH_UNIT ( ) NAMED_UNIT ( * ) SI_UNIT ( .MILLI., .METRE. ) );
#6092 = ADVANCED_FACE ( 'NONE', ( #10331 ), #10330, .T. ) ;
#6093 = MECHANICAL_DESIGN_GEOMETRIC_PRESENTATION_REPRESENTATION (  '', ( #6096 ), #6208 ) ;
#6094 = PRESENTATION_LAYER_ASSIGNMENT (  '', '', ( #6096 ) ) ;
#6095 = EDGE_LOOP ( 'NONE', ( #6098, #6106, #6112, #6116 ) ) ;
#6096 = STYLED_ITEM ( 'NONE', ( #6097 ), #2672 ) ;
#6098 = ORIENTED_EDGE ( 'NONE', *, *, #6100, .F. ) ;
#6097 = PRESENTATION_STYLE_ASSIGNMENT (( #6099 ) ) ;
#6099 = SURFACE_STYLE_USAGE ( .BOTH. , #6101 ) ;
#6100 = EDGE_CURVE ( 'NONE', #6103, #6015, #10325, .T. ) ;
#6101 = SURFACE_SIDE_STYLE ('',( #6102 ) ) ;
#6102 = SURFACE_STYLE_FILL_AREA ( #6104 ) ;
#6103 = VERTEX_POINT ( 'NONE', #10321 ) ;
#6104 = FILL_AREA_STYLE ('',( #6117 ) ) ;
#6105 = COLOUR_RGB ( '',0.7529411764705882200, 0.7529411764705882200, 0.7529411764705882200 ) ;
#6106 = ORIENTED_EDGE ( 'NONE', *, *, #6108, .T. ) ;
#6107 = FACE_OUTER_BOUND ( 'NONE', #2673, .T. ) ;
#6108 = EDGE_CURVE ( 'NONE', #6103, #6110, #10320, .T. ) ;
#6109 = DIRECTION ( 'NONE',  ( -3.414809992080326200E-014, 0.0000000000000000000, -1.000000000000000000 ) ) ;
#6110 = VERTEX_POINT ( 'NONE', #10316 ) ;
#6111 = DIRECTION ( 'NONE',  ( 1.000000000000000000, 0.0000000000000000000, -3.414809992080326200E-014 ) ) ;
#6112 = ORIENTED_EDGE ( 'NONE', *, *, #6114, .T. ) ;
#6113 = CARTESIAN_POINT ( 'NONE',  ( 9.828957951031389600, 9.999200000000000100, 0.9016999999999998300 ) ) ;
#6114 = EDGE_CURVE ( 'NONE', #6110, #6013, #10315, .T. ) ;
#6115 = AXIS2_PLACEMENT_3D ( 'NONE', #6113, #6111, #6109 ) ;
#6116 = ORIENTED_EDGE ( 'NONE', *, *, #6012, .T. ) ;
#6117 = FILL_AREA_STYLE_COLOUR ( '', #6105 ) ;
#6118 = ADVANCED_FACE ( 'NONE', ( #10311 ), #10310, .T. ) ;
#6119 = DIRECTION ( 'NONE',  ( 0.0000000000000000000, 0.0000000000000000000, 1.000000000000000000 ) ) ;
#6120 = EDGE_LOOP ( 'NONE', ( #6210, #6213, #6217, #6220 ) ) ;
#6121 = DIRECTION ( 'NONE',  ( -1.000000000000000000, 0.0000000000000000000, 0.0000000000000000000 ) ) ;
#6122 = EDGE_CURVE ( 'NONE', #6013, #6056, #10367, .T. ) ;
#6123 = AXIS2_PLACEMENT_3D ( 'NONE', #6130, #6121, #6119 ) ;
#6124 = ORIENTED_EDGE ( 'NONE', *, *, #6025, .T. ) ;
#6125 = CYLINDRICAL_SURFACE ( 'NONE', #6123, 0.05080000000000004000 ) ;
#6126 = ORIENTED_EDGE ( 'NONE', *, *, #6128, .F. ) ;
#6127 = CIRCLE ( 'NONE', #6115, 0.05080000000000004000 ) ;
#6128 = EDGE_CURVE ( 'NONE', #6015, #6073, #10363, .T. ) ;
#6129 = ADVANCED_FACE ( 'NONE', ( #10358 ), #10357, .F. ) ;
#6131 = EDGE_LOOP ( 'NONE', ( #6132, #6137, #6139, #6089 ) ) ;
#6130 = CARTESIAN_POINT ( 'NONE',  ( 5.350000000000000500, 9.999200000000000100, 0.9016999999999998300 ) ) ;
#6132 = ORIENTED_EDGE ( 'NONE', *, *, #6133, .F. ) ;
#6133 = EDGE_CURVE ( 'NONE', #6135, #6136, #10352, .T. ) ;
#6134 =( GEOMETRIC_REPRESENTATION_CONTEXT ( 3 ) GLOBAL_UNCERTAINTY_ASSIGNED_CONTEXT ( ( #6142 ) ) GLOBAL_UNIT_ASSIGNED_CONTEXT ( ( #6153, #6150, #6146 ) ) REPRESENTATION_CONTEXT ( 'NONE', 'WORKASPACE' ) );
#6135 = VERTEX_POINT ( 'NONE', #10348 ) ;
#6136 = VERTEX_POINT ( 'NONE', #10347 ) ;
#6137 = ORIENTED_EDGE ( 'NONE', *, *, #6138, .T. ) ;
#6138 = EDGE_CURVE ( 'NONE', #6135, #6143, #10346, .T. ) ;
#6139 = ORIENTED_EDGE ( 'NONE', *, *, #6141, .T. ) ;
#6140 = ORIENTED_EDGE ( 'NONE', *, *, #6141, .F. ) ;
#6141 = EDGE_CURVE ( 'NONE', #6143, #6049, #10341, .T. ) ;
#6142 = UNCERTAINTY_MEASURE_WITH_UNIT (LENGTH_MEASURE( 1.000000000000000100E-005 ), #6153, 'distance_accuracy_value', 'NONE');
#6143 = VERTEX_POINT ( 'NONE', #10337 ) ;
#6144 = ORIENTED_EDGE ( 'NONE', *, *, #6145, .T. ) ;
#6145 = EDGE_CURVE ( 'NONE', #6143, #6147, #10399, .T. ) ;
#6146 =( NAMED_UNIT ( * ) SI_UNIT ( $, .STERADIAN. ) SOLID_ANGLE_UNIT ( ) );
#6147 = VERTEX_POINT ( 'NONE', #10395 ) ;
#6148 = ORIENTED_EDGE ( 'NONE', *, *, #6149, .T. ) ;
#6149 = EDGE_CURVE ( 'NONE', #6147, #6039, #10394, .T. ) ;
#6150 =( NAMED_UNIT ( * ) PLANE_ANGLE_UNIT ( ) SI_UNIT ( $, .RADIAN. ) );
#6151 = ADVANCED_FACE ( 'NONE', ( #10390 ), #10389, .T. ) ;
#6152 = ORIENTED_EDGE ( 'NONE', *, *, #6019, .T. ) ;
#6153 =( LENGTH_UNIT ( ) NAMED_UNIT ( * ) SI_UNIT ( .MILLI., .METRE. ) );
#6154 = ORIENTED_EDGE ( 'NONE', *, *, #6155, .T. ) ;
#6155 = EDGE_CURVE ( 'NONE', #6071, #6147, #10384, .T. ) ;
#6156 = ORIENTED_EDGE ( 'NONE', *, *, #6145, .F. ) ;
#6157 = ORIENTED_EDGE ( 'NONE', *, *, #6138, .F. ) ;
#6158 =( LENGTH_UNIT ( ) NAMED_UNIT ( * ) SI_UNIT ( .MILLI., .METRE. ) );
#6159 = ORIENTED_EDGE ( 'NONE', *, *, #6218, .F. ) ;
#6160 = ORIENTED_EDGE ( 'NONE', *, *, #6161, .T. ) ;
#6161 = EDGE_CURVE ( 'NONE', #6215, #6163, #10380, .T. ) ;
#6162 = MECHANICAL_DESIGN_GEOMETRIC_PRESENTATION_REPRESENTATION (  '', ( #6166 ), #6278 ) ;
#6163 = VERTEX_POINT ( 'NONE', #10375 ) ;
#6164 = PRESENTATION_LAYER_ASSIGNMENT (  '', '', ( #6166 ) ) ;
#6165 = ORIENTED_EDGE ( 'NONE', *, *, #6168, .T. ) ;
#6166 = STYLED_ITEM ( 'NONE', ( #6167 ), #2680 ) ;
#6168 = EDGE_CURVE ( 'NONE', #6209, #6212, #10373, .T. ) ;
#6167 = PRESENTATION_STYLE_ASSIGNMENT (( #6169 ) ) ;
#6169 = SURFACE_STYLE_USAGE ( .BOTH. , #6170 ) ;
#6171 = ORIENTED_EDGE ( 'NONE', *, *, #6211, .T. ) ;
#6170 = SURFACE_SIDE_STYLE ('',( #6172 ) ) ;
#6172 = SURFACE_STYLE_FILL_AREA ( #6174 ) ;
#6173 = ORIENTED_EDGE ( 'NONE', *, *, #6091, .T. ) ;
#6174 = FILL_AREA_STYLE ('',( #6185 ) ) ;
#6175 = COLOUR_RGB ( '',0.7529411764705882200, 0.7529411764705882200, 0.7529411764705882200 ) ;
#6176 = FACE_OUTER_BOUND ( 'NONE', #2683, .T. ) ;
#6177 = ADVANCED_FACE ( 'NONE', ( #10374 ), #10368, .F. ) ;
#6178 = DIRECTION ( 'NONE',  ( -1.000000000000000000, 0.0000000000000000000, -8.003460918938246800E-016 ) ) ;
#6179 = DIRECTION ( 'NONE',  ( -7.545735318323614800E-016, -0.0000000000000000000, 1.000000000000000000 ) ) ;
#6180 = EDGE_LOOP ( 'NONE', ( #6182, #6184, #6188, #6285 ) ) ;
#6181 = CARTESIAN_POINT ( 'NONE',  ( 9.828957951031389600, 9.999200000000000100, 0.05080000000000023400 ) ) ;
#6182 = ORIENTED_EDGE ( 'NONE', *, *, #6203, .F. ) ;
#6183 = AXIS2_PLACEMENT_3D ( 'NONE', #6181, #6179, #6178 ) ;
#6184 = ORIENTED_EDGE ( 'NONE', *, *, #6186, .T. ) ;
#6185 = FILL_AREA_STYLE_COLOUR ( '', #6175 ) ;
#6186 = EDGE_CURVE ( 'NONE', #6201, #6187, #10430, .T. ) ;
#6187 = VERTEX_POINT ( 'NONE', #10422 ) ;
#6188 = ORIENTED_EDGE ( 'NONE', *, *, #6189, .T. ) ;
#6189 = EDGE_CURVE ( 'NONE', #6187, #1591, #10421, .T. ) ;
#6190 = EDGE_CURVE ( 'NONE', #6044, #6057, #10417, .T. ) ;
#6191 = DIRECTION ( 'NONE',  ( -1.000000000000000000, 0.0000000000000000000, 0.0000000000000000000 ) ) ;
#6192 = ORIENTED_EDGE ( 'NONE', *, *, #6053, .F. ) ;
#6193 = DIRECTION ( 'NONE',  ( 0.0000000000000000000, 0.0000000000000000000, -1.000000000000000000 ) ) ;
#6194 = ORIENTED_EDGE ( 'NONE', *, *, #6122, .F. ) ;
#6195 = AXIS2_PLACEMENT_3D ( 'NONE', #6204, #6193, #6191 ) ;
#6196 = ORIENTED_EDGE ( 'NONE', *, *, #6114, .F. ) ;
#6197 = CYLINDRICAL_SURFACE ( 'NONE', #6195, 0.05080000000000015100 ) ;
#6198 = ORIENTED_EDGE ( 'NONE', *, *, #6200, .T. ) ;
#6199 = CIRCLE ( 'NONE', #6183, 0.05080000000000015100 ) ;
#6200 = EDGE_CURVE ( 'NONE', #6110, #6201, #10413, .T. ) ;
#6201 = VERTEX_POINT ( 'NONE', #10408 ) ;
#6202 = ORIENTED_EDGE ( 'NONE', *, *, #6203, .T. ) ;
#6203 = EDGE_CURVE ( 'NONE', #6201, #1526, #10407, .T. ) ;
#6204 = CARTESIAN_POINT ( 'NONE',  ( 9.828957951031389600, 9.999200000000000100, 0.9524999999999999000 ) ) ;
#6205 = ORIENTED_EDGE ( 'NONE', *, *, #1525, .T. ) ;
#6206 = ORIENTED_EDGE ( 'NONE', *, *, #6207, .F. ) ;
#6207 = EDGE_CURVE ( 'NONE', #6209, #1527, #10403, .T. ) ;
#6208 =( GEOMETRIC_REPRESENTATION_CONTEXT ( 3 ) GLOBAL_UNCERTAINTY_ASSIGNED_CONTEXT ( ( #6216 ) ) GLOBAL_UNIT_ASSIGNED_CONTEXT ( ( #6090, #6222, #6219 ) ) REPRESENTATION_CONTEXT ( 'NONE', 'WORKASPACE' ) );
#6209 = VERTEX_POINT ( 'NONE', #10460 ) ;
#6210 = ORIENTED_EDGE ( 'NONE', *, *, #6211, .F. ) ;
#6211 = EDGE_CURVE ( 'NONE', #6212, #6136, #10459, .T. ) ;
#6212 = VERTEX_POINT ( 'NONE', #10455 ) ;
#6213 = ORIENTED_EDGE ( 'NONE', *, *, #6214, .T. ) ;
#6214 = EDGE_CURVE ( 'NONE', #6212, #6215, #10454, .T. ) ;
#6215 = VERTEX_POINT ( 'NONE', #10450 ) ;
#6216 = UNCERTAINTY_MEASURE_WITH_UNIT (LENGTH_MEASURE( 1.000000000000000100E-005 ), #6090, 'distance_accuracy_value', 'NONE');
#6217 = ORIENTED_EDGE ( 'NONE', *, *, #6218, .T. ) ;
#6218 = EDGE_CURVE ( 'NONE', #6215, #6135, #10449, .T. ) ;
#6219 =( NAMED_UNIT ( * ) SI_UNIT ( $, .STERADIAN. ) SOLID_ANGLE_UNIT ( ) );
#6220 = ORIENTED_EDGE ( 'NONE', *, *, #6133, .T. ) ;
#6221 = ADVANCED_FACE ( 'NONE', ( #10445 ), #10444, .F. ) ;
#6222 =( NAMED_UNIT ( * ) PLANE_ANGLE_UNIT ( ) SI_UNIT ( $, .RADIAN. ) );
#6223 = VERTEX_POINT ( 'NONE', #10439 ) ;
#6224 = ORIENTED_EDGE ( 'NONE', *, *, #6225, .T. ) ;
#6225 = EDGE_CURVE ( 'NONE', #6223, #6227, #10438, .T. ) ;
#6226 =( NAMED_UNIT ( * ) PLANE_ANGLE_UNIT ( ) SI_UNIT ( $, .RADIAN. ) );
#6227 = VERTEX_POINT ( 'NONE', #10434 ) ;
#6228 = ORIENTED_EDGE ( 'NONE', *, *, #6229, .T. ) ;
#6229 = EDGE_CURVE ( 'NONE', #6227, #6230, #10433, .T. ) ;
#6230 = VERTEX_POINT ( 'NONE', #10491 ) ;
#6231 = ORIENTED_EDGE ( 'NONE', *, *, #6233, .T. ) ;
#6232 =( LENGTH_UNIT ( ) NAMED_UNIT ( * ) SI_UNIT ( .MILLI., .METRE. ) );
#6233 = EDGE_CURVE ( 'NONE', #6230, #6234, #10490, .T. ) ;
#6234 = VERTEX_POINT ( 'NONE', #10486 ) ;
#6235 = MECHANICAL_DESIGN_GEOMETRIC_PRESENTATION_REPRESENTATION (  '', ( #6239 ), #6347 ) ;
#6236 = ORIENTED_EDGE ( 'NONE', *, *, #6238, .F. ) ;
#6237 = PRESENTATION_LAYER_ASSIGNMENT (  '', '', ( #6239 ) ) ;
#6238 = EDGE_CURVE ( 'NONE', #6240, #6234, #10485, .T. ) ;
#6239 = STYLED_ITEM ( 'NONE', ( #6241 ), #2693 ) ;
#6240 = VERTEX_POINT ( 'NONE', #10481 ) ;
#6241 = PRESENTATION_STYLE_ASSIGNMENT (( #6242 ) ) ;
#6242 = SURFACE_STYLE_USAGE ( .BOTH. , #6244 ) ;
#6243 = ORIENTED_EDGE ( 'NONE', *, *, #6207, .T. ) ;
#6244 = SURFACE_SIDE_STYLE ('',( #6245 ) ) ;
#6246 = ORIENTED_EDGE ( 'NONE', *, *, #7036, .T. ) ;
#6245 = SURFACE_STYLE_FILL_AREA ( #6247 ) ;
#6247 = FILL_AREA_STYLE ('',( #6258 ) ) ;
#6248 = COLOUR_RGB ( '',0.7529411764705882200, 0.7529411764705882200, 0.7529411764705882200 ) ;
#6250 = ADVANCED_FACE ( 'NONE', ( #10480 ), #10479, .T. ) ;
#6249 = FACE_OUTER_BOUND ( 'NONE', #2694, .T. ) ;
#6251 = DIRECTION ( 'NONE',  ( 1.000000000000000000, 0.0000000000000000000, 0.0000000000000000000 ) ) ;
#6253 = EDGE_LOOP ( 'NONE', ( #6255, #6257, #6260, #6261 ) ) ;
#6252 = DIRECTION ( 'NONE',  ( 0.0000000000000000000, 0.0000000000000000000, 1.000000000000000000 ) ) ;
#6255 = ORIENTED_EDGE ( 'NONE', *, *, #6064, .F. ) ;
#6254 = CARTESIAN_POINT ( 'NONE',  ( 12.09920000000000200, 7.728957951031445900, 0.9016999999999998300 ) ) ;
#6256 = AXIS2_PLACEMENT_3D ( 'NONE', #6254, #6252, #6251 ) ;
#6257 = ORIENTED_EDGE ( 'NONE', *, *, #6259, .T. ) ;
#6259 = EDGE_CURVE ( 'NONE', #6060, #6040, #10474, .T. ) ;
#6258 = FILL_AREA_STYLE_COLOUR ( '', #6248 ) ;
#6260 = ORIENTED_EDGE ( 'NONE', *, *, #6037, .F. ) ;
#6261 = ORIENTED_EDGE ( 'NONE', *, *, #6262, .T. ) ;
#6262 = EDGE_CURVE ( 'NONE', #6039, #6066, #10470, .T. ) ;
#6263 = DIRECTION ( 'NONE',  ( -1.000000000000000000, 0.0000000000000000000, 0.0000000000000000000 ) ) ;
#6264 = DIRECTION ( 'NONE',  ( 0.0000000000000000000, 0.0000000000000000000, -1.000000000000000000 ) ) ;
#6265 = ADVANCED_FACE ( 'NONE', ( #10466 ), #10465, .F. ) ;
#6266 = AXIS2_PLACEMENT_3D ( 'NONE', #6274, #6264, #6263 ) ;
#6267 = CYLINDRICAL_SURFACE ( 'NONE', #6266, 0.05080000000000015100 ) ;
#6268 = CIRCLE ( 'NONE', #6256, 0.05080000000000015100 ) ;
#6269 = EDGE_LOOP ( 'NONE', ( #6355, #6224, #6228, #6231, #6236, #6335 ) ) ;
#6270 = ORIENTED_EDGE ( 'NONE', *, *, #6271, .T. ) ;
#6271 = EDGE_CURVE ( 'NONE', #6163, #1588, #10525, .T. ) ;
#6272 = ORIENTED_EDGE ( 'NONE', *, *, #1587, .T. ) ;
#6273 = ORIENTED_EDGE ( 'NONE', *, *, #6189, .F. ) ;
#6274 = CARTESIAN_POINT ( 'NONE',  ( 12.09920000000000200, 7.728957951031445900, 0.9524999999999999000 ) ) ;
#6275 = ORIENTED_EDGE ( 'NONE', *, *, #6276, .T. ) ;
#6276 = EDGE_CURVE ( 'NONE', #6187, #6103, #10521, .T. ) ;
#6277 = ORIENTED_EDGE ( 'NONE', *, *, #6100, .T. ) ;
#6278 =( GEOMETRIC_REPRESENTATION_CONTEXT ( 3 ) GLOBAL_UNCERTAINTY_ASSIGNED_CONTEXT ( ( #6284 ) ) GLOBAL_UNIT_ASSIGNED_CONTEXT ( ( #6158, #6289, #6286 ) ) REPRESENTATION_CONTEXT ( 'NONE', 'WORKASPACE' ) );
#6279 = ORIENTED_EDGE ( 'NONE', *, *, #6128, .T. ) ;
#6280 = ADVANCED_FACE ( 'NONE', ( #10516 ), #10515, .F. ) ;
#6281 = EDGE_LOOP ( 'NONE', ( #6282, #6283, #6243, #6246 ) ) ;
#6282 = ORIENTED_EDGE ( 'NONE', *, *, #6271, .F. ) ;
#6283 = ORIENTED_EDGE ( 'NONE', *, *, #4399, .T. ) ;
#6284 = UNCERTAINTY_MEASURE_WITH_UNIT (LENGTH_MEASURE( 1.000000000000000100E-005 ), #6158, 'distance_accuracy_value', 'NONE');
#6285 = ORIENTED_EDGE ( 'NONE', *, *, #5472, .T. ) ;
#6287 = ADVANCED_FACE ( 'NONE', ( #10513 ), #10509, .F. ) ;
#6286 =( NAMED_UNIT ( * ) SI_UNIT ( $, .STERADIAN. ) SOLID_ANGLE_UNIT ( ) );
#6288 = EDGE_LOOP ( 'NONE', ( #6152, #6154, #6156, #6157, #6159, #6160, #6270, #6272, #6273, #6275, #6277, #6279 ) ) ;
#6289 =( NAMED_UNIT ( * ) PLANE_ANGLE_UNIT ( ) SI_UNIT ( $, .RADIAN. ) );
#6290 = ADVANCED_FACE ( 'NONE', ( #10503 ), #10502, .F. ) ;
#6291 = EDGE_LOOP ( 'NONE', ( #6293, #6298, #6300, #6301 ) ) ;
#6292 =( NAMED_UNIT ( * ) SI_UNIT ( $, .STERADIAN. ) SOLID_ANGLE_UNIT ( ) );
#6293 = ORIENTED_EDGE ( 'NONE', *, *, #6294, .F. ) ;
#6294 = EDGE_CURVE ( 'NONE', #6295, #6297, #10498, .T. ) ;
#6295 = VERTEX_POINT ( 'NONE', #10494 ) ;
#6296 =( NAMED_UNIT ( * ) PLANE_ANGLE_UNIT ( ) SI_UNIT ( $, .RADIAN. ) );
#6297 = VERTEX_POINT ( 'NONE', #10493 ) ;
#6298 = ORIENTED_EDGE ( 'NONE', *, *, #6299, .T. ) ;
#6299 = EDGE_CURVE ( 'NONE', #6295, #6304, #10555, .T. ) ;
#6300 = ORIENTED_EDGE ( 'NONE', *, *, #6303, .T. ) ;
#6301 = ORIENTED_EDGE ( 'NONE', *, *, #6397, .F. ) ;
#6302 =( LENGTH_UNIT ( ) NAMED_UNIT ( * ) SI_UNIT ( .MILLI., .METRE. ) );
#6303 = EDGE_CURVE ( 'NONE', #6304, #6353, #10556, .T. ) ;
#6304 = VERTEX_POINT ( 'NONE', #10547 ) ;
#6305 = MECHANICAL_DESIGN_GEOMETRIC_PRESENTATION_REPRESENTATION (  '', ( #6309 ), #6419 ) ;
#6306 = ORIENTED_EDGE ( 'NONE', *, *, #6308, .T. ) ;
#6307 = PRESENTATION_LAYER_ASSIGNMENT (  '', '', ( #6309 ) ) ;
#6308 = EDGE_CURVE ( 'NONE', #6304, #6310, #10546, .T. ) ;
#6309 = STYLED_ITEM ( 'NONE', ( #6311 ), #2702 ) ;
#6310 = VERTEX_POINT ( 'NONE', #10542 ) ;
#6311 = PRESENTATION_STYLE_ASSIGNMENT (( #6312 ) ) ;
#6312 = SURFACE_STYLE_USAGE ( .BOTH. , #6314 ) ;
#6313 = ORIENTED_EDGE ( 'NONE', *, *, #6316, .T. ) ;
#6314 = SURFACE_SIDE_STYLE ('',( #6315 ) ) ;
#6316 = EDGE_CURVE ( 'NONE', #6310, #6345, #10541, .T. ) ;
#6315 = SURFACE_STYLE_FILL_AREA ( #6317 ) ;
#6317 = FILL_AREA_STYLE ('',( #6328 ) ) ;
#6318 = COLOUR_RGB ( '',0.7529411764705882200, 0.7529411764705882200, 0.7529411764705882200 ) ;
#6319 = FACE_OUTER_BOUND ( 'NONE', #2703, .T. ) ;
#6320 = ADVANCED_FACE ( 'NONE', ( #10537 ), #10536, .T. ) ;
#6321 = DIRECTION ( 'NONE',  ( -1.000000000000000000, 0.0000000000000000000, 8.003460918938246800E-016 ) ) ;
#6322 = DIRECTION ( 'NONE',  ( 8.003460918938246800E-016, -8.003460918938246800E-016, 1.000000000000000000 ) ) ;
#6323 = EDGE_LOOP ( 'NONE', ( #6325, #6331, #6423, #6424 ) ) ;
#6324 = CARTESIAN_POINT ( 'NONE',  ( 12.09920000000000200, 7.728957951031445900, 0.05080000000000029600 ) ) ;
#6325 = ORIENTED_EDGE ( 'NONE', *, *, #6327, .F. ) ;
#6326 = AXIS2_PLACEMENT_3D ( 'NONE', #6324, #6322, #6321 ) ;
#6327 = EDGE_CURVE ( 'NONE', #6329, #6330, #10531, .T. ) ;
#6328 = FILL_AREA_STYLE_COLOUR ( '', #6318 ) ;
#6329 = VERTEX_POINT ( 'NONE', #10527 ) ;
#6330 = VERTEX_POINT ( 'NONE', #10526 ) ;
#6331 = ORIENTED_EDGE ( 'NONE', *, *, #6332, .T. ) ;
#6332 = EDGE_CURVE ( 'NONE', #6329, #6358, #10586, .T. ) ;
#6333 = DIRECTION ( 'NONE',  ( -1.000000000000000000, 0.0000000000000000000, 0.0000000000000000000 ) ) ;
#6335 = ORIENTED_EDGE ( 'NONE', *, *, #6337, .F. ) ;
#6334 = DIRECTION ( 'NONE',  ( -1.119176436114069300E-016, 1.000000000000000000, 0.0000000000000000000 ) ) ;
#6337 = EDGE_CURVE ( 'NONE', #6358, #6240, #10587, .T. ) ;
#6336 = AXIS2_PLACEMENT_3D ( 'NONE', #6344, #6334, #6333 ) ;
#6338 = CYLINDRICAL_SURFACE ( 'NONE', #6336, 0.05080000000000015100 ) ;
#6339 = CIRCLE ( 'NONE', #6326, 0.05080000000000015100 ) ;
#6340 = ADVANCED_FACE ( 'NONE', ( #10578 ), #10576, .F. ) ;
#6341 = EDGE_LOOP ( 'NONE', ( #6342, #6348, #6351, #6354, #6306, #6313 ) ) ;
#6342 = ORIENTED_EDGE ( 'NONE', *, *, #6343, .T. ) ;
#6343 = EDGE_CURVE ( 'NONE', #6345, #6346, #10577, .T. ) ;
#6344 = CARTESIAN_POINT ( 'NONE',  ( 12.09920000000000200, 10.05000000000000100, 0.9016999999999998300 ) ) ;
#6345 = VERTEX_POINT ( 'NONE', #10568 ) ;
#6346 = VERTEX_POINT ( 'NONE', #10567 ) ;
#6348 = ORIENTED_EDGE ( 'NONE', *, *, #6349, .T. ) ;
#6347 =( GEOMETRIC_REPRESENTATION_CONTEXT ( 3 ) GLOBAL_UNCERTAINTY_ASSIGNED_CONTEXT ( ( #6356 ) ) GLOBAL_UNIT_ASSIGNED_CONTEXT ( ( #6232, #6226, #6359 ) ) REPRESENTATION_CONTEXT ( 'NONE', 'WORKASPACE' ) );
#6349 = EDGE_CURVE ( 'NONE', #6346, #6350, #10566, .T. ) ;
#6350 = VERTEX_POINT ( 'NONE', #10562 ) ;
#6351 = ORIENTED_EDGE ( 'NONE', *, *, #6352, .F. ) ;
#6352 = EDGE_CURVE ( 'NONE', #6353, #6350, #10561, .T. ) ;
#6353 = VERTEX_POINT ( 'NONE', #10557 ) ;
#6354 = ORIENTED_EDGE ( 'NONE', *, *, #6303, .F. ) ;
#6355 = ORIENTED_EDGE ( 'NONE', *, *, #6357, .T. ) ;
#6356 = UNCERTAINTY_MEASURE_WITH_UNIT (LENGTH_MEASURE( 1.000000000000000100E-005 ), #6232, 'distance_accuracy_value', 'NONE');
#6357 = EDGE_CURVE ( 'NONE', #6358, #6223, #10617, .T. ) ;
#6358 = VERTEX_POINT ( 'NONE', #10613 ) ;
#6359 =( NAMED_UNIT ( * ) SI_UNIT ( $, .STERADIAN. ) SOLID_ANGLE_UNIT ( ) );
#6360 = ORIENTED_EDGE ( 'NONE', *, *, #6415, .F. ) ;
#6361 = ORIENTED_EDGE ( 'NONE', *, *, #6362, .T. ) ;
#6362 = EDGE_CURVE ( 'NONE', #6413, #6363, #10612, .T. ) ;
#6363 = VERTEX_POINT ( 'NONE', #10607 ) ;
#6364 =( NAMED_UNIT ( * ) SI_UNIT ( $, .STERADIAN. ) SOLID_ANGLE_UNIT ( ) );
#6365 = ORIENTED_EDGE ( 'NONE', *, *, #6366, .T. ) ;
#6366 = EDGE_CURVE ( 'NONE', #6363, #1396, #10606, .T. ) ;
#6367 = ORIENTED_EDGE ( 'NONE', *, *, #1394, .T. ) ;
#6368 =( NAMED_UNIT ( * ) PLANE_ANGLE_UNIT ( ) SI_UNIT ( $, .RADIAN. ) );
#6369 = ORIENTED_EDGE ( 'NONE', *, *, #6370, .F. ) ;
#6370 = EDGE_CURVE ( 'NONE', #6371, #1398, #10602, .T. ) ;
#6371 = VERTEX_POINT ( 'NONE', #10598 ) ;
#6372 = EDGE_CURVE ( 'NONE', #6422, #6297, #10597, .T. ) ;
#6374 = ORIENTED_EDGE ( 'NONE', *, *, #6375, .T. ) ;
#6373 =( LENGTH_UNIT ( ) NAMED_UNIT ( * ) SI_UNIT ( .MILLI., .METRE. ) );
#6375 = EDGE_CURVE ( 'NONE', #6422, #6376, #10593, .T. ) ;
#6376 = VERTEX_POINT ( 'NONE', #10589 ) ;
#6377 = MECHANICAL_DESIGN_GEOMETRIC_PRESENTATION_REPRESENTATION (  '', ( #6381 ), #6484 ) ;
#6378 = ORIENTED_EDGE ( 'NONE', *, *, #6380, .T. ) ;
#6379 = PRESENTATION_LAYER_ASSIGNMENT (  '', '', ( #6381 ) ) ;
#6380 = EDGE_CURVE ( 'NONE', #6376, #6295, #10588, .T. ) ;
#6381 = STYLED_ITEM ( 'NONE', ( #6383 ), #2712 ) ;
#6382 = ORIENTED_EDGE ( 'NONE', *, *, #6294, .T. ) ;
#6383 = PRESENTATION_STYLE_ASSIGNMENT (( #6384 ) ) ;
#6384 = SURFACE_STYLE_USAGE ( .BOTH. , #6385 ) ;
#6385 = SURFACE_SIDE_STYLE ('',( #6386 ) ) ;
#6387 = ADVANCED_FACE ( 'NONE', ( #10648 ), #10647, .F. ) ;
#6386 = SURFACE_STYLE_FILL_AREA ( #6388 ) ;
#6388 = FILL_AREA_STYLE ('',( #6401 ) ) ;
#6389 = EDGE_LOOP ( 'NONE', ( #6390, #6393, #6489, #6490, #6360, #6361, #6365, #6367, #6369, #6472, #6476, #6478 ) ) ;
#6390 = ORIENTED_EDGE ( 'NONE', *, *, #6352, .T. ) ;
#6391 = COLOUR_RGB ( '',0.7529411764705882200, 0.7529411764705882200, 0.7529411764705882200 ) ;
#6393 = ORIENTED_EDGE ( 'NONE', *, *, #6394, .T. ) ;
#6392 = FACE_OUTER_BOUND ( 'NONE', #2574, .T. ) ;
#6394 = EDGE_CURVE ( 'NONE', #6350, #6223, #10642, .T. ) ;
#6395 = DIRECTION ( 'NONE',  ( 0.0000000000000000000, 3.414809992080326200E-014, -1.000000000000000000 ) ) ;
#6397 = EDGE_CURVE ( 'NONE', #6297, #6353, #10638, .T. ) ;
#6396 = DIRECTION ( 'NONE',  ( -0.0000000000000000000, 1.000000000000000000, 3.414809992080326200E-014 ) ) ;
#6398 = CARTESIAN_POINT ( 'NONE',  ( 12.09920000000000300, -7.728957951031445900, 0.9016999999999998300 ) ) ;
#6399 = AXIS2_PLACEMENT_3D ( 'NONE', #6398, #6396, #6395 ) ;
#6400 = ADVANCED_FACE ( 'NONE', ( #10633 ), #10632, .T. ) ;
#6401 = FILL_AREA_STYLE_COLOUR ( '', #6391 ) ;
#6402 = EDGE_LOOP ( 'NONE', ( #6403, #6409, #6414, #6416 ) ) ;
#6403 = ORIENTED_EDGE ( 'NONE', *, *, #6404, .F. ) ;
#6404 = EDGE_CURVE ( 'NONE', #6407, #6330, #10630, .T. ) ;
#6405 = DIRECTION ( 'NONE',  ( 1.000000000000000000, 0.0000000000000000000, 0.0000000000000000000 ) ) ;
#6407 = VERTEX_POINT ( 'NONE', #10623 ) ;
#6406 = DIRECTION ( 'NONE',  ( 0.0000000000000000000, 1.000000000000000000, 0.0000000000000000000 ) ) ;
#6409 = ORIENTED_EDGE ( 'NONE', *, *, #6411, .T. ) ;
#6408 = AXIS2_PLACEMENT_3D ( 'NONE', #6417, #6406, #6405 ) ;
#6410 = SPHERICAL_SURFACE ( 'NONE', #6408, 0.05080000000000000500 ) ;
#6411 = EDGE_CURVE ( 'NONE', #6407, #6413, #10622, .T. ) ;
#6412 = CIRCLE ( 'NONE', #6399, 0.05080000000000004000 ) ;
#6413 = VERTEX_POINT ( 'NONE', #10618 ) ;
#6414 = ORIENTED_EDGE ( 'NONE', *, *, #6415, .T. ) ;
#6415 = EDGE_CURVE ( 'NONE', #6413, #6329, #10683, .T. ) ;
#6416 = ORIENTED_EDGE ( 'NONE', *, *, #6327, .T. ) ;
#6417 = CARTESIAN_POINT ( 'NONE',  ( 12.09920000000000300, -7.728957951031446800, 0.9016999999999998300 ) ) ;
#6418 = ADVANCED_FACE ( 'NONE', ( #10679 ), #10678, .T. ) ;
#6419 =( GEOMETRIC_REPRESENTATION_CONTEXT ( 3 ) GLOBAL_UNCERTAINTY_ASSIGNED_CONTEXT ( ( #6426 ) ) GLOBAL_UNIT_ASSIGNED_CONTEXT ( ( #6302, #6296, #6292 ) ) REPRESENTATION_CONTEXT ( 'NONE', 'WORKASPACE' ) );
#6420 = EDGE_LOOP ( 'NONE', ( #6421, #6374, #6378, #6382 ) ) ;
#6421 = ORIENTED_EDGE ( 'NONE', *, *, #6372, .F. ) ;
#6422 = VERTEX_POINT ( 'NONE', #10673 ) ;
#6423 = ORIENTED_EDGE ( 'NONE', *, *, #6337, .T. ) ;
#6424 = ORIENTED_EDGE ( 'NONE', *, *, #6425, .F. ) ;
#6425 = EDGE_CURVE ( 'NONE', #6330, #6240, #10672, .T. ) ;
#6426 = UNCERTAINTY_MEASURE_WITH_UNIT (LENGTH_MEASURE( 1.000000000000000100E-005 ), #6302, 'distance_accuracy_value', 'NONE');
#6427 = ADVANCED_FACE ( 'NONE', ( #10667 ), #10666, .F. ) ;
#6428 = EDGE_LOOP ( 'NONE', ( #6429, #6522, #6528, #6533, #6536, #6500 ) ) ;
#6429 = ORIENTED_EDGE ( 'NONE', *, *, #6517, .T. ) ;
#6430 = ORIENTED_EDGE ( 'NONE', *, *, #6431, .T. ) ;
#6431 = EDGE_CURVE ( 'NONE', #6470, #1497, #10664, .T. ) ;
#6432 = DIRECTION ( 'NONE',  ( 1.000000000000000000, 0.0000000000000000000, -1.708586460515685700E-016 ) ) ;
#6433 = ORIENTED_EDGE ( 'NONE', *, *, #1496, .T. ) ;
#6434 = VECTOR ( 'NONE', #6432, 1000.000000000000000 ) ;
#6435 = ORIENTED_EDGE ( 'NONE', *, *, #6488, .F. ) ;
#6436 = CARTESIAN_POINT ( 'NONE',  ( -5.157659249463804900, 10.10000000000000000, 1.126499999999839500 ) ) ;
#6437 = ORIENTED_EDGE ( 'NONE', *, *, #6439, .T. ) ;
#6439 = EDGE_CURVE ( 'NONE', #6486, #6407, #10656, .T. ) ;
#6438 = LINE ( 'NONE', #6436, #6434 ) ;
#6440 = ORIENTED_EDGE ( 'NONE', *, *, #6404, .T. ) ;
#6441 = ORIENTED_EDGE ( 'NONE', *, *, #6425, .T. ) ;
#6442 = DIRECTION ( 'NONE',  ( -0.1041350224314033100, -0.08668189170242486500, 0.9907785558610461300 ) ) ;
#6443 = VECTOR ( 'NONE', #6442, 1000.000000000000200 ) ;
#6444 = ADVANCED_FACE ( 'NONE', ( #10713 ), #10712, .F. ) ;
#6445 = CARTESIAN_POINT ( 'NONE',  ( 5.287921738034682100, 10.00467802069814900, 2.216035209022758900 ) ) ;
#6446 = EDGE_LOOP ( 'NONE', ( #6448, #6449, #6540, #6542 ) ) ;
#6447 = LINE ( 'NONE', #6445, #6443 ) ;
#6448 = ORIENTED_EDGE ( 'NONE', *, *, #6431, .F. ) ;
#6449 = ORIENTED_EDGE ( 'NONE', *, *, #6538, .T. ) ;
#6450 = ORIENTED_EDGE ( 'NONE', *, *, #5494, .T. ) ;
#6451 = DIRECTION ( 'NONE',  ( -0.1041350224314032400, -0.08668189170242486500, 0.9907785558610461300 ) ) ;
#6452 = VECTOR ( 'NONE', #6451, 1000.000000000000200 ) ;
#6453 = ADVANCED_FACE ( 'NONE', ( #10706 ), #10710, .F. ) ;
#6454 = CARTESIAN_POINT ( 'NONE',  ( -5.222534475749698800, 9.965547824348355700, 2.663295399918250300 ) ) ;
#6455 = LINE ( 'NONE', #6454, #6452 ) ;
#6456 = EDGE_LOOP ( 'NONE', ( #6457, #6458, #6462, #6465, #6466, #6467, #6430, #6433, #6435, #6437, #6440, #6441 ) ) ;
#6457 = ORIENTED_EDGE ( 'NONE', *, *, #6238, .T. ) ;
#6458 = ORIENTED_EDGE ( 'NONE', *, *, #6460, .T. ) ;
#6459 = DIRECTION ( 'NONE',  ( 3.336006684570782500E-015, 0.0000000000000000000, 1.000000000000000000 ) ) ;
#6460 = EDGE_CURVE ( 'NONE', #6234, #6310, #10704, .T. ) ;
#6461 = VECTOR ( 'NONE', #6459, 1000.000000000000000 ) ;
#6462 = ORIENTED_EDGE ( 'NONE', *, *, #6308, .F. ) ;
#6463 = CARTESIAN_POINT ( 'NONE',  ( -5.349999999999992500, 9.250000000000001800, 2.649999999999999900 ) ) ;
#6464 = LINE ( 'NONE', #6463, #6461 ) ;
#6465 = ORIENTED_EDGE ( 'NONE', *, *, #6299, .F. ) ;
#6466 = ORIENTED_EDGE ( 'NONE', *, *, #6380, .F. ) ;
#6467 = ORIENTED_EDGE ( 'NONE', *, *, #6468, .T. ) ;
#6468 = EDGE_CURVE ( 'NONE', #6376, #6470, #10697, .T. ) ;
#6470 = VERTEX_POINT ( 'NONE', #10692 ) ;
#6469 = DIRECTION ( 'NONE',  ( 1.000000000000000000, 0.0000000000000000000, 0.0000000000000000000 ) ) ;
#6472 = ORIENTED_EDGE ( 'NONE', *, *, #6474, .T. ) ;
#6471 = DIRECTION ( 'NONE',  ( 0.0000000000000000000, 1.000000000000000000, 0.0000000000000000000 ) ) ;
#6474 = EDGE_CURVE ( 'NONE', #6371, #6422, #10691, .T. ) ;
#6473 = AXIS2_PLACEMENT_3D ( 'NONE', #6480, #6471, #6469 ) ;
#6475 = SPHERICAL_SURFACE ( 'NONE', #6473, 0.05080000000000000500 ) ;
#6476 = ORIENTED_EDGE ( 'NONE', *, *, #6372, .T. ) ;
#6477 = CARTESIAN_POINT ( 'NONE',  ( -5.061010770481470200, 10.10000000000000000, 1.126499999999839500 ) ) ;
#6478 = ORIENTED_EDGE ( 'NONE', *, *, #6397, .T. ) ;
#6479 = ADVANCED_FACE ( 'NONE', ( #10686 ), #10684, .F. ) ;
#6481 = EDGE_LOOP ( 'NONE', ( #6482, #6483, #6487, #6450 ) ) ;
#6480 = CARTESIAN_POINT ( 'NONE',  ( 9.828957951031389600, 9.999200000000000100, 0.05080000000000022000 ) ) ;
#6482 = ORIENTED_EDGE ( 'NONE', *, *, #6366, .F. ) ;
#6483 = ORIENTED_EDGE ( 'NONE', *, *, #6485, .T. ) ;
#6484 =( GEOMETRIC_REPRESENTATION_CONTEXT ( 3 ) GLOBAL_UNCERTAINTY_ASSIGNED_CONTEXT ( ( #6492 ) ) GLOBAL_UNIT_ASSIGNED_CONTEXT ( ( #6373, #6368, #6364 ) ) REPRESENTATION_CONTEXT ( 'NONE', 'WORKASPACE' ) );
#6485 = EDGE_CURVE ( 'NONE', #6363, #6486, #10743, .T. ) ;
#6486 = VERTEX_POINT ( 'NONE', #10739 ) ;
#6487 = ORIENTED_EDGE ( 'NONE', *, *, #6488, .T. ) ;
#6488 = EDGE_CURVE ( 'NONE', #6486, #1499, #10738, .T. ) ;
#6489 = ORIENTED_EDGE ( 'NONE', *, *, #6357, .F. ) ;
#6490 = ORIENTED_EDGE ( 'NONE', *, *, #6332, .F. ) ;
#6491 = EDGE_CURVE ( 'NONE', #6493, #6494, #10734, .T. ) ;
#6492 = UNCERTAINTY_MEASURE_WITH_UNIT (LENGTH_MEASURE( 1.000000000000000100E-005 ), #6373, 'distance_accuracy_value', 'NONE');
#6493 = VERTEX_POINT ( 'NONE', #10730 ) ;
#6494 = VERTEX_POINT ( 'NONE', #10729 ) ;
#6495 = CARTESIAN_POINT ( 'NONE',  ( -5.349999999999998800, 9.867329815954354500, 2.649999999999995900 ) ) ;
#6496 = ORIENTED_EDGE ( 'NONE', *, *, #6577, .T. ) ;
#6497 = CARTESIAN_POINT ( 'NONE',  ( -5.349999999999998800, 9.886943420204945100, 2.742429183510306500 ) ) ;
#6498 = VERTEX_POINT ( 'NONE', #10728 ) ;
#6499 = CARTESIAN_POINT ( 'NONE',  ( -5.349999999999999600, 9.894688835134170200, 2.916842487140836500 ) ) ;
#6500 = ORIENTED_EDGE ( 'NONE', *, *, #6501, .F. ) ;
#6501 = EDGE_CURVE ( 'NONE', #6518, #6498, #10727, .T. ) ;
#6502 = ADVANCED_FACE ( 'NONE', ( #10723 ), #10722, .F. ) ;
#6503 = EDGE_LOOP ( 'NONE', ( #6504, #6509, #6513, #6602, #6607, #6612 ) ) ;
#6504 = ORIENTED_EDGE ( 'NONE', *, *, #6505, .T. ) ;
#6505 = EDGE_CURVE ( 'NONE', #6507, #6508, #10720, .T. ) ;
#6506 =( BOUNDED_CURVE ( )  B_SPLINE_CURVE ( 3, ( #6499, #6497, #6495, #6620 ),
 .UNSPECIFIED., .F., .T. ) 
 B_SPLINE_CURVE_WITH_KNOTS ( ( 4, 4 ),
 ( 5.616761380698948300, 6.292295689058948800 ),
 .UNSPECIFIED. ) 
 CURVE ( )  GEOMETRIC_REPRESENTATION_ITEM ( )  RATIONAL_B_SPLINE_CURVE ( ( 1.000000000000000000, 0.9623312933808361200, 0.9623312933808361200, 1.000000000000000000 ) ) 
 REPRESENTATION_ITEM ( '' )  );
#6507 = VERTEX_POINT ( 'NONE', #10778 ) ;
#6508 = VERTEX_POINT ( 'NONE', #10777 ) ;
#6509 = ORIENTED_EDGE ( 'NONE', *, *, #6510, .T. ) ;
#6510 = EDGE_CURVE ( 'NONE', #6508, #6511, #10776, .T. ) ;
#6511 = VERTEX_POINT ( 'NONE', #10772 ) ;
#6512 = LINE ( 'NONE', #6615, #6613 ) ;
#6513 = ORIENTED_EDGE ( 'NONE', *, *, #6515, .F. ) ;
#6514 = CARTESIAN_POINT ( 'NONE',  ( -5.349999999999999600, 9.838064479695173500, 2.649999999999999900 ) ) ;
#6515 = EDGE_CURVE ( 'NONE', #6516, #6511, #10771, .T. ) ;
#6516 = VERTEX_POINT ( 'NONE', #10767 ) ;
#6517 = EDGE_CURVE ( 'NONE', #6518, #6520, #10766, .T. ) ;
#6518 = VERTEX_POINT ( 'NONE', #10762 ) ;
#6519 = CARTESIAN_POINT ( 'NONE',  ( -5.249627549664508000, 9.942995575891149700, 2.921068779328967600 ) ) ;
#6520 = VERTEX_POINT ( 'NONE', #10761 ) ;
#6521 = CARTESIAN_POINT ( 'NONE',  ( -5.349999999999992500, 9.250000000000001800, 2.649999999999999900 ) ) ;
#6522 = ORIENTED_EDGE ( 'NONE', *, *, #6524, .T. ) ;
#6524 = EDGE_CURVE ( 'NONE', #6520, #6526, #10760, .T. ) ;
#6523 = CARTESIAN_POINT ( 'NONE',  ( -5.349999999999999600, 9.794893218771825600, 3.169999999999999900 ) ) ;
#6525 = DIRECTION ( 'NONE',  ( 0.1041350224314106400, -0.08668189170242481000, 0.9907785558610454600 ) ) ;
#6526 = VERTEX_POINT ( 'NONE', #10756 ) ;
#6527 = VECTOR ( 'NONE', #6525, 1000.000000000000100 ) ;
#6528 = ORIENTED_EDGE ( 'NONE', *, *, #6531, .T. ) ;
#6529 = CARTESIAN_POINT ( 'NONE',  ( -5.032495244857750900, 9.762254855901829800, 4.986944662045719800 ) ) ;
#6530 = LINE ( 'NONE', #6529, #6527 ) ;
#6531 = EDGE_CURVE ( 'NONE', #6526, #6532, #10755, .T. ) ;
#6532 = VERTEX_POINT ( 'NONE', #10751 ) ;
#6533 = ORIENTED_EDGE ( 'NONE', *, *, #6534, .T. ) ;
#6534 = EDGE_CURVE ( 'NONE', #6532, #6535, #10750, .T. ) ;
#6535 = VERTEX_POINT ( 'NONE', #10809 ) ;
#6536 = ORIENTED_EDGE ( 'NONE', *, *, #6537, .F. ) ;
#6537 = EDGE_CURVE ( 'NONE', #6498, #6535, #10808, .T. ) ;
#6538 = EDGE_CURVE ( 'NONE', #6470, #6371, #10804, .T. ) ;
#6539 = CARTESIAN_POINT ( 'NONE',  ( -5.349999999999999600, 9.894688835134170200, 2.916842487140836500 ) ) ;
#6540 = ORIENTED_EDGE ( 'NONE', *, *, #6370, .T. ) ;
#6541 = CARTESIAN_POINT ( 'NONE',  ( -5.349999999999998800, 9.857835623831800100, 3.082491675983085600 ) ) ;
#6542 = ORIENTED_EDGE ( 'NONE', *, *, #6945, .T. ) ;
#6543 = CARTESIAN_POINT ( 'NONE',  ( -5.349999999999998800, 9.823339522833359500, 3.169999999999999500 ) ) ;
#6544 = CARTESIAN_POINT ( 'NONE',  ( -5.349999999999999600, 9.794893218771825600, 3.169999999999999900 ) ) ;
#6545 = ADVANCED_FACE ( 'NONE', ( #10800 ), #10799, .T. ) ;
#6546 = EDGE_LOOP ( 'NONE', ( #6547, #6548, #6550, #6551 ) ) ;
#6547 = ORIENTED_EDGE ( 'NONE', *, *, #6229, .F. ) ;
#6548 = ORIENTED_EDGE ( 'NONE', *, *, #6549, .T. ) ;
#6549 = EDGE_CURVE ( 'NONE', #6227, #6346, #10794, .T. ) ;
#6550 = ORIENTED_EDGE ( 'NONE', *, *, #6343, .F. ) ;
#6551 = ORIENTED_EDGE ( 'NONE', *, *, #6553, .T. ) ;
#6552 =( BOUNDED_CURVE ( )  B_SPLINE_CURVE ( 3, ( #6544, #6543, #6541, #6539 ),
 .UNSPECIFIED., .F., .T. ) 
 B_SPLINE_CURVE_WITH_KNOTS ( ( 4, 4 ),
 ( 3.150703035469151200, 3.808016580070440400 ),
 .UNSPECIFIED. ) 
 CURVE ( )  GEOMETRIC_REPRESENTATION_ITEM ( )  RATIONAL_B_SPLINE_CURVE ( ( 1.000000000000000000, 0.9643178356771080500, 0.9643178356771080500, 1.000000000000000000 ) ) 
 REPRESENTATION_ITEM ( '' )  );
#6553 = EDGE_CURVE ( 'NONE', #6345, #6230, #10790, .T. ) ;
#6554 = ORIENTED_EDGE ( 'NONE', *, *, #7082, .T. ) ;
#6555 = EDGE_CURVE ( 'NONE', #6594, #6516, #10786, .T. ) ;
#6556 = CARTESIAN_POINT ( 'NONE',  ( -5.349999999999990800, 9.250000000000001800, 3.169999999999999900 ) ) ;
#6557 = ADVANCED_FACE ( 'NONE', ( #10781 ), #10779, .T. ) ;
#6558 = CARTESIAN_POINT ( 'NONE',  ( -3.411291951717675200, 9.949460092183317200, 2.847179019997450900 ) ) ;
#6559 = CARTESIAN_POINT ( 'NONE',  ( -3.449224124632333000, 9.892919623409589700, 3.493439535303839400 ) ) ;
#6560 = EDGE_LOOP ( 'NONE', ( #6562, #6566, #6569, #6572 ) ) ;
#6561 = CARTESIAN_POINT ( 'NONE',  ( -3.485556118513416300, 9.833540727609394200, 4.172143419980304000 ) ) ;
#6562 = ORIENTED_EDGE ( 'NONE', *, *, #6564, .F. ) ;
#6563 = CARTESIAN_POINT ( 'NONE',  ( -3.520211297656950800, 9.771448653716284100, 4.881859072165505100 ) ) ;
#6564 = EDGE_CURVE ( 'NONE', #6565, #6494, #10841, .T. ) ;
#6565 = VERTEX_POINT ( 'NONE', #10834 ) ;
#6566 = ORIENTED_EDGE ( 'NONE', *, *, #6567, .T. ) ;
#6567 = EDGE_CURVE ( 'NONE', #6565, #6568, #10833, .T. ) ;
#6568 = VERTEX_POINT ( 'NONE', #10829 ) ;
#6569 = ORIENTED_EDGE ( 'NONE', *, *, #6570, .T. ) ;
#6570 = EDGE_CURVE ( 'NONE', #6568, #6493, #10828, .T. ) ;
#6572 = ORIENTED_EDGE ( 'NONE', *, *, #6491, .T. ) ;
#6571 = DIRECTION ( 'NONE',  ( -0.7071067811865390200, -0.7071067811865561200, 0.0000000000000000000 ) ) ;
#6573 =( BOUNDED_CURVE ( )  B_SPLINE_CURVE ( 3, ( #6563, #6561, #6559, #6558 ),
 .UNSPECIFIED., .F., .T. ) 
 B_SPLINE_CURVE_WITH_KNOTS ( ( 4, 4 ),
 ( 2.319242785580938100, 2.411105469937693300 ),
 .UNSPECIFIED. ) 
 CURVE ( )  GEOMETRIC_REPRESENTATION_ITEM ( )  RATIONAL_B_SPLINE_CURVE ( ( 1.000000000000000000, 0.9992968942261002400, 0.9992968942261002400, 1.000000000000000000 ) ) 
 REPRESENTATION_ITEM ( '' )  );
#6574 = ADVANCED_FACE ( 'NONE', ( #10824 ), #10823, .T. ) ;
#6575 = EDGE_LOOP ( 'NONE', ( #6671, #6675, #6679, #6681 ) ) ;
#6576 = DIRECTION ( 'NONE',  ( 6.106226635438361000E-016, 0.0000000000000000000, -1.000000000000000000 ) ) ;
#6577 = EDGE_CURVE ( 'NONE', #6493, #6518, #10817, .T. ) ;
#6578 = CARTESIAN_POINT ( 'NONE',  ( -5.964533826801945400, 5.990000000000000200, 3.169999999999999900 ) ) ;
#6579 = ORIENTED_EDGE ( 'NONE', *, *, #6501, .T. ) ;
#6580 = ORIENTED_EDGE ( 'NONE', *, *, #6581, .F. ) ;
#6581 = EDGE_CURVE ( 'NONE', #6494, #6498, #10812, .T. ) ;
#6582 = CARTESIAN_POINT ( 'NONE',  ( 4.079999999999997400, -9.973000000000000800, 0.02540000000000011300 ) ) ;
#6583 = CARTESIAN_POINT ( 'NONE',  ( -3.411291951717675200, 9.949460092183317200, 2.847179019997450900 ) ) ;
#6584 = ADVANCED_FACE ( 'NONE', ( #10813 ), #10867, .F. ) ;
#6585 = CARTESIAN_POINT ( 'NONE',  ( -3.520211297656950800, 9.771448653716284100, 4.881859072165505100 ) ) ;
#6586 = EDGE_LOOP ( 'NONE', ( #6588, #6596, #6598, #6600 ) ) ;
#6587 = CARTESIAN_POINT ( 'NONE',  ( -5.043307935837978200, 9.771255329389770600, 4.884068779328953400 ) ) ;
#6588 = ORIENTED_EDGE ( 'NONE', *, *, #6590, .F. ) ;
#6589 = DIRECTION ( 'NONE',  ( 1.000000000000000000, -3.076848593241615900E-033, -1.708586460515685500E-016 ) ) ;
#6590 = EDGE_CURVE ( 'NONE', #6592, #6594, #10863, .T. ) ;
#6591 = VECTOR ( 'NONE', #6589, 1000.000000000000000 ) ;
#6592 = VERTEX_POINT ( 'NONE', #10859 ) ;
#6593 = CARTESIAN_POINT ( 'NONE',  ( -3.525950722876380000, 9.771255329389770600, 4.884068779328953400 ) ) ;
#6594 = VERTEX_POINT ( 'NONE', #10858 ) ;
#6595 = LINE ( 'NONE', #6593, #6591 ) ;
#6596 = ORIENTED_EDGE ( 'NONE', *, *, #6597, .T. ) ;
#6597 = EDGE_CURVE ( 'NONE', #6592, #6606, #10857, .T. ) ;
#6598 = ORIENTED_EDGE ( 'NONE', *, *, #6604, .T. ) ;
#6599 = DIRECTION ( 'NONE',  ( -1.000000000000000000, -3.027440621250972300E-016, -1.833020688648049600E-017 ) ) ;
#6600 = ORIENTED_EDGE ( 'NONE', *, *, #6555, .F. ) ;
#6601 = VECTOR ( 'NONE', #6599, 1000.000000000000000 ) ;
#6602 = ORIENTED_EDGE ( 'NONE', *, *, #6604, .F. ) ;
#6603 = CARTESIAN_POINT ( 'NONE',  ( 4.079999999999996500, -8.999999999999998200, 0.02540000000000011300 ) ) ;
#6604 = EDGE_CURVE ( 'NONE', #6606, #6516, #10852, .T. ) ;
#6605 = LINE ( 'NONE', #6603, #6601 ) ;
#6606 = VERTEX_POINT ( 'NONE', #10848 ) ;
#6607 = ORIENTED_EDGE ( 'NONE', *, *, #6608, .T. ) ;
#6608 = EDGE_CURVE ( 'NONE', #6606, #6610, #10847, .T. ) ;
#6609 = CARTESIAN_POINT ( 'NONE',  ( -1.083660729962340900, 9.771255329389770600, 4.884068779328952600 ) ) ;
#6610 = VERTEX_POINT ( 'NONE', #10843 ) ;
#6611 = DIRECTION ( 'NONE',  ( -7.885106708985472300E-016, 1.000000000000000000, 0.0000000000000000000 ) ) ;
#6612 = ORIENTED_EDGE ( 'NONE', *, *, #6614, .T. ) ;
#6613 = VECTOR ( 'NONE', #6611, 1000.000000000000000 ) ;
#6614 = EDGE_CURVE ( 'NONE', #6610, #6507, #10842, .T. ) ;
#6615 = CARTESIAN_POINT ( 'NONE',  ( 4.079999999999997400, -10.10000000000000000, 0.02540000000000011300 ) ) ;
#6616 = ADVANCED_FACE ( 'NONE', ( #10899 ), #10898, .T. ) ;
#6617 = EDGE_LOOP ( 'NONE', ( #6618, #6496, #6579, #6580 ) ) ;
#6618 = ORIENTED_EDGE ( 'NONE', *, *, #6491, .F. ) ;
#6619 = ORIENTED_EDGE ( 'NONE', *, *, #6680, .F. ) ;
#6620 = CARTESIAN_POINT ( 'NONE',  ( -5.349999999999999600, 9.838064479695173500, 2.649999999999999900 ) ) ;
#6621 = ORIENTED_EDGE ( 'NONE', *, *, #6622, .T. ) ;
#6622 = EDGE_CURVE ( 'NONE', #6677, #6623, #10897, .T. ) ;
#6623 = VERTEX_POINT ( 'NONE', #10888 ) ;
#6624 = ORIENTED_EDGE ( 'NONE', *, *, #6716, .T. ) ;
#6625 = ORIENTED_EDGE ( 'NONE', *, *, #6626, .T. ) ;
#6626 = EDGE_CURVE ( 'NONE', #6669, #6674, #10887, .T. ) ;
#6627 = UNCERTAINTY_MEASURE_WITH_UNIT (LENGTH_MEASURE( 1.000000000000000100E-005 ), #6638, 'distance_accuracy_value', 'NONE');
#6628 = ORIENTED_EDGE ( 'NONE', *, *, #6673, .T. ) ;
#6629 = ORIENTED_EDGE ( 'NONE', *, *, #6555, .T. ) ;
#6630 =( NAMED_UNIT ( * ) SI_UNIT ( $, .STERADIAN. ) SOLID_ANGLE_UNIT ( ) );
#6631 = ADVANCED_FACE ( 'NONE', ( #10882 ), #10881, .F. ) ;
#6632 = EDGE_LOOP ( 'NONE', ( #6634, #6635, #6639, #6642 ) ) ;
#6633 =( NAMED_UNIT ( * ) PLANE_ANGLE_UNIT ( ) SI_UNIT ( $, .RADIAN. ) );
#6634 = ORIENTED_EDGE ( 'NONE', *, *, #6660, .F. ) ;
#6635 = ORIENTED_EDGE ( 'NONE', *, *, #6636, .T. ) ;
#6636 = EDGE_CURVE ( 'NONE', #6655, #6637, #10876, .T. ) ;
#6637 = VERTEX_POINT ( 'NONE', #10872 ) ;
#6638 =( LENGTH_UNIT ( ) NAMED_UNIT ( * ) SI_UNIT ( .MILLI., .METRE. ) );
#6639 = ORIENTED_EDGE ( 'NONE', *, *, #6640, .T. ) ;
#6640 = EDGE_CURVE ( 'NONE', #6637, #1402, #10871, .T. ) ;
#6642 = ORIENTED_EDGE ( 'NONE', *, *, #5486, .T. ) ;
#6641 = MECHANICAL_DESIGN_GEOMETRIC_PRESENTATION_REPRESENTATION (  '', ( #6646 ), #6745 ) ;
#6643 = ORIENTED_EDGE ( 'NONE', *, *, #6517, .F. ) ;
#6644 = PRESENTATION_LAYER_ASSIGNMENT (  '', '', ( #6646 ) ) ;
#6645 = ORIENTED_EDGE ( 'NONE', *, *, #6577, .F. ) ;
#6646 = STYLED_ITEM ( 'NONE', ( #6648 ), #2776 ) ;
#6647 = ORIENTED_EDGE ( 'NONE', *, *, #6570, .F. ) ;
#6648 = PRESENTATION_STYLE_ASSIGNMENT (( #6649 ) ) ;
#6649 = SURFACE_STYLE_USAGE ( .BOTH. , #6651 ) ;
#6650 = ORIENTED_EDGE ( 'NONE', *, *, #6652, .T. ) ;
#6651 = SURFACE_SIDE_STYLE ('',( #6653 ) ) ;
#6652 = EDGE_CURVE ( 'NONE', #6568, #6655, #10931, .T. ) ;
#6653 = SURFACE_STYLE_FILL_AREA ( #6654 ) ;
#6654 = FILL_AREA_STYLE ('',( #6664 ) ) ;
#6655 = VERTEX_POINT ( 'NONE', #10926 ) ;
#6656 = COLOUR_RGB ( '',0.1254901960784313700, 0.1254901960784313700, 0.1254901960784313700 ) ;
#6658 = ORIENTED_EDGE ( 'NONE', *, *, #6660, .T. ) ;
#6657 = FACE_OUTER_BOUND ( 'NONE', #2785, .T. ) ;
#6659 = DIRECTION ( 'NONE',  ( 1.000000000000000000, -6.640259410426029600E-018, -9.496013368649315400E-017 ) ) ;
#6660 = EDGE_CURVE ( 'NONE', #6655, #1438, #10925, .T. ) ;
#6661 = VECTOR ( 'NONE', #6659, 1000.000000000000000 ) ;
#6663 = ORIENTED_EDGE ( 'NONE', *, *, #1443, .T. ) ;
#6662 = CARTESIAN_POINT ( 'NONE',  ( -5.157659249463804900, 9.949460092183317200, 2.847179019997451400 ) ) ;
#6664 = FILL_AREA_STYLE_COLOUR ( '', #6656 ) ;
#6665 = ORIENTED_EDGE ( 'NONE', *, *, #6667, .F. ) ;
#6666 = CARTESIAN_POINT ( 'NONE',  ( -3.520211297656950800, 9.771448653716284100, 4.881859072165505100 ) ) ;
#6667 = EDGE_CURVE ( 'NONE', #6669, #1405, #10921, .T. ) ;
#6668 = CARTESIAN_POINT ( 'NONE',  ( -3.520247281338903200, 9.771384181348794900, 4.882595994697980200 ) ) ;
#6669 = VERTEX_POINT ( 'NONE', #10917 ) ;
#6670 = CARTESIAN_POINT ( 'NONE',  ( -3.520289939833958700, 9.771319734644926300, 4.883332623893928700 ) ) ;
#6671 = ORIENTED_EDGE ( 'NONE', *, *, #6673, .F. ) ;
#6672 = CARTESIAN_POINT ( 'NONE',  ( -3.520339270037642800, 9.771255329389770600, 4.884068779328953400 ) ) ;
#6673 = EDGE_CURVE ( 'NONE', #6674, #6594, #10916, .T. ) ;
#6674 = VERTEX_POINT ( 'NONE', #10912 ) ;
#6675 = ORIENTED_EDGE ( 'NONE', *, *, #6676, .T. ) ;
#6676 = EDGE_CURVE ( 'NONE', #6674, #6677, #10911, .T. ) ;
#6677 = VERTEX_POINT ( 'NONE', #10907 ) ;
#6678 = LINE ( 'NONE', #6662, #6661 ) ;
#6679 = ORIENTED_EDGE ( 'NONE', *, *, #6680, .T. ) ;
#6680 = EDGE_CURVE ( 'NONE', #6677, #6592, #10906, .T. ) ;
#6681 = ORIENTED_EDGE ( 'NONE', *, *, #6590, .T. ) ;
#6682 = B_SPLINE_CURVE_WITH_KNOTS ( 'NONE', 3,
 ( #6672, #6670, #6668, #6666 ),
 .UNSPECIFIED., .F., .F.,
 ( 4, 4 ),
 ( 0.0000000000000000000, 2.221836396685025600E-006 ),
 .UNSPECIFIED. ) ;
#6683 = ADVANCED_FACE ( 'NONE', ( #10965 ), #10964, .F. ) ;
#6684 = EDGE_LOOP ( 'NONE', ( #6685, #6686, #6643, #6645, #6647, #6650, #6658, #6663, #6665, #6625, #6628, #6629 ) ) ;
#6685 = ORIENTED_EDGE ( 'NONE', *, *, #6515, .T. ) ;
#6686 = ORIENTED_EDGE ( 'NONE', *, *, #6688, .T. ) ;
#6687 = CARTESIAN_POINT ( 'NONE',  ( -1.192708048282307800, 9.949460092183317200, 2.847179019997450900 ) ) ;
#6688 = EDGE_CURVE ( 'NONE', #6511, #6520, #10962, .T. ) ;
#6689 = EDGE_LOOP ( 'NONE', ( #6690, #6693, #6694, #6695 ) ) ;
#6690 = ORIENTED_EDGE ( 'NONE', *, *, #5419, .F. ) ;
#6691 = FILL_AREA_STYLE_COLOUR ( '', #6692 ) ;
#6692 = COLOUR_RGB ( '',0.7529411764705882200, 0.7529411764705882200, 0.7529411764705882200 ) ;
#6693 = ORIENTED_EDGE ( 'NONE', *, *, #5501, .F. ) ;
#6694 = ORIENTED_EDGE ( 'NONE', *, *, #5412, .F. ) ;
#6695 = ORIENTED_EDGE ( 'NONE', *, *, #5329, .F. ) ;
#6697 = ADVANCED_FACE ( 'NONE', ( #10955 ), #10953, .F. ) ;
#6696 = B_SPLINE_CURVE_WITH_KNOTS ( 'NONE', 3,
 ( #6802, #6800, #6798, #6796 ),
 .UNSPECIFIED., .F., .F.,
 ( 4, 4 ),
 ( 1.057194413890761600E-017, 2.221836396677380700E-006 ),
 .UNSPECIFIED. ) ;
#6698 = EDGE_LOOP ( 'NONE', ( #6776, #6778, #6779, #6780 ) ) ;
#6699 = ORIENTED_EDGE ( 'NONE', *, *, #6667, .T. ) ;
#6700 = ORIENTED_EDGE ( 'NONE', *, *, #7031, .T. ) ;
#6701 = CARTESIAN_POINT ( 'NONE',  ( -1.083788702343032800, 9.771448653716284100, 4.881859072165501500 ) ) ;
#6702 = ADVANCED_FACE ( 'NONE', ( #10954 ), #10948, .T. ) ;
#6703 = CARTESIAN_POINT ( 'NONE',  ( -1.118443881486567400, 9.833540727609396000, 4.172143419980293400 ) ) ;
#6704 = CARTESIAN_POINT ( 'NONE',  ( -1.154775875367650700, 9.892919623409589700, 3.493439535303832800 ) ) ;
#6705 = EDGE_LOOP ( 'NONE', ( #6707, #6708, #6710, #6711 ) ) ;
#6706 = CARTESIAN_POINT ( 'NONE',  ( -1.192708048282307800, 9.949460092183317200, 2.847179019997450900 ) ) ;
#6707 = ORIENTED_EDGE ( 'NONE', *, *, #6531, .F. ) ;
#6708 = ORIENTED_EDGE ( 'NONE', *, *, #6709, .T. ) ;
#6709 = EDGE_CURVE ( 'NONE', #6526, #6508, #10943, .T. ) ;
#6710 = ORIENTED_EDGE ( 'NONE', *, *, #6505, .F. ) ;
#6711 = ORIENTED_EDGE ( 'NONE', *, *, #6712, .T. ) ;
#6712 = EDGE_CURVE ( 'NONE', #6507, #6532, #10939, .T. ) ;
#6713 = ADVANCED_FACE ( 'NONE', ( #10935 ), #10997, .F. ) ;
#6714 =( BOUNDED_CURVE ( )  B_SPLINE_CURVE ( 3, ( #6706, #6704, #6703, #6701 ),
 .UNSPECIFIED., .F., .T. ) 
 B_SPLINE_CURVE_WITH_KNOTS ( ( 4, 4 ),
 ( 3.872079837241893000, 3.963942521598647700 ),
 .UNSPECIFIED. ) 
 CURVE ( )  GEOMETRIC_REPRESENTATION_ITEM ( )  RATIONAL_B_SPLINE_CURVE ( ( 1.000000000000000000, 0.9992968942261002400, 0.9992968942261002400, 1.000000000000000000 ) ) 
 REPRESENTATION_ITEM ( '' )  );
#6715 = EDGE_LOOP ( 'NONE', ( #6797, #6799, #6801, #6803 ) ) ;
#6716 = EDGE_CURVE ( 'NONE', #6623, #1448, #10992, .T. ) ;
#6717 = ORIENTED_EDGE ( 'NONE', *, *, #1413, .T. ) ;
#6718 = ORIENTED_EDGE ( 'NONE', *, *, #6640, .F. ) ;
#6719 = ORIENTED_EDGE ( 'NONE', *, *, #6720, .T. ) ;
#6720 = EDGE_CURVE ( 'NONE', #6637, #6565, #10988, .T. ) ;
#6721 = ORIENTED_EDGE ( 'NONE', *, *, #6564, .T. ) ;
#6722 = DIRECTION ( 'NONE',  ( -1.000000000000000000, 0.0000000000000000000, 7.150601860090840900E-018 ) ) ;
#6724 = ORIENTED_EDGE ( 'NONE', *, *, #6581, .T. ) ;
#6723 = VECTOR ( 'NONE', #6722, 1000.000000000000000 ) ;
#6725 = CARTESIAN_POINT ( 'NONE',  ( -5.074143424121714000, -9.973000000000000800, 0.02540000000000007500 ) ) ;
#6726 = LINE ( 'NONE', #6725, #6723 ) ;
#6727 = ADVANCED_FACE ( 'NONE', ( #10983 ), #10982, .F. ) ;
#6728 = EDGE_LOOP ( 'NONE', ( #6729, #6731, #6699, #6700 ) ) ;
#6729 = ORIENTED_EDGE ( 'NONE', *, *, #6716, .F. ) ;
#6731 = ORIENTED_EDGE ( 'NONE', *, *, #6733, .T. ) ;
#6730 = DIRECTION ( 'NONE',  ( 0.0000000000000000000, 0.08715574274765511300, -0.9961946980917458800 ) ) ;
#6733 = EDGE_CURVE ( 'NONE', #6623, #6669, #10977, .T. ) ;
#6732 = DIRECTION ( 'NONE',  ( -1.489131220148316800E-017, -0.9961946980917458800, -0.08715574274765511300 ) ) ;
#6734 = CARTESIAN_POINT ( 'NONE',  ( -5.157659249463804900, 10.10000000000000000, 1.126499999999839500 ) ) ;
#6735 = AXIS2_PLACEMENT_3D ( 'NONE', #6734, #6732, #6730 ) ;
#6736 = ADVANCED_FACE ( 'NONE', ( #10973 ), #10971, .F. ) ;
#6737 = CARTESIAN_POINT ( 'NONE',  ( -3.520339270037642800, 9.771255329389770600, 4.884068779328953400 ) ) ;
#6738 = EDGE_LOOP ( 'NONE', ( #6739, #6740, #6743, #6744, #6619, #6621, #6624, #6717, #6718, #6719, #6721, #6724 ) ) ;
#6739 = ORIENTED_EDGE ( 'NONE', *, *, #6537, .T. ) ;
#6740 = ORIENTED_EDGE ( 'NONE', *, *, #6742, .T. ) ;
#6741 = PLANE ( 'NONE',  #6735 ) ;
#6742 = EDGE_CURVE ( 'NONE', #6535, #6610, #10972, .T. ) ;
#6743 = ORIENTED_EDGE ( 'NONE', *, *, #6608, .F. ) ;
#6744 = ORIENTED_EDGE ( 'NONE', *, *, #6597, .F. ) ;
#6745 =( GEOMETRIC_REPRESENTATION_CONTEXT ( 3 ) GLOBAL_UNCERTAINTY_ASSIGNED_CONTEXT ( ( #6627 ) ) GLOBAL_UNIT_ASSIGNED_CONTEXT ( ( #6638, #6633, #6630 ) ) REPRESENTATION_CONTEXT ( 'NONE', 'WORKASPACE' ) );
#6746 = ORIENTED_EDGE ( 'NONE', *, *, #6276, .F. ) ;
#6747 = ORIENTED_EDGE ( 'NONE', *, *, #6186, .F. ) ;
#6748 = ORIENTED_EDGE ( 'NONE', *, *, #6200, .F. ) ;
#6749 = LINE ( 'NONE', #6882, #6879 ) ;
#6750 = ORIENTED_EDGE ( 'NONE', *, *, #6108, .F. ) ;
#6751 = ADVANCED_FACE ( 'NONE', ( #11028 ), #11026, .T. ) ;
#6752 = EDGE_LOOP ( 'NONE', ( #6753, #6755, #6757, #6759 ) ) ;
#6753 = ORIENTED_EDGE ( 'NONE', *, *, #6168, .F. ) ;
#6754 = DIRECTION ( 'NONE',  ( 1.000000000000000000, 0.0000000000000000000, 0.0000000000000000000 ) ) ;
#6755 = ORIENTED_EDGE ( 'NONE', *, *, #4399, .F. ) ;
#6756 = DIRECTION ( 'NONE',  ( 0.0000000000000000000, 1.000000000000000000, 0.0000000000000000000 ) ) ;
#6757 = ORIENTED_EDGE ( 'NONE', *, *, #6161, .F. ) ;
#6758 = AXIS2_PLACEMENT_3D ( 'NONE', #6765, #6756, #6754 ) ;
#6759 = ORIENTED_EDGE ( 'NONE', *, *, #6214, .F. ) ;
#6760 = SPHERICAL_SURFACE ( 'NONE', #6758, 0.05080000000000000500 ) ;
#6761 = ADVANCED_FACE ( 'NONE', ( #11027 ), #11021, .F. ) ;
#6762 = ORIENTED_EDGE ( 'NONE', *, *, #5950, .F. ) ;
#6763 = ORIENTED_EDGE ( 'NONE', *, *, #6005, .F. ) ;
#6764 = ORIENTED_EDGE ( 'NONE', *, *, #5878, .F. ) ;
#6765 = CARTESIAN_POINT ( 'NONE',  ( 9.828957951031389600, 9.999200000000000100, 0.9016999999999998300 ) ) ;
#6766 = ORIENTED_EDGE ( 'NONE', *, *, #5927, .F. ) ;
#6767 = ADVANCED_FACE ( 'NONE', ( #11020 ), #11015, .T. ) ;
#6768 =( GEOMETRIC_REPRESENTATION_CONTEXT ( 3 ) GLOBAL_UNCERTAINTY_ASSIGNED_CONTEXT ( ( #6774 ) ) GLOBAL_UNIT_ASSIGNED_CONTEXT ( ( #6786, #6781, #6777 ) ) REPRESENTATION_CONTEXT ( 'NONE', 'WORKASPACE' ) );
#6769 = EDGE_LOOP ( 'NONE', ( #6770, #6771, #6772, #6773 ) ) ;
#6770 = ORIENTED_EDGE ( 'NONE', *, *, #5994, .F. ) ;
#6771 = ORIENTED_EDGE ( 'NONE', *, *, #5967, .F. ) ;
#6772 = ORIENTED_EDGE ( 'NONE', *, *, #5987, .F. ) ;
#6773 = ORIENTED_EDGE ( 'NONE', *, *, #5893, .F. ) ;
#6774 = UNCERTAINTY_MEASURE_WITH_UNIT (LENGTH_MEASURE( 1.000000000000000100E-005 ), #6786, 'distance_accuracy_value', 'NONE');
#6775 = ADVANCED_FACE ( 'NONE', ( #11014 ), #11009, .F. ) ;
#6776 = ORIENTED_EDGE ( 'NONE', *, *, #5789, .F. ) ;
#6778 = ORIENTED_EDGE ( 'NONE', *, *, #5702, .F. ) ;
#6777 =( NAMED_UNIT ( * ) SI_UNIT ( $, .STERADIAN. ) SOLID_ANGLE_UNIT ( ) );
#6779 = ORIENTED_EDGE ( 'NONE', *, *, #5716, .F. ) ;
#6780 = ORIENTED_EDGE ( 'NONE', *, *, #5629, .F. ) ;
#6781 =( NAMED_UNIT ( * ) PLANE_ANGLE_UNIT ( ) SI_UNIT ( $, .RADIAN. ) );
#6782 = ADVANCED_FACE ( 'NONE', ( #11008 ), #11003, .T. ) ;
#6783 = EDGE_LOOP ( 'NONE', ( #6784, #6785, #6787, #6788 ) ) ;
#6784 = ORIENTED_EDGE ( 'NONE', *, *, #5688, .F. ) ;
#6785 = ORIENTED_EDGE ( 'NONE', *, *, #5752, .F. ) ;
#6786 =( LENGTH_UNIT ( ) NAMED_UNIT ( * ) SI_UNIT ( .MILLI., .METRE. ) );
#6787 = ORIENTED_EDGE ( 'NONE', *, *, #5677, .F. ) ;
#6788 = ORIENTED_EDGE ( 'NONE', *, *, #5732, .F. ) ;
#6789 = MECHANICAL_DESIGN_GEOMETRIC_PRESENTATION_REPRESENTATION (  '', ( #6792 ), #6768 ) ;
#6790 = PRESENTATION_LAYER_ASSIGNMENT (  '', '', ( #6792 ) ) ;
#6791 = ADVANCED_FACE ( 'NONE', ( #11002 ), #11061, .F. ) ;
#6792 = STYLED_ITEM ( 'NONE', ( #6793 ), #2793 ) ;
#6793 = PRESENTATION_STYLE_ASSIGNMENT (( #6794 ) ) ;
#6794 = SURFACE_STYLE_USAGE ( .BOTH. , #6804 ) ;
#6795 = EDGE_LOOP ( 'NONE', ( #6762, #6763, #6764, #6766 ) ) ;
#6796 = CARTESIAN_POINT ( 'NONE',  ( -1.083660729962340900, 9.771255329389770600, 4.884068779328952600 ) ) ;
#6797 = ORIENTED_EDGE ( 'NONE', *, *, #5385, .F. ) ;
#6798 = CARTESIAN_POINT ( 'NONE',  ( -1.083710060166024600, 9.771319734644926300, 4.883332623893930500 ) ) ;
#6799 = ORIENTED_EDGE ( 'NONE', *, *, #5429, .F. ) ;
#6800 = CARTESIAN_POINT ( 'NONE',  ( -1.083752718660977200, 9.771384181348794900, 4.882595994697978400 ) ) ;
#6801 = ORIENTED_EDGE ( 'NONE', *, *, #5448, .F. ) ;
#6802 = CARTESIAN_POINT ( 'NONE',  ( -1.083788702343032800, 9.771448653716284100, 4.881859072165501500 ) ) ;
#6803 = ORIENTED_EDGE ( 'NONE', *, *, #5350, .F. ) ;
#6804 = SURFACE_SIDE_STYLE ('',( #6805 ) ) ;
#6805 = SURFACE_STYLE_FILL_AREA ( #6806 ) ;
#6806 = FILL_AREA_STYLE ('',( #6691 ) ) ;
#6807 = ADVANCED_FACE ( 'NONE', ( #11060 ), #11055, .T. ) ;
#6808 = ORIENTED_EDGE ( 'NONE', *, *, #5526, .F. ) ;
#6809 = ORIENTED_EDGE ( 'NONE', *, *, #5669, .F. ) ;
#6810 = FACE_OUTER_BOUND ( 'NONE', #2795, .T. ) ;
#6811 = ADVANCED_FACE ( 'NONE', ( #11054 ), #11049, .T. ) ;
#6812 =( NAMED_UNIT ( * ) SI_UNIT ( $, .STERADIAN. ) SOLID_ANGLE_UNIT ( ) );
#6813 = EDGE_LOOP ( 'NONE', ( #6814, #6815, #6816, #6818 ) ) ;
#6814 = ORIENTED_EDGE ( 'NONE', *, *, #5299, .F. ) ;
#6815 = ORIENTED_EDGE ( 'NONE', *, *, #5511, .F. ) ;
#6816 = ORIENTED_EDGE ( 'NONE', *, *, #5311, .F. ) ;
#6817 =( NAMED_UNIT ( * ) PLANE_ANGLE_UNIT ( ) SI_UNIT ( $, .RADIAN. ) );
#6818 = ORIENTED_EDGE ( 'NONE', *, *, #5436, .F. ) ;
#6819 = ADVANCED_FACE ( 'NONE', ( #11047 ), #11043, .T. ) ;
#6820 =( LENGTH_UNIT ( ) NAMED_UNIT ( * ) SI_UNIT ( .MILLI., .METRE. ) );
#6821 = EDGE_LOOP ( 'NONE', ( #6822, #6823, #6825, #6827 ) ) ;
#6822 = ORIENTED_EDGE ( 'NONE', *, *, #5188, .F. ) ;
#6823 = ORIENTED_EDGE ( 'NONE', *, *, #5518, .F. ) ;
#6824 = MECHANICAL_DESIGN_GEOMETRIC_PRESENTATION_REPRESENTATION (  '', ( #6828 ), #6938 ) ;
#6825 = ORIENTED_EDGE ( 'NONE', *, *, #5263, .F. ) ;
#6826 = PRESENTATION_LAYER_ASSIGNMENT (  '', '', ( #6828 ) ) ;
#6827 = ORIENTED_EDGE ( 'NONE', *, *, #5407, .F. ) ;
#6828 = STYLED_ITEM ( 'NONE', ( #6829 ), #2831 ) ;
#6829 = PRESENTATION_STYLE_ASSIGNMENT (( #6830 ) ) ;
#6831 = ADVANCED_FACE ( 'NONE', ( #11037 ), #11036, .F. ) ;
#6830 = SURFACE_STYLE_USAGE ( .BOTH. , #6832 ) ;
#6832 = SURFACE_SIDE_STYLE ('',( #6833 ) ) ;
#6834 = ORIENTED_EDGE ( 'NONE', *, *, #6720, .F. ) ;
#6833 = SURFACE_STYLE_FILL_AREA ( #6835 ) ;
#6835 = FILL_AREA_STYLE ('',( #6846 ) ) ;
#6836 = ORIENTED_EDGE ( 'NONE', *, *, #6636, .F. ) ;
#6837 = COLOUR_RGB ( '',0.1254901960784313700, 0.1254901960784313700, 0.1254901960784313700 ) ;
#6839 = ORIENTED_EDGE ( 'NONE', *, *, #6652, .F. ) ;
#6838 = FACE_OUTER_BOUND ( 'NONE', #2801, .T. ) ;
#6840 = ORIENTED_EDGE ( 'NONE', *, *, #6567, .F. ) ;
#6841 = DIRECTION ( 'NONE',  ( -0.0000000000000000000, 1.000000000000000000, -0.0000000000000000000 ) ) ;
#6842 = VECTOR ( 'NONE', #6841, 1000.000000000000000 ) ;
#6843 = CARTESIAN_POINT ( 'NONE',  ( -5.349999999999999600, 5.439999999999998600, 3.169999999999999900 ) ) ;
#6844 = ADVANCED_FACE ( 'NONE', ( #11031 ), #11032, .T. ) ;
#6845 = LINE ( 'NONE', #6843, #6842 ) ;
#6846 = FILL_AREA_STYLE_COLOUR ( '', #6837 ) ;
#6847 = EDGE_LOOP ( 'NONE', ( #6848, #6849, #6851, #6852 ) ) ;
#6848 = ORIENTED_EDGE ( 'NONE', *, *, #6626, .F. ) ;
#6849 = ORIENTED_EDGE ( 'NONE', *, *, #6733, .F. ) ;
#6850 = CARTESIAN_POINT ( 'NONE',  ( -5.169612216549749600, -9.644738602732118700, 4.886275114834992600 ) ) ;
#6851 = ORIENTED_EDGE ( 'NONE', *, *, #6622, .F. ) ;
#6852 = ORIENTED_EDGE ( 'NONE', *, *, #6676, .F. ) ;
#6853 = DIRECTION ( 'NONE',  ( -0.0000000000000000000, 1.000000000000000000, -0.0000000000000000000 ) ) ;
#6854 = VECTOR ( 'NONE', #6853, 1000.000000000000000 ) ;
#6856 = EDGE_LOOP ( 'NONE', ( #6857, #6859, #6860, #6861 ) ) ;
#6855 = CARTESIAN_POINT ( 'NONE',  ( -5.169612216549749600, 10.10000000000000000, 4.886275114834992600 ) ) ;
#6857 = ORIENTED_EDGE ( 'NONE', *, *, #6439, .F. ) ;
#6858 = LINE ( 'NONE', #6855, #6854 ) ;
#6859 = ORIENTED_EDGE ( 'NONE', *, *, #6485, .F. ) ;
#6860 = ORIENTED_EDGE ( 'NONE', *, *, #6362, .F. ) ;
#6861 = ORIENTED_EDGE ( 'NONE', *, *, #6411, .F. ) ;
#6862 = DIRECTION ( 'NONE',  ( -0.0000000000000000000, 1.000000000000000000, -0.0000000000000000000 ) ) ;
#6863 = VECTOR ( 'NONE', #6862, 1000.000000000000000 ) ;
#6864 = ADVANCED_FACE ( 'NONE', ( #11096 ), #11089, .T. ) ;
#6865 = CARTESIAN_POINT ( 'NONE',  ( -5.349999999999999600, 2.899999999999999000, 3.169999999999999900 ) ) ;
#6866 = LINE ( 'NONE', #6865, #6863 ) ;
#6867 = EDGE_LOOP ( 'NONE', ( #6868, #6869, #6871, #6873 ) ) ;
#6868 = ORIENTED_EDGE ( 'NONE', *, *, #6474, .F. ) ;
#6869 = ORIENTED_EDGE ( 'NONE', *, *, #6538, .F. ) ;
#6871 = ORIENTED_EDGE ( 'NONE', *, *, #6468, .F. ) ;
#6870 = DIRECTION ( 'NONE',  ( -0.0000000000000000000, -1.000000000000000000, -0.0000000000000000000 ) ) ;
#6872 = VECTOR ( 'NONE', #6870, 1000.000000000000000 ) ;
#6873 = ORIENTED_EDGE ( 'NONE', *, *, #6375, .F. ) ;
#6874 = CARTESIAN_POINT ( 'NONE',  ( -5.349999999999990800, 0.9100000000000010300, 3.169999999999999900 ) ) ;
#6875 = LINE ( 'NONE', #6874, #6872 ) ;
#6876 = EDGE_LOOP ( 'NONE', ( #6834, #6836, #6839, #6840 ) ) ;
#6877 = EDGE_LOOP ( 'NONE', ( #6746, #6747, #6748, #6750 ) ) ;
#6878 = DIRECTION ( 'NONE',  ( -0.0000000000000000000, -1.000000000000000000, -0.0000000000000000000 ) ) ;
#6880 = ORIENTED_EDGE ( 'NONE', *, *, #6553, .F. ) ;
#6879 = VECTOR ( 'NONE', #6878, 1000.000000000000000 ) ;
#6881 = ORIENTED_EDGE ( 'NONE', *, *, #6316, .F. ) ;
#6882 = CARTESIAN_POINT ( 'NONE',  ( -5.349999999999999600, 10.10000000000000000, 3.169999999999999900 ) ) ;
#6883 = DIRECTION ( 'NONE',  ( -0.0000000000000000000, 1.000000000000000000, -0.0000000000000000000 ) ) ;
#6884 = VECTOR ( 'NONE', #6883, 1000.000000000000000 ) ;
#6885 = EDGE_LOOP ( 'NONE', ( #6976, #6977, #6978, #6979 ) ) ;
#6886 = CARTESIAN_POINT ( 'NONE',  ( -5.349999999999999600, 7.979999999999999500, 3.169999999999999900 ) ) ;
#6887 = ORIENTED_EDGE ( 'NONE', *, *, #5978, .F. ) ;
#6888 = LINE ( 'NONE', #6886, #6884 ) ;
#6889 = ADVANCED_FACE ( 'NONE', ( #11090 ), #11085, .T. ) ;
#6890 = EDGE_LOOP ( 'NONE', ( #6893, #6894, #6896, #6898 ) ) ;
#6891 = DIRECTION ( 'NONE',  ( -0.0000000000000000000, -1.000000000000000000, -0.0000000000000000000 ) ) ;
#6893 = ORIENTED_EDGE ( 'NONE', *, *, #6042, .F. ) ;
#6892 = VECTOR ( 'NONE', #6891, 1000.000000000000000 ) ;
#6894 = ORIENTED_EDGE ( 'NONE', *, *, #6259, .F. ) ;
#6895 = CARTESIAN_POINT ( 'NONE',  ( -5.349999999999990800, 3.450000000000000600, 3.169999999999999900 ) ) ;
#6896 = ORIENTED_EDGE ( 'NONE', *, *, #6059, .F. ) ;
#6897 = LINE ( 'NONE', #6895, #6892 ) ;
#6898 = ORIENTED_EDGE ( 'NONE', *, *, #6190, .F. ) ;
#6899 = ADVANCED_FACE ( 'NONE', ( #11083 ), #11079, .T. ) ;
#6900 = DIRECTION ( 'NONE',  ( -0.0000000000000000000, -1.000000000000000000, -0.0000000000000000000 ) ) ;
#6901 = VECTOR ( 'NONE', #6900, 1000.000000000000000 ) ;
#6902 = EDGE_LOOP ( 'NONE', ( #6904, #6905, #6907, #6988 ) ) ;
#6903 = CARTESIAN_POINT ( 'NONE',  ( -5.349999999999990800, 5.990000000000000200, 3.169999999999999900 ) ) ;
#6904 = ORIENTED_EDGE ( 'NONE', *, *, #6070, .F. ) ;
#6905 = ORIENTED_EDGE ( 'NONE', *, *, #6262, .F. ) ;
#6906 = LINE ( 'NONE', #6903, #6901 ) ;
#6907 = ORIENTED_EDGE ( 'NONE', *, *, #6149, .F. ) ;
#6908 = ADVANCED_FACE ( 'NONE', ( #11073 ), #11077, .T. ) ;
#6909 = DIRECTION ( 'NONE',  ( -0.0000000000000000000, -1.000000000000000000, -0.0000000000000000000 ) ) ;
#6910 = VECTOR ( 'NONE', #6909, 1000.000000000000000 ) ;
#6912 = EDGE_LOOP ( 'NONE', ( #6913, #6915, #6916, #6917 ) ) ;
#6911 = CARTESIAN_POINT ( 'NONE',  ( -5.349999999999990800, 8.530000000000001100, 3.169999999999999900 ) ) ;
#6913 = ORIENTED_EDGE ( 'NONE', *, *, #5867, .F. ) ;
#6914 = LINE ( 'NONE', #6911, #6910 ) ;
#6915 = ORIENTED_EDGE ( 'NONE', *, *, #6082, .F. ) ;
#6916 = ORIENTED_EDGE ( 'NONE', *, *, #5740, .F. ) ;
#6917 = ORIENTED_EDGE ( 'NONE', *, *, #5872, .F. ) ;
#6918 = DIRECTION ( 'NONE',  ( -0.1041350224314106500, 0.08668189170242481000, -0.9907785558610454600 ) ) ;
#6919 = VECTOR ( 'NONE', #6918, 1000.000000000000000 ) ;
#6920 = ADVANCED_FACE ( 'NONE', ( #11067 ), #11071, .T. ) ;
#6921 = CARTESIAN_POINT ( 'NONE',  ( -5.351140276105717000, 9.795842383496612600, 3.159150997551758900 ) ) ;
#6922 = EDGE_LOOP ( 'NONE', ( #6923, #6924, #6926, #6887 ) ) ;
#6923 = ORIENTED_EDGE ( 'NONE', *, *, #5748, .F. ) ;
#6924 = ORIENTED_EDGE ( 'NONE', *, *, #5940, .F. ) ;
#6925 = DIRECTION ( 'NONE',  ( -0.1045284632676576200, 0.0000000000000000000, -0.9945218953682729600 ) ) ;
#6926 = ORIENTED_EDGE ( 'NONE', *, *, #5831, .F. ) ;
#6927 = DIRECTION ( 'NONE',  ( 0.9945218953682729600, 0.0000000000000000000, -0.1045284632676576200 ) ) ;
#6928 = CARTESIAN_POINT ( 'NONE',  ( -5.349999999999999600, 10.10000000000000000, 3.169999999999999900 ) ) ;
#6930 = ADVANCED_FACE ( 'NONE', ( #11065 ), #11125, .T. ) ;
#6929 = AXIS2_PLACEMENT_3D ( 'NONE', #6928, #6927, #6925 ) ;
#6931 = LINE ( 'NONE', #6921, #6919 ) ;
#6932 = EDGE_LOOP ( 'NONE', ( #6933, #6934, #6936, #6937 ) ) ;
#6933 = ORIENTED_EDGE ( 'NONE', *, *, #5564, .F. ) ;
#6934 = ORIENTED_EDGE ( 'NONE', *, *, #5767, .F. ) ;
#6936 = ORIENTED_EDGE ( 'NONE', *, *, #5580, .F. ) ;
#6935 = PLANE ( 'NONE',  #6929 ) ;
#6937 = ORIENTED_EDGE ( 'NONE', *, *, #5710, .F. ) ;
#6938 =( GEOMETRIC_REPRESENTATION_CONTEXT ( 3 ) GLOBAL_UNCERTAINTY_ASSIGNED_CONTEXT ( ( #6944 ) ) GLOBAL_UNIT_ASSIGNED_CONTEXT ( ( #6820, #6817, #6812 ) ) REPRESENTATION_CONTEXT ( 'NONE', 'WORKASPACE' ) );
#6939 = ADVANCED_FACE ( 'NONE', ( #11123 ), #11119, .T. ) ;
#6940 = EDGE_LOOP ( 'NONE', ( #6941, #6942, #6808, #6809 ) ) ;
#6941 = ORIENTED_EDGE ( 'NONE', *, *, #5587, .F. ) ;
#6942 = ORIENTED_EDGE ( 'NONE', *, *, #5773, .F. ) ;
#6943 = ORIENTED_EDGE ( 'NONE', *, *, #6945, .F. ) ;
#6944 = UNCERTAINTY_MEASURE_WITH_UNIT (LENGTH_MEASURE( 1.000000000000000100E-005 ), #6820, 'distance_accuracy_value', 'NONE');
#6945 = EDGE_CURVE ( 'NONE', #1398, #1497, #11117, .T. ) ;
#6946 = ORIENTED_EDGE ( 'NONE', *, *, #1522, .F. ) ;
#6947 = ORIENTED_EDGE ( 'NONE', *, *, #7032, .T. ) ;
#6949 = EDGE_CURVE ( 'NONE', #2747, #6951, #11110, .T. ) ;
#6948 = DIRECTION ( 'NONE',  ( -0.0000000000000000000, -1.000000000000000000, -0.0000000000000000000 ) ) ;
#6950 = VECTOR ( 'NONE', #6948, 1000.000000000000000 ) ;
#6951 = VERTEX_POINT ( 'NONE', #11106 ) ;
#6952 = CARTESIAN_POINT ( 'NONE',  ( -5.349999999999999600, 10.10000000000000000, 2.649999999999999900 ) ) ;
#6953 = ORIENTED_EDGE ( 'NONE', *, *, #6954, .T. ) ;
#6954 = EDGE_CURVE ( 'NONE', #6951, #6955, #11105, .T. ) ;
#6955 = VERTEX_POINT ( 'NONE', #11101 ) ;
#6956 = ORIENTED_EDGE ( 'NONE', *, *, #1455, .F. ) ;
#6957 = ORIENTED_EDGE ( 'NONE', *, *, #6958, .T. ) ;
#6958 = EDGE_CURVE ( 'NONE', #1453, #1517, #11100, .T. ) ;
#6959 = DIRECTION ( 'NONE',  ( 0.0000000000000000000, 0.0000000000000000000, -1.000000000000000000 ) ) ;
#6961 = ORIENTED_EDGE ( 'NONE', *, *, #6963, .T. ) ;
#6960 = DIRECTION ( 'NONE',  ( 1.000000000000000000, -0.0000000000000000000, 0.0000000000000000000 ) ) ;
#6963 = EDGE_CURVE ( 'NONE', #6955, #7058, #11155, .T. ) ;
#6962 = CARTESIAN_POINT ( 'NONE',  ( -5.349999999999999600, 10.10000000000000000, 3.169999999999999900 ) ) ;
#6964 = AXIS2_PLACEMENT_3D ( 'NONE', #6962, #6960, #6959 ) ;
#6965 = ORIENTED_EDGE ( 'NONE', *, *, #2727, .T. ) ;
#6966 = LINE ( 'NONE', #6952, #6950 ) ;
#6967 = ORIENTED_EDGE ( 'NONE', *, *, #1763, .F. ) ;
#6968 = ORIENTED_EDGE ( 'NONE', *, *, #6969, .T. ) ;
#6969 = EDGE_CURVE ( 'NONE', #234, #1766, #11151, .T. ) ;
#6970 = ORIENTED_EDGE ( 'NONE', *, *, #6742, .F. ) ;
#6971 = PLANE ( 'NONE',  #6964 ) ;
#6972 = CLOSED_SHELL ( 'NONE', ( #1483, #1372, #1340, #1333, #1435, #1449, #1426, #1519, #1508, #1584, #1570, #1664, #1644, #1621, #1609, #27, #11431, #6, #1721, #1694, #1670, #2776, #2856, #2831, #5480, #7053, #7089, #65, #42, #7105, #112, #7144, #142, #156, #123, #134, #102, #242, #198, #181, #179, #221, #217, #205, #1850, #1864, #1827, #1838, #1942, #1913, #1931, #1894, #2010, #2021, #2089, #2076, #2046, #2164, #2136, #2107, #2126, #2235, #2207, #2222, #2187, #2306, #2275, #2292, #2258, #2267, #2373, #2250, #2347, #2324, #2334, #2318, #2416, #2431, #2397, #2407, #2381, #2389, #2494, #2502, #2474, #2482, #2448, #2560, #2568, #2536, #2553, #2515, #2526, #2633, #2503, #2614, #2583, #2598, #2702, #2712, #2680, #2693, #2661, #2672, #2914, #2793, #2896, #2904, #2873, #2884, #2993, #3004, #2965, #2977, #3063, #3046, #3011, #3033, #3129, #3105, #3085, #3078, #3174, #3272, #3146, #3218, #3343, #3311, #3332, #3297, #3417, #3392, #3383, #3357, #3444, #3454, #3547, #3524, #3486, #3508, #3626, #3606, #3574, #3701, #3670, #3774, #3637, #3717, #3847, #3810, #3836, #3800, #3908, #3890, #3883, #3850, #3937, #3955, #4032, #4010, #3985, #3998, #4107, #4072, #4054, #4180, #4147, #4243, #4118, #4194, #4311, #4282, #4303, #4273, #4379, #4346, #4338, #4318, #4400, #4413, #4488, #4472, #4566, #4459, #4556, #4532, #4639, #4626, #4602, #4686, #4705, #4673, #4681, #4654, #4665, #4758, #4642, #4743, #4750, #4725, #4736, #4830, #4713, #4814, #4822, #4796, #4807, #4901, #4787, #4884, #4892, #4865, #4876, #4838, #4854, #4959, #4967, #4942, #4952, #5029, #5014, #4977, #5090, #5103, #5081, #5164, #5145, #5139, #5239, #5115, #5224, #5232, #5199, #5215, #5282, #5265, #5372, #5343, #5357, #5336, #5423, #5401, #5390, #5505, #5571, #5551, #5529, #5644, #5616, #5724, #5601, #5695, #5665, #5792, #5756, #5777, #5855, #5834, #5799, #5917, #5933, #5907, #6000, #5970, #5955, #6078, #5942, #6029, #6151, #6129, #6092, #6118, #6221, #6177, #6287, #6280, #6250, #6265, #6340, #6320, #6290, #6400, #6418, #6387, #6479, #6453, #6444, #6545, #6427, #6502, #6616, #6584, #6557, #6574, #6683, #6631, #6736, #6727, #6702, #6713, #6807, #6697, #6782, #6791, #6767, #6775, #6751, #6761, #6864, #6831, #6844, #6811, #6819, #6930, #6939, #6908, #6920, #6889, #6899, #6989, #7001, #6975, #6981 ) ) ;
#6974 = ORIENTED_EDGE ( 'NONE', *, *, #6460, .F. ) ;
#6973 =( GEOMETRIC_REPRESENTATION_CONTEXT ( 3 ) GLOBAL_UNCERTAINTY_ASSIGNED_CONTEXT ( ( #6980 ) ) GLOBAL_UNIT_ASSIGNED_CONTEXT ( ( #6990, #6987, #6982 ) ) REPRESENTATION_CONTEXT ( 'NONE', 'WORKASPACE' ) );
#6975 = ADVANCED_FACE ( 'NONE', ( #11147 ), #11146, .T. ) ;
#6976 = ORIENTED_EDGE ( 'NONE', *, *, #6510, .F. ) ;
#6977 = ORIENTED_EDGE ( 'NONE', *, *, #6709, .F. ) ;
#6978 = ORIENTED_EDGE ( 'NONE', *, *, #6524, .F. ) ;
#6979 = ORIENTED_EDGE ( 'NONE', *, *, #6688, .F. ) ;
#6980 = UNCERTAINTY_MEASURE_WITH_UNIT (LENGTH_MEASURE( 1.000000000000000100E-005 ), #6990, 'distance_accuracy_value', 'NONE');
#6981 = ADVANCED_FACE ( 'NONE', ( #11145 ), #11140, .T. ) ;
#6982 =( NAMED_UNIT ( * ) SI_UNIT ( $, .STERADIAN. ) SOLID_ANGLE_UNIT ( ) );
#6983 = EDGE_LOOP ( 'NONE', ( #6984, #6985, #6986, #6970 ) ) ;
#6984 = ORIENTED_EDGE ( 'NONE', *, *, #6534, .F. ) ;
#6985 = ORIENTED_EDGE ( 'NONE', *, *, #6712, .F. ) ;
#6986 = ORIENTED_EDGE ( 'NONE', *, *, #6614, .F. ) ;
#6987 =( NAMED_UNIT ( * ) PLANE_ANGLE_UNIT ( ) SI_UNIT ( $, .RADIAN. ) );
#6988 = ORIENTED_EDGE ( 'NONE', *, *, #6155, .F. ) ;
#6989 = ADVANCED_FACE ( 'NONE', ( #11134 ), #11138, .T. ) ;
#6990 =( LENGTH_UNIT ( ) NAMED_UNIT ( * ) SI_UNIT ( .MILLI., .METRE. ) );
#6991 = EDGE_LOOP ( 'NONE', ( #6992, #6993, #6995, #6997 ) ) ;
#6992 = ORIENTED_EDGE ( 'NONE', *, *, #6349, .F. ) ;
#6993 = ORIENTED_EDGE ( 'NONE', *, *, #6549, .F. ) ;
#6994 = MECHANICAL_DESIGN_GEOMETRIC_PRESENTATION_REPRESENTATION (  '', ( #6998 ), #6973 ) ;
#6995 = ORIENTED_EDGE ( 'NONE', *, *, #6225, .F. ) ;
#6996 = PRESENTATION_LAYER_ASSIGNMENT (  '', '', ( #6998 ) ) ;
#6997 = ORIENTED_EDGE ( 'NONE', *, *, #6394, .F. ) ;
#6998 = STYLED_ITEM ( 'NONE', ( #6999 ), #2856 ) ;
#6999 = PRESENTATION_STYLE_ASSIGNMENT (( #7000 ) ) ;
#7000 = SURFACE_STYLE_USAGE ( .BOTH. , #7002 ) ;
#7001 = ADVANCED_FACE ( 'NONE', ( #11128 ), #11132, .T. ) ;
#7002 = SURFACE_SIDE_STYLE ('',( #7003 ) ) ;
#7003 = SURFACE_STYLE_FILL_AREA ( #7004 ) ;
#7004 = FILL_AREA_STYLE ('',( #7008 ) ) ;
#7005 = COLOUR_RGB ( '',0.1254901960784313700, 0.1254901960784313700, 0.1254901960784313700 ) ;
#7006 = EDGE_LOOP ( 'NONE', ( #7007, #6880, #6881, #6974 ) ) ;
#7007 = ORIENTED_EDGE ( 'NONE', *, *, #6233, .F. ) ;
#7008 = FILL_AREA_STYLE_COLOUR ( '', #7005 ) ;
#7009 = FACE_OUTER_BOUND ( 'NONE', #2859, .T. ) ;
#7010 = ORIENTED_EDGE ( 'NONE', *, *, #7012, .T. ) ;
#7011 = CARTESIAN_POINT ( 'NONE',  ( -5.169612216549749600, 9.644738602732115100, 4.886275114834992600 ) ) ;
#7012 = EDGE_CURVE ( 'NONE', #7154, #46, #11184, .T. ) ;
#7013 = CYLINDRICAL_SURFACE ( 'NONE', #7018, 0.5000000000000000000 ) ;
#7014 = EDGE_LOOP ( 'NONE', ( #7106, #7112, #7115, #7119, #107, #110 ) ) ;
#7015 = VERTEX_POINT ( 'NONE', #11180 ) ;
#7016 = ORIENTED_EDGE ( 'NONE', *, *, #7017, .F. ) ;
#7017 = EDGE_CURVE ( 'NONE', #1783, #7015, #11179, .T. ) ;
#7018 = AXIS2_PLACEMENT_3D ( 'NONE', #7156, #7155, #7153 ) ;
#7019 = ORIENTED_EDGE ( 'NONE', *, *, #1777, .F. ) ;
#7020 = DIRECTION ( 'NONE',  ( 1.000000000000000000, 0.0000000000000000000, 0.0000000000000000000 ) ) ;
#7021 = ORIENTED_EDGE ( 'NONE', *, *, #7149, .T. ) ;
#7022 = DIRECTION ( 'NONE',  ( 0.0000000000000000000, 0.0000000000000000000, 1.000000000000000000 ) ) ;
#7023 = VERTEX_POINT ( 'NONE', #11175 ) ;
#7024 = AXIS2_PLACEMENT_3D ( 'NONE', #7033, #7022, #7020 ) ;
#7025 = ORIENTED_EDGE ( 'NONE', *, *, #7027, .T. ) ;
#7026 = TOROIDAL_SURFACE ( 'NONE', #7024, 0.9000000000000001300, 0.2000000000000000100 ) ;
#7027 = EDGE_CURVE ( 'NONE', #7078, #1422, #11174, .T. ) ;
#7028 = FACE_OUTER_BOUND ( 'NONE', #2888, .T. ) ;
#7029 = ORIENTED_EDGE ( 'NONE', *, *, #1419, .F. ) ;
#7030 = ORIENTED_EDGE ( 'NONE', *, *, #7031, .F. ) ;
#7031 = EDGE_CURVE ( 'NONE', #1405, #1448, #11170, .T. ) ;
#7032 = EDGE_CURVE ( 'NONE', #1493, #1563, #11166, .T. ) ;
#7033 = CARTESIAN_POINT ( 'NONE',  ( -2.301999999999991200, -6.699999999999999300, 5.000000000000000000 ) ) ;
#7034 = ORIENTED_EDGE ( 'NONE', *, *, #1559, .F. ) ;
#7035 = ORIENTED_EDGE ( 'NONE', *, *, #7036, .F. ) ;
#7036 = EDGE_CURVE ( 'NONE', #1527, #1588, #11162, .T. ) ;
#7037 =( GEOMETRIC_REPRESENTATION_CONTEXT ( 3 ) GLOBAL_UNCERTAINTY_ASSIGNED_CONTEXT ( ( #7045 ) ) GLOBAL_UNIT_ASSIGNED_CONTEXT ( ( #7056, #7052, #7048 ) ) REPRESENTATION_CONTEXT ( 'NONE', 'WORKASPACE' ) );
#7038 = ORIENTED_EDGE ( 'NONE', *, *, #1568, .F. ) ;
#7039 = ORIENTED_EDGE ( 'NONE', *, *, #7040, .T. ) ;
#7040 = EDGE_CURVE ( 'NONE', #1573, #1546, #11158, .T. ) ;
#7041 = ORIENTED_EDGE ( 'NONE', *, *, #7051, .T. ) ;
#7042 = ORIENTED_EDGE ( 'NONE', *, *, #1547, .F. ) ;
#7043 = ORIENTED_EDGE ( 'NONE', *, *, #7044, .F. ) ;
#7044 = EDGE_CURVE ( 'NONE', #1582, #1661, #11211, .T. ) ;
#7045 = UNCERTAINTY_MEASURE_WITH_UNIT (LENGTH_MEASURE( 1.000000000000000100E-005 ), #7056, 'distance_accuracy_value', 'NONE');
#7046 = ORIENTED_EDGE ( 'NONE', *, *, #1655, .F. ) ;
#7047 = ORIENTED_EDGE ( 'NONE', *, *, #7049, .T. ) ;
#7048 =( NAMED_UNIT ( * ) SI_UNIT ( $, .STERADIAN. ) SOLID_ANGLE_UNIT ( ) );
#7049 = EDGE_CURVE ( 'NONE', #1544, #11419, #11207, .T. ) ;
#7050 = ORIENTED_EDGE ( 'NONE', *, *, #1614, .F. ) ;
#7051 = EDGE_CURVE ( 'NONE', #11441, #5456, #11201, .T. ) ;
#7052 =( NAMED_UNIT ( * ) PLANE_ANGLE_UNIT ( ) SI_UNIT ( $, .RADIAN. ) );
#7053 = ADVANCED_FACE ( 'NONE', ( #11203 ), #11231, .F. ) ;
#7054 = EDGE_LOOP ( 'NONE', ( #7055, #7057, #6953, #6961, #7060, #7066, #7074, #7025, #7029, #7030, #6956, #6957, #7080, #6943, #6946, #6947, #7034, #7035, #7038, #7039, #7042, #7043, #7046, #7047, #7050, #7123, #51, #52, #54, #55, #57, #58, #60, #61, #7103, #7104 ) ) ;
#7055 = ORIENTED_EDGE ( 'NONE', *, *, #2862, .F. ) ;
#7056 =( LENGTH_UNIT ( ) NAMED_UNIT ( * ) SI_UNIT ( .MILLI., .METRE. ) );
#7057 = ORIENTED_EDGE ( 'NONE', *, *, #6949, .T. ) ;
#7058 = VERTEX_POINT ( 'NONE', #11226 ) ;
#7060 = ORIENTED_EDGE ( 'NONE', *, *, #7061, .T. ) ;
#7059 = MECHANICAL_DESIGN_GEOMETRIC_PRESENTATION_REPRESENTATION (  '', ( #7064 ), #7037 ) ;
#7061 = EDGE_CURVE ( 'NONE', #7058, #7063, #11225, .T. ) ;
#7062 = PRESENTATION_LAYER_ASSIGNMENT (  '', '', ( #7064 ) ) ;
#7063 = VERTEX_POINT ( 'NONE', #11221 ) ;
#7064 = STYLED_ITEM ( 'NONE', ( #7065 ), #2873 ) ;
#7066 = ORIENTED_EDGE ( 'NONE', *, *, #7068, .T. ) ;
#7065 = PRESENTATION_STYLE_ASSIGNMENT (( #7067 ) ) ;
#7067 = SURFACE_STYLE_USAGE ( .BOTH. , #7069 ) ;
#7068 = EDGE_CURVE ( 'NONE', #7063, #7071, #11220, .T. ) ;
#7069 = SURFACE_SIDE_STYLE ('',( #7070 ) ) ;
#7070 = SURFACE_STYLE_FILL_AREA ( #7072 ) ;
#7071 = VERTEX_POINT ( 'NONE', #11216 ) ;
#7072 = FILL_AREA_STYLE ('',( #7084 ) ) ;
#7074 = ORIENTED_EDGE ( 'NONE', *, *, #7076, .F. ) ;
#7073 = COLOUR_RGB ( '',0.1568627450980392100, 0.1568627450980392100, 0.1568627450980392100 ) ;
#7075 = FACE_OUTER_BOUND ( 'NONE', #2876, .T. ) ;
#7076 = EDGE_CURVE ( 'NONE', #7078, #7071, #11215, .T. ) ;
#7077 = DIRECTION ( 'NONE',  ( 1.000000000000000000, -3.076848593241615900E-033, -1.708586460515685500E-016 ) ) ;
#7078 = VERTEX_POINT ( 'NONE', #11263 ) ;
#7079 = VECTOR ( 'NONE', #7077, 1000.000000000000000 ) ;
#7080 = ORIENTED_EDGE ( 'NONE', *, *, #1487, .F. ) ;
#7081 = CARTESIAN_POINT ( 'NONE',  ( 4.995315247672459200, 9.771255329389770600, 4.884068779328951700 ) ) ;
#7082 = EDGE_CURVE ( 'NONE', #73, #7085, #11262, .T. ) ;
#7083 = LINE ( 'NONE', #7081, #7079 ) ;
#7085 = VERTEX_POINT ( 'NONE', #11258 ) ;
#7084 = FILL_AREA_STYLE_COLOUR ( '', #7073 ) ;
#7086 = EDGE_CURVE ( 'NONE', #11423, #2739, #11256, .T. ) ;
#7087 = DIRECTION ( 'NONE',  ( -0.7071067811865563400, 0.7071067811865388000, 0.0000000000000000000 ) ) ;
#7088 = AXIS2_PLACEMENT_3D ( 'NONE', #7097, #7087, #6571 ) ;
#7089 = ADVANCED_FACE ( 'NONE', ( #11252 ), #11237, .F. ) ;
#7090 = CYLINDRICAL_SURFACE ( 'NONE', #7088, 0.05079999999999989400 ) ;
#7091 = DIRECTION ( 'NONE',  ( -0.2907408867555975600, 0.0000000000000000000, 0.9568018273229669200 ) ) ;
#7093 = EDGE_LOOP ( 'NONE', ( #7094, #7095, #7098, #7099, #63 ) ) ;
#7092 = VECTOR ( 'NONE', #7091, 1000.000000000000100 ) ;
#7094 = ORIENTED_EDGE ( 'NONE', *, *, #5481, .F. ) ;
#7095 = ORIENTED_EDGE ( 'NONE', *, *, #7096, .T. ) ;
#7096 = EDGE_CURVE ( 'NONE', #5490, #7078, #11282, .T. ) ;
#7097 = CARTESIAN_POINT ( 'NONE',  ( 7.564078975515641000, 12.26407897551569400, 0.9016999999999998300 ) ) ;
#7098 = ORIENTED_EDGE ( 'NONE', *, *, #7076, .T. ) ;
#7099 = ORIENTED_EDGE ( 'NONE', *, *, #7100, .T. ) ;
#7100 = EDGE_CURVE ( 'NONE', #7071, #62, #11278, .T. ) ;
#7101 =( GEOMETRIC_REPRESENTATION_CONTEXT ( 3 ) GLOBAL_UNCERTAINTY_ASSIGNED_CONTEXT ( ( #7108 ) ) GLOBAL_UNIT_ASSIGNED_CONTEXT ( ( #7121, #7116, #7111 ) ) REPRESENTATION_CONTEXT ( 'NONE', 'WORKASPACE' ) );
#7102 = EDGE_CURVE ( 'NONE', #3, #11422, #11273, .T. ) ;
#7103 = ORIENTED_EDGE ( 'NONE', *, *, #11440, .F. ) ;
#7104 = ORIENTED_EDGE ( 'NONE', *, *, #7086, .T. ) ;
#7105 = ADVANCED_FACE ( 'NONE', ( #11269 ), #11268, .T. ) ;
#7106 = ORIENTED_EDGE ( 'NONE', *, *, #7107, .F. ) ;
#7107 = EDGE_CURVE ( 'NONE', #7109, #7110, #11316, .T. ) ;
#7108 = UNCERTAINTY_MEASURE_WITH_UNIT (LENGTH_MEASURE( 1.000000000000000100E-005 ), #7121, 'distance_accuracy_value', 'NONE');
#7109 = VERTEX_POINT ( 'NONE', #11312 ) ;
#7110 = VERTEX_POINT ( 'NONE', #11311 ) ;
#7111 =( NAMED_UNIT ( * ) SI_UNIT ( $, .STERADIAN. ) SOLID_ANGLE_UNIT ( ) );
#7112 = ORIENTED_EDGE ( 'NONE', *, *, #7113, .T. ) ;
#7113 = EDGE_CURVE ( 'NONE', #7109, #7114, #11310, .T. ) ;
#7114 = VERTEX_POINT ( 'NONE', #11306 ) ;
#7115 = ORIENTED_EDGE ( 'NONE', *, *, #7117, .F. ) ;
#7116 =( NAMED_UNIT ( * ) PLANE_ANGLE_UNIT ( ) SI_UNIT ( $, .RADIAN. ) );
#7117 = EDGE_CURVE ( 'NONE', #7118, #7114, #11305, .T. ) ;
#7118 = VERTEX_POINT ( 'NONE', #11301 ) ;
#7119 = ORIENTED_EDGE ( 'NONE', *, *, #7120, .T. ) ;
#7120 = EDGE_CURVE ( 'NONE', #7118, #7122, #11300, .T. ) ;
#7121 =( LENGTH_UNIT ( ) NAMED_UNIT ( * ) SI_UNIT ( .MILLI., .METRE. ) );
#7122 = VERTEX_POINT ( 'NONE', #11296 ) ;
#7123 = ORIENTED_EDGE ( 'NONE', *, *, #50, .F. ) ;
#7124 = ORIENTED_EDGE ( 'NONE', *, *, #7126, .T. ) ;
#7125 = MECHANICAL_DESIGN_GEOMETRIC_PRESENTATION_REPRESENTATION (  '', ( #7129 ), #7101 ) ;
#7126 = EDGE_CURVE ( 'NONE', #35, #7128, #11295, .T. ) ;
#7127 = PRESENTATION_LAYER_ASSIGNMENT (  '', '', ( #7129 ) ) ;
#7128 = VERTEX_POINT ( 'NONE', #11291 ) ;
#7129 = STYLED_ITEM ( 'NONE', ( #7130 ), #2896 ) ;
#7131 = ORIENTED_EDGE ( 'NONE', *, *, #7133, .F. ) ;
#7130 = PRESENTATION_STYLE_ASSIGNMENT (( #7132 ) ) ;
#7132 = SURFACE_STYLE_USAGE ( .BOTH. , #7134 ) ;
#7133 = EDGE_CURVE ( 'NONE', #7136, #7128, #11290, .T. ) ;
#7134 = SURFACE_SIDE_STYLE ('',( #7135 ) ) ;
#7135 = SURFACE_STYLE_FILL_AREA ( #7137 ) ;
#7136 = VERTEX_POINT ( 'NONE', #11286 ) ;
#7137 = FILL_AREA_STYLE ('',( #7150 ) ) ;
#7138 = COLOUR_RGB ( '',0.7529411764705882200, 0.7529411764705882200, 0.7529411764705882200 ) ;
#7139 = ORIENTED_EDGE ( 'NONE', *, *, #7141, .T. ) ;
#7140 = FACE_OUTER_BOUND ( 'NONE', #2898, .T. ) ;
#7141 = EDGE_CURVE ( 'NONE', #7136, #116, #11339, .T. ) ;
#7142 = DIRECTION ( 'NONE',  ( -0.7071067811865304800, -0.7071067811865645600, 0.0000000000000000000 ) ) ;
#7143 = DIRECTION ( 'NONE',  ( 0.7071067811865646700, -0.7071067811865304800, -0.0000000000000000000 ) ) ;
#7144 = ADVANCED_FACE ( 'NONE', ( #11335 ), #11334, .F. ) ;
#7145 = CARTESIAN_POINT ( 'NONE',  ( 9.828957951031391400, 9.999200000000000100, 0.9016999999999998300 ) ) ;
#7146 = AXIS2_PLACEMENT_3D ( 'NONE', #7145, #7143, #7142 ) ;
#7147 = CIRCLE ( 'NONE', #7146, 0.05079999999999928300 ) ;
#7148 = EDGE_LOOP ( 'NONE', ( #144, #92, #139, #140 ) ) ;
#7149 = EDGE_CURVE ( 'NONE', #1773, #7023, #11329, .T. ) ;
#7150 = FILL_AREA_STYLE_COLOUR ( '', #7138 ) ;
#7151 = ORIENTED_EDGE ( 'NONE', *, *, #7152, .T. ) ;
#7152 = EDGE_CURVE ( 'NONE', #7023, #7154, #11325, .T. ) ;
#7153 = DIRECTION ( 'NONE',  ( 0.0000000000000000000, 0.0000000000000000000, -1.000000000000000000 ) ) ;
#7154 = VERTEX_POINT ( 'NONE', #11324 ) ;
#7155 = DIRECTION ( 'NONE',  ( 0.0000000000000000000, -1.000000000000000000, 0.0000000000000000000 ) ) ;
#7156 = CARTESIAN_POINT ( 'NONE',  ( -5.593893275649970900, 8.530000000000001100, 3.669999999999999900 ) ) ;
#7157 = CIRCLE ( 'NONE', #7209, 0.05080000000000015100 ) ;
#7158 = DIRECTION ( 'NONE',  ( 1.000000000000000000, 0.0000000000000000000, 0.0000000000000000000 ) ) ;
#7159 = DIRECTION ( 'NONE',  ( 0.0000000000000000000, 0.0000000000000000000, 1.000000000000000000 ) ) ;
#7160 = AXIS2_PLACEMENT_3D ( 'NONE', #7166, #7159, #7158 ) ;
#7161 = CIRCLE ( 'NONE', #7160, 0.9000000000000002400 ) ;
#7162 = DIRECTION ( 'NONE',  ( 1.000000000000000000, 0.0000000000000000000, 0.0000000000000000000 ) ) ;
#7163 = DIRECTION ( 'NONE',  ( 0.0000000000000000000, 0.0000000000000000000, 1.000000000000000000 ) ) ;
#7164 = CARTESIAN_POINT ( 'NONE',  ( -2.301999999999991200, -6.699999999999999300, 4.800000000000000700 ) ) ;
#7165 = AXIS2_PLACEMENT_3D ( 'NONE', #7164, #7163, #7162 ) ;
#7166 = CARTESIAN_POINT ( 'NONE',  ( -2.301999999999991200, -6.699999999999999300, 4.800000000000000700 ) ) ;
#7167 = PLANE ( 'NONE',  #7165 ) ;
#7168 =( GEOMETRIC_REPRESENTATION_CONTEXT ( 3 ) GLOBAL_UNCERTAINTY_ASSIGNED_CONTEXT ( ( #7169 ) ) GLOBAL_UNIT_ASSIGNED_CONTEXT ( ( #7172, #7171, #7170 ) ) REPRESENTATION_CONTEXT ( 'NONE', 'WORKASPACE' ) );
#7169 = UNCERTAINTY_MEASURE_WITH_UNIT (LENGTH_MEASURE( 1.000000000000000100E-005 ), #7172, 'distance_accuracy_value', 'NONE');
#7170 =( NAMED_UNIT ( * ) SI_UNIT ( $, .STERADIAN. ) SOLID_ANGLE_UNIT ( ) );
#7171 =( NAMED_UNIT ( * ) PLANE_ANGLE_UNIT ( ) SI_UNIT ( $, .RADIAN. ) );
#7172 =( LENGTH_UNIT ( ) NAMED_UNIT ( * ) SI_UNIT ( .MILLI., .METRE. ) );
#7173 = MECHANICAL_DESIGN_GEOMETRIC_PRESENTATION_REPRESENTATION (  '', ( #7175 ), #7168 ) ;
#7174 = PRESENTATION_LAYER_ASSIGNMENT (  '', '', ( #7175 ) ) ;
#7175 = STYLED_ITEM ( 'NONE', ( #7176 ), #2904 ) ;
#7176 = PRESENTATION_STYLE_ASSIGNMENT (( #7177 ) ) ;
#7177 = SURFACE_STYLE_USAGE ( .BOTH. , #7178 ) ;
#7178 = SURFACE_SIDE_STYLE ('',( #7179 ) ) ;
#7179 = SURFACE_STYLE_FILL_AREA ( #7180 ) ;
#7180 = FILL_AREA_STYLE ('',( #7181 ) ) ;
#7181 = FILL_AREA_STYLE_COLOUR ( '', #7182 ) ;
#7182 = COLOUR_RGB ( '',0.1254901960784313700, 0.1254901960784313700, 0.1254901960784313700 ) ;
#7183 = FACE_OUTER_BOUND ( 'NONE', #2905, .T. ) ;
#7184 = AXIS2_PLACEMENT_3D ( 'NONE', #7242, #7241, #7240 ) ;
#7185 = DIRECTION ( 'NONE',  ( 1.000000000000000000, 0.0000000000000000000, 0.0000000000000000000 ) ) ;
#7186 = DIRECTION ( 'NONE',  ( 0.0000000000000000000, 1.000000000000000000, 0.0000000000000000000 ) ) ;
#7187 = AXIS2_PLACEMENT_3D ( 'NONE', #7190, #7186, #7185 ) ;
#7188 = SPHERICAL_SURFACE ( 'NONE', #7187, 0.05080000000000000500 ) ;
#7189 = CIRCLE ( 'NONE', #7184, 0.05080000000000051100 ) ;
#7190 = CARTESIAN_POINT ( 'NONE',  ( 12.09920000000000200, 7.728957951031445000, 0.9016999999999998300 ) ) ;
#7191 =( GEOMETRIC_REPRESENTATION_CONTEXT ( 3 ) GLOBAL_UNCERTAINTY_ASSIGNED_CONTEXT ( ( #7192 ) ) GLOBAL_UNIT_ASSIGNED_CONTEXT ( ( #7195, #7194, #7193 ) ) REPRESENTATION_CONTEXT ( 'NONE', 'WORKASPACE' ) );
#7192 = UNCERTAINTY_MEASURE_WITH_UNIT (LENGTH_MEASURE( 1.000000000000000100E-005 ), #7195, 'distance_accuracy_value', 'NONE');
#7193 =( NAMED_UNIT ( * ) SI_UNIT ( $, .STERADIAN. ) SOLID_ANGLE_UNIT ( ) );
#7194 =( NAMED_UNIT ( * ) PLANE_ANGLE_UNIT ( ) SI_UNIT ( $, .RADIAN. ) );
#7195 =( LENGTH_UNIT ( ) NAMED_UNIT ( * ) SI_UNIT ( .MILLI., .METRE. ) );
#7196 = MECHANICAL_DESIGN_GEOMETRIC_PRESENTATION_REPRESENTATION (  '', ( #7198 ), #7191 ) ;
#7197 = PRESENTATION_LAYER_ASSIGNMENT (  '', '', ( #7198 ) ) ;
#7198 = STYLED_ITEM ( 'NONE', ( #7199 ), #2914 ) ;
#7199 = PRESENTATION_STYLE_ASSIGNMENT (( #7200 ) ) ;
#7200 = SURFACE_STYLE_USAGE ( .BOTH. , #7201 ) ;
#7201 = SURFACE_SIDE_STYLE ('',( #7202 ) ) ;
#7202 = SURFACE_STYLE_FILL_AREA ( #7203 ) ;
#7203 = FILL_AREA_STYLE ('',( #7204 ) ) ;
#7204 = FILL_AREA_STYLE_COLOUR ( '', #7205 ) ;
#7205 = COLOUR_RGB ( '',0.7529411764705882200, 0.7529411764705882200, 0.7529411764705882200 ) ;
#7206 = DIRECTION ( 'NONE',  ( 1.000000000000000000, 0.0000000000000000000, 0.0000000000000000000 ) ) ;
#7207 = DIRECTION ( 'NONE',  ( 0.0000000000000000000, 0.0000000000000000000, 1.000000000000000000 ) ) ;
#7208 = CARTESIAN_POINT ( 'NONE',  ( 9.828957951031389600, 9.999200000000000100, 0.9016999999999998300 ) ) ;
#7209 = AXIS2_PLACEMENT_3D ( 'NONE', #7208, #7207, #7206 ) ;
#7210 = FACE_OUTER_BOUND ( 'NONE', #2916, .T. ) ;
#7211 = DIRECTION ( 'NONE',  ( -0.7660444431189804600, 0.6427876096865363700, 3.842102577359716100E-016 ) ) ;
#7212 = CARTESIAN_POINT ( 'NONE',  ( -10.59638766097845400, 4.434634569981380300, 9.889999999999998800 ) ) ;
#7213 = LINE ( 'NONE', #7212, #7274 ) ;
#7214 = CARTESIAN_POINT ( 'NONE',  ( -12.44999999999999800, 5.990000000000000200, 9.890000000000000600 ) ) ;
#7215 = DIRECTION ( 'NONE',  ( -1.000000000000000000, 0.0000000000000000000, 5.015508710847692100E-016 ) ) ;
#7216 = VECTOR ( 'NONE', #7215, 1000.000000000000000 ) ;
#7217 = CARTESIAN_POINT ( 'NONE',  ( -9.291281102303948100, 5.990000000000000200, 9.889999999999998800 ) ) ;
#7218 = LINE ( 'NONE', #7217, #7216 ) ;
#7219 = CARTESIAN_POINT ( 'NONE',  ( -9.291281102303948100, 5.990000000000000200, 9.889999999999998800 ) ) ;
#7220 = DIRECTION ( 'NONE',  ( 0.0000000000000000000, -1.000000000000000000, 0.0000000000000000000 ) ) ;
#7221 = VECTOR ( 'NONE', #7220, 1000.000000000000000 ) ;
#7222 = CARTESIAN_POINT ( 'NONE',  ( -9.291281102303948100, 5.990000000000000200, 9.889999999999998800 ) ) ;
#7223 = LINE ( 'NONE', #7222, #7221 ) ;
#7224 = CARTESIAN_POINT ( 'NONE',  ( -9.291281102303948100, 6.710000000000000900, 9.889999999999997000 ) ) ;
#7225 = DIRECTION ( 'NONE',  ( -1.000000000000000000, 0.0000000000000000000, 5.015508710847692100E-016 ) ) ;
#7226 = VECTOR ( 'NONE', #7225, 1000.000000000000000 ) ;
#7227 = CARTESIAN_POINT ( 'NONE',  ( -9.291281102303948100, 6.710000000000000900, 9.889999999999997000 ) ) ;
#7228 = LINE ( 'NONE', #7227, #7226 ) ;
#7229 = CARTESIAN_POINT ( 'NONE',  ( -12.44999999999999800, 6.710000000000000900, 9.889999999999998800 ) ) ;
#7230 = DIRECTION ( 'NONE',  ( 0.7660444431189804600, 0.6427876096865363700, -3.842102577359716100E-016 ) ) ;
#7231 = VECTOR ( 'NONE', #7230, 1000.000000000000100 ) ;
#7232 = CARTESIAN_POINT ( 'NONE',  ( -10.95091845206284900, 7.967878773978719100, 9.889999999999998800 ) ) ;
#7233 = LINE ( 'NONE', #7232, #7231 ) ;
#7234 = CARTESIAN_POINT ( 'NONE',  ( -9.291281102303948100, 5.990000000000000200, 10.40999999999999800 ) ) ;
#7235 = CARTESIAN_POINT ( 'NONE',  ( -12.44999999999999800, 5.990000000000000200, 10.41000000000000000 ) ) ;
#7236 = DIRECTION ( 'NONE',  ( 0.7660444431189804600, -0.6427876096865363700, -3.842102577359716100E-016 ) ) ;
#7237 = VECTOR ( 'NONE', #7236, 1000.000000000000100 ) ;
#7238 = CARTESIAN_POINT ( 'NONE',  ( -10.59638766097845400, 4.434634569981380300, 10.40999999999999800 ) ) ;
#7239 = LINE ( 'NONE', #7238, #7237 ) ;
#7240 = DIRECTION ( 'NONE',  ( 0.7071067811865474600, 0.7071067811865474600, 2.134256245050184200E-015 ) ) ;
#7241 = DIRECTION ( 'NONE',  ( -0.7071067811865475700, 0.7071067811865475700, -1.207317650931789600E-014 ) ) ;
#7242 = CARTESIAN_POINT ( 'NONE',  ( 12.09920000000000200, 7.728957951031445900, 0.9016999999999998300 ) ) ;
#7243 = DIRECTION ( 'NONE',  ( 0.7660444431189811200, 0.6427876096865354800, 0.0000000000000000000 ) ) ;
#7244 = DIRECTION ( 'NONE',  ( 0.6427876096865355900, -0.7660444431189812300, 3.925006823197681000E-016 ) ) ;
#7245 = AXIS2_PLACEMENT_3D ( 'NONE', #7247, #7244, #7243 ) ;
#7246 = CARTESIAN_POINT ( 'NONE',  ( -6.457760362509508100, 6.710000000000000900, 3.004629556622201200 ) ) ;
#7247 = CARTESIAN_POINT ( 'NONE',  ( -12.75000000000000000, 8.998270110646821300, 10.15000000000000000 ) ) ;
#7248 = PLANE ( 'NONE',  #7245 ) ;
#7249 = DIRECTION ( 'NONE',  ( 0.0000000000000000000, 0.0000000000000000000, -1.000000000000000000 ) ) ;
#7250 = DIRECTION ( 'NONE',  ( 0.0000000000000000000, -1.000000000000000000, 0.0000000000000000000 ) ) ;
#7251 = AXIS2_PLACEMENT_3D ( 'NONE', #7254, #7250, #7249 ) ;
#7252 = CYLINDRICAL_SURFACE ( 'NONE', #7251, 0.5000000000000000000 ) ;
#7253 = FACE_OUTER_BOUND ( 'NONE', #2867, .T. ) ;
#7254 = CARTESIAN_POINT ( 'NONE',  ( -5.979359448848025100, 8.530000000000001100, 3.149999999999999900 ) ) ;
#7255 = FACE_OUTER_BOUND ( 'NONE', #2995, .T. ) ;
#7256 = CARTESIAN_POINT ( 'NONE',  ( -12.75000000000000200, 6.241729889353184300, 9.890000000000000600 ) ) ;
#7257 = CARTESIAN_POINT ( 'NONE',  ( -12.75000000000000200, 6.458270110646817700, 9.890000000000000600 ) ) ;
#7258 = DIRECTION ( 'NONE',  ( 0.0000000000000000000, -1.000000000000000000, 0.0000000000000000000 ) ) ;
#7259 = VECTOR ( 'NONE', #7258, 1000.000000000000000 ) ;
#7260 = CARTESIAN_POINT ( 'NONE',  ( -12.75000000000000000, 5.990000000000000200, 9.890000000000000600 ) ) ;
#7261 = DIRECTION ( 'NONE',  ( -1.000000000000000000, 0.0000000000000000000, 5.015508710847692100E-016 ) ) ;
#7262 = DIRECTION ( 'NONE',  ( -5.015508710847692100E-016, 0.0000000000000000000, -1.000000000000000000 ) ) ;
#7263 = CARTESIAN_POINT ( 'NONE',  ( -9.291281102303948100, 5.990000000000000200, 9.889999999999998800 ) ) ;
#7264 = LINE ( 'NONE', #7260, #7259 ) ;
#7265 = AXIS2_PLACEMENT_3D ( 'NONE', #7263, #7262, #7261 ) ;
#7266 = FACE_OUTER_BOUND ( 'NONE', #2981, .T. ) ;
#7267 = DIRECTION ( 'NONE',  ( -0.7660444431189811200, 0.6427876096865354800, 0.0000000000000000000 ) ) ;
#7268 = DIRECTION ( 'NONE',  ( 0.6427876096865355900, 0.7660444431189812300, 3.925006823197681000E-016 ) ) ;
#7269 = AXIS2_PLACEMENT_3D ( 'NONE', #7271, #7268, #7267 ) ;
#7270 = PLANE ( 'NONE',  #7265 ) ;
#7271 = CARTESIAN_POINT ( 'NONE',  ( -12.75000000000000000, 8.781729889353181700, 10.15000000000000000 ) ) ;
#7272 = PLANE ( 'NONE',  #7269 ) ;
#7273 = FACE_OUTER_BOUND ( 'NONE', #2969, .T. ) ;
#7274 = VECTOR ( 'NONE', #7211, 1000.000000000000100 ) ;
#7275 = DIRECTION ( 'NONE',  ( -0.2907408867555975600, 0.0000000000000000000, 0.9568018273229669200 ) ) ;
#7276 = DIRECTION ( 'NONE',  ( -0.9568018273229670400, 0.0000000000000000000, -0.2907408867555976200 ) ) ;
#7277 = AXIS2_PLACEMENT_3D ( 'NONE', #7278, #7276, #7275 ) ;
#7278 = CARTESIAN_POINT ( 'NONE',  ( -5.964533826801945400, 5.990000000000000200, 3.169999999999999900 ) ) ;
#7279 = PLANE ( 'NONE',  #7277 ) ;
#7280 = FACE_OUTER_BOUND ( 'NONE', #3036, .T. ) ;
#7281 = DIRECTION ( 'NONE',  ( 0.0000000000000000000, 0.0000000000000000000, -1.000000000000000000 ) ) ;
#7282 = DIRECTION ( 'NONE',  ( 0.0000000000000000000, -1.000000000000000000, -0.0000000000000000000 ) ) ;
#7283 = CARTESIAN_POINT ( 'NONE',  ( -9.291281102303948100, 5.990000000000000200, 8.889999999999998800 ) ) ;
#7284 = AXIS2_PLACEMENT_3D ( 'NONE', #7283, #7282, #7281 ) ;
#7285 = CIRCLE ( 'NONE', #7284, 1.520000000000000500 ) ;
#7286 = DIRECTION ( 'NONE',  ( 0.0000000000000000000, 0.0000000000000000000, -1.000000000000000000 ) ) ;
#7287 = DIRECTION ( 'NONE',  ( 0.0000000000000000000, -1.000000000000000000, -0.0000000000000000000 ) ) ;
#7288 = CARTESIAN_POINT ( 'NONE',  ( -9.291281102303948100, 6.710000000000000900, 8.889999999999998800 ) ) ;
#7289 = AXIS2_PLACEMENT_3D ( 'NONE', #7288, #7287, #7286 ) ;
#7290 = CIRCLE ( 'NONE', #7289, 1.520000000000000500 ) ;
#7291 = CARTESIAN_POINT ( 'NONE',  ( -7.836942324773037400, 6.710000000000000900, 9.331926147868506000 ) ) ;
#7292 = CARTESIAN_POINT ( 'NONE',  ( -7.836942324773037400, 5.990000000000000200, 9.331926147868506000 ) ) ;
#7293 = DIRECTION ( 'NONE',  ( 0.0000000000000000000, 1.000000000000000000, 0.0000000000000000000 ) ) ;
#7294 = VECTOR ( 'NONE', #7293, 1000.000000000000000 ) ;
#7295 = CARTESIAN_POINT ( 'NONE',  ( -7.836942324773037400, 5.990000000000000200, 9.331926147868506000 ) ) ;
#7296 = LINE ( 'NONE', #7295, #7294 ) ;
#7297 = DIRECTION ( 'NONE',  ( 0.0000000000000000000, 0.0000000000000000000, -1.000000000000000000 ) ) ;
#7298 = DIRECTION ( 'NONE',  ( 0.0000000000000000000, -1.000000000000000000, -0.0000000000000000000 ) ) ;
#7299 = CARTESIAN_POINT ( 'NONE',  ( -9.291281102303948100, 6.349999999999999600, 8.889999999999998800 ) ) ;
#7300 = AXIS2_PLACEMENT_3D ( 'NONE', #7299, #7298, #7297 ) ;
#7301 = CYLINDRICAL_SURFACE ( 'NONE', #7300, 1.520000000000000500 ) ;
#7302 = FACE_OUTER_BOUND ( 'NONE', #3012, .T. ) ;
#7303 = DIRECTION ( 'NONE',  ( 0.0000000000000000000, 0.0000000000000000000, -1.000000000000000000 ) ) ;
#7304 = DIRECTION ( 'NONE',  ( 0.0000000000000000000, -1.000000000000000000, -0.0000000000000000000 ) ) ;
#7305 = CARTESIAN_POINT ( 'NONE',  ( -9.291281102303948100, 6.710000000000000900, 8.889999999999998800 ) ) ;
#7306 = AXIS2_PLACEMENT_3D ( 'NONE', #7305, #7304, #7303 ) ;
#7307 = CIRCLE ( 'NONE', #7306, 1.000000000000000900 ) ;
#7308 = DIRECTION ( 'NONE',  ( 1.000000000000000000, 0.0000000000000000000, -5.015508710847692100E-016 ) ) ;
#7309 = DIRECTION ( 'NONE',  ( 5.015508710847692100E-016, -0.0000000000000000000, 1.000000000000000000 ) ) ;
#7310 = AXIS2_PLACEMENT_3D ( 'NONE', #7312, #7309, #7308 ) ;
#7311 = LINE ( 'NONE', #7370, #7369 ) ;
#7312 = CARTESIAN_POINT ( 'NONE',  ( -9.291281102303948100, 5.990000000000000200, 10.40999999999999800 ) ) ;
#7313 = PLANE ( 'NONE',  #7310 ) ;
#7314 = FACE_OUTER_BOUND ( 'NONE', #2956, .T. ) ;
#7315 = DIRECTION ( 'NONE',  ( 0.0000000000000000000, 0.0000000000000000000, -1.000000000000000000 ) ) ;
#7316 = DIRECTION ( 'NONE',  ( 0.0000000000000000000, -1.000000000000000000, -0.0000000000000000000 ) ) ;
#7317 = CARTESIAN_POINT ( 'NONE',  ( -9.291281102303948100, 5.990000000000000200, 8.889999999999998800 ) ) ;
#7318 = AXIS2_PLACEMENT_3D ( 'NONE', #7317, #7316, #7315 ) ;
#7319 = CIRCLE ( 'NONE', #7318, 1.000000000000000900 ) ;
#7320 = CARTESIAN_POINT ( 'NONE',  ( -8.334479274980982000, 5.990000000000000200, 9.180740886755597100 ) ) ;
#7321 = CARTESIAN_POINT ( 'NONE',  ( -8.334479274980982000, 6.710000000000000900, 9.180740886755595300 ) ) ;
#7322 = DIRECTION ( 'NONE',  ( 0.0000000000000000000, -1.000000000000000000, -0.0000000000000000000 ) ) ;
#7323 = VECTOR ( 'NONE', #7322, 1000.000000000000000 ) ;
#7324 = CARTESIAN_POINT ( 'NONE',  ( -8.334479274980982000, 5.990000000000000200, 9.180740886755597100 ) ) ;
#7325 = LINE ( 'NONE', #7324, #7323 ) ;
#7326 = DIRECTION ( 'NONE',  ( 0.0000000000000000000, 0.0000000000000000000, -1.000000000000000000 ) ) ;
#7327 = DIRECTION ( 'NONE',  ( 0.0000000000000000000, -1.000000000000000000, -0.0000000000000000000 ) ) ;
#7328 = CARTESIAN_POINT ( 'NONE',  ( -9.291281102303948100, 6.349999999999999600, 8.889999999999998800 ) ) ;
#7329 = AXIS2_PLACEMENT_3D ( 'NONE', #7328, #7327, #7326 ) ;
#7330 = CYLINDRICAL_SURFACE ( 'NONE', #7329, 1.000000000000000900 ) ;
#7331 = FACE_OUTER_BOUND ( 'NONE', #3048, .T. ) ;
#7332 = DIRECTION ( 'NONE',  ( 0.0000000000000000000, 1.000000000000000000, 0.0000000000000000000 ) ) ;
#7333 = VECTOR ( 'NONE', #7332, 1000.000000000000000 ) ;
#7334 = CARTESIAN_POINT ( 'NONE',  ( -9.291281102303948100, 5.990000000000000200, 10.40999999999999800 ) ) ;
#7335 = LINE ( 'NONE', #7334, #7333 ) ;
#7336 = DIRECTION ( 'NONE',  ( -1.000000000000000000, 0.0000000000000000000, 5.015508710847692100E-016 ) ) ;
#7337 = VECTOR ( 'NONE', #7336, 1000.000000000000000 ) ;
#7338 = CARTESIAN_POINT ( 'NONE',  ( -9.291281102303948100, 5.990000000000000200, 10.40999999999999800 ) ) ;
#7339 = LINE ( 'NONE', #7338, #7337 ) ;
#7340 = DIRECTION ( 'NONE',  ( 0.0000000000000000000, 0.0000000000000000000, 1.000000000000000000 ) ) ;
#7341 = DIRECTION ( 'NONE',  ( 0.0000000000000000000, 1.000000000000000000, -0.0000000000000000000 ) ) ;
#7342 = CARTESIAN_POINT ( 'NONE',  ( -7.045411045847954400, 6.710000000000000900, 2.649999999999999900 ) ) ;
#7343 = AXIS2_PLACEMENT_3D ( 'NONE', #7342, #7341, #7340 ) ;
#7344 = PLANE ( 'NONE',  #7343 ) ;
#7345 = FACE_OUTER_BOUND ( 'NONE', #3086, .T. ) ;
#7346 = DIRECTION ( 'NONE',  ( 1.000000000000000000, -0.0000000000000000000, -0.0000000000000000000 ) ) ;
#7347 = VECTOR ( 'NONE', #7346, 1000.000000000000000 ) ;
#7348 = CARTESIAN_POINT ( 'NONE',  ( -7.045411045847954400, 6.710000000000000900, 2.649999999999999900 ) ) ;
#7349 = LINE ( 'NONE', #7348, #7347 ) ;
#7350 = DIRECTION ( 'NONE',  ( 1.000000000000000000, 0.0000000000000000000, -0.0000000000000000000 ) ) ;
#7351 = DIRECTION ( 'NONE',  ( 0.0000000000000000000, -0.0000000000000000000, 1.000000000000000000 ) ) ;
#7352 = CARTESIAN_POINT ( 'NONE',  ( -7.045411045847952600, 5.990000000000000200, 3.169999999999999900 ) ) ;
#7353 = AXIS2_PLACEMENT_3D ( 'NONE', #7352, #7351, #7350 ) ;
#7354 = PLANE ( 'NONE',  #7353 ) ;
#7355 = FACE_OUTER_BOUND ( 'NONE', #3079, .T. ) ;
#7356 = CARTESIAN_POINT ( 'NONE',  ( -12.75000000000000200, 6.241729889353184300, 10.41000000000000000 ) ) ;
#7357 = DIRECTION ( 'NONE',  ( 0.0000000000000000000, 1.000000000000000000, 0.0000000000000000000 ) ) ;
#7358 = VECTOR ( 'NONE', #7357, 1000.000000000000000 ) ;
#7359 = CARTESIAN_POINT ( 'NONE',  ( -12.75000000000000000, 5.990000000000000200, 10.41000000000000000 ) ) ;
#7360 = LINE ( 'NONE', #7359, #7358 ) ;
#7361 = CARTESIAN_POINT ( 'NONE',  ( -12.75000000000000200, 6.458270110646817700, 10.41000000000000000 ) ) ;
#7362 = DIRECTION ( 'NONE',  ( -0.7660444431189804600, -0.6427876096865363700, 3.842102577359716100E-016 ) ) ;
#7363 = VECTOR ( 'NONE', #7362, 1000.000000000000100 ) ;
#7364 = CARTESIAN_POINT ( 'NONE',  ( -10.95091845206284900, 7.967878773978719100, 10.40999999999999800 ) ) ;
#7365 = LINE ( 'NONE', #7364, #7363 ) ;
#7366 = CARTESIAN_POINT ( 'NONE',  ( -12.44999999999999900, 6.710000000000000900, 10.40999999999999800 ) ) ;
#7367 = CARTESIAN_POINT ( 'NONE',  ( -9.291281102303948100, 6.710000000000000900, 10.40999999999999800 ) ) ;
#7368 = DIRECTION ( 'NONE',  ( -1.000000000000000000, 0.0000000000000000000, 5.015508710847692100E-016 ) ) ;
#7369 = VECTOR ( 'NONE', #7368, 1000.000000000000000 ) ;
#7370 = CARTESIAN_POINT ( 'NONE',  ( -9.291281102303948100, 6.710000000000000900, 10.40999999999999800 ) ) ;
#7371 = LINE ( 'NONE', #6578, #7092 ) ;
#7372 = VECTOR ( 'NONE', #6576, 1000.000000000000000 ) ;
#7373 = CARTESIAN_POINT ( 'NONE',  ( -5.979359448848025100, 6.710000000000000900, 2.649999999999999900 ) ) ;
#7374 = DIRECTION ( 'NONE',  ( -0.0000000000000000000, 1.000000000000000000, 0.0000000000000000000 ) ) ;
#7375 = VECTOR ( 'NONE', #7374, 1000.000000000000000 ) ;
#7376 = CARTESIAN_POINT ( 'NONE',  ( -5.979359448848025100, 6.710000000000000900, 2.649999999999999900 ) ) ;
#7377 = LINE ( 'NONE', #7376, #7375 ) ;
#7378 = CARTESIAN_POINT ( 'NONE',  ( -5.979359448848025100, 5.990000000000000200, 2.649999999999999900 ) ) ;
#7379 = DIRECTION ( 'NONE',  ( 1.000000000000000000, -0.0000000000000000000, -0.0000000000000000000 ) ) ;
#7380 = VECTOR ( 'NONE', #7379, 1000.000000000000000 ) ;
#7381 = CARTESIAN_POINT ( 'NONE',  ( -7.045411045847954400, 5.990000000000000200, 2.649999999999999900 ) ) ;
#7382 = DIRECTION ( 'NONE',  ( -1.000000000000000000, 0.0000000000000000000, -0.0000000000000000000 ) ) ;
#7383 = DIRECTION ( 'NONE',  ( 0.0000000000000000000, 0.0000000000000000000, -1.000000000000000000 ) ) ;
#7384 = AXIS2_PLACEMENT_3D ( 'NONE', #7386, #7383, #7382 ) ;
#7385 = LINE ( 'NONE', #7381, #7380 ) ;
#7386 = CARTESIAN_POINT ( 'NONE',  ( -7.045411045847954400, 5.990000000000000200, 2.649999999999999900 ) ) ;
#7387 = PLANE ( 'NONE',  #7384 ) ;
#7388 = FACE_OUTER_BOUND ( 'NONE', #3106, .T. ) ;
#7389 = DIRECTION ( 'NONE',  ( -0.2907408867555975600, 0.0000000000000000000, 0.9568018273229669200 ) ) ;
#7390 = VECTOR ( 'NONE', #7389, 1000.000000000000100 ) ;
#7391 = CARTESIAN_POINT ( 'NONE',  ( -6.349999999999999600, 5.990000000000000200, 2.649999999999999900 ) ) ;
#7392 = LINE ( 'NONE', #7391, #7390 ) ;
#7393 = CARTESIAN_POINT ( 'NONE',  ( -6.457760362509508100, 5.990000000000000200, 3.004629556622201200 ) ) ;
#7394 = DIRECTION ( 'NONE',  ( -0.0000000000000000000, -1.000000000000000000, -0.0000000000000000000 ) ) ;
#7395 = VECTOR ( 'NONE', #7394, 1000.000000000000000 ) ;
#7396 = CARTESIAN_POINT ( 'NONE',  ( -6.457760362509508100, 5.990000000000000200, 3.004629556622201200 ) ) ;
#7397 = LINE ( 'NONE', #7396, #7395 ) ;
#7398 = DIRECTION ( 'NONE',  ( -6.106226635438361000E-016, 0.0000000000000000000, 1.000000000000000000 ) ) ;
#7399 = VECTOR ( 'NONE', #7398, 1000.000000000000000 ) ;
#7400 = CARTESIAN_POINT ( 'NONE',  ( -12.44999999999999200, 6.710000000000000900, 2.649999999999996400 ) ) ;
#7401 = LINE ( 'NONE', #7400, #7399 ) ;
#7402 = FACE_OUTER_BOUND ( 'NONE', #3147, .T. ) ;
#7403 = LINE ( 'NONE', #7457, #7456 ) ;
#7404 = DIRECTION ( 'NONE',  ( -6.106226635438361000E-016, 0.0000000000000000000, 1.000000000000000000 ) ) ;
#7405 = VECTOR ( 'NONE', #7404, 1000.000000000000000 ) ;
#7406 = CARTESIAN_POINT ( 'NONE',  ( -12.75000000000000000, 6.241729889353184300, 10.15000000000000000 ) ) ;
#7407 = LINE ( 'NONE', #7406, #7405 ) ;
#7408 = DIRECTION ( 'NONE',  ( 6.106226635438361000E-016, -0.0000000000000000000, -1.000000000000000000 ) ) ;
#7409 = VECTOR ( 'NONE', #7408, 1000.000000000000000 ) ;
#7410 = CARTESIAN_POINT ( 'NONE',  ( -12.75000000000000000, 6.458270110646816800, 10.15000000000000000 ) ) ;
#7411 = LINE ( 'NONE', #7410, #7409 ) ;
#7412 = DIRECTION ( 'NONE',  ( -0.2907408867555975600, 0.0000000000000000000, 0.9568018273229669200 ) ) ;
#7413 = VECTOR ( 'NONE', #7412, 1000.000000000000100 ) ;
#7414 = CARTESIAN_POINT ( 'NONE',  ( -6.349999999999999600, 6.710000000000000900, 2.649999999999999900 ) ) ;
#7415 = DIRECTION ( 'NONE',  ( 0.2907408867555975600, 0.0000000000000000000, -0.9568018273229669200 ) ) ;
#7416 = DIRECTION ( 'NONE',  ( 0.9568018273229670400, -0.0000000000000000000, 0.2907408867555976200 ) ) ;
#7417 = AXIS2_PLACEMENT_3D ( 'NONE', #7419, #7416, #7415 ) ;
#7418 = LINE ( 'NONE', #7414, #7413 ) ;
#7419 = CARTESIAN_POINT ( 'NONE',  ( -6.349999999999999600, 5.990000000000000200, 2.649999999999999900 ) ) ;
#7420 = PLANE ( 'NONE',  #7417 ) ;
#7421 = FACE_OUTER_BOUND ( 'NONE', #3130, .T. ) ;
#7422 = DIRECTION ( 'NONE',  ( -0.2907408867555975600, 0.0000000000000000000, 0.9568018273229669200 ) ) ;
#7423 = VECTOR ( 'NONE', #7422, 1000.000000000000100 ) ;
#7424 = CARTESIAN_POINT ( 'NONE',  ( -5.964533826801945400, 6.710000000000000900, 3.169999999999999900 ) ) ;
#7425 = LINE ( 'NONE', #7424, #7423 ) ;
#7426 = CARTESIAN_POINT ( 'NONE',  ( -6.072294189311453900, 6.710000000000000900, 3.524629556622201200 ) ) ;
#7427 = DIRECTION ( 'NONE',  ( -0.0000000000000000000, 1.000000000000000000, -0.0000000000000000000 ) ) ;
#7428 = VECTOR ( 'NONE', #7427, 1000.000000000000000 ) ;
#7429 = CARTESIAN_POINT ( 'NONE',  ( -6.072294189311453900, 5.990000000000000200, 3.524629556622201200 ) ) ;
#7430 = LINE ( 'NONE', #7429, #7428 ) ;
#7431 = CARTESIAN_POINT ( 'NONE',  ( -6.072294189311453900, 5.990000000000000200, 3.524629556622201200 ) ) ;
#7432 = CARTESIAN_POINT ( 'NONE',  ( -7.045411045847954400, 5.990000000000000200, 2.649999999999999900 ) ) ;
#7433 = AXIS2_PLACEMENT_3D ( 'NONE', #7432, #7495, #7494 ) ;
#7434 = PLANE ( 'NONE',  #7433 ) ;
#7435 = FACE_OUTER_BOUND ( 'NONE', #3176, .T. ) ;
#7436 = DIRECTION ( 'NONE',  ( 1.000000000000000000, -0.0000000000000000000, -0.0000000000000000000 ) ) ;
#7437 = VECTOR ( 'NONE', #7436, 1000.000000000000000 ) ;
#7438 = CARTESIAN_POINT ( 'NONE',  ( -7.045411045847952600, 5.990000000000000200, 3.169999999999999900 ) ) ;
#7439 = LINE ( 'NONE', #7438, #7437 ) ;
#7440 = CARTESIAN_POINT ( 'NONE',  ( -5.593893275649970900, 5.990000000000000200, 3.169999999999999900 ) ) ;
#7441 = DIRECTION ( 'NONE',  ( 0.0000000000000000000, -1.000000000000000000, 0.0000000000000000000 ) ) ;
#7442 = VECTOR ( 'NONE', #7441, 1000.000000000000000 ) ;
#7443 = CARTESIAN_POINT ( 'NONE',  ( -5.593893275649970900, 5.990000000000000200, 3.169999999999999900 ) ) ;
#7444 = LINE ( 'NONE', #7443, #7442 ) ;
#7445 = DIRECTION ( 'NONE',  ( 0.0000000000000000000, 0.0000000000000000000, -1.000000000000000000 ) ) ;
#7446 = DIRECTION ( 'NONE',  ( -0.0000000000000000000, 1.000000000000000000, -0.0000000000000000000 ) ) ;
#7447 = CARTESIAN_POINT ( 'NONE',  ( -5.593893275649970900, 5.990000000000000200, 3.669999999999999900 ) ) ;
#7448 = AXIS2_PLACEMENT_3D ( 'NONE', #7447, #7446, #7445 ) ;
#7449 = CIRCLE ( 'NONE', #7448, 0.5000000000000000000 ) ;
#7450 = DIRECTION ( 'NONE',  ( 0.0000000000000000000, 0.0000000000000000000, -1.000000000000000000 ) ) ;
#7451 = DIRECTION ( 'NONE',  ( 0.0000000000000000000, -1.000000000000000000, 0.0000000000000000000 ) ) ;
#7452 = CARTESIAN_POINT ( 'NONE',  ( -5.979359448848025100, 5.990000000000000200, 3.149999999999999900 ) ) ;
#7453 = AXIS2_PLACEMENT_3D ( 'NONE', #7452, #7451, #7450 ) ;
#7454 = CIRCLE ( 'NONE', #7453, 0.5000000000000000000 ) ;
#7455 = DIRECTION ( 'NONE',  ( 0.0000000000000000000, -1.000000000000000000, 0.0000000000000000000 ) ) ;
#7456 = VECTOR ( 'NONE', #7455, 1000.000000000000000 ) ;
#7457 = CARTESIAN_POINT ( 'NONE',  ( -12.75000000000000000, 3.450000000000000600, 9.890000000000000600 ) ) ;
#7458 = DIRECTION ( 'NONE',  ( -1.000000000000000000, 0.0000000000000000000, 5.015508710847692100E-016 ) ) ;
#7459 = DIRECTION ( 'NONE',  ( -5.015508710847692100E-016, 0.0000000000000000000, -1.000000000000000000 ) ) ;
#7460 = CARTESIAN_POINT ( 'NONE',  ( -9.291281102303948100, 3.450000000000000600, 9.889999999999998800 ) ) ;
#7461 = AXIS2_PLACEMENT_3D ( 'NONE', #7460, #7459, #7458 ) ;
#7462 = PLANE ( 'NONE',  #7461 ) ;
#7463 = DIRECTION ( 'NONE',  ( 0.0000000000000000000, 0.0000000000000000000, -1.000000000000000000 ) ) ;
#7464 = DIRECTION ( 'NONE',  ( 0.0000000000000000000, -1.000000000000000000, -0.0000000000000000000 ) ) ;
#7465 = CARTESIAN_POINT ( 'NONE',  ( -9.291281102303948100, 3.450000000000000600, 8.889999999999998800 ) ) ;
#7466 = AXIS2_PLACEMENT_3D ( 'NONE', #7465, #7464, #7463 ) ;
#7467 = CIRCLE ( 'NONE', #7466, 1.000000000000000900 ) ;
#7468 = FACE_OUTER_BOUND ( 'NONE', #3219, .T. ) ;
#7469 = CARTESIAN_POINT ( 'NONE',  ( -8.334479274980982000, 3.450000000000000600, 9.180740886755597100 ) ) ;
#7470 = CARTESIAN_POINT ( 'NONE',  ( -8.334479274980982000, 4.170000000000000800, 9.180740886755595300 ) ) ;
#7471 = DIRECTION ( 'NONE',  ( 0.0000000000000000000, -1.000000000000000000, -0.0000000000000000000 ) ) ;
#7472 = VECTOR ( 'NONE', #7471, 1000.000000000000000 ) ;
#7473 = CARTESIAN_POINT ( 'NONE',  ( -8.334479274980982000, 3.450000000000000600, 9.180740886755597100 ) ) ;
#7474 = LINE ( 'NONE', #7473, #7472 ) ;
#7475 = DIRECTION ( 'NONE',  ( 0.0000000000000000000, 0.0000000000000000000, 1.000000000000000000 ) ) ;
#7476 = DIRECTION ( 'NONE',  ( 0.0000000000000000000, 1.000000000000000000, -0.0000000000000000000 ) ) ;
#7477 = CARTESIAN_POINT ( 'NONE',  ( -5.979359448848025100, 6.710000000000000900, 3.149999999999999900 ) ) ;
#7478 = AXIS2_PLACEMENT_3D ( 'NONE', #7477, #7476, #7475 ) ;
#7479 = CIRCLE ( 'NONE', #7478, 0.5000000000000000000 ) ;
#7480 = DIRECTION ( 'NONE',  ( 1.000000000000000000, -0.0000000000000000000, -0.0000000000000000000 ) ) ;
#7481 = VECTOR ( 'NONE', #7480, 1000.000000000000000 ) ;
#7482 = CARTESIAN_POINT ( 'NONE',  ( -7.045411045847952600, 6.710000000000000900, 3.169999999999999900 ) ) ;
#7483 = LINE ( 'NONE', #7482, #7481 ) ;
#7484 = CARTESIAN_POINT ( 'NONE',  ( -5.593893275649970900, 6.710000000000000900, 3.169999999999999900 ) ) ;
#7485 = DIRECTION ( 'NONE',  ( 1.734723475976807100E-015, 0.0000000000000000000, 1.000000000000000000 ) ) ;
#7486 = DIRECTION ( 'NONE',  ( -0.0000000000000000000, -1.000000000000000000, 0.0000000000000000000 ) ) ;
#7487 = CARTESIAN_POINT ( 'NONE',  ( -5.593893275649970900, 6.710000000000000900, 3.669999999999999900 ) ) ;
#7488 = AXIS2_PLACEMENT_3D ( 'NONE', #7487, #7486, #7485 ) ;
#7489 = CIRCLE ( 'NONE', #7488, 0.5000000000000000000 ) ;
#7490 = DIRECTION ( 'NONE',  ( 6.106226635438361000E-016, 0.0000000000000000000, -1.000000000000000000 ) ) ;
#7491 = VECTOR ( 'NONE', #7490, 1000.000000000000000 ) ;
#7492 = CARTESIAN_POINT ( 'NONE',  ( -12.44999999999999200, 5.990000000000000200, 2.649999999999996400 ) ) ;
#7493 = LINE ( 'NONE', #7492, #7491 ) ;
#7494 = DIRECTION ( 'NONE',  ( 0.0000000000000000000, -0.0000000000000000000, -1.000000000000000000 ) ) ;
#7495 = DIRECTION ( 'NONE',  ( 0.0000000000000000000, -1.000000000000000000, 0.0000000000000000000 ) ) ;
#7496 = DIRECTION ( 'NONE',  ( 0.7660444431189811200, 0.6427876096865354800, -3.842102577359719500E-016 ) ) ;
#7497 = VECTOR ( 'NONE', #7496, 1000.000000000000100 ) ;
#7498 = CARTESIAN_POINT ( 'NONE',  ( -10.95091845206284600, 5.427878773978720000, 9.889999999999998800 ) ) ;
#7499 = LINE ( 'NONE', #7498, #7497 ) ;
#7500 = CARTESIAN_POINT ( 'NONE',  ( -9.291281102303948100, 3.450000000000000600, 10.40999999999999800 ) ) ;
#7501 = CARTESIAN_POINT ( 'NONE',  ( -12.45000000000000100, 3.450000000000000600, 10.41000000000000000 ) ) ;
#7502 = DIRECTION ( 'NONE',  ( 0.7660444431189811200, -0.6427876096865354800, -3.842102577359719500E-016 ) ) ;
#7503 = VECTOR ( 'NONE', #7502, 1000.000000000000100 ) ;
#7504 = CARTESIAN_POINT ( 'NONE',  ( -10.59638766097845100, 1.894634569981379800, 10.40999999999999800 ) ) ;
#7505 = LINE ( 'NONE', #7504, #7503 ) ;
#7506 = CARTESIAN_POINT ( 'NONE',  ( -12.75000000000000000, 3.701729889353182000, 10.41000000000000000 ) ) ;
#7507 = DIRECTION ( 'NONE',  ( 0.0000000000000000000, 1.000000000000000000, 0.0000000000000000000 ) ) ;
#7508 = VECTOR ( 'NONE', #7507, 1000.000000000000000 ) ;
#7509 = CARTESIAN_POINT ( 'NONE',  ( -12.75000000000000000, 3.450000000000000600, 10.41000000000000000 ) ) ;
#7510 = LINE ( 'NONE', #7509, #7508 ) ;
#7511 = CARTESIAN_POINT ( 'NONE',  ( -12.75000000000000000, 3.918270110646819400, 10.41000000000000000 ) ) ;
#7512 = DIRECTION ( 'NONE',  ( -0.7660444431189811200, -0.6427876096865354800, 3.842102577359719500E-016 ) ) ;
#7513 = VECTOR ( 'NONE', #7512, 1000.000000000000100 ) ;
#7514 = CARTESIAN_POINT ( 'NONE',  ( -10.95091845206284600, 5.427878773978720000, 10.40999999999999800 ) ) ;
#7515 = LINE ( 'NONE', #7514, #7513 ) ;
#7516 = CARTESIAN_POINT ( 'NONE',  ( -12.44999999999999900, 4.170000000000000800, 10.40999999999999800 ) ) ;
#7517 = CARTESIAN_POINT ( 'NONE',  ( -9.291281102303948100, 4.170000000000000800, 10.40999999999999800 ) ) ;
#7518 = DIRECTION ( 'NONE',  ( -1.000000000000000000, 0.0000000000000000000, 5.015508710847692100E-016 ) ) ;
#7519 = VECTOR ( 'NONE', #7518, 1000.000000000000000 ) ;
#7520 = CARTESIAN_POINT ( 'NONE',  ( -9.291281102303948100, 4.170000000000000800, 10.40999999999999800 ) ) ;
#7521 = DIRECTION ( 'NONE',  ( 1.000000000000000000, 0.0000000000000000000, -5.015508710847692100E-016 ) ) ;
#7522 = DIRECTION ( 'NONE',  ( 5.015508710847692100E-016, -0.0000000000000000000, 1.000000000000000000 ) ) ;
#7523 = AXIS2_PLACEMENT_3D ( 'NONE', #7525, #7522, #7521 ) ;
#7524 = LINE ( 'NONE', #7520, #7519 ) ;
#7525 = CARTESIAN_POINT ( 'NONE',  ( -9.291281102303948100, 3.450000000000000600, 10.40999999999999800 ) ) ;
#7526 = PLANE ( 'NONE',  #7523 ) ;
#7527 = CARTESIAN_POINT ( 'NONE',  ( -5.979359448848025100, 3.450000000000000600, 2.649999999999999900 ) ) ;
#7528 = DIRECTION ( 'NONE',  ( 1.000000000000000000, -0.0000000000000000000, -0.0000000000000000000 ) ) ;
#7529 = VECTOR ( 'NONE', #7528, 1000.000000000000000 ) ;
#7530 = CARTESIAN_POINT ( 'NONE',  ( -7.045411045847954400, 3.450000000000000600, 2.649999999999999900 ) ) ;
#7531 = DIRECTION ( 'NONE',  ( -6.106226635438361000E-016, 0.0000000000000000000, 1.000000000000000000 ) ) ;
#7532 = DIRECTION ( 'NONE',  ( -1.000000000000000000, 0.0000000000000000000, -6.106226635438361000E-016 ) ) ;
#7533 = AXIS2_PLACEMENT_3D ( 'NONE', #7535, #7532, #7531 ) ;
#7534 = LINE ( 'NONE', #7530, #7529 ) ;
#7535 = CARTESIAN_POINT ( 'NONE',  ( -12.75000000000000000, 6.350000000000000500, 10.15000000000000000 ) ) ;
#7536 = PLANE ( 'NONE',  #7533 ) ;
#7537 = FACE_OUTER_BOUND ( 'NONE', #3276, .T. ) ;
#7538 = DIRECTION ( 'NONE',  ( -0.7660444431189811200, 0.6427876096865354800, 3.842102577359719500E-016 ) ) ;
#7539 = VECTOR ( 'NONE', #7538, 1000.000000000000100 ) ;
#7540 = CARTESIAN_POINT ( 'NONE',  ( -10.59638766097845100, 1.894634569981379800, 9.889999999999998800 ) ) ;
#7541 = LINE ( 'NONE', #7540, #7539 ) ;
#7542 = CARTESIAN_POINT ( 'NONE',  ( -12.44999999999999900, 3.450000000000000600, 9.890000000000000600 ) ) ;
#7543 = DIRECTION ( 'NONE',  ( -1.000000000000000000, 0.0000000000000000000, 5.015508710847692100E-016 ) ) ;
#7544 = VECTOR ( 'NONE', #7543, 1000.000000000000000 ) ;
#7545 = CARTESIAN_POINT ( 'NONE',  ( -9.291281102303948100, 3.450000000000000600, 9.889999999999998800 ) ) ;
#7546 = LINE ( 'NONE', #7545, #7544 ) ;
#7547 = CARTESIAN_POINT ( 'NONE',  ( -9.291281102303948100, 3.450000000000000600, 9.889999999999998800 ) ) ;
#7548 = DIRECTION ( 'NONE',  ( 0.0000000000000000000, -1.000000000000000000, 0.0000000000000000000 ) ) ;
#7549 = VECTOR ( 'NONE', #7548, 1000.000000000000000 ) ;
#7550 = CARTESIAN_POINT ( 'NONE',  ( -9.291281102303948100, 3.450000000000000600, 9.889999999999998800 ) ) ;
#7551 = LINE ( 'NONE', #7550, #7549 ) ;
#7552 = CARTESIAN_POINT ( 'NONE',  ( -9.291281102303948100, 4.170000000000000800, 9.889999999999997000 ) ) ;
#7553 = DIRECTION ( 'NONE',  ( -1.000000000000000000, 0.0000000000000000000, 5.015508710847692100E-016 ) ) ;
#7554 = VECTOR ( 'NONE', #7553, 1000.000000000000000 ) ;
#7555 = CARTESIAN_POINT ( 'NONE',  ( -9.291281102303948100, 4.170000000000000800, 9.889999999999997000 ) ) ;
#7556 = LINE ( 'NONE', #7555, #7554 ) ;
#7557 = CARTESIAN_POINT ( 'NONE',  ( -12.45000000000000100, 4.170000000000000800, 9.889999999999998800 ) ) ;
#7558 = CARTESIAN_POINT ( 'NONE',  ( -6.457760362509508100, 4.170000000000000800, 3.004629556622201200 ) ) ;
#7559 = DIRECTION ( 'NONE',  ( -0.2907408867555975600, 0.0000000000000000000, 0.9568018273229669200 ) ) ;
#7560 = VECTOR ( 'NONE', #7559, 1000.000000000000100 ) ;
#7561 = CARTESIAN_POINT ( 'NONE',  ( -6.349999999999999600, 4.170000000000000800, 2.649999999999999900 ) ) ;
#7562 = DIRECTION ( 'NONE',  ( 0.2907408867555975600, 0.0000000000000000000, -0.9568018273229669200 ) ) ;
#7563 = DIRECTION ( 'NONE',  ( 0.9568018273229670400, -0.0000000000000000000, 0.2907408867555976200 ) ) ;
#7564 = AXIS2_PLACEMENT_3D ( 'NONE', #7566, #7563, #7562 ) ;
#7565 = LINE ( 'NONE', #7561, #7560 ) ;
#7566 = CARTESIAN_POINT ( 'NONE',  ( -6.349999999999999600, 3.450000000000000600, 2.649999999999999900 ) ) ;
#7567 = PLANE ( 'NONE',  #7564 ) ;
#7568 = FACE_OUTER_BOUND ( 'NONE', #3299, .T. ) ;
#7569 = DIRECTION ( 'NONE',  ( -0.2907408867555975600, 0.0000000000000000000, 0.9568018273229669200 ) ) ;
#7570 = VECTOR ( 'NONE', #7569, 1000.000000000000100 ) ;
#7571 = CARTESIAN_POINT ( 'NONE',  ( -5.964533826801945400, 4.170000000000000800, 3.169999999999999900 ) ) ;
#7572 = LINE ( 'NONE', #7571, #7570 ) ;
#7573 = CARTESIAN_POINT ( 'NONE',  ( -6.072294189311453900, 4.170000000000000800, 3.524629556622201200 ) ) ;
#7574 = DIRECTION ( 'NONE',  ( -0.0000000000000000000, 1.000000000000000000, -0.0000000000000000000 ) ) ;
#7575 = VECTOR ( 'NONE', #7574, 1000.000000000000000 ) ;
#7576 = CARTESIAN_POINT ( 'NONE',  ( -6.072294189311453900, 3.450000000000000600, 3.524629556622201200 ) ) ;
#7577 = LINE ( 'NONE', #7576, #7575 ) ;
#7578 = CARTESIAN_POINT ( 'NONE',  ( -6.072294189311453900, 3.450000000000000600, 3.524629556622201200 ) ) ;
#7579 = DIRECTION ( 'NONE',  ( -0.2907408867555975600, 0.0000000000000000000, 0.9568018273229669200 ) ) ;
#7580 = VECTOR ( 'NONE', #7579, 1000.000000000000100 ) ;
#7581 = CARTESIAN_POINT ( 'NONE',  ( -5.964533826801945400, 3.450000000000000600, 3.169999999999999900 ) ) ;
#7582 = LINE ( 'NONE', #7581, #7580 ) ;
#7583 = CARTESIAN_POINT ( 'NONE',  ( -5.979359448848025100, 4.170000000000000800, 2.649999999999999900 ) ) ;
#7584 = DIRECTION ( 'NONE',  ( -0.0000000000000000000, 1.000000000000000000, 0.0000000000000000000 ) ) ;
#7585 = VECTOR ( 'NONE', #7584, 1000.000000000000000 ) ;
#7586 = CARTESIAN_POINT ( 'NONE',  ( -5.979359448848025100, 4.170000000000000800, 2.649999999999999900 ) ) ;
#7587 = LINE ( 'NONE', #7586, #7585 ) ;
#7588 = DIRECTION ( 'NONE',  ( -0.2907408867555975600, 0.0000000000000000000, 0.9568018273229669200 ) ) ;
#7589 = DIRECTION ( 'NONE',  ( -0.9568018273229670400, 0.0000000000000000000, -0.2907408867555976200 ) ) ;
#7590 = AXIS2_PLACEMENT_3D ( 'NONE', #7591, #7589, #7588 ) ;
#7591 = CARTESIAN_POINT ( 'NONE',  ( -5.964533826801945400, 3.450000000000000600, 3.169999999999999900 ) ) ;
#7592 = PLANE ( 'NONE',  #7590 ) ;
#7593 = FACE_OUTER_BOUND ( 'NONE', #3336, .T. ) ;
#7594 = DIRECTION ( 'NONE',  ( 0.0000000000000000000, 0.0000000000000000000, -1.000000000000000000 ) ) ;
#7595 = DIRECTION ( 'NONE',  ( 0.0000000000000000000, -1.000000000000000000, -0.0000000000000000000 ) ) ;
#7596 = CARTESIAN_POINT ( 'NONE',  ( -9.291281102303948100, 3.450000000000000600, 8.889999999999998800 ) ) ;
#7597 = AXIS2_PLACEMENT_3D ( 'NONE', #7596, #7595, #7594 ) ;
#7598 = CIRCLE ( 'NONE', #7597, 1.520000000000000500 ) ;
#7599 = DIRECTION ( 'NONE',  ( 0.0000000000000000000, 0.0000000000000000000, -1.000000000000000000 ) ) ;
#7600 = DIRECTION ( 'NONE',  ( 0.0000000000000000000, -1.000000000000000000, -0.0000000000000000000 ) ) ;
#7601 = CARTESIAN_POINT ( 'NONE',  ( -9.291281102303948100, 4.170000000000000800, 8.889999999999998800 ) ) ;
#7602 = AXIS2_PLACEMENT_3D ( 'NONE', #7601, #7600, #7599 ) ;
#7603 = CIRCLE ( 'NONE', #7602, 1.520000000000000500 ) ;
#7604 = CARTESIAN_POINT ( 'NONE',  ( -7.836942324773037400, 4.170000000000000800, 9.331926147868506000 ) ) ;
#7605 = CARTESIAN_POINT ( 'NONE',  ( -7.836942324773037400, 3.450000000000000600, 9.331926147868506000 ) ) ;
#7606 = DIRECTION ( 'NONE',  ( 0.0000000000000000000, 1.000000000000000000, 0.0000000000000000000 ) ) ;
#7607 = VECTOR ( 'NONE', #7606, 1000.000000000000000 ) ;
#7608 = CARTESIAN_POINT ( 'NONE',  ( -7.836942324773037400, 3.450000000000000600, 9.331926147868506000 ) ) ;
#7609 = LINE ( 'NONE', #7608, #7607 ) ;
#7610 = DIRECTION ( 'NONE',  ( 0.0000000000000000000, 0.0000000000000000000, -1.000000000000000000 ) ) ;
#7611 = DIRECTION ( 'NONE',  ( 0.0000000000000000000, -1.000000000000000000, -0.0000000000000000000 ) ) ;
#7612 = AXIS2_PLACEMENT_3D ( 'NONE', #7614, #7611, #7610 ) ;
#7613 = CYLINDRICAL_SURFACE ( 'NONE', #7612, 1.520000000000000500 ) ;
#7614 = CARTESIAN_POINT ( 'NONE',  ( -9.291281102303948100, 3.810000000000000100, 8.889999999999998800 ) ) ;
#7615 = DIRECTION ( 'NONE',  ( 0.0000000000000000000, 0.0000000000000000000, -1.000000000000000000 ) ) ;
#7616 = DIRECTION ( 'NONE',  ( 0.0000000000000000000, -1.000000000000000000, -0.0000000000000000000 ) ) ;
#7617 = CARTESIAN_POINT ( 'NONE',  ( -9.291281102303948100, 4.170000000000000800, 8.889999999999998800 ) ) ;
#7618 = AXIS2_PLACEMENT_3D ( 'NONE', #7617, #7616, #7615 ) ;
#7619 = CIRCLE ( 'NONE', #7618, 1.000000000000000900 ) ;
#7620 = FACE_OUTER_BOUND ( 'NONE', #3216, .T. ) ;
#7621 = CARTESIAN_POINT ( 'NONE',  ( -12.44999999999999600, 3.450000000000000600, 2.649999999999996400 ) ) ;
#7622 = DIRECTION ( 'NONE',  ( 0.0000000000000000000, -0.0000000000000000000, -1.000000000000000000 ) ) ;
#7623 = DIRECTION ( 'NONE',  ( 0.0000000000000000000, -1.000000000000000000, 0.0000000000000000000 ) ) ;
#7624 = AXIS2_PLACEMENT_3D ( 'NONE', #7626, #7623, #7622 ) ;
#7625 = LINE ( 'NONE', #7621, #7372 ) ;
#7626 = CARTESIAN_POINT ( 'NONE',  ( -7.045411045847954400, 3.450000000000000600, 2.649999999999999900 ) ) ;
#7627 = PLANE ( 'NONE',  #7624 ) ;
#7628 = FACE_OUTER_BOUND ( 'NONE', #3359, .T. ) ;
#7629 = DIRECTION ( 'NONE',  ( 1.000000000000000000, -0.0000000000000000000, -0.0000000000000000000 ) ) ;
#7630 = VECTOR ( 'NONE', #7629, 1000.000000000000000 ) ;
#7631 = CARTESIAN_POINT ( 'NONE',  ( -7.045411045847952600, 3.450000000000000600, 3.169999999999999900 ) ) ;
#7632 = LINE ( 'NONE', #7631, #7630 ) ;
#7633 = CARTESIAN_POINT ( 'NONE',  ( -5.593893275649970900, 3.450000000000000600, 3.169999999999999900 ) ) ;
#7634 = DIRECTION ( 'NONE',  ( 0.0000000000000000000, -1.000000000000000000, 0.0000000000000000000 ) ) ;
#7635 = VECTOR ( 'NONE', #7634, 1000.000000000000000 ) ;
#7636 = CARTESIAN_POINT ( 'NONE',  ( -5.593893275649970900, 3.450000000000000600, 3.169999999999999900 ) ) ;
#7637 = LINE ( 'NONE', #7636, #7635 ) ;
#7638 = DIRECTION ( 'NONE',  ( 0.0000000000000000000, 0.0000000000000000000, -1.000000000000000000 ) ) ;
#7639 = DIRECTION ( 'NONE',  ( 0.0000000000000000000, -1.000000000000000000, -0.0000000000000000000 ) ) ;
#7640 = CARTESIAN_POINT ( 'NONE',  ( -9.291281102303948100, 3.810000000000000100, 8.889999999999998800 ) ) ;
#7641 = AXIS2_PLACEMENT_3D ( 'NONE', #7640, #7639, #7638 ) ;
#7642 = CYLINDRICAL_SURFACE ( 'NONE', #7641, 1.000000000000000900 ) ;
#7643 = FACE_OUTER_BOUND ( 'NONE', #3206, .T. ) ;
#7644 = DIRECTION ( 'NONE',  ( 0.0000000000000000000, 1.000000000000000000, 0.0000000000000000000 ) ) ;
#7645 = VECTOR ( 'NONE', #7644, 1000.000000000000000 ) ;
#7646 = CARTESIAN_POINT ( 'NONE',  ( -9.291281102303948100, 3.450000000000000600, 10.40999999999999800 ) ) ;
#7647 = LINE ( 'NONE', #7646, #7645 ) ;
#7648 = DIRECTION ( 'NONE',  ( -1.000000000000000000, 0.0000000000000000000, 5.015508710847692100E-016 ) ) ;
#7649 = VECTOR ( 'NONE', #7648, 1000.000000000000000 ) ;
#7650 = CARTESIAN_POINT ( 'NONE',  ( -9.291281102303948100, 3.450000000000000600, 10.40999999999999800 ) ) ;
#7651 = LINE ( 'NONE', #7650, #7649 ) ;
#7652 = DIRECTION ( 'NONE',  ( 0.0000000000000000000, 0.0000000000000000000, 1.000000000000000000 ) ) ;
#7653 = DIRECTION ( 'NONE',  ( 0.0000000000000000000, 1.000000000000000000, -0.0000000000000000000 ) ) ;
#7654 = CARTESIAN_POINT ( 'NONE',  ( -7.045411045847954400, 4.170000000000000800, 2.649999999999999900 ) ) ;
#7655 = AXIS2_PLACEMENT_3D ( 'NONE', #7654, #7653, #7652 ) ;
#7656 = PLANE ( 'NONE',  #7655 ) ;
#7657 = FACE_OUTER_BOUND ( 'NONE', #3393, .T. ) ;
#7658 = DIRECTION ( 'NONE',  ( 1.000000000000000000, -0.0000000000000000000, -0.0000000000000000000 ) ) ;
#7659 = VECTOR ( 'NONE', #7658, 1000.000000000000000 ) ;
#7660 = CARTESIAN_POINT ( 'NONE',  ( -7.045411045847954400, 4.170000000000000800, 2.649999999999999900 ) ) ;
#7661 = DIRECTION ( 'NONE',  ( 1.000000000000000000, 0.0000000000000000000, -0.0000000000000000000 ) ) ;
#7662 = DIRECTION ( 'NONE',  ( 0.0000000000000000000, -0.0000000000000000000, 1.000000000000000000 ) ) ;
#7663 = AXIS2_PLACEMENT_3D ( 'NONE', #7665, #7662, #7661 ) ;
#7664 = LINE ( 'NONE', #7660, #7659 ) ;
#7665 = CARTESIAN_POINT ( 'NONE',  ( -7.045411045847952600, 3.450000000000000600, 3.169999999999999900 ) ) ;
#7666 = PLANE ( 'NONE',  #7663 ) ;
#7667 = FACE_OUTER_BOUND ( 'NONE', #3385, .T. ) ;
#7668 = DIRECTION ( 'NONE',  ( 0.0000000000000000000, 0.0000000000000000000, 1.000000000000000000 ) ) ;
#7669 = DIRECTION ( 'NONE',  ( 0.0000000000000000000, 1.000000000000000000, -0.0000000000000000000 ) ) ;
#7670 = CARTESIAN_POINT ( 'NONE',  ( -5.979359448848025100, 4.170000000000000800, 3.149999999999999900 ) ) ;
#7671 = AXIS2_PLACEMENT_3D ( 'NONE', #7670, #7669, #7668 ) ;
#7672 = CIRCLE ( 'NONE', #7671, 0.5000000000000000000 ) ;
#7673 = DIRECTION ( 'NONE',  ( 1.000000000000000000, -0.0000000000000000000, -0.0000000000000000000 ) ) ;
#7674 = VECTOR ( 'NONE', #7673, 1000.000000000000000 ) ;
#7675 = CARTESIAN_POINT ( 'NONE',  ( -7.045411045847952600, 4.170000000000000800, 3.169999999999999900 ) ) ;
#7676 = LINE ( 'NONE', #7675, #7674 ) ;
#7677 = CARTESIAN_POINT ( 'NONE',  ( -5.593893275649970900, 4.170000000000000800, 3.169999999999999900 ) ) ;
#7678 = DIRECTION ( 'NONE',  ( 1.734723475976807100E-015, 0.0000000000000000000, 1.000000000000000000 ) ) ;
#7679 = DIRECTION ( 'NONE',  ( -0.0000000000000000000, -1.000000000000000000, 0.0000000000000000000 ) ) ;
#7680 = CARTESIAN_POINT ( 'NONE',  ( -5.593893275649970900, 4.170000000000000800, 3.669999999999999900 ) ) ;
#7681 = AXIS2_PLACEMENT_3D ( 'NONE', #7680, #7679, #7678 ) ;
#7682 = CIRCLE ( 'NONE', #7681, 0.5000000000000000000 ) ;
#7683 = CARTESIAN_POINT ( 'NONE',  ( -12.44999999999999800, 1.630000000000001200, 9.889999999999998800 ) ) ;
#7684 = DIRECTION ( 'NONE',  ( 0.7660444431189804600, 0.6427876096865363700, -3.842102577359716100E-016 ) ) ;
#7685 = VECTOR ( 'NONE', #7684, 1000.000000000000100 ) ;
#7686 = CARTESIAN_POINT ( 'NONE',  ( -10.95091845206284900, 2.887878773978718600, 9.889999999999998800 ) ) ;
#7687 = LINE ( 'NONE', #7686, #7685 ) ;
#7688 = CARTESIAN_POINT ( 'NONE',  ( -9.291281102303948100, 0.9100000000000010300, 10.40999999999999800 ) ) ;
#7689 = CARTESIAN_POINT ( 'NONE',  ( -12.44999999999999800, 0.9100000000000010300, 10.41000000000000000 ) ) ;
#7690 = DIRECTION ( 'NONE',  ( 0.7660444431189804600, -0.6427876096865363700, -3.842102577359716100E-016 ) ) ;
#7691 = VECTOR ( 'NONE', #7690, 1000.000000000000100 ) ;
#7692 = CARTESIAN_POINT ( 'NONE',  ( -10.59638766097845400, -0.6453654300186190100, 10.40999999999999800 ) ) ;
#7693 = LINE ( 'NONE', #7692, #7691 ) ;
#7694 = CARTESIAN_POINT ( 'NONE',  ( -12.75000000000000200, 1.161729889353185100, 10.41000000000000000 ) ) ;
#7695 = DIRECTION ( 'NONE',  ( -1.000000000000000000, 0.0000000000000000000, -0.0000000000000000000 ) ) ;
#7696 = DIRECTION ( 'NONE',  ( 0.0000000000000000000, 0.0000000000000000000, -1.000000000000000000 ) ) ;
#7697 = AXIS2_PLACEMENT_3D ( 'NONE', #7698, #7696, #7695 ) ;
#7698 = CARTESIAN_POINT ( 'NONE',  ( -7.045411045847954400, 3.450000000000000600, 2.649999999999999900 ) ) ;
#7699 = PLANE ( 'NONE',  #7697 ) ;
#7700 = FACE_OUTER_BOUND ( 'NONE', #3277, .T. ) ;
#7701 = DIRECTION ( 'NONE',  ( -0.2907408867555975600, 0.0000000000000000000, 0.9568018273229669200 ) ) ;
#7702 = VECTOR ( 'NONE', #7701, 1000.000000000000100 ) ;
#7703 = CARTESIAN_POINT ( 'NONE',  ( -6.349999999999999600, 3.450000000000000600, 2.649999999999999900 ) ) ;
#7704 = LINE ( 'NONE', #7703, #7702 ) ;
#7705 = CARTESIAN_POINT ( 'NONE',  ( -6.457760362509508100, 3.450000000000000600, 3.004629556622201200 ) ) ;
#7706 = DIRECTION ( 'NONE',  ( -0.0000000000000000000, -1.000000000000000000, -0.0000000000000000000 ) ) ;
#7707 = VECTOR ( 'NONE', #7706, 1000.000000000000000 ) ;
#7708 = CARTESIAN_POINT ( 'NONE',  ( -6.457760362509508100, 3.450000000000000600, 3.004629556622201200 ) ) ;
#7709 = LINE ( 'NONE', #7708, #7707 ) ;
#7710 = DIRECTION ( 'NONE',  ( -6.106226635438361000E-016, 0.0000000000000000000, 1.000000000000000000 ) ) ;
#7711 = VECTOR ( 'NONE', #7710, 1000.000000000000000 ) ;
#7712 = CARTESIAN_POINT ( 'NONE',  ( -12.44999999999999600, 4.170000000000000800, 2.649999999999996400 ) ) ;
#7713 = LINE ( 'NONE', #7712, #7711 ) ;
#7714 = DIRECTION ( 'NONE',  ( -6.106226635438361000E-016, 0.0000000000000000000, 1.000000000000000000 ) ) ;
#7715 = VECTOR ( 'NONE', #7714, 1000.000000000000000 ) ;
#7716 = CARTESIAN_POINT ( 'NONE',  ( -12.75000000000000000, 3.701729889353181100, 10.15000000000000000 ) ) ;
#7717 = LINE ( 'NONE', #7716, #7715 ) ;
#7718 = DIRECTION ( 'NONE',  ( 6.106226635438361000E-016, -0.0000000000000000000, -1.000000000000000000 ) ) ;
#7719 = VECTOR ( 'NONE', #7718, 1000.000000000000000 ) ;
#7720 = CARTESIAN_POINT ( 'NONE',  ( -12.75000000000000000, 3.918270110646820300, 10.15000000000000000 ) ) ;
#7721 = LINE ( 'NONE', #7720, #7719 ) ;
#7722 = DIRECTION ( 'NONE',  ( -6.106226635438361000E-016, 0.0000000000000000000, 1.000000000000000000 ) ) ;
#7723 = DIRECTION ( 'NONE',  ( -1.000000000000000000, 0.0000000000000000000, -6.106226635438361000E-016 ) ) ;
#7724 = AXIS2_PLACEMENT_3D ( 'NONE', #7725, #7723, #7722 ) ;
#7725 = CARTESIAN_POINT ( 'NONE',  ( -12.75000000000000000, 3.810000000000000900, 10.15000000000000000 ) ) ;
#7726 = PLANE ( 'NONE',  #7724 ) ;
#7727 = FACE_OUTER_BOUND ( 'NONE', #3446, .T. ) ;
#7728 = DIRECTION ( 'NONE',  ( -0.7660444431189804600, 0.6427876096865363700, 3.842102577359716100E-016 ) ) ;
#7729 = VECTOR ( 'NONE', #7728, 1000.000000000000100 ) ;
#7730 = CARTESIAN_POINT ( 'NONE',  ( -10.59638766097845400, -0.6453654300186190100, 9.889999999999998800 ) ) ;
#7731 = LINE ( 'NONE', #7730, #7729 ) ;
#7732 = CARTESIAN_POINT ( 'NONE',  ( -12.44999999999999800, 0.9100000000000010300, 9.890000000000000600 ) ) ;
#7733 = DIRECTION ( 'NONE',  ( -1.000000000000000000, 0.0000000000000000000, 5.015508710847692100E-016 ) ) ;
#7734 = VECTOR ( 'NONE', #7733, 1000.000000000000000 ) ;
#7735 = CARTESIAN_POINT ( 'NONE',  ( -9.291281102303948100, 0.9100000000000010300, 9.889999999999998800 ) ) ;
#7736 = LINE ( 'NONE', #7735, #7734 ) ;
#7737 = CARTESIAN_POINT ( 'NONE',  ( -9.291281102303948100, 0.9100000000000010300, 9.889999999999998800 ) ) ;
#7738 = DIRECTION ( 'NONE',  ( 0.0000000000000000000, -1.000000000000000000, 0.0000000000000000000 ) ) ;
#7739 = VECTOR ( 'NONE', #7738, 1000.000000000000000 ) ;
#7740 = CARTESIAN_POINT ( 'NONE',  ( -9.291281102303948100, 0.9100000000000010300, 9.889999999999998800 ) ) ;
#7741 = LINE ( 'NONE', #7740, #7739 ) ;
#7742 = CARTESIAN_POINT ( 'NONE',  ( -9.291281102303948100, 1.630000000000001200, 9.889999999999997000 ) ) ;
#7743 = DIRECTION ( 'NONE',  ( -1.000000000000000000, 0.0000000000000000000, 5.015508710847692100E-016 ) ) ;
#7744 = VECTOR ( 'NONE', #7743, 1000.000000000000000 ) ;
#7745 = CARTESIAN_POINT ( 'NONE',  ( -9.291281102303948100, 1.630000000000001200, 9.889999999999997000 ) ) ;
#7746 = LINE ( 'NONE', #7745, #7744 ) ;
#7747 = CARTESIAN_POINT ( 'NONE',  ( -9.291281102303948100, 1.270000000000000200, 8.889999999999998800 ) ) ;
#7748 = AXIS2_PLACEMENT_3D ( 'NONE', #7747, #7808, #7807 ) ;
#7749 = CYLINDRICAL_SURFACE ( 'NONE', #7748, 1.520000000000000500 ) ;
#7750 = FACE_OUTER_BOUND ( 'NONE', #3544, .T. ) ;
#7751 = DIRECTION ( 'NONE',  ( 0.0000000000000000000, 0.0000000000000000000, -1.000000000000000000 ) ) ;
#7752 = DIRECTION ( 'NONE',  ( 0.0000000000000000000, -1.000000000000000000, -0.0000000000000000000 ) ) ;
#7753 = CARTESIAN_POINT ( 'NONE',  ( -9.291281102303948100, 1.630000000000001200, 8.889999999999998800 ) ) ;
#7754 = AXIS2_PLACEMENT_3D ( 'NONE', #7753, #7752, #7751 ) ;
#7755 = CIRCLE ( 'NONE', #7754, 1.000000000000000900 ) ;
#7756 = DIRECTION ( 'NONE',  ( 0.0000000000000000000, 0.0000000000000000000, -1.000000000000000000 ) ) ;
#7757 = DIRECTION ( 'NONE',  ( -0.0000000000000000000, 1.000000000000000000, -0.0000000000000000000 ) ) ;
#7758 = CARTESIAN_POINT ( 'NONE',  ( -5.593893275649970900, 3.450000000000000600, 3.669999999999999900 ) ) ;
#7759 = AXIS2_PLACEMENT_3D ( 'NONE', #7758, #7757, #7756 ) ;
#7760 = CIRCLE ( 'NONE', #7759, 0.5000000000000000000 ) ;
#7761 = DIRECTION ( 'NONE',  ( 0.0000000000000000000, 0.0000000000000000000, -1.000000000000000000 ) ) ;
#7762 = DIRECTION ( 'NONE',  ( 0.0000000000000000000, -1.000000000000000000, 0.0000000000000000000 ) ) ;
#7763 = CARTESIAN_POINT ( 'NONE',  ( -5.979359448848025100, 3.450000000000000600, 3.149999999999999900 ) ) ;
#7764 = AXIS2_PLACEMENT_3D ( 'NONE', #7763, #7762, #7761 ) ;
#7765 = CIRCLE ( 'NONE', #7764, 0.5000000000000000000 ) ;
#7766 = CARTESIAN_POINT ( 'NONE',  ( -12.75000000000000200, 1.161729889353185100, 9.890000000000000600 ) ) ;
#7767 = CARTESIAN_POINT ( 'NONE',  ( -12.75000000000000000, 1.378270110646817600, 9.890000000000000600 ) ) ;
#7768 = DIRECTION ( 'NONE',  ( 0.0000000000000000000, -1.000000000000000000, 0.0000000000000000000 ) ) ;
#7769 = VECTOR ( 'NONE', #7768, 1000.000000000000000 ) ;
#7770 = CARTESIAN_POINT ( 'NONE',  ( -12.75000000000000000, 0.9100000000000010300, 9.890000000000000600 ) ) ;
#7771 = DIRECTION ( 'NONE',  ( -1.000000000000000000, 0.0000000000000000000, 5.015508710847692100E-016 ) ) ;
#7772 = DIRECTION ( 'NONE',  ( -5.015508710847692100E-016, 0.0000000000000000000, -1.000000000000000000 ) ) ;
#7773 = CARTESIAN_POINT ( 'NONE',  ( -9.291281102303948100, 0.9100000000000010300, 9.889999999999998800 ) ) ;
#7774 = AXIS2_PLACEMENT_3D ( 'NONE', #7773, #7772, #7771 ) ;
#7775 = PLANE ( 'NONE',  #7774 ) ;
#7776 = LINE ( 'NONE', #7770, #7769 ) ;
#7777 = FACE_OUTER_BOUND ( 'NONE', #3456, .T. ) ;
#7778 = VECTOR ( 'NONE', #7839, 1000.000000000000000 ) ;
#7779 = CARTESIAN_POINT ( 'NONE',  ( -9.291281102303948100, 0.9100000000000010300, 10.40999999999999800 ) ) ;
#7780 = LINE ( 'NONE', #7779, #7778 ) ;
#7781 = DIRECTION ( 'NONE',  ( -1.000000000000000000, 0.0000000000000000000, 5.015508710847692100E-016 ) ) ;
#7782 = VECTOR ( 'NONE', #7781, 1000.000000000000000 ) ;
#7783 = CARTESIAN_POINT ( 'NONE',  ( -9.291281102303948100, 0.9100000000000010300, 10.40999999999999800 ) ) ;
#7784 = LINE ( 'NONE', #7783, #7782 ) ;
#7785 = DIRECTION ( 'NONE',  ( -0.2907408867555975600, 0.0000000000000000000, 0.9568018273229669200 ) ) ;
#7786 = DIRECTION ( 'NONE',  ( -0.9568018273229670400, 0.0000000000000000000, -0.2907408867555976200 ) ) ;
#7787 = AXIS2_PLACEMENT_3D ( 'NONE', #7788, #7786, #7785 ) ;
#7788 = CARTESIAN_POINT ( 'NONE',  ( -5.964533826801945400, 0.9100000000000010300, 3.169999999999999900 ) ) ;
#7789 = PLANE ( 'NONE',  #7787 ) ;
#7790 = FACE_OUTER_BOUND ( 'NONE', #3511, .T. ) ;
#7791 = DIRECTION ( 'NONE',  ( 0.0000000000000000000, 0.0000000000000000000, -1.000000000000000000 ) ) ;
#7792 = DIRECTION ( 'NONE',  ( 0.0000000000000000000, -1.000000000000000000, -0.0000000000000000000 ) ) ;
#7793 = CARTESIAN_POINT ( 'NONE',  ( -9.291281102303948100, 0.9100000000000010300, 8.889999999999998800 ) ) ;
#7794 = AXIS2_PLACEMENT_3D ( 'NONE', #7793, #7792, #7791 ) ;
#7795 = CIRCLE ( 'NONE', #7794, 1.520000000000000500 ) ;
#7796 = DIRECTION ( 'NONE',  ( 0.0000000000000000000, 0.0000000000000000000, -1.000000000000000000 ) ) ;
#7797 = DIRECTION ( 'NONE',  ( 0.0000000000000000000, -1.000000000000000000, -0.0000000000000000000 ) ) ;
#7798 = CARTESIAN_POINT ( 'NONE',  ( -9.291281102303948100, 1.630000000000001200, 8.889999999999998800 ) ) ;
#7799 = AXIS2_PLACEMENT_3D ( 'NONE', #7798, #7797, #7796 ) ;
#7800 = CIRCLE ( 'NONE', #7799, 1.520000000000000500 ) ;
#7801 = CARTESIAN_POINT ( 'NONE',  ( -7.836942324773037400, 1.630000000000001200, 9.331926147868506000 ) ) ;
#7802 = CARTESIAN_POINT ( 'NONE',  ( -7.836942324773037400, 0.9100000000000010300, 9.331926147868506000 ) ) ;
#7803 = DIRECTION ( 'NONE',  ( 0.0000000000000000000, 1.000000000000000000, 0.0000000000000000000 ) ) ;
#7804 = VECTOR ( 'NONE', #7803, 1000.000000000000000 ) ;
#7805 = CARTESIAN_POINT ( 'NONE',  ( -7.836942324773037400, 0.9100000000000010300, 9.331926147868506000 ) ) ;
#7806 = LINE ( 'NONE', #7805, #7804 ) ;
#7807 = DIRECTION ( 'NONE',  ( 0.0000000000000000000, 0.0000000000000000000, -1.000000000000000000 ) ) ;
#7808 = DIRECTION ( 'NONE',  ( 0.0000000000000000000, -1.000000000000000000, -0.0000000000000000000 ) ) ;
#7809 = LINE ( 'NONE', #7871, #7870 ) ;
#7810 = CARTESIAN_POINT ( 'NONE',  ( -12.44999999999999800, 1.630000000000001200, 10.40999999999999800 ) ) ;
#7811 = CARTESIAN_POINT ( 'NONE',  ( -9.291281102303948100, 1.630000000000001200, 10.40999999999999800 ) ) ;
#7812 = DIRECTION ( 'NONE',  ( -1.000000000000000000, 0.0000000000000000000, 5.015508710847692100E-016 ) ) ;
#7813 = VECTOR ( 'NONE', #7812, 1000.000000000000000 ) ;
#7814 = CARTESIAN_POINT ( 'NONE',  ( -9.291281102303948100, 1.630000000000001200, 10.40999999999999800 ) ) ;
#7815 = DIRECTION ( 'NONE',  ( 1.000000000000000000, 0.0000000000000000000, -5.015508710847692100E-016 ) ) ;
#7816 = DIRECTION ( 'NONE',  ( 5.015508710847692100E-016, -0.0000000000000000000, 1.000000000000000000 ) ) ;
#7817 = AXIS2_PLACEMENT_3D ( 'NONE', #7819, #7816, #7815 ) ;
#7818 = LINE ( 'NONE', #7814, #7813 ) ;
#7819 = CARTESIAN_POINT ( 'NONE',  ( -9.291281102303948100, 0.9100000000000010300, 10.40999999999999800 ) ) ;
#7820 = PLANE ( 'NONE',  #7817 ) ;
#7821 = FACE_OUTER_BOUND ( 'NONE', #3550, .T. ) ;
#7822 = DIRECTION ( 'NONE',  ( 0.0000000000000000000, 0.0000000000000000000, -1.000000000000000000 ) ) ;
#7823 = DIRECTION ( 'NONE',  ( 0.0000000000000000000, -1.000000000000000000, -0.0000000000000000000 ) ) ;
#7824 = CARTESIAN_POINT ( 'NONE',  ( -9.291281102303948100, 0.9100000000000010300, 8.889999999999998800 ) ) ;
#7825 = AXIS2_PLACEMENT_3D ( 'NONE', #7824, #7823, #7822 ) ;
#7826 = CIRCLE ( 'NONE', #7825, 1.000000000000000900 ) ;
#7827 = CARTESIAN_POINT ( 'NONE',  ( -8.334479274980982000, 0.9100000000000010300, 9.180740886755597100 ) ) ;
#7828 = CARTESIAN_POINT ( 'NONE',  ( -8.334479274980982000, 1.630000000000001200, 9.180740886755595300 ) ) ;
#7829 = DIRECTION ( 'NONE',  ( 0.0000000000000000000, -1.000000000000000000, -0.0000000000000000000 ) ) ;
#7830 = VECTOR ( 'NONE', #7829, 1000.000000000000000 ) ;
#7831 = CARTESIAN_POINT ( 'NONE',  ( -8.334479274980982000, 0.9100000000000010300, 9.180740886755597100 ) ) ;
#7832 = LINE ( 'NONE', #7831, #7830 ) ;
#7833 = DIRECTION ( 'NONE',  ( 0.0000000000000000000, 0.0000000000000000000, -1.000000000000000000 ) ) ;
#7834 = DIRECTION ( 'NONE',  ( 0.0000000000000000000, -1.000000000000000000, -0.0000000000000000000 ) ) ;
#7835 = CARTESIAN_POINT ( 'NONE',  ( -9.291281102303948100, 1.270000000000000200, 8.889999999999998800 ) ) ;
#7836 = AXIS2_PLACEMENT_3D ( 'NONE', #7835, #7834, #7833 ) ;
#7837 = CYLINDRICAL_SURFACE ( 'NONE', #7836, 1.000000000000000900 ) ;
#7838 = FACE_OUTER_BOUND ( 'NONE', #3528, .T. ) ;
#7839 = DIRECTION ( 'NONE',  ( 0.0000000000000000000, 1.000000000000000000, 0.0000000000000000000 ) ) ;
#7840 = DIRECTION ( 'NONE',  ( -0.0000000000000000000, -1.000000000000000000, -0.0000000000000000000 ) ) ;
#7841 = VECTOR ( 'NONE', #7840, 1000.000000000000000 ) ;
#7842 = CARTESIAN_POINT ( 'NONE',  ( -6.457760362509508100, 0.9100000000000010300, 3.004629556622201200 ) ) ;
#7843 = LINE ( 'NONE', #7842, #7841 ) ;
#7844 = CARTESIAN_POINT ( 'NONE',  ( -5.593893275649970900, 1.630000000000001200, 3.169999999999999900 ) ) ;
#7845 = DIRECTION ( 'NONE',  ( 1.734723475976807100E-015, 0.0000000000000000000, 1.000000000000000000 ) ) ;
#7846 = DIRECTION ( 'NONE',  ( -0.0000000000000000000, -1.000000000000000000, 0.0000000000000000000 ) ) ;
#7847 = CARTESIAN_POINT ( 'NONE',  ( -5.593893275649970900, 1.630000000000001200, 3.669999999999999900 ) ) ;
#7848 = AXIS2_PLACEMENT_3D ( 'NONE', #7847, #7846, #7845 ) ;
#7849 = CIRCLE ( 'NONE', #7848, 0.5000000000000000000 ) ;
#7850 = DIRECTION ( 'NONE',  ( -6.106226635438361000E-016, 0.0000000000000000000, 1.000000000000000000 ) ) ;
#7851 = VECTOR ( 'NONE', #7850, 1000.000000000000000 ) ;
#7852 = CARTESIAN_POINT ( 'NONE',  ( -12.44999999999999200, 1.630000000000001200, 2.649999999999996400 ) ) ;
#7853 = DIRECTION ( 'NONE',  ( 0.0000000000000000000, 0.0000000000000000000, 1.000000000000000000 ) ) ;
#7854 = DIRECTION ( 'NONE',  ( 0.0000000000000000000, 1.000000000000000000, -0.0000000000000000000 ) ) ;
#7855 = AXIS2_PLACEMENT_3D ( 'NONE', #7857, #7854, #7853 ) ;
#7856 = LINE ( 'NONE', #7852, #7851 ) ;
#7857 = CARTESIAN_POINT ( 'NONE',  ( -7.045411045847954400, 1.630000000000001200, 2.649999999999999900 ) ) ;
#7858 = PLANE ( 'NONE',  #7855 ) ;
#7859 = FACE_OUTER_BOUND ( 'NONE', #3577, .T. ) ;
#7860 = DIRECTION ( 'NONE',  ( 1.000000000000000000, -0.0000000000000000000, -0.0000000000000000000 ) ) ;
#7861 = VECTOR ( 'NONE', #7860, 1000.000000000000000 ) ;
#7862 = CARTESIAN_POINT ( 'NONE',  ( -7.045411045847954400, 1.630000000000001200, 2.649999999999999900 ) ) ;
#7863 = LINE ( 'NONE', #7862, #7861 ) ;
#7864 = DIRECTION ( 'NONE',  ( 0.0000000000000000000, 1.000000000000000000, 0.0000000000000000000 ) ) ;
#7865 = VECTOR ( 'NONE', #7864, 1000.000000000000000 ) ;
#7866 = CARTESIAN_POINT ( 'NONE',  ( -12.75000000000000000, 0.9100000000000010300, 10.41000000000000000 ) ) ;
#7867 = LINE ( 'NONE', #7866, #7865 ) ;
#7868 = CARTESIAN_POINT ( 'NONE',  ( -12.75000000000000000, 1.378270110646817600, 10.41000000000000000 ) ) ;
#7869 = DIRECTION ( 'NONE',  ( -0.7660444431189804600, -0.6427876096865363700, 3.842102577359716100E-016 ) ) ;
#7870 = VECTOR ( 'NONE', #7869, 1000.000000000000100 ) ;
#7871 = CARTESIAN_POINT ( 'NONE',  ( -10.95091845206284900, 2.887878773978718600, 10.40999999999999800 ) ) ;
#7872 = CARTESIAN_POINT ( 'NONE',  ( -7.045411045847954400, -5.989999999999998400, 2.649999999999999900 ) ) ;
#7873 = CARTESIAN_POINT ( 'NONE',  ( -6.072294189311453900, 1.630000000000001200, 3.524629556622201200 ) ) ;
#7874 = DIRECTION ( 'NONE',  ( -0.0000000000000000000, 1.000000000000000000, -0.0000000000000000000 ) ) ;
#7875 = VECTOR ( 'NONE', #7874, 1000.000000000000000 ) ;
#7876 = CARTESIAN_POINT ( 'NONE',  ( -6.072294189311453900, 0.9100000000000010300, 3.524629556622201200 ) ) ;
#7877 = LINE ( 'NONE', #7876, #7875 ) ;
#7878 = CARTESIAN_POINT ( 'NONE',  ( -6.072294189311453900, 0.9100000000000010300, 3.524629556622201200 ) ) ;
#7879 = DIRECTION ( 'NONE',  ( -0.2907408867555975600, 0.0000000000000000000, 0.9568018273229669200 ) ) ;
#7880 = VECTOR ( 'NONE', #7879, 1000.000000000000100 ) ;
#7881 = CARTESIAN_POINT ( 'NONE',  ( -5.964533826801945400, 0.9100000000000010300, 3.169999999999999900 ) ) ;
#7882 = LINE ( 'NONE', #7881, #7880 ) ;
#7883 = CARTESIAN_POINT ( 'NONE',  ( -5.979359448848025100, 1.630000000000001200, 2.649999999999999900 ) ) ;
#7884 = DIRECTION ( 'NONE',  ( -0.0000000000000000000, 1.000000000000000000, 0.0000000000000000000 ) ) ;
#7885 = VECTOR ( 'NONE', #7884, 1000.000000000000000 ) ;
#7886 = CARTESIAN_POINT ( 'NONE',  ( -5.979359448848025100, 1.630000000000001200, 2.649999999999999900 ) ) ;
#7887 = LINE ( 'NONE', #7886, #7885 ) ;
#7888 = CARTESIAN_POINT ( 'NONE',  ( -5.979359448848025100, 0.9100000000000010300, 2.649999999999999900 ) ) ;
#7889 = DIRECTION ( 'NONE',  ( 1.000000000000000000, -0.0000000000000000000, -0.0000000000000000000 ) ) ;
#7890 = VECTOR ( 'NONE', #7889, 1000.000000000000000 ) ;
#7891 = CARTESIAN_POINT ( 'NONE',  ( -7.045411045847954400, 0.9100000000000010300, 2.649999999999999900 ) ) ;
#7892 = DIRECTION ( 'NONE',  ( -1.000000000000000000, 0.0000000000000000000, -0.0000000000000000000 ) ) ;
#7893 = DIRECTION ( 'NONE',  ( 0.0000000000000000000, 0.0000000000000000000, -1.000000000000000000 ) ) ;
#7894 = AXIS2_PLACEMENT_3D ( 'NONE', #7896, #7893, #7892 ) ;
#7895 = LINE ( 'NONE', #7891, #7890 ) ;
#7896 = CARTESIAN_POINT ( 'NONE',  ( -7.045411045847954400, 0.9100000000000010300, 2.649999999999999900 ) ) ;
#7897 = PLANE ( 'NONE',  #7894 ) ;
#7898 = FACE_OUTER_BOUND ( 'NONE', #3607, .T. ) ;
#7899 = DIRECTION ( 'NONE',  ( -0.2907408867555975600, 0.0000000000000000000, 0.9568018273229669200 ) ) ;
#7900 = VECTOR ( 'NONE', #7899, 1000.000000000000100 ) ;
#7901 = CARTESIAN_POINT ( 'NONE',  ( -6.349999999999999600, 0.9100000000000010300, 2.649999999999999900 ) ) ;
#7902 = LINE ( 'NONE', #7901, #7900 ) ;
#7903 = CARTESIAN_POINT ( 'NONE',  ( -6.457760362509508100, 0.9100000000000010300, 3.004629556622201200 ) ) ;
#7904 = CIRCLE ( 'NONE', #7968, 0.5000000000000000000 ) ;
#7905 = CARTESIAN_POINT ( 'NONE',  ( -12.75000000000000200, -1.378270110646815600, 9.890000000000000600 ) ) ;
#7906 = CARTESIAN_POINT ( 'NONE',  ( -12.75000000000000000, -1.161729889353182900, 9.890000000000000600 ) ) ;
#7907 = DIRECTION ( 'NONE',  ( 0.0000000000000000000, -1.000000000000000000, 0.0000000000000000000 ) ) ;
#7908 = VECTOR ( 'NONE', #7907, 1000.000000000000000 ) ;
#7909 = CARTESIAN_POINT ( 'NONE',  ( -12.75000000000000000, -1.629999999999999400, 9.890000000000000600 ) ) ;
#7910 = DIRECTION ( 'NONE',  ( -1.000000000000000000, 0.0000000000000000000, 5.015508710847692100E-016 ) ) ;
#7911 = DIRECTION ( 'NONE',  ( -5.015508710847692100E-016, 0.0000000000000000000, -1.000000000000000000 ) ) ;
#7912 = AXIS2_PLACEMENT_3D ( 'NONE', #7914, #7911, #7910 ) ;
#7913 = LINE ( 'NONE', #7909, #7908 ) ;
#7914 = CARTESIAN_POINT ( 'NONE',  ( -9.291281102303948100, -1.629999999999999400, 9.889999999999998800 ) ) ;
#7915 = PLANE ( 'NONE',  #7912 ) ;
#7916 = FACE_OUTER_BOUND ( 'NONE', #3640, .T. ) ;
#7917 = DIRECTION ( 'NONE',  ( -6.106226635438361000E-016, 0.0000000000000000000, 1.000000000000000000 ) ) ;
#7918 = VECTOR ( 'NONE', #7917, 1000.000000000000000 ) ;
#7919 = CARTESIAN_POINT ( 'NONE',  ( -12.75000000000000000, 1.161729889353185100, 10.15000000000000000 ) ) ;
#7920 = LINE ( 'NONE', #7919, #7918 ) ;
#7921 = CARTESIAN_POINT ( 'NONE',  ( -6.457760362509508100, 1.630000000000001200, 3.004629556622201200 ) ) ;
#7922 = DIRECTION ( 'NONE',  ( -0.2907408867555975600, 0.0000000000000000000, 0.9568018273229669200 ) ) ;
#7923 = VECTOR ( 'NONE', #7922, 1000.000000000000100 ) ;
#7924 = CARTESIAN_POINT ( 'NONE',  ( -6.349999999999999600, 1.630000000000001200, 2.649999999999999900 ) ) ;
#7925 = DIRECTION ( 'NONE',  ( 0.2907408867555975600, 0.0000000000000000000, -0.9568018273229669200 ) ) ;
#7926 = DIRECTION ( 'NONE',  ( 0.9568018273229670400, -0.0000000000000000000, 0.2907408867555976200 ) ) ;
#7927 = CARTESIAN_POINT ( 'NONE',  ( -6.349999999999999600, 0.9100000000000010300, 2.649999999999999900 ) ) ;
#7928 = AXIS2_PLACEMENT_3D ( 'NONE', #7927, #7926, #7925 ) ;
#7929 = PLANE ( 'NONE',  #7928 ) ;
#7930 = LINE ( 'NONE', #7924, #7923 ) ;
#7931 = FACE_OUTER_BOUND ( 'NONE', #3628, .T. ) ;
#7932 = DIRECTION ( 'NONE',  ( -0.2907408867555975600, 0.0000000000000000000, 0.9568018273229669200 ) ) ;
#7933 = VECTOR ( 'NONE', #7932, 1000.000000000000100 ) ;
#7934 = CARTESIAN_POINT ( 'NONE',  ( -5.964533826801945400, 1.630000000000001200, 3.169999999999999900 ) ) ;
#7935 = LINE ( 'NONE', #7934, #7933 ) ;
#7936 = CARTESIAN_POINT ( 'NONE',  ( -5.979359448848025100, 1.630000000000001200, 3.149999999999999900 ) ) ;
#7937 = DIRECTION ( 'NONE',  ( 1.000000000000000000, -0.0000000000000000000, -0.0000000000000000000 ) ) ;
#7938 = VECTOR ( 'NONE', #7937, 1000.000000000000000 ) ;
#7939 = CARTESIAN_POINT ( 'NONE',  ( -7.045411045847952600, 1.630000000000001200, 3.169999999999999900 ) ) ;
#7940 = LINE ( 'NONE', #7939, #7938 ) ;
#7941 = DIRECTION ( 'NONE',  ( 6.106226635438361000E-016, 0.0000000000000000000, -1.000000000000000000 ) ) ;
#7942 = VECTOR ( 'NONE', #7941, 1000.000000000000000 ) ;
#7943 = CARTESIAN_POINT ( 'NONE',  ( -12.44999999999999200, 0.9100000000000010300, 2.649999999999996400 ) ) ;
#7944 = DIRECTION ( 'NONE',  ( 0.0000000000000000000, -0.0000000000000000000, -1.000000000000000000 ) ) ;
#7945 = DIRECTION ( 'NONE',  ( 0.0000000000000000000, -1.000000000000000000, 0.0000000000000000000 ) ) ;
#7946 = AXIS2_PLACEMENT_3D ( 'NONE', #7948, #7945, #7944 ) ;
#7947 = LINE ( 'NONE', #7943, #7942 ) ;
#7948 = CARTESIAN_POINT ( 'NONE',  ( -7.045411045847954400, 0.9100000000000010300, 2.649999999999999900 ) ) ;
#7949 = PLANE ( 'NONE',  #7946 ) ;
#7950 = FACE_OUTER_BOUND ( 'NONE', #3672, .T. ) ;
#7951 = DIRECTION ( 'NONE',  ( 1.000000000000000000, -0.0000000000000000000, -0.0000000000000000000 ) ) ;
#7952 = VECTOR ( 'NONE', #7951, 1000.000000000000000 ) ;
#7953 = CARTESIAN_POINT ( 'NONE',  ( -7.045411045847952600, 0.9100000000000010300, 3.169999999999999900 ) ) ;
#7954 = LINE ( 'NONE', #7953, #7952 ) ;
#7955 = CARTESIAN_POINT ( 'NONE',  ( -5.593893275649970900, 0.9100000000000010300, 3.169999999999999900 ) ) ;
#7956 = DIRECTION ( 'NONE',  ( 0.0000000000000000000, -1.000000000000000000, 0.0000000000000000000 ) ) ;
#7957 = VECTOR ( 'NONE', #7956, 1000.000000000000000 ) ;
#7958 = CARTESIAN_POINT ( 'NONE',  ( -5.593893275649970900, 0.9100000000000010300, 3.169999999999999900 ) ) ;
#7959 = LINE ( 'NONE', #7958, #7957 ) ;
#7960 = DIRECTION ( 'NONE',  ( 0.0000000000000000000, 0.0000000000000000000, -1.000000000000000000 ) ) ;
#7961 = DIRECTION ( 'NONE',  ( -0.0000000000000000000, 1.000000000000000000, -0.0000000000000000000 ) ) ;
#7962 = CARTESIAN_POINT ( 'NONE',  ( -5.593893275649970900, 0.9100000000000010300, 3.669999999999999900 ) ) ;
#7963 = AXIS2_PLACEMENT_3D ( 'NONE', #7962, #7961, #7960 ) ;
#7964 = CIRCLE ( 'NONE', #7963, 0.5000000000000000000 ) ;
#7965 = DIRECTION ( 'NONE',  ( 0.0000000000000000000, 0.0000000000000000000, -1.000000000000000000 ) ) ;
#7966 = DIRECTION ( 'NONE',  ( 0.0000000000000000000, -1.000000000000000000, 0.0000000000000000000 ) ) ;
#7967 = CARTESIAN_POINT ( 'NONE',  ( -5.979359448848025100, 0.9100000000000010300, 3.149999999999999900 ) ) ;
#7968 = AXIS2_PLACEMENT_3D ( 'NONE', #7967, #7966, #7965 ) ;
#7969 = DIRECTION ( 'NONE',  ( -1.000000000000000000, 0.0000000000000000000, 5.015508710847692100E-016 ) ) ;
#7970 = VECTOR ( 'NONE', #7969, 1000.000000000000000 ) ;
#7971 = CARTESIAN_POINT ( 'NONE',  ( -9.291281102303948100, -0.9099999999999993600, 10.40999999999999800 ) ) ;
#7972 = DIRECTION ( 'NONE',  ( 1.000000000000000000, 0.0000000000000000000, -5.015508710847692100E-016 ) ) ;
#7973 = DIRECTION ( 'NONE',  ( 5.015508710847692100E-016, -0.0000000000000000000, 1.000000000000000000 ) ) ;
#7974 = AXIS2_PLACEMENT_3D ( 'NONE', #7976, #7973, #7972 ) ;
#7975 = LINE ( 'NONE', #7971, #7970 ) ;
#7976 = CARTESIAN_POINT ( 'NONE',  ( -9.291281102303948100, -1.629999999999999400, 10.40999999999999800 ) ) ;
#7977 = PLANE ( 'NONE',  #7974 ) ;
#7978 = FACE_OUTER_BOUND ( 'NONE', #3773, .T. ) ;
#7979 = DIRECTION ( 'NONE',  ( 0.0000000000000000000, 0.0000000000000000000, -1.000000000000000000 ) ) ;
#7980 = DIRECTION ( 'NONE',  ( 0.0000000000000000000, -1.000000000000000000, -0.0000000000000000000 ) ) ;
#7981 = CARTESIAN_POINT ( 'NONE',  ( -9.291281102303948100, -1.629999999999999400, 8.889999999999998800 ) ) ;
#7982 = AXIS2_PLACEMENT_3D ( 'NONE', #7981, #7980, #7979 ) ;
#7983 = CIRCLE ( 'NONE', #7982, 1.000000000000000900 ) ;
#7984 = CARTESIAN_POINT ( 'NONE',  ( -8.334479274980982000, -1.629999999999999400, 9.180740886755597100 ) ) ;
#7985 = CARTESIAN_POINT ( 'NONE',  ( -8.334479274980982000, -0.9099999999999993600, 9.180740886755595300 ) ) ;
#7986 = DIRECTION ( 'NONE',  ( 0.0000000000000000000, -1.000000000000000000, -0.0000000000000000000 ) ) ;
#7987 = VECTOR ( 'NONE', #7986, 1000.000000000000000 ) ;
#7988 = CARTESIAN_POINT ( 'NONE',  ( -8.334479274980982000, -1.629999999999999400, 9.180740886755597100 ) ) ;
#7989 = LINE ( 'NONE', #7988, #7987 ) ;
#7990 = DIRECTION ( 'NONE',  ( 1.000000000000000000, 0.0000000000000000000, -0.0000000000000000000 ) ) ;
#7991 = DIRECTION ( 'NONE',  ( 0.0000000000000000000, -0.0000000000000000000, 1.000000000000000000 ) ) ;
#7992 = AXIS2_PLACEMENT_3D ( 'NONE', #7993, #7991, #7990 ) ;
#7993 = CARTESIAN_POINT ( 'NONE',  ( -7.045411045847952600, 0.9100000000000010300, 3.169999999999999900 ) ) ;
#7994 = PLANE ( 'NONE',  #7992 ) ;
#7995 = FACE_OUTER_BOUND ( 'NONE', #3569, .T. ) ;
#7996 = DIRECTION ( 'NONE',  ( 0.0000000000000000000, 0.0000000000000000000, 1.000000000000000000 ) ) ;
#7997 = DIRECTION ( 'NONE',  ( 0.0000000000000000000, 1.000000000000000000, -0.0000000000000000000 ) ) ;
#7998 = AXIS2_PLACEMENT_3D ( 'NONE', #7936, #7997, #7996 ) ;
#7999 = CIRCLE ( 'NONE', #7998, 0.5000000000000000000 ) ;
#8000 = CARTESIAN_POINT ( 'NONE',  ( -9.291281102303948100, -1.629999999999999400, 9.889999999999998800 ) ) ;
#8001 = DIRECTION ( 'NONE',  ( 0.0000000000000000000, -1.000000000000000000, 0.0000000000000000000 ) ) ;
#8002 = VECTOR ( 'NONE', #8001, 1000.000000000000000 ) ;
#8003 = CARTESIAN_POINT ( 'NONE',  ( -9.291281102303948100, -1.629999999999999400, 9.889999999999998800 ) ) ;
#8004 = LINE ( 'NONE', #8003, #8002 ) ;
#8005 = CARTESIAN_POINT ( 'NONE',  ( -9.291281102303948100, -0.9099999999999993600, 9.889999999999997000 ) ) ;
#8006 = DIRECTION ( 'NONE',  ( -1.000000000000000000, 0.0000000000000000000, 5.015508710847692100E-016 ) ) ;
#8007 = VECTOR ( 'NONE', #8006, 1000.000000000000000 ) ;
#8008 = CARTESIAN_POINT ( 'NONE',  ( -9.291281102303948100, -0.9099999999999993600, 9.889999999999997000 ) ) ;
#8009 = LINE ( 'NONE', #8008, #8007 ) ;
#8010 = CARTESIAN_POINT ( 'NONE',  ( -12.44999999999999800, -0.9099999999999993600, 9.889999999999998800 ) ) ;
#8011 = DIRECTION ( 'NONE',  ( 0.7660444431189804600, 0.6427876096865363700, -3.842102577359716100E-016 ) ) ;
#8012 = VECTOR ( 'NONE', #8011, 1000.000000000000100 ) ;
#8013 = CARTESIAN_POINT ( 'NONE',  ( -10.95091845206284900, 0.3478787739787181900, 9.889999999999998800 ) ) ;
#8014 = LINE ( 'NONE', #8013, #8012 ) ;
#8015 = CARTESIAN_POINT ( 'NONE',  ( -12.44999999999999800, -1.629999999999999400, 10.41000000000000000 ) ) ;
#8016 = DIRECTION ( 'NONE',  ( 0.7660444431189804600, -0.6427876096865363700, -3.842102577359716100E-016 ) ) ;
#8017 = VECTOR ( 'NONE', #8016, 1000.000000000000100 ) ;
#8018 = CARTESIAN_POINT ( 'NONE',  ( -10.59638766097845400, -3.185365430018619400, 10.40999999999999800 ) ) ;
#8019 = LINE ( 'NONE', #8018, #8017 ) ;
#8020 = CARTESIAN_POINT ( 'NONE',  ( -12.75000000000000200, -1.378270110646815600, 10.41000000000000000 ) ) ;
#8021 = DIRECTION ( 'NONE',  ( 0.0000000000000000000, 1.000000000000000000, 0.0000000000000000000 ) ) ;
#8022 = VECTOR ( 'NONE', #8021, 1000.000000000000000 ) ;
#8023 = CARTESIAN_POINT ( 'NONE',  ( -12.75000000000000000, -1.629999999999999400, 10.41000000000000000 ) ) ;
#8024 = LINE ( 'NONE', #8023, #8022 ) ;
#8025 = CARTESIAN_POINT ( 'NONE',  ( -12.75000000000000000, -1.161729889353182900, 10.41000000000000000 ) ) ;
#8026 = DIRECTION ( 'NONE',  ( -0.7660444431189804600, -0.6427876096865363700, 3.842102577359716100E-016 ) ) ;
#8027 = VECTOR ( 'NONE', #8026, 1000.000000000000100 ) ;
#8028 = CARTESIAN_POINT ( 'NONE',  ( -10.95091845206284900, 0.3478787739787181900, 10.40999999999999800 ) ) ;
#8029 = LINE ( 'NONE', #8028, #8027 ) ;
#8030 = CARTESIAN_POINT ( 'NONE',  ( -12.44999999999999800, -0.9099999999999994800, 10.40999999999999800 ) ) ;
#8031 = CARTESIAN_POINT ( 'NONE',  ( -9.291281102303948100, -0.9099999999999993600, 10.40999999999999800 ) ) ;
#8032 = LINE ( 'NONE', #8092, #8091 ) ;
#8033 = CARTESIAN_POINT ( 'NONE',  ( -5.979359448848025100, -0.9099999999999993600, 2.649999999999999900 ) ) ;
#8034 = DIRECTION ( 'NONE',  ( -0.0000000000000000000, 1.000000000000000000, 0.0000000000000000000 ) ) ;
#8035 = VECTOR ( 'NONE', #8034, 1000.000000000000000 ) ;
#8036 = CARTESIAN_POINT ( 'NONE',  ( -5.979359448848025100, -0.9099999999999993600, 2.649999999999999900 ) ) ;
#8037 = LINE ( 'NONE', #8036, #8035 ) ;
#8038 = CARTESIAN_POINT ( 'NONE',  ( -5.979359448848025100, -1.629999999999999400, 2.649999999999999900 ) ) ;
#8039 = DIRECTION ( 'NONE',  ( 1.000000000000000000, -0.0000000000000000000, -0.0000000000000000000 ) ) ;
#8040 = VECTOR ( 'NONE', #8039, 1000.000000000000000 ) ;
#8041 = CARTESIAN_POINT ( 'NONE',  ( -7.045411045847954400, -1.629999999999999400, 2.649999999999999900 ) ) ;
#8042 = LINE ( 'NONE', #8041, #8040 ) ;
#8043 = DIRECTION ( 'NONE',  ( 6.106226635438361000E-016, -0.0000000000000000000, -1.000000000000000000 ) ) ;
#8044 = VECTOR ( 'NONE', #8043, 1000.000000000000000 ) ;
#8045 = CARTESIAN_POINT ( 'NONE',  ( -12.75000000000000000, 1.378270110646817100, 10.15000000000000000 ) ) ;
#8046 = DIRECTION ( 'NONE',  ( -6.106226635438361000E-016, 0.0000000000000000000, 1.000000000000000000 ) ) ;
#8047 = DIRECTION ( 'NONE',  ( -1.000000000000000000, 0.0000000000000000000, -6.106226635438361000E-016 ) ) ;
#8048 = AXIS2_PLACEMENT_3D ( 'NONE', #8050, #8047, #8046 ) ;
#8049 = LINE ( 'NONE', #8045, #8044 ) ;
#8050 = CARTESIAN_POINT ( 'NONE',  ( -12.75000000000000000, 1.270000000000001100, 10.15000000000000000 ) ) ;
#8051 = PLANE ( 'NONE',  #8048 ) ;
#8052 = FACE_OUTER_BOUND ( 'NONE', #3659, .T. ) ;
#8053 = DIRECTION ( 'NONE',  ( -0.7660444431189804600, 0.6427876096865363700, 3.842102577359716100E-016 ) ) ;
#8054 = VECTOR ( 'NONE', #8053, 1000.000000000000100 ) ;
#8055 = CARTESIAN_POINT ( 'NONE',  ( -10.59638766097845400, -3.185365430018619400, 9.889999999999998800 ) ) ;
#8056 = LINE ( 'NONE', #8055, #8054 ) ;
#8057 = CARTESIAN_POINT ( 'NONE',  ( -12.44999999999999800, -1.629999999999999400, 9.890000000000000600 ) ) ;
#8058 = DIRECTION ( 'NONE',  ( -1.000000000000000000, 0.0000000000000000000, 5.015508710847692100E-016 ) ) ;
#8059 = VECTOR ( 'NONE', #8058, 1000.000000000000000 ) ;
#8060 = CARTESIAN_POINT ( 'NONE',  ( -9.291281102303948100, -1.629999999999999400, 9.889999999999998800 ) ) ;
#8061 = LINE ( 'NONE', #8060, #8059 ) ;
#8062 = CYLINDRICAL_SURFACE ( 'NONE', #8125, 1.520000000000000500 ) ;
#8063 = FACE_OUTER_BOUND ( 'NONE', #3812, .T. ) ;
#8064 = DIRECTION ( 'NONE',  ( 0.0000000000000000000, 0.0000000000000000000, -1.000000000000000000 ) ) ;
#8065 = DIRECTION ( 'NONE',  ( 0.0000000000000000000, -1.000000000000000000, -0.0000000000000000000 ) ) ;
#8066 = CARTESIAN_POINT ( 'NONE',  ( -9.291281102303948100, -0.9099999999999993600, 8.889999999999998800 ) ) ;
#8067 = AXIS2_PLACEMENT_3D ( 'NONE', #8066, #8065, #8064 ) ;
#8068 = CIRCLE ( 'NONE', #8067, 1.000000000000000900 ) ;
#8069 = CARTESIAN_POINT ( 'NONE',  ( -6.457760362509508100, -1.629999999999999400, 3.004629556622201200 ) ) ;
#8070 = CARTESIAN_POINT ( 'NONE',  ( -6.457760362509508100, -0.9099999999999993600, 3.004629556622201200 ) ) ;
#8071 = DIRECTION ( 'NONE',  ( -0.2907408867555975600, 0.0000000000000000000, 0.9568018273229669200 ) ) ;
#8072 = VECTOR ( 'NONE', #8071, 1000.000000000000100 ) ;
#8073 = CARTESIAN_POINT ( 'NONE',  ( -6.349999999999999600, -0.9099999999999993600, 2.649999999999999900 ) ) ;
#8074 = DIRECTION ( 'NONE',  ( 0.2907408867555975600, 0.0000000000000000000, -0.9568018273229669200 ) ) ;
#8075 = DIRECTION ( 'NONE',  ( 0.9568018273229670400, -0.0000000000000000000, 0.2907408867555976200 ) ) ;
#8076 = AXIS2_PLACEMENT_3D ( 'NONE', #8078, #8075, #8074 ) ;
#8077 = LINE ( 'NONE', #8073, #8072 ) ;
#8078 = CARTESIAN_POINT ( 'NONE',  ( -6.349999999999999600, -1.629999999999999400, 2.649999999999999900 ) ) ;
#8079 = PLANE ( 'NONE',  #8076 ) ;
#8080 = FACE_OUTER_BOUND ( 'NONE', #3801, .T. ) ;
#8081 = DIRECTION ( 'NONE',  ( -0.2907408867555975600, 0.0000000000000000000, 0.9568018273229669200 ) ) ;
#8082 = VECTOR ( 'NONE', #8081, 1000.000000000000100 ) ;
#8083 = CARTESIAN_POINT ( 'NONE',  ( -5.964533826801945400, -0.9099999999999993600, 3.169999999999999900 ) ) ;
#8084 = LINE ( 'NONE', #8083, #8082 ) ;
#8085 = CARTESIAN_POINT ( 'NONE',  ( -6.072294189311453900, -0.9099999999999993600, 3.524629556622201200 ) ) ;
#8086 = DIRECTION ( 'NONE',  ( -0.0000000000000000000, 1.000000000000000000, -0.0000000000000000000 ) ) ;
#8087 = VECTOR ( 'NONE', #8086, 1000.000000000000000 ) ;
#8088 = CARTESIAN_POINT ( 'NONE',  ( -6.072294189311453900, -1.629999999999999400, 3.524629556622201200 ) ) ;
#8089 = LINE ( 'NONE', #8088, #8087 ) ;
#8090 = DIRECTION ( 'NONE',  ( -0.2907408867555975600, 0.0000000000000000000, 0.9568018273229669200 ) ) ;
#8091 = VECTOR ( 'NONE', #8090, 1000.000000000000100 ) ;
#8092 = CARTESIAN_POINT ( 'NONE',  ( -5.964533826801945400, -1.629999999999999400, 3.169999999999999900 ) ) ;
#8093 = LINE ( 'NONE', #8157, #8156 ) ;
#8094 = CARTESIAN_POINT ( 'NONE',  ( -9.291281102303948100, -1.629999999999999400, 10.40999999999999800 ) ) ;
#8095 = DIRECTION ( 'NONE',  ( -1.000000000000000000, 0.0000000000000000000, 5.015508710847692100E-016 ) ) ;
#8096 = VECTOR ( 'NONE', #8095, 1000.000000000000000 ) ;
#8097 = CARTESIAN_POINT ( 'NONE',  ( -9.291281102303948100, -1.629999999999999400, 10.40999999999999800 ) ) ;
#8098 = LINE ( 'NONE', #8097, #8096 ) ;
#8099 = CARTESIAN_POINT ( 'NONE',  ( -6.072294189311453900, -1.629999999999999400, 3.524629556622201200 ) ) ;
#8100 = DIRECTION ( 'NONE',  ( -0.2907408867555975600, 0.0000000000000000000, 0.9568018273229669200 ) ) ;
#8101 = DIRECTION ( 'NONE',  ( -0.9568018273229670400, 0.0000000000000000000, -0.2907408867555976200 ) ) ;
#8102 = AXIS2_PLACEMENT_3D ( 'NONE', #8103, #8101, #8100 ) ;
#8103 = CARTESIAN_POINT ( 'NONE',  ( -5.964533826801945400, -1.629999999999999400, 3.169999999999999900 ) ) ;
#8104 = PLANE ( 'NONE',  #8102 ) ;
#8105 = FACE_OUTER_BOUND ( 'NONE', #3838, .T. ) ;
#8106 = DIRECTION ( 'NONE',  ( 0.0000000000000000000, 0.0000000000000000000, -1.000000000000000000 ) ) ;
#8107 = DIRECTION ( 'NONE',  ( 0.0000000000000000000, -1.000000000000000000, -0.0000000000000000000 ) ) ;
#8108 = CARTESIAN_POINT ( 'NONE',  ( -9.291281102303948100, -1.629999999999999400, 8.889999999999998800 ) ) ;
#8109 = AXIS2_PLACEMENT_3D ( 'NONE', #8108, #8107, #8106 ) ;
#8110 = CIRCLE ( 'NONE', #8109, 1.520000000000000500 ) ;
#8111 = DIRECTION ( 'NONE',  ( 0.0000000000000000000, 0.0000000000000000000, -1.000000000000000000 ) ) ;
#8112 = DIRECTION ( 'NONE',  ( 0.0000000000000000000, -1.000000000000000000, -0.0000000000000000000 ) ) ;
#8113 = CARTESIAN_POINT ( 'NONE',  ( -9.291281102303948100, -0.9099999999999993600, 8.889999999999998800 ) ) ;
#8114 = AXIS2_PLACEMENT_3D ( 'NONE', #8113, #8112, #8111 ) ;
#8115 = CIRCLE ( 'NONE', #8114, 1.520000000000000500 ) ;
#8116 = CARTESIAN_POINT ( 'NONE',  ( -7.836942324773037400, -0.9099999999999993600, 9.331926147868506000 ) ) ;
#8117 = CARTESIAN_POINT ( 'NONE',  ( -7.836942324773037400, -1.629999999999999400, 9.331926147868506000 ) ) ;
#8118 = DIRECTION ( 'NONE',  ( 0.0000000000000000000, 1.000000000000000000, 0.0000000000000000000 ) ) ;
#8119 = VECTOR ( 'NONE', #8118, 1000.000000000000000 ) ;
#8120 = CARTESIAN_POINT ( 'NONE',  ( -7.836942324773037400, -1.629999999999999400, 9.331926147868506000 ) ) ;
#8121 = LINE ( 'NONE', #8120, #8119 ) ;
#8122 = DIRECTION ( 'NONE',  ( 0.0000000000000000000, 0.0000000000000000000, -1.000000000000000000 ) ) ;
#8123 = DIRECTION ( 'NONE',  ( 0.0000000000000000000, -1.000000000000000000, -0.0000000000000000000 ) ) ;
#8124 = CARTESIAN_POINT ( 'NONE',  ( -9.291281102303948100, -1.270000000000000200, 8.889999999999998800 ) ) ;
#8125 = AXIS2_PLACEMENT_3D ( 'NONE', #8124, #8123, #8122 ) ;
#8126 = CARTESIAN_POINT ( 'NONE',  ( -7.045411045847952600, -0.9099999999999993600, 3.169999999999999900 ) ) ;
#8127 = LINE ( 'NONE', #8126, #8188 ) ;
#8128 = VECTOR ( 'NONE', #8378, 1000.000000000000000 ) ;
#8129 = CARTESIAN_POINT ( 'NONE',  ( -5.593893275649970900, -0.9099999999999993600, 3.169999999999999900 ) ) ;
#8130 = DIRECTION ( 'NONE',  ( 1.734723475976807100E-015, 0.0000000000000000000, 1.000000000000000000 ) ) ;
#8131 = DIRECTION ( 'NONE',  ( -0.0000000000000000000, -1.000000000000000000, 0.0000000000000000000 ) ) ;
#8132 = CARTESIAN_POINT ( 'NONE',  ( -5.593893275649970900, -0.9099999999999993600, 3.669999999999999900 ) ) ;
#8133 = AXIS2_PLACEMENT_3D ( 'NONE', #8132, #8131, #8130 ) ;
#8134 = CIRCLE ( 'NONE', #8133, 0.5000000000000000000 ) ;
#8135 = DIRECTION ( 'NONE',  ( 6.106226635438361000E-016, 0.0000000000000000000, -1.000000000000000000 ) ) ;
#8136 = VECTOR ( 'NONE', #8135, 1000.000000000000000 ) ;
#8137 = CARTESIAN_POINT ( 'NONE',  ( -12.44999999999999200, -1.629999999999999400, 2.649999999999996400 ) ) ;
#8138 = DIRECTION ( 'NONE',  ( 0.0000000000000000000, -0.0000000000000000000, -1.000000000000000000 ) ) ;
#8139 = DIRECTION ( 'NONE',  ( 0.0000000000000000000, -1.000000000000000000, 0.0000000000000000000 ) ) ;
#8140 = AXIS2_PLACEMENT_3D ( 'NONE', #8142, #8139, #8138 ) ;
#8141 = LINE ( 'NONE', #8137, #8136 ) ;
#8142 = CARTESIAN_POINT ( 'NONE',  ( -7.045411045847954400, -1.629999999999999400, 2.649999999999999900 ) ) ;
#8143 = PLANE ( 'NONE',  #8140 ) ;
#8144 = FACE_OUTER_BOUND ( 'NONE', #3851, .T. ) ;
#8145 = DIRECTION ( 'NONE',  ( 1.000000000000000000, -0.0000000000000000000, -0.0000000000000000000 ) ) ;
#8146 = VECTOR ( 'NONE', #8145, 1000.000000000000000 ) ;
#8147 = CARTESIAN_POINT ( 'NONE',  ( -7.045411045847952600, -1.629999999999999400, 3.169999999999999900 ) ) ;
#8148 = LINE ( 'NONE', #8147, #8146 ) ;
#8149 = DIRECTION ( 'NONE',  ( 0.0000000000000000000, 0.0000000000000000000, -1.000000000000000000 ) ) ;
#8150 = DIRECTION ( 'NONE',  ( 0.0000000000000000000, -1.000000000000000000, -0.0000000000000000000 ) ) ;
#8151 = CARTESIAN_POINT ( 'NONE',  ( -9.291281102303948100, -1.270000000000000200, 8.889999999999998800 ) ) ;
#8152 = AXIS2_PLACEMENT_3D ( 'NONE', #8151, #8150, #8149 ) ;
#8153 = CYLINDRICAL_SURFACE ( 'NONE', #8152, 1.000000000000000900 ) ;
#8154 = FACE_OUTER_BOUND ( 'NONE', #3705, .T. ) ;
#8155 = DIRECTION ( 'NONE',  ( 0.0000000000000000000, 1.000000000000000000, 0.0000000000000000000 ) ) ;
#8156 = VECTOR ( 'NONE', #8155, 1000.000000000000000 ) ;
#8157 = CARTESIAN_POINT ( 'NONE',  ( -9.291281102303948100, -1.629999999999999400, 10.40999999999999800 ) ) ;
#8158 = DIRECTION ( 'NONE',  ( -0.0000000000000000000, -1.000000000000000000, -0.0000000000000000000 ) ) ;
#8159 = VECTOR ( 'NONE', #8158, 1000.000000000000000 ) ;
#8160 = CARTESIAN_POINT ( 'NONE',  ( -6.457760362509508100, -1.629999999999999400, 3.004629556622201200 ) ) ;
#8161 = LINE ( 'NONE', #8160, #8159 ) ;
#8162 = DIRECTION ( 'NONE',  ( -6.106226635438361000E-016, 0.0000000000000000000, 1.000000000000000000 ) ) ;
#8163 = VECTOR ( 'NONE', #8162, 1000.000000000000000 ) ;
#8164 = CARTESIAN_POINT ( 'NONE',  ( -12.44999999999999200, -0.9099999999999993600, 2.649999999999996400 ) ) ;
#8165 = DIRECTION ( 'NONE',  ( 0.0000000000000000000, 0.0000000000000000000, 1.000000000000000000 ) ) ;
#8166 = DIRECTION ( 'NONE',  ( 0.0000000000000000000, 1.000000000000000000, -0.0000000000000000000 ) ) ;
#8167 = CARTESIAN_POINT ( 'NONE',  ( -7.045411045847954400, -0.9099999999999993600, 2.649999999999999900 ) ) ;
#8168 = AXIS2_PLACEMENT_3D ( 'NONE', #8167, #8166, #8165 ) ;
#8169 = PLANE ( 'NONE',  #8168 ) ;
#8170 = LINE ( 'NONE', #8164, #8163 ) ;
#8171 = FACE_OUTER_BOUND ( 'NONE', #3893, .T. ) ;
#8172 = DIRECTION ( 'NONE',  ( 1.000000000000000000, -0.0000000000000000000, -0.0000000000000000000 ) ) ;
#8173 = VECTOR ( 'NONE', #8172, 1000.000000000000000 ) ;
#8174 = CARTESIAN_POINT ( 'NONE',  ( -7.045411045847954400, -0.9099999999999993600, 2.649999999999999900 ) ) ;
#8175 = DIRECTION ( 'NONE',  ( 1.000000000000000000, 0.0000000000000000000, -0.0000000000000000000 ) ) ;
#8176 = DIRECTION ( 'NONE',  ( 0.0000000000000000000, -0.0000000000000000000, 1.000000000000000000 ) ) ;
#8177 = AXIS2_PLACEMENT_3D ( 'NONE', #8179, #8176, #8175 ) ;
#8178 = LINE ( 'NONE', #8174, #8173 ) ;
#8179 = CARTESIAN_POINT ( 'NONE',  ( -7.045411045847952600, -1.629999999999999400, 3.169999999999999900 ) ) ;
#8180 = PLANE ( 'NONE',  #8177 ) ;
#8181 = FACE_OUTER_BOUND ( 'NONE', #3884, .T. ) ;
#8182 = DIRECTION ( 'NONE',  ( 0.0000000000000000000, 0.0000000000000000000, 1.000000000000000000 ) ) ;
#8183 = DIRECTION ( 'NONE',  ( 0.0000000000000000000, 1.000000000000000000, -0.0000000000000000000 ) ) ;
#8184 = CARTESIAN_POINT ( 'NONE',  ( -5.979359448848025100, -0.9099999999999993600, 3.149999999999999900 ) ) ;
#8185 = AXIS2_PLACEMENT_3D ( 'NONE', #8184, #8183, #8182 ) ;
#8186 = CIRCLE ( 'NONE', #8185, 0.5000000000000000000 ) ;
#8187 = DIRECTION ( 'NONE',  ( 1.000000000000000000, -0.0000000000000000000, -0.0000000000000000000 ) ) ;
#8188 = VECTOR ( 'NONE', #8187, 1000.000000000000000 ) ;
#8189 = CARTESIAN_POINT ( 'NONE',  ( -12.44999999999999900, -4.169999999999999900, 9.890000000000000600 ) ) ;
#8190 = DIRECTION ( 'NONE',  ( -1.000000000000000000, 0.0000000000000000000, 5.015508710847692100E-016 ) ) ;
#8191 = VECTOR ( 'NONE', #8190, 1000.000000000000000 ) ;
#8192 = CARTESIAN_POINT ( 'NONE',  ( -9.291281102303948100, -4.169999999999999900, 9.889999999999998800 ) ) ;
#8193 = LINE ( 'NONE', #8192, #8191 ) ;
#8194 = CARTESIAN_POINT ( 'NONE',  ( -9.291281102303948100, -4.169999999999999900, 9.889999999999998800 ) ) ;
#8195 = DIRECTION ( 'NONE',  ( 0.0000000000000000000, -1.000000000000000000, 0.0000000000000000000 ) ) ;
#8196 = VECTOR ( 'NONE', #8195, 1000.000000000000000 ) ;
#8197 = CARTESIAN_POINT ( 'NONE',  ( -9.291281102303948100, -4.169999999999999900, 9.889999999999998800 ) ) ;
#8198 = LINE ( 'NONE', #8197, #8196 ) ;
#8199 = CARTESIAN_POINT ( 'NONE',  ( -9.291281102303948100, -3.449999999999999700, 9.889999999999997000 ) ) ;
#8200 = DIRECTION ( 'NONE',  ( -1.000000000000000000, 0.0000000000000000000, 5.015508710847692100E-016 ) ) ;
#8201 = VECTOR ( 'NONE', #8200, 1000.000000000000000 ) ;
#8202 = CARTESIAN_POINT ( 'NONE',  ( -9.291281102303948100, -3.449999999999999700, 9.889999999999997000 ) ) ;
#8203 = LINE ( 'NONE', #8202, #8201 ) ;
#8204 = CARTESIAN_POINT ( 'NONE',  ( -12.44999999999999800, -3.449999999999999700, 9.889999999999998800 ) ) ;
#8205 = DIRECTION ( 'NONE',  ( 0.7660444431189804600, 0.6427876096865363700, -3.842102577359716100E-016 ) ) ;
#8206 = VECTOR ( 'NONE', #8205, 1000.000000000000100 ) ;
#8207 = CARTESIAN_POINT ( 'NONE',  ( -10.95091845206284900, -2.192121226021282300, 9.889999999999998800 ) ) ;
#8208 = LINE ( 'NONE', #8207, #8206 ) ;
#8209 = CARTESIAN_POINT ( 'NONE',  ( -9.291281102303948100, -4.169999999999999900, 10.40999999999999800 ) ) ;
#8210 = DIRECTION ( 'NONE',  ( -1.000000000000000000, 0.0000000000000000000, -0.0000000000000000000 ) ) ;
#8211 = DIRECTION ( 'NONE',  ( 0.0000000000000000000, 0.0000000000000000000, -1.000000000000000000 ) ) ;
#8212 = CARTESIAN_POINT ( 'NONE',  ( -7.045411045847954400, -1.629999999999999400, 2.649999999999999900 ) ) ;
#8213 = AXIS2_PLACEMENT_3D ( 'NONE', #8212, #8211, #8210 ) ;
#8214 = PLANE ( 'NONE',  #8213 ) ;
#8215 = FACE_OUTER_BOUND ( 'NONE', #3912, .T. ) ;
#8216 = DIRECTION ( 'NONE',  ( -0.2907408867555975600, 0.0000000000000000000, 0.9568018273229669200 ) ) ;
#8217 = VECTOR ( 'NONE', #8216, 1000.000000000000100 ) ;
#8218 = CARTESIAN_POINT ( 'NONE',  ( -6.349999999999999600, -1.629999999999999400, 2.649999999999999900 ) ) ;
#8219 = LINE ( 'NONE', #8218, #8217 ) ;
#8220 = CARTESIAN_POINT ( 'NONE',  ( -12.75000000000000000, -3.918270110646818500, 9.890000000000000600 ) ) ;
#8221 = CARTESIAN_POINT ( 'NONE',  ( -12.75000000000000000, -3.701729889353183800, 9.890000000000000600 ) ) ;
#8222 = DIRECTION ( 'NONE',  ( 0.0000000000000000000, -1.000000000000000000, 0.0000000000000000000 ) ) ;
#8223 = VECTOR ( 'NONE', #8222, 1000.000000000000000 ) ;
#8224 = CARTESIAN_POINT ( 'NONE',  ( -12.75000000000000000, -4.169999999999999900, 9.890000000000000600 ) ) ;
#8225 = DIRECTION ( 'NONE',  ( -1.000000000000000000, 0.0000000000000000000, 5.015508710847692100E-016 ) ) ;
#8226 = DIRECTION ( 'NONE',  ( -5.015508710847692100E-016, 0.0000000000000000000, -1.000000000000000000 ) ) ;
#8227 = CARTESIAN_POINT ( 'NONE',  ( -9.291281102303948100, -4.169999999999999900, 9.889999999999998800 ) ) ;
#8228 = AXIS2_PLACEMENT_3D ( 'NONE', #8227, #8226, #8225 ) ;
#8229 = PLANE ( 'NONE',  #8228 ) ;
#8230 = LINE ( 'NONE', #8224, #8223 ) ;
#8231 = FACE_OUTER_BOUND ( 'NONE', #3957, .T. ) ;
#8232 = DIRECTION ( 'NONE',  ( -6.106226635438361000E-016, 0.0000000000000000000, 1.000000000000000000 ) ) ;
#8233 = VECTOR ( 'NONE', #8232, 1000.000000000000000 ) ;
#8234 = CARTESIAN_POINT ( 'NONE',  ( -12.75000000000000000, -1.378270110646815600, 10.15000000000000000 ) ) ;
#8235 = LINE ( 'NONE', #8234, #8233 ) ;
#8236 = DIRECTION ( 'NONE',  ( 6.106226635438361000E-016, -0.0000000000000000000, -1.000000000000000000 ) ) ;
#8237 = VECTOR ( 'NONE', #8236, 1000.000000000000000 ) ;
#8238 = CARTESIAN_POINT ( 'NONE',  ( -12.75000000000000000, -1.161729889353183300, 10.15000000000000000 ) ) ;
#8239 = DIRECTION ( 'NONE',  ( -6.106226635438361000E-016, 0.0000000000000000000, 1.000000000000000000 ) ) ;
#8240 = DIRECTION ( 'NONE',  ( -1.000000000000000000, 0.0000000000000000000, -6.106226635438361000E-016 ) ) ;
#8241 = AXIS2_PLACEMENT_3D ( 'NONE', #8243, #8240, #8239 ) ;
#8242 = LINE ( 'NONE', #8238, #8237 ) ;
#8243 = CARTESIAN_POINT ( 'NONE',  ( -12.75000000000000000, -1.269999999999999400, 10.15000000000000000 ) ) ;
#8244 = PLANE ( 'NONE',  #8241 ) ;
#8245 = FACE_OUTER_BOUND ( 'NONE', #3941, .T. ) ;
#8246 = DIRECTION ( 'NONE',  ( -0.7660444431189811200, 0.6427876096865354800, 3.842102577359719500E-016 ) ) ;
#8247 = VECTOR ( 'NONE', #8246, 1000.000000000000100 ) ;
#8248 = CARTESIAN_POINT ( 'NONE',  ( -10.59638766097845100, -5.725365430018620700, 9.889999999999998800 ) ) ;
#8249 = LINE ( 'NONE', #8248, #8247 ) ;
#8250 = CARTESIAN_POINT ( 'NONE',  ( -9.291281102303948100, -3.449999999999999700, 8.889999999999998800 ) ) ;
#8251 = AXIS2_PLACEMENT_3D ( 'NONE', #8250, #8314, #8313 ) ;
#8252 = CIRCLE ( 'NONE', #8251, 1.520000000000000500 ) ;
#8253 = CARTESIAN_POINT ( 'NONE',  ( -9.291281102303948100, -4.169999999999999900, 8.889999999999998800 ) ) ;
#8254 = CARTESIAN_POINT ( 'NONE',  ( -7.836942324773037400, -3.449999999999999700, 9.331926147868506000 ) ) ;
#8255 = CARTESIAN_POINT ( 'NONE',  ( -7.836942324773037400, -4.169999999999999900, 9.331926147868506000 ) ) ;
#8256 = DIRECTION ( 'NONE',  ( 0.0000000000000000000, 1.000000000000000000, 0.0000000000000000000 ) ) ;
#8257 = VECTOR ( 'NONE', #8256, 1000.000000000000000 ) ;
#8258 = CARTESIAN_POINT ( 'NONE',  ( -7.836942324773037400, -4.169999999999999900, 9.331926147868506000 ) ) ;
#8259 = LINE ( 'NONE', #8258, #8257 ) ;
#8260 = DIRECTION ( 'NONE',  ( 0.0000000000000000000, 0.0000000000000000000, -1.000000000000000000 ) ) ;
#8261 = DIRECTION ( 'NONE',  ( 0.0000000000000000000, -1.000000000000000000, -0.0000000000000000000 ) ) ;
#8262 = CARTESIAN_POINT ( 'NONE',  ( -9.291281102303948100, -3.810000000000000900, 8.889999999999998800 ) ) ;
#8263 = AXIS2_PLACEMENT_3D ( 'NONE', #8262, #8261, #8260 ) ;
#8264 = CYLINDRICAL_SURFACE ( 'NONE', #8263, 1.520000000000000500 ) ;
#8265 = FACE_OUTER_BOUND ( 'NONE', #4029, .T. ) ;
#8266 = DIRECTION ( 'NONE',  ( 0.0000000000000000000, -1.000000000000000000, 0.0000000000000000000 ) ) ;
#8267 = VECTOR ( 'NONE', #8266, 1000.000000000000000 ) ;
#8268 = CARTESIAN_POINT ( 'NONE',  ( -5.593893275649970900, -1.629999999999999400, 3.169999999999999900 ) ) ;
#8269 = LINE ( 'NONE', #8268, #8267 ) ;
#8270 = DIRECTION ( 'NONE',  ( 1.000000000000000000, -0.0000000000000000000, -0.0000000000000000000 ) ) ;
#8271 = VECTOR ( 'NONE', #8270, 1000.000000000000000 ) ;
#8272 = CARTESIAN_POINT ( 'NONE',  ( -7.131843215790594200, 2.179999999999998800, 3.169999999999999900 ) ) ;
#8273 = LINE ( 'NONE', #8272, #8271 ) ;
#8274 = DIRECTION ( 'NONE',  ( 0.0000000000000000000, 0.0000000000000000000, -1.000000000000000000 ) ) ;
#8275 = DIRECTION ( 'NONE',  ( -0.0000000000000000000, 1.000000000000000000, -0.0000000000000000000 ) ) ;
#8276 = CARTESIAN_POINT ( 'NONE',  ( -5.593893275649970900, -1.629999999999999400, 3.669999999999999900 ) ) ;
#8277 = AXIS2_PLACEMENT_3D ( 'NONE', #8276, #8275, #8274 ) ;
#8278 = CIRCLE ( 'NONE', #8277, 0.5000000000000000000 ) ;
#8279 = DIRECTION ( 'NONE',  ( 0.0000000000000000000, 0.0000000000000000000, -1.000000000000000000 ) ) ;
#8280 = DIRECTION ( 'NONE',  ( 0.0000000000000000000, -1.000000000000000000, 0.0000000000000000000 ) ) ;
#8281 = CARTESIAN_POINT ( 'NONE',  ( -5.979359448848025100, -1.629999999999999400, 3.149999999999999900 ) ) ;
#8282 = AXIS2_PLACEMENT_3D ( 'NONE', #8281, #8280, #8279 ) ;
#8283 = CIRCLE ( 'NONE', #8282, 0.5000000000000000000 ) ;
#8284 = CARTESIAN_POINT ( 'NONE',  ( -8.334479274980982000, -3.449999999999999700, 9.180740886755595300 ) ) ;
#8285 = DIRECTION ( 'NONE',  ( 0.0000000000000000000, -1.000000000000000000, -0.0000000000000000000 ) ) ;
#8286 = VECTOR ( 'NONE', #8285, 1000.000000000000000 ) ;
#8287 = CARTESIAN_POINT ( 'NONE',  ( -8.334479274980982000, -4.169999999999999900, 9.180740886755597100 ) ) ;
#8288 = LINE ( 'NONE', #8287, #8286 ) ;
#8289 = DIRECTION ( 'NONE',  ( 0.0000000000000000000, 0.0000000000000000000, -1.000000000000000000 ) ) ;
#8290 = DIRECTION ( 'NONE',  ( 0.0000000000000000000, -1.000000000000000000, -0.0000000000000000000 ) ) ;
#8291 = CARTESIAN_POINT ( 'NONE',  ( -9.291281102303948100, -3.810000000000000900, 8.889999999999998800 ) ) ;
#8292 = AXIS2_PLACEMENT_3D ( 'NONE', #8291, #8290, #8289 ) ;
#8293 = CYLINDRICAL_SURFACE ( 'NONE', #8292, 1.000000000000000900 ) ;
#8294 = FACE_OUTER_BOUND ( 'NONE', #4015, .T. ) ;
#8295 = DIRECTION ( 'NONE',  ( 0.0000000000000000000, 1.000000000000000000, 0.0000000000000000000 ) ) ;
#8296 = VECTOR ( 'NONE', #8295, 1000.000000000000000 ) ;
#8297 = CARTESIAN_POINT ( 'NONE',  ( -9.291281102303948100, -4.169999999999999900, 10.40999999999999800 ) ) ;
#8298 = LINE ( 'NONE', #8297, #8296 ) ;
#8299 = DIRECTION ( 'NONE',  ( -1.000000000000000000, 0.0000000000000000000, 5.015508710847692100E-016 ) ) ;
#8300 = VECTOR ( 'NONE', #8299, 1000.000000000000000 ) ;
#8301 = CARTESIAN_POINT ( 'NONE',  ( -9.291281102303948100, -4.169999999999999900, 10.40999999999999800 ) ) ;
#8302 = LINE ( 'NONE', #8301, #8300 ) ;
#8303 = DIRECTION ( 'NONE',  ( -0.2907408867555975600, 0.0000000000000000000, 0.9568018273229669200 ) ) ;
#8304 = DIRECTION ( 'NONE',  ( -0.9568018273229670400, 0.0000000000000000000, -0.2907408867555976200 ) ) ;
#8305 = AXIS2_PLACEMENT_3D ( 'NONE', #8306, #8304, #8303 ) ;
#8306 = CARTESIAN_POINT ( 'NONE',  ( -5.964533826801945400, -4.169999999999999900, 3.169999999999999900 ) ) ;
#8307 = PLANE ( 'NONE',  #8305 ) ;
#8308 = FACE_OUTER_BOUND ( 'NONE', #3999, .T. ) ;
#8309 = DIRECTION ( 'NONE',  ( 0.0000000000000000000, 0.0000000000000000000, -1.000000000000000000 ) ) ;
#8310 = DIRECTION ( 'NONE',  ( 0.0000000000000000000, -1.000000000000000000, -0.0000000000000000000 ) ) ;
#8311 = AXIS2_PLACEMENT_3D ( 'NONE', #8253, #8310, #8309 ) ;
#8312 = CIRCLE ( 'NONE', #8311, 1.520000000000000500 ) ;
#8313 = DIRECTION ( 'NONE',  ( 0.0000000000000000000, 0.0000000000000000000, -1.000000000000000000 ) ) ;
#8314 = DIRECTION ( 'NONE',  ( 0.0000000000000000000, -1.000000000000000000, -0.0000000000000000000 ) ) ;
#8315 = DIRECTION ( 'NONE',  ( 0.7660444431189811200, -0.6427876096865354800, -3.842102577359719500E-016 ) ) ;
#8316 = VECTOR ( 'NONE', #8315, 1000.000000000000100 ) ;
#8317 = CARTESIAN_POINT ( 'NONE',  ( -10.59638766097845100, -5.725365430018620700, 10.40999999999999800 ) ) ;
#8318 = LINE ( 'NONE', #8317, #8316 ) ;
#8319 = CARTESIAN_POINT ( 'NONE',  ( -12.75000000000000000, -3.918270110646818500, 10.41000000000000000 ) ) ;
#8320 = DIRECTION ( 'NONE',  ( 0.0000000000000000000, 1.000000000000000000, 0.0000000000000000000 ) ) ;
#8321 = VECTOR ( 'NONE', #8320, 1000.000000000000000 ) ;
#8322 = CARTESIAN_POINT ( 'NONE',  ( -12.75000000000000000, -4.169999999999999900, 10.41000000000000000 ) ) ;
#8323 = LINE ( 'NONE', #8322, #8321 ) ;
#8324 = CARTESIAN_POINT ( 'NONE',  ( -12.75000000000000000, -3.701729889353183800, 10.41000000000000000 ) ) ;
#8325 = DIRECTION ( 'NONE',  ( -0.7660444431189804600, -0.6427876096865363700, 3.842102577359716100E-016 ) ) ;
#8326 = VECTOR ( 'NONE', #8325, 1000.000000000000100 ) ;
#8327 = CARTESIAN_POINT ( 'NONE',  ( -10.95091845206284900, -2.192121226021282300, 10.40999999999999800 ) ) ;
#8328 = LINE ( 'NONE', #8327, #8326 ) ;
#8329 = CARTESIAN_POINT ( 'NONE',  ( -12.44999999999999800, -3.449999999999999700, 10.40999999999999800 ) ) ;
#8330 = CARTESIAN_POINT ( 'NONE',  ( -9.291281102303948100, -3.449999999999999700, 10.40999999999999800 ) ) ;
#8331 = DIRECTION ( 'NONE',  ( -1.000000000000000000, 0.0000000000000000000, 5.015508710847692100E-016 ) ) ;
#8332 = VECTOR ( 'NONE', #8331, 1000.000000000000000 ) ;
#8333 = CARTESIAN_POINT ( 'NONE',  ( -9.291281102303948100, -3.449999999999999700, 10.40999999999999800 ) ) ;
#8334 = DIRECTION ( 'NONE',  ( 1.000000000000000000, 0.0000000000000000000, -5.015508710847692100E-016 ) ) ;
#8335 = DIRECTION ( 'NONE',  ( 5.015508710847692100E-016, -0.0000000000000000000, 1.000000000000000000 ) ) ;
#8336 = CARTESIAN_POINT ( 'NONE',  ( -9.291281102303948100, -4.169999999999999900, 10.40999999999999800 ) ) ;
#8337 = AXIS2_PLACEMENT_3D ( 'NONE', #8336, #8335, #8334 ) ;
#8338 = LINE ( 'NONE', #8333, #8332 ) ;
#8339 = PLANE ( 'NONE',  #8337 ) ;
#8340 = DIRECTION ( 'NONE',  ( 0.0000000000000000000, 0.0000000000000000000, -1.000000000000000000 ) ) ;
#8341 = DIRECTION ( 'NONE',  ( 0.0000000000000000000, -1.000000000000000000, -0.0000000000000000000 ) ) ;
#8342 = CARTESIAN_POINT ( 'NONE',  ( -9.291281102303948100, -4.169999999999999900, 8.889999999999998800 ) ) ;
#8343 = AXIS2_PLACEMENT_3D ( 'NONE', #8342, #8341, #8340 ) ;
#8344 = CIRCLE ( 'NONE', #8343, 1.000000000000000900 ) ;
#8345 = FACE_OUTER_BOUND ( 'NONE', #4036, .T. ) ;
#8346 = CARTESIAN_POINT ( 'NONE',  ( -8.334479274980982000, -4.169999999999999900, 9.180740886755597100 ) ) ;
#8347 = CARTESIAN_POINT ( 'NONE',  ( -5.979359448848025100, -4.169999999999999900, 2.649999999999999900 ) ) ;
#8348 = DIRECTION ( 'NONE',  ( 1.000000000000000000, -0.0000000000000000000, -0.0000000000000000000 ) ) ;
#8349 = VECTOR ( 'NONE', #8348, 1000.000000000000000 ) ;
#8350 = CARTESIAN_POINT ( 'NONE',  ( -7.045411045847954400, -4.169999999999999900, 2.649999999999999900 ) ) ;
#8351 = DIRECTION ( 'NONE',  ( -1.000000000000000000, 0.0000000000000000000, -0.0000000000000000000 ) ) ;
#8352 = DIRECTION ( 'NONE',  ( 0.0000000000000000000, 0.0000000000000000000, -1.000000000000000000 ) ) ;
#8353 = AXIS2_PLACEMENT_3D ( 'NONE', #8355, #8352, #8351 ) ;
#8354 = LINE ( 'NONE', #8350, #8349 ) ;
#8355 = CARTESIAN_POINT ( 'NONE',  ( -7.045411045847954400, -4.169999999999999900, 2.649999999999999900 ) ) ;
#8356 = PLANE ( 'NONE',  #8353 ) ;
#8357 = FACE_OUTER_BOUND ( 'NONE', #4074, .T. ) ;
#8358 = DIRECTION ( 'NONE',  ( -0.2907408867555975600, 0.0000000000000000000, 0.9568018273229669200 ) ) ;
#8359 = VECTOR ( 'NONE', #8358, 1000.000000000000100 ) ;
#8360 = CARTESIAN_POINT ( 'NONE',  ( -6.349999999999999600, -4.169999999999999900, 2.649999999999999900 ) ) ;
#8361 = LINE ( 'NONE', #8360, #8359 ) ;
#8362 = CARTESIAN_POINT ( 'NONE',  ( -6.457760362509508100, -4.169999999999999900, 3.004629556622201200 ) ) ;
#8363 = DIRECTION ( 'NONE',  ( -0.0000000000000000000, -1.000000000000000000, -0.0000000000000000000 ) ) ;
#8364 = VECTOR ( 'NONE', #8363, 1000.000000000000000 ) ;
#8365 = CARTESIAN_POINT ( 'NONE',  ( -6.457760362509508100, -4.169999999999999900, 3.004629556622201200 ) ) ;
#8366 = LINE ( 'NONE', #8365, #8364 ) ;
#8367 = DIRECTION ( 'NONE',  ( -6.106226635438361000E-016, 0.0000000000000000000, 1.000000000000000000 ) ) ;
#8368 = VECTOR ( 'NONE', #8367, 1000.000000000000000 ) ;
#8369 = CARTESIAN_POINT ( 'NONE',  ( -12.44999999999999200, -3.449999999999999700, 2.649999999999996400 ) ) ;
#8370 = LINE ( 'NONE', #8369, #8368 ) ;
#8371 = DIRECTION ( 'NONE',  ( 0.0000000000000000000, 0.0000000000000000000, 1.000000000000000000 ) ) ;
#8372 = DIRECTION ( 'NONE',  ( 0.0000000000000000000, 1.000000000000000000, -0.0000000000000000000 ) ) ;
#8373 = CARTESIAN_POINT ( 'NONE',  ( -7.045411045847954400, -3.449999999999999700, 2.649999999999999900 ) ) ;
#8374 = AXIS2_PLACEMENT_3D ( 'NONE', #8373, #8372, #8371 ) ;
#8375 = PLANE ( 'NONE',  #8374 ) ;
#8376 = FACE_OUTER_BOUND ( 'NONE', #4055, .T. ) ;
#8377 = CARTESIAN_POINT ( 'NONE',  ( -12.45000000000000100, -4.169999999999999900, 10.41000000000000000 ) ) ;
#8378 = DIRECTION ( 'NONE',  ( 1.000000000000000000, -0.0000000000000000000, -0.0000000000000000000 ) ) ;
#8379 = CARTESIAN_POINT ( 'NONE',  ( -6.457760362509508100, -3.449999999999999700, 3.004629556622201200 ) ) ;
#8380 = DIRECTION ( 'NONE',  ( -0.2907408867555975600, 0.0000000000000000000, 0.9568018273229669200 ) ) ;
#8381 = VECTOR ( 'NONE', #8380, 1000.000000000000100 ) ;
#8382 = CARTESIAN_POINT ( 'NONE',  ( -6.349999999999999600, -3.449999999999999700, 2.649999999999999900 ) ) ;
#8383 = LINE ( 'NONE', #8382, #8381 ) ;
#8384 = DIRECTION ( 'NONE',  ( 0.2907408867555975600, 0.0000000000000000000, -0.9568018273229669200 ) ) ;
#8385 = DIRECTION ( 'NONE',  ( 0.9568018273229670400, -0.0000000000000000000, 0.2907408867555976200 ) ) ;
#8386 = AXIS2_PLACEMENT_3D ( 'NONE', #8387, #8385, #8384 ) ;
#8387 = CARTESIAN_POINT ( 'NONE',  ( -6.349999999999999600, -4.169999999999999900, 2.649999999999999900 ) ) ;
#8388 = PLANE ( 'NONE',  #8386 ) ;
#8389 = FACE_OUTER_BOUND ( 'NONE', #4108, .T. ) ;
#8390 = DIRECTION ( 'NONE',  ( -0.2907408867555975600, 0.0000000000000000000, 0.9568018273229669200 ) ) ;
#8391 = VECTOR ( 'NONE', #8390, 1000.000000000000100 ) ;
#8392 = CARTESIAN_POINT ( 'NONE',  ( -5.964533826801945400, -3.449999999999999700, 3.169999999999999900 ) ) ;
#8393 = LINE ( 'NONE', #8392, #8391 ) ;
#8394 = CARTESIAN_POINT ( 'NONE',  ( -6.072294189311453900, -3.449999999999999700, 3.524629556622201200 ) ) ;
#8395 = DIRECTION ( 'NONE',  ( -0.0000000000000000000, 1.000000000000000000, -0.0000000000000000000 ) ) ;
#8396 = VECTOR ( 'NONE', #8395, 1000.000000000000000 ) ;
#8397 = CARTESIAN_POINT ( 'NONE',  ( -6.072294189311453900, -4.169999999999999900, 3.524629556622201200 ) ) ;
#8398 = LINE ( 'NONE', #8397, #8396 ) ;
#8399 = CARTESIAN_POINT ( 'NONE',  ( -6.072294189311453900, -4.169999999999999900, 3.524629556622201200 ) ) ;
#8400 = DIRECTION ( 'NONE',  ( -0.2907408867555975600, 0.0000000000000000000, 0.9568018273229669200 ) ) ;
#8401 = VECTOR ( 'NONE', #8400, 1000.000000000000100 ) ;
#8402 = CARTESIAN_POINT ( 'NONE',  ( -5.964533826801945400, -4.169999999999999900, 3.169999999999999900 ) ) ;
#8403 = LINE ( 'NONE', #8402, #8401 ) ;
#8404 = CARTESIAN_POINT ( 'NONE',  ( -5.979359448848025100, -3.449999999999999700, 2.649999999999999900 ) ) ;
#8405 = DIRECTION ( 'NONE',  ( -0.0000000000000000000, 1.000000000000000000, 0.0000000000000000000 ) ) ;
#8406 = VECTOR ( 'NONE', #8405, 1000.000000000000000 ) ;
#8407 = CARTESIAN_POINT ( 'NONE',  ( -5.979359448848025100, -3.449999999999999700, 2.649999999999999900 ) ) ;
#8408 = LINE ( 'NONE', #8407, #8406 ) ;
#8409 = DIRECTION ( 'NONE',  ( 0.0000000000000000000, 0.0000000000000000000, -1.000000000000000000 ) ) ;
#8410 = DIRECTION ( 'NONE',  ( -0.0000000000000000000, 1.000000000000000000, -0.0000000000000000000 ) ) ;
#8411 = CARTESIAN_POINT ( 'NONE',  ( -5.593893275649970900, -4.169999999999999900, 3.669999999999999900 ) ) ;
#8412 = AXIS2_PLACEMENT_3D ( 'NONE', #8411, #8410, #8409 ) ;
#8413 = CIRCLE ( 'NONE', #8412, 0.5000000000000000000 ) ;
#8414 = LINE ( 'NONE', #8472, #8471 ) ;
#8415 = DIRECTION ( 'NONE',  ( 0.0000000000000000000, 0.0000000000000000000, -1.000000000000000000 ) ) ;
#8416 = DIRECTION ( 'NONE',  ( 0.0000000000000000000, -1.000000000000000000, 0.0000000000000000000 ) ) ;
#8417 = CARTESIAN_POINT ( 'NONE',  ( -5.979359448848025100, -4.169999999999999900, 3.149999999999999900 ) ) ;
#8418 = AXIS2_PLACEMENT_3D ( 'NONE', #8417, #8416, #8415 ) ;
#8419 = CIRCLE ( 'NONE', #8418, 0.5000000000000000000 ) ;
#8420 = CARTESIAN_POINT ( 'NONE',  ( -12.75000000000000200, -6.458270110646814100, 9.890000000000000600 ) ) ;
#8421 = CARTESIAN_POINT ( 'NONE',  ( -12.75000000000000000, -6.241729889353179000, 9.890000000000000600 ) ) ;
#8422 = DIRECTION ( 'NONE',  ( 0.0000000000000000000, -1.000000000000000000, 0.0000000000000000000 ) ) ;
#8423 = VECTOR ( 'NONE', #8422, 1000.000000000000000 ) ;
#8424 = CARTESIAN_POINT ( 'NONE',  ( -12.75000000000000000, -6.709999999999999100, 9.890000000000000600 ) ) ;
#8425 = DIRECTION ( 'NONE',  ( -1.000000000000000000, 0.0000000000000000000, 5.015508710847692100E-016 ) ) ;
#8426 = DIRECTION ( 'NONE',  ( -5.015508710847692100E-016, 0.0000000000000000000, -1.000000000000000000 ) ) ;
#8427 = AXIS2_PLACEMENT_3D ( 'NONE', #8429, #8426, #8425 ) ;
#8428 = LINE ( 'NONE', #8424, #8423 ) ;
#8429 = CARTESIAN_POINT ( 'NONE',  ( -9.291281102303948100, -6.709999999999999100, 9.889999999999998800 ) ) ;
#8430 = PLANE ( 'NONE',  #8427 ) ;
#8431 = FACE_OUTER_BOUND ( 'NONE', #4119, .T. ) ;
#8432 = DIRECTION ( 'NONE',  ( -6.106226635438361000E-016, 0.0000000000000000000, 1.000000000000000000 ) ) ;
#8433 = VECTOR ( 'NONE', #8432, 1000.000000000000000 ) ;
#8434 = CARTESIAN_POINT ( 'NONE',  ( -12.75000000000000000, -3.918270110646819400, 10.15000000000000000 ) ) ;
#8435 = LINE ( 'NONE', #8434, #8433 ) ;
#8436 = DIRECTION ( 'NONE',  ( 0.0000000000000000000, 0.0000000000000000000, -1.000000000000000000 ) ) ;
#8437 = DIRECTION ( 'NONE',  ( 0.0000000000000000000, -1.000000000000000000, -0.0000000000000000000 ) ) ;
#8438 = CARTESIAN_POINT ( 'NONE',  ( -9.291281102303948100, -3.449999999999999700, 8.889999999999998800 ) ) ;
#8439 = AXIS2_PLACEMENT_3D ( 'NONE', #8438, #8437, #8436 ) ;
#8440 = CIRCLE ( 'NONE', #8439, 1.000000000000000900 ) ;
#8441 = CARTESIAN_POINT ( 'NONE',  ( -5.979359448848025100, -3.449999999999999700, 3.149999999999999900 ) ) ;
#8442 = AXIS2_PLACEMENT_3D ( 'NONE', #8441, #8503, #8502 ) ;
#8443 = CIRCLE ( 'NONE', #8442, 0.5000000000000000000 ) ;
#8444 = FACE_OUTER_BOUND ( 'NONE', #4184, .T. ) ;
#8445 = DIRECTION ( 'NONE',  ( 1.000000000000000000, -0.0000000000000000000, -0.0000000000000000000 ) ) ;
#8446 = VECTOR ( 'NONE', #8445, 1000.000000000000000 ) ;
#8447 = CARTESIAN_POINT ( 'NONE',  ( -7.045411045847952600, -3.449999999999999700, 3.169999999999999900 ) ) ;
#8448 = LINE ( 'NONE', #8447, #8446 ) ;
#8449 = CARTESIAN_POINT ( 'NONE',  ( -5.593893275649970900, -3.449999999999999700, 3.169999999999999900 ) ) ;
#8450 = DIRECTION ( 'NONE',  ( 1.734723475976807100E-015, 0.0000000000000000000, 1.000000000000000000 ) ) ;
#8451 = DIRECTION ( 'NONE',  ( -0.0000000000000000000, -1.000000000000000000, 0.0000000000000000000 ) ) ;
#8452 = CARTESIAN_POINT ( 'NONE',  ( -5.593893275649970900, -3.449999999999999700, 3.669999999999999900 ) ) ;
#8453 = AXIS2_PLACEMENT_3D ( 'NONE', #8452, #8451, #8450 ) ;
#8454 = CIRCLE ( 'NONE', #8453, 0.5000000000000000000 ) ;
#8455 = DIRECTION ( 'NONE',  ( 6.106226635438361000E-016, 0.0000000000000000000, -1.000000000000000000 ) ) ;
#8456 = VECTOR ( 'NONE', #8455, 1000.000000000000000 ) ;
#8457 = CARTESIAN_POINT ( 'NONE',  ( -12.44999999999999600, -4.169999999999999900, 2.649999999999996400 ) ) ;
#8458 = DIRECTION ( 'NONE',  ( 0.0000000000000000000, -0.0000000000000000000, -1.000000000000000000 ) ) ;
#8459 = DIRECTION ( 'NONE',  ( 0.0000000000000000000, -1.000000000000000000, 0.0000000000000000000 ) ) ;
#8460 = AXIS2_PLACEMENT_3D ( 'NONE', #8462, #8459, #8458 ) ;
#8461 = LINE ( 'NONE', #8457, #8456 ) ;
#8462 = CARTESIAN_POINT ( 'NONE',  ( -7.045411045847954400, -4.169999999999999900, 2.649999999999999900 ) ) ;
#8463 = PLANE ( 'NONE',  #8460 ) ;
#8464 = FACE_OUTER_BOUND ( 'NONE', #4149, .T. ) ;
#8465 = DIRECTION ( 'NONE',  ( 1.000000000000000000, -0.0000000000000000000, -0.0000000000000000000 ) ) ;
#8466 = VECTOR ( 'NONE', #8465, 1000.000000000000000 ) ;
#8467 = CARTESIAN_POINT ( 'NONE',  ( -7.045411045847952600, -4.169999999999999900, 3.169999999999999900 ) ) ;
#8468 = LINE ( 'NONE', #8467, #8466 ) ;
#8469 = CARTESIAN_POINT ( 'NONE',  ( -5.593893275649970900, -4.169999999999999900, 3.169999999999999900 ) ) ;
#8470 = DIRECTION ( 'NONE',  ( 0.0000000000000000000, -1.000000000000000000, 0.0000000000000000000 ) ) ;
#8471 = VECTOR ( 'NONE', #8470, 1000.000000000000000 ) ;
#8472 = CARTESIAN_POINT ( 'NONE',  ( -5.593893275649970900, -4.169999999999999900, 3.169999999999999900 ) ) ;
#8473 = LINE ( 'NONE', #8535, #8534 ) ;
#8474 = CARTESIAN_POINT ( 'NONE',  ( -12.45000000000000100, -5.989999999999998400, 10.40999999999999800 ) ) ;
#8475 = CARTESIAN_POINT ( 'NONE',  ( -9.291281102303948100, -5.989999999999998400, 10.40999999999999800 ) ) ;
#8476 = DIRECTION ( 'NONE',  ( -1.000000000000000000, 0.0000000000000000000, 5.015508710847692100E-016 ) ) ;
#8477 = VECTOR ( 'NONE', #8476, 1000.000000000000000 ) ;
#8478 = CARTESIAN_POINT ( 'NONE',  ( -9.291281102303948100, -5.989999999999998400, 10.40999999999999800 ) ) ;
#8479 = DIRECTION ( 'NONE',  ( 1.000000000000000000, 0.0000000000000000000, -5.015508710847692100E-016 ) ) ;
#8480 = DIRECTION ( 'NONE',  ( 5.015508710847692100E-016, -0.0000000000000000000, 1.000000000000000000 ) ) ;
#8481 = AXIS2_PLACEMENT_3D ( 'NONE', #8483, #8480, #8479 ) ;
#8482 = LINE ( 'NONE', #8478, #8477 ) ;
#8483 = CARTESIAN_POINT ( 'NONE',  ( -9.291281102303948100, -6.709999999999999100, 10.40999999999999800 ) ) ;
#8484 = PLANE ( 'NONE',  #8481 ) ;
#8485 = FACE_OUTER_BOUND ( 'NONE', #4238, .T. ) ;
#8486 = DIRECTION ( 'NONE',  ( 0.0000000000000000000, 0.0000000000000000000, -1.000000000000000000 ) ) ;
#8487 = DIRECTION ( 'NONE',  ( 0.0000000000000000000, -1.000000000000000000, -0.0000000000000000000 ) ) ;
#8488 = CARTESIAN_POINT ( 'NONE',  ( -9.291281102303948100, -6.709999999999999100, 8.889999999999998800 ) ) ;
#8489 = AXIS2_PLACEMENT_3D ( 'NONE', #8488, #8487, #8486 ) ;
#8490 = CIRCLE ( 'NONE', #8489, 1.000000000000000900 ) ;
#8491 = CARTESIAN_POINT ( 'NONE',  ( -8.334479274980982000, -6.709999999999999100, 9.180740886755597100 ) ) ;
#8492 = CARTESIAN_POINT ( 'NONE',  ( -8.334479274980982000, -5.989999999999998400, 9.180740886755595300 ) ) ;
#8493 = DIRECTION ( 'NONE',  ( 1.000000000000000000, -0.0000000000000000000, -0.0000000000000000000 ) ) ;
#8494 = VECTOR ( 'NONE', #8493, 1000.000000000000000 ) ;
#8495 = CARTESIAN_POINT ( 'NONE',  ( -7.045411045847954400, -3.449999999999999700, 2.649999999999999900 ) ) ;
#8496 = DIRECTION ( 'NONE',  ( 1.000000000000000000, 0.0000000000000000000, -0.0000000000000000000 ) ) ;
#8497 = DIRECTION ( 'NONE',  ( 0.0000000000000000000, -0.0000000000000000000, 1.000000000000000000 ) ) ;
#8498 = CARTESIAN_POINT ( 'NONE',  ( -7.045411045847952600, -4.169999999999999900, 3.169999999999999900 ) ) ;
#8499 = AXIS2_PLACEMENT_3D ( 'NONE', #8498, #8497, #8496 ) ;
#8500 = LINE ( 'NONE', #8495, #8494 ) ;
#8501 = PLANE ( 'NONE',  #8499 ) ;
#8502 = DIRECTION ( 'NONE',  ( 0.0000000000000000000, 0.0000000000000000000, 1.000000000000000000 ) ) ;
#8503 = DIRECTION ( 'NONE',  ( 0.0000000000000000000, 1.000000000000000000, -0.0000000000000000000 ) ) ;
#8504 = VECTOR ( 'NONE', #8566, 1000.000000000000000 ) ;
#8505 = CARTESIAN_POINT ( 'NONE',  ( -9.291281102303948100, -6.709999999999999100, 9.889999999999998800 ) ) ;
#8506 = LINE ( 'NONE', #8505, #8504 ) ;
#8507 = CARTESIAN_POINT ( 'NONE',  ( -9.291281102303948100, -6.709999999999999100, 9.889999999999998800 ) ) ;
#8508 = DIRECTION ( 'NONE',  ( 0.0000000000000000000, -1.000000000000000000, 0.0000000000000000000 ) ) ;
#8509 = VECTOR ( 'NONE', #8508, 1000.000000000000000 ) ;
#8510 = CARTESIAN_POINT ( 'NONE',  ( -9.291281102303948100, -6.709999999999999100, 9.889999999999998800 ) ) ;
#8511 = LINE ( 'NONE', #8510, #8509 ) ;
#8512 = CARTESIAN_POINT ( 'NONE',  ( -9.291281102303948100, -5.989999999999998400, 9.889999999999997000 ) ) ;
#8513 = DIRECTION ( 'NONE',  ( -1.000000000000000000, 0.0000000000000000000, 5.015508710847692100E-016 ) ) ;
#8514 = VECTOR ( 'NONE', #8513, 1000.000000000000000 ) ;
#8515 = CARTESIAN_POINT ( 'NONE',  ( -9.291281102303948100, -5.989999999999998400, 9.889999999999997000 ) ) ;
#8516 = LINE ( 'NONE', #8515, #8514 ) ;
#8517 = CARTESIAN_POINT ( 'NONE',  ( -12.45000000000000100, -5.989999999999998400, 9.889999999999998800 ) ) ;
#8518 = DIRECTION ( 'NONE',  ( 0.7660444431189811200, 0.6427876096865354800, -3.842102577359719500E-016 ) ) ;
#8519 = VECTOR ( 'NONE', #8518, 1000.000000000000100 ) ;
#8520 = CARTESIAN_POINT ( 'NONE',  ( -10.95091845206284600, -4.732121226021278400, 9.889999999999998800 ) ) ;
#8521 = LINE ( 'NONE', #8520, #8519 ) ;
#8522 = CARTESIAN_POINT ( 'NONE',  ( -12.44999999999999800, -6.709999999999999100, 10.41000000000000000 ) ) ;
#8523 = DIRECTION ( 'NONE',  ( 0.7660444431189804600, -0.6427876096865363700, -3.842102577359716100E-016 ) ) ;
#8524 = VECTOR ( 'NONE', #8523, 1000.000000000000100 ) ;
#8525 = CARTESIAN_POINT ( 'NONE',  ( -10.59638766097845400, -8.265365430018619000, 10.40999999999999800 ) ) ;
#8526 = LINE ( 'NONE', #8525, #8524 ) ;
#8527 = CARTESIAN_POINT ( 'NONE',  ( -12.75000000000000200, -6.458270110646814100, 10.41000000000000000 ) ) ;
#8528 = DIRECTION ( 'NONE',  ( 0.0000000000000000000, 1.000000000000000000, 0.0000000000000000000 ) ) ;
#8529 = VECTOR ( 'NONE', #8528, 1000.000000000000000 ) ;
#8530 = CARTESIAN_POINT ( 'NONE',  ( -12.75000000000000000, -6.709999999999999100, 10.41000000000000000 ) ) ;
#8531 = LINE ( 'NONE', #8530, #8529 ) ;
#8532 = CARTESIAN_POINT ( 'NONE',  ( -12.75000000000000000, -6.241729889353179000, 10.41000000000000000 ) ) ;
#8533 = DIRECTION ( 'NONE',  ( -0.7660444431189811200, -0.6427876096865354800, 3.842102577359719500E-016 ) ) ;
#8534 = VECTOR ( 'NONE', #8533, 1000.000000000000100 ) ;
#8535 = CARTESIAN_POINT ( 'NONE',  ( -10.95091845206284600, -4.732121226021278400, 10.40999999999999800 ) ) ;
#8536 = DIRECTION ( 'NONE',  ( -0.0000000000000000000, 1.000000000000000000, -0.0000000000000000000 ) ) ;
#8537 = VECTOR ( 'NONE', #8536, 1000.000000000000000 ) ;
#8538 = CARTESIAN_POINT ( 'NONE',  ( -6.072294189311453900, -6.709999999999999100, 3.524629556622201200 ) ) ;
#8539 = LINE ( 'NONE', #8538, #8537 ) ;
#8540 = CARTESIAN_POINT ( 'NONE',  ( -6.072294189311453900, -6.709999999999999100, 3.524629556622201200 ) ) ;
#8541 = DIRECTION ( 'NONE',  ( -0.2907408867555975600, 0.0000000000000000000, 0.9568018273229669200 ) ) ;
#8542 = VECTOR ( 'NONE', #8541, 1000.000000000000100 ) ;
#8543 = CARTESIAN_POINT ( 'NONE',  ( -5.964533826801945400, -6.709999999999999100, 3.169999999999999900 ) ) ;
#8544 = LINE ( 'NONE', #8543, #8542 ) ;
#8545 = CARTESIAN_POINT ( 'NONE',  ( -5.979359448848025100, -5.989999999999998400, 2.649999999999999900 ) ) ;
#8546 = DIRECTION ( 'NONE',  ( -0.0000000000000000000, 1.000000000000000000, 0.0000000000000000000 ) ) ;
#8547 = VECTOR ( 'NONE', #8546, 1000.000000000000000 ) ;
#8548 = CARTESIAN_POINT ( 'NONE',  ( -5.979359448848025100, -5.989999999999998400, 2.649999999999999900 ) ) ;
#8549 = LINE ( 'NONE', #8548, #8547 ) ;
#8550 = CARTESIAN_POINT ( 'NONE',  ( -5.979359448848025100, -6.709999999999999100, 2.649999999999999900 ) ) ;
#8551 = DIRECTION ( 'NONE',  ( 6.106226635438361000E-016, -0.0000000000000000000, -1.000000000000000000 ) ) ;
#8552 = VECTOR ( 'NONE', #8551, 1000.000000000000000 ) ;
#8553 = CARTESIAN_POINT ( 'NONE',  ( -12.75000000000000000, -3.701729889353183800, 10.15000000000000000 ) ) ;
#8554 = LINE ( 'NONE', #8553, #8552 ) ;
#8555 = DIRECTION ( 'NONE',  ( -6.106226635438361000E-016, 0.0000000000000000000, 1.000000000000000000 ) ) ;
#8556 = DIRECTION ( 'NONE',  ( -1.000000000000000000, 0.0000000000000000000, -6.106226635438361000E-016 ) ) ;
#8557 = AXIS2_PLACEMENT_3D ( 'NONE', #8558, #8556, #8555 ) ;
#8558 = CARTESIAN_POINT ( 'NONE',  ( -12.75000000000000000, -3.810000000000000100, 10.15000000000000000 ) ) ;
#8559 = PLANE ( 'NONE',  #8557 ) ;
#8560 = FACE_OUTER_BOUND ( 'NONE', #4246, .T. ) ;
#8561 = DIRECTION ( 'NONE',  ( -0.7660444431189804600, 0.6427876096865363700, 3.842102577359716100E-016 ) ) ;
#8562 = VECTOR ( 'NONE', #8561, 1000.000000000000100 ) ;
#8563 = CARTESIAN_POINT ( 'NONE',  ( -10.59638766097845400, -8.265365430018619000, 9.889999999999998800 ) ) ;
#8564 = LINE ( 'NONE', #8563, #8562 ) ;
#8565 = CARTESIAN_POINT ( 'NONE',  ( -12.44999999999999600, -6.709999999999999100, 9.890000000000000600 ) ) ;
#8566 = DIRECTION ( 'NONE',  ( -1.000000000000000000, 0.0000000000000000000, 5.015508710847692100E-016 ) ) ;
#8567 = CARTESIAN_POINT ( 'NONE',  ( -7.836942324773037400, -5.989999999999998400, 9.331926147868506000 ) ) ;
#8568 = CARTESIAN_POINT ( 'NONE',  ( -7.836942324773037400, -6.709999999999999100, 9.331926147868506000 ) ) ;
#8569 = DIRECTION ( 'NONE',  ( 0.0000000000000000000, 1.000000000000000000, 0.0000000000000000000 ) ) ;
#8570 = VECTOR ( 'NONE', #8569, 1000.000000000000000 ) ;
#8571 = CARTESIAN_POINT ( 'NONE',  ( -7.836942324773037400, -6.709999999999999100, 9.331926147868506000 ) ) ;
#8572 = LINE ( 'NONE', #8571, #8570 ) ;
#8573 = DIRECTION ( 'NONE',  ( 0.0000000000000000000, 0.0000000000000000000, -1.000000000000000000 ) ) ;
#8574 = DIRECTION ( 'NONE',  ( 0.0000000000000000000, -1.000000000000000000, -0.0000000000000000000 ) ) ;
#8575 = CARTESIAN_POINT ( 'NONE',  ( -9.291281102303948100, -6.349999999999999600, 8.889999999999998800 ) ) ;
#8576 = AXIS2_PLACEMENT_3D ( 'NONE', #8575, #8574, #8573 ) ;
#8577 = CYLINDRICAL_SURFACE ( 'NONE', #8576, 1.520000000000000500 ) ;
#8578 = FACE_OUTER_BOUND ( 'NONE', #4287, .T. ) ;
#8579 = DIRECTION ( 'NONE',  ( 0.0000000000000000000, 0.0000000000000000000, -1.000000000000000000 ) ) ;
#8580 = DIRECTION ( 'NONE',  ( 0.0000000000000000000, -1.000000000000000000, -0.0000000000000000000 ) ) ;
#8581 = CARTESIAN_POINT ( 'NONE',  ( -9.291281102303948100, -5.989999999999998400, 8.889999999999998800 ) ) ;
#8582 = AXIS2_PLACEMENT_3D ( 'NONE', #8581, #8580, #8579 ) ;
#8583 = CIRCLE ( 'NONE', #8582, 1.000000000000000900 ) ;
#8584 = CARTESIAN_POINT ( 'NONE',  ( -6.457760362509508100, -5.989999999999998400, 3.004629556622201200 ) ) ;
#8585 = DIRECTION ( 'NONE',  ( -0.2907408867555975600, 0.0000000000000000000, 0.9568018273229669200 ) ) ;
#8586 = VECTOR ( 'NONE', #8585, 1000.000000000000100 ) ;
#8587 = CARTESIAN_POINT ( 'NONE',  ( -6.349999999999999600, -5.989999999999998400, 2.649999999999999900 ) ) ;
#8588 = DIRECTION ( 'NONE',  ( 0.2907408867555975600, 0.0000000000000000000, -0.9568018273229669200 ) ) ;
#8589 = DIRECTION ( 'NONE',  ( 0.9568018273229670400, -0.0000000000000000000, 0.2907408867555976200 ) ) ;
#8590 = AXIS2_PLACEMENT_3D ( 'NONE', #8592, #8589, #8588 ) ;
#8591 = LINE ( 'NONE', #8587, #8586 ) ;
#8592 = CARTESIAN_POINT ( 'NONE',  ( -6.349999999999999600, -6.709999999999999100, 2.649999999999999900 ) ) ;
#8593 = PLANE ( 'NONE',  #8590 ) ;
#8594 = FACE_OUTER_BOUND ( 'NONE', #4274, .T. ) ;
#8595 = DIRECTION ( 'NONE',  ( -0.2907408867555975600, 0.0000000000000000000, 0.9568018273229669200 ) ) ;
#8596 = VECTOR ( 'NONE', #8595, 1000.000000000000100 ) ;
#8597 = CARTESIAN_POINT ( 'NONE',  ( -5.964533826801945400, -5.989999999999998400, 3.169999999999999900 ) ) ;
#8598 = LINE ( 'NONE', #8597, #8596 ) ;
#8599 = CARTESIAN_POINT ( 'NONE',  ( -6.072294189311453900, -5.989999999999998400, 3.524629556622201200 ) ) ;
#8600 = DIRECTION ( 'NONE',  ( 0.0000000000000000000, 0.0000000000000000000, -1.000000000000000000 ) ) ;
#8601 = DIRECTION ( 'NONE',  ( 0.0000000000000000000, -1.000000000000000000, -0.0000000000000000000 ) ) ;
#8602 = CARTESIAN_POINT ( 'NONE',  ( -9.291281102303948100, -6.349999999999999600, 8.889999999999998800 ) ) ;
#8603 = AXIS2_PLACEMENT_3D ( 'NONE', #8602, #8601, #8600 ) ;
#8604 = CYLINDRICAL_SURFACE ( 'NONE', #8603, 1.000000000000000900 ) ;
#8605 = FACE_OUTER_BOUND ( 'NONE', #4313, .T. ) ;
#8606 = DIRECTION ( 'NONE',  ( 0.0000000000000000000, 1.000000000000000000, 0.0000000000000000000 ) ) ;
#8607 = VECTOR ( 'NONE', #8606, 1000.000000000000000 ) ;
#8608 = CARTESIAN_POINT ( 'NONE',  ( -9.291281102303948100, -6.709999999999999100, 10.40999999999999800 ) ) ;
#8609 = LINE ( 'NONE', #8608, #8607 ) ;
#8610 = CARTESIAN_POINT ( 'NONE',  ( -9.291281102303948100, -6.709999999999999100, 10.40999999999999800 ) ) ;
#8611 = DIRECTION ( 'NONE',  ( -1.000000000000000000, 0.0000000000000000000, 5.015508710847692100E-016 ) ) ;
#8612 = VECTOR ( 'NONE', #8611, 1000.000000000000000 ) ;
#8613 = CARTESIAN_POINT ( 'NONE',  ( -9.291281102303948100, -6.709999999999999100, 10.40999999999999800 ) ) ;
#8614 = LINE ( 'NONE', #8613, #8612 ) ;
#8615 = DIRECTION ( 'NONE',  ( -0.2907408867555975600, 0.0000000000000000000, 0.9568018273229669200 ) ) ;
#8616 = DIRECTION ( 'NONE',  ( -0.9568018273229670400, 0.0000000000000000000, -0.2907408867555976200 ) ) ;
#8617 = AXIS2_PLACEMENT_3D ( 'NONE', #8618, #8616, #8615 ) ;
#8618 = CARTESIAN_POINT ( 'NONE',  ( -5.964533826801945400, -6.709999999999999100, 3.169999999999999900 ) ) ;
#8619 = PLANE ( 'NONE',  #8617 ) ;
#8620 = FACE_OUTER_BOUND ( 'NONE', #4304, .T. ) ;
#8621 = DIRECTION ( 'NONE',  ( 0.0000000000000000000, 0.0000000000000000000, -1.000000000000000000 ) ) ;
#8622 = DIRECTION ( 'NONE',  ( 0.0000000000000000000, -1.000000000000000000, -0.0000000000000000000 ) ) ;
#8623 = CARTESIAN_POINT ( 'NONE',  ( -9.291281102303948100, -6.709999999999999100, 8.889999999999998800 ) ) ;
#8624 = AXIS2_PLACEMENT_3D ( 'NONE', #8623, #8622, #8621 ) ;
#8625 = CIRCLE ( 'NONE', #8624, 1.520000000000000500 ) ;
#8626 = DIRECTION ( 'NONE',  ( 0.0000000000000000000, 0.0000000000000000000, -1.000000000000000000 ) ) ;
#8627 = DIRECTION ( 'NONE',  ( 0.0000000000000000000, -1.000000000000000000, -0.0000000000000000000 ) ) ;
#8628 = CARTESIAN_POINT ( 'NONE',  ( -9.291281102303948100, -5.989999999999998400, 8.889999999999998800 ) ) ;
#8629 = AXIS2_PLACEMENT_3D ( 'NONE', #8628, #8627, #8626 ) ;
#8630 = CIRCLE ( 'NONE', #8629, 1.520000000000000500 ) ;
#8631 = LINE ( 'NONE', #7872, #8128 ) ;
#8632 = CIRCLE ( 'NONE', #8943, 0.5000000000000000000 ) ;
#8633 = DIRECTION ( 'NONE',  ( 1.000000000000000000, 0.0000000000000000000, -0.0000000000000000000 ) ) ;
#8634 = DIRECTION ( 'NONE',  ( 0.0000000000000000000, -0.0000000000000000000, 1.000000000000000000 ) ) ;
#8635 = AXIS2_PLACEMENT_3D ( 'NONE', #8636, #8634, #8633 ) ;
#8636 = CARTESIAN_POINT ( 'NONE',  ( -7.045411045847952600, -6.709999999999999100, 3.169999999999999900 ) ) ;
#8637 = PLANE ( 'NONE',  #8635 ) ;
#8638 = FACE_OUTER_BOUND ( 'NONE', #4340, .T. ) ;
#8639 = DIRECTION ( 'NONE',  ( 0.0000000000000000000, 0.0000000000000000000, 1.000000000000000000 ) ) ;
#8640 = DIRECTION ( 'NONE',  ( 0.0000000000000000000, 1.000000000000000000, -0.0000000000000000000 ) ) ;
#8641 = CARTESIAN_POINT ( 'NONE',  ( -5.979359448848025100, -5.989999999999998400, 3.149999999999999900 ) ) ;
#8642 = AXIS2_PLACEMENT_3D ( 'NONE', #8641, #8640, #8639 ) ;
#8643 = CIRCLE ( 'NONE', #8642, 0.5000000000000000000 ) ;
#8644 = DIRECTION ( 'NONE',  ( 1.000000000000000000, -0.0000000000000000000, -0.0000000000000000000 ) ) ;
#8645 = VECTOR ( 'NONE', #8644, 1000.000000000000000 ) ;
#8646 = CARTESIAN_POINT ( 'NONE',  ( -7.045411045847952600, -5.989999999999998400, 3.169999999999999900 ) ) ;
#8647 = LINE ( 'NONE', #8646, #8645 ) ;
#8648 = DIRECTION ( 'NONE',  ( 6.106226635438361000E-016, 0.0000000000000000000, -1.000000000000000000 ) ) ;
#8649 = VECTOR ( 'NONE', #8648, 1000.000000000000000 ) ;
#8650 = CARTESIAN_POINT ( 'NONE',  ( -12.44999999999999200, -6.709999999999999100, 2.649999999999996400 ) ) ;
#8651 = DIRECTION ( 'NONE',  ( 0.0000000000000000000, -0.0000000000000000000, -1.000000000000000000 ) ) ;
#8652 = DIRECTION ( 'NONE',  ( 0.0000000000000000000, -1.000000000000000000, 0.0000000000000000000 ) ) ;
#8653 = AXIS2_PLACEMENT_3D ( 'NONE', #8655, #8652, #8651 ) ;
#8654 = LINE ( 'NONE', #8650, #8649 ) ;
#8655 = CARTESIAN_POINT ( 'NONE',  ( -7.045411045847954400, -6.709999999999999100, 2.649999999999999900 ) ) ;
#8656 = PLANE ( 'NONE',  #8653 ) ;
#8657 = FACE_OUTER_BOUND ( 'NONE', #4321, .T. ) ;
#8658 = DIRECTION ( 'NONE',  ( 0.0000000000000000000, -1.000000000000000000, -0.0000000000000000000 ) ) ;
#8659 = VECTOR ( 'NONE', #8658, 1000.000000000000000 ) ;
#8660 = CARTESIAN_POINT ( 'NONE',  ( -8.334479274980982000, -6.709999999999999100, 9.180740886755597100 ) ) ;
#8661 = LINE ( 'NONE', #8660, #8659 ) ;
#8662 = DIRECTION ( 'NONE',  ( -1.000000000000000000, 0.0000000000000000000, -0.0000000000000000000 ) ) ;
#8663 = DIRECTION ( 'NONE',  ( 0.0000000000000000000, 0.0000000000000000000, -1.000000000000000000 ) ) ;
#8664 = AXIS2_PLACEMENT_3D ( 'NONE', #8665, #8663, #8662 ) ;
#8665 = CARTESIAN_POINT ( 'NONE',  ( -7.045411045847954400, -6.709999999999999100, 2.649999999999999900 ) ) ;
#8666 = PLANE ( 'NONE',  #8664 ) ;
#8667 = FACE_OUTER_BOUND ( 'NONE', #4380, .T. ) ;
#8668 = DIRECTION ( 'NONE',  ( -0.2907408867555975600, 0.0000000000000000000, 0.9568018273229669200 ) ) ;
#8669 = VECTOR ( 'NONE', #8668, 1000.000000000000100 ) ;
#8670 = CARTESIAN_POINT ( 'NONE',  ( -6.349999999999999600, -6.709999999999999100, 2.649999999999999900 ) ) ;
#8671 = LINE ( 'NONE', #8670, #8669 ) ;
#8672 = CARTESIAN_POINT ( 'NONE',  ( -6.457760362509508100, -6.709999999999999100, 3.004629556622201200 ) ) ;
#8673 = DIRECTION ( 'NONE',  ( -0.0000000000000000000, -1.000000000000000000, -0.0000000000000000000 ) ) ;
#8674 = VECTOR ( 'NONE', #8673, 1000.000000000000000 ) ;
#8675 = CARTESIAN_POINT ( 'NONE',  ( -6.457760362509508100, -6.709999999999999100, 3.004629556622201200 ) ) ;
#8676 = LINE ( 'NONE', #8675, #8674 ) ;
#8677 = CARTESIAN_POINT ( 'NONE',  ( -5.593893275649970900, -5.989999999999998400, 3.169999999999999900 ) ) ;
#8678 = DIRECTION ( 'NONE',  ( 1.734723475976807100E-015, 0.0000000000000000000, 1.000000000000000000 ) ) ;
#8679 = DIRECTION ( 'NONE',  ( -0.0000000000000000000, -1.000000000000000000, 0.0000000000000000000 ) ) ;
#8680 = CARTESIAN_POINT ( 'NONE',  ( -5.593893275649970900, -5.989999999999998400, 3.669999999999999900 ) ) ;
#8681 = AXIS2_PLACEMENT_3D ( 'NONE', #8680, #8679, #8678 ) ;
#8682 = CIRCLE ( 'NONE', #8681, 0.5000000000000000000 ) ;
#8683 = DIRECTION ( 'NONE',  ( -6.106226635438361000E-016, 0.0000000000000000000, 1.000000000000000000 ) ) ;
#8684 = VECTOR ( 'NONE', #8683, 1000.000000000000000 ) ;
#8685 = CARTESIAN_POINT ( 'NONE',  ( -12.44999999999999600, -5.989999999999998400, 2.649999999999996400 ) ) ;
#8686 = LINE ( 'NONE', #8685, #8684 ) ;
#8687 = DIRECTION ( 'NONE',  ( 0.0000000000000000000, 0.0000000000000000000, 1.000000000000000000 ) ) ;
#8688 = DIRECTION ( 'NONE',  ( 0.0000000000000000000, 1.000000000000000000, -0.0000000000000000000 ) ) ;
#8689 = CARTESIAN_POINT ( 'NONE',  ( -7.045411045847954400, -5.989999999999998400, 2.649999999999999900 ) ) ;
#8690 = AXIS2_PLACEMENT_3D ( 'NONE', #8689, #8688, #8687 ) ;
#8691 = PLANE ( 'NONE',  #8690 ) ;
#8692 = FACE_OUTER_BOUND ( 'NONE', #4347, .T. ) ;
#8693 = PLANE ( 'NONE',  #8756 ) ;
#8694 = LINE ( 'NONE', #8752, #8751 ) ;
#8695 = FACE_OUTER_BOUND ( 'NONE', #4436, .T. ) ;
#8696 = DIRECTION ( 'NONE',  ( -0.0000000000000000000, 1.000000000000000000, -0.0000000000000000000 ) ) ;
#8697 = VECTOR ( 'NONE', #8696, 1000.000000000000000 ) ;
#8698 = CARTESIAN_POINT ( 'NONE',  ( -6.145575160276179900, -2.180000000000001500, 2.649999999999999900 ) ) ;
#8699 = LINE ( 'NONE', #8698, #8697 ) ;
#8700 = DIRECTION ( 'NONE',  ( -0.7660444431189797900, 0.6427876096865372500, 3.842102577359712600E-016 ) ) ;
#8701 = VECTOR ( 'NONE', #8700, 1000.000000000000100 ) ;
#8702 = CARTESIAN_POINT ( 'NONE',  ( -10.59638766097845600, -10.80536543001861800, 9.889999999999998800 ) ) ;
#8703 = LINE ( 'NONE', #8702, #8701 ) ;
#8704 = CARTESIAN_POINT ( 'NONE',  ( -12.44999999999999400, -9.250000000000000000, 9.890000000000000600 ) ) ;
#8705 = DIRECTION ( 'NONE',  ( -1.000000000000000000, 0.0000000000000000000, 5.015508710847692100E-016 ) ) ;
#8706 = VECTOR ( 'NONE', #8705, 1000.000000000000000 ) ;
#8707 = CARTESIAN_POINT ( 'NONE',  ( -9.291281102303948100, -9.250000000000000000, 9.889999999999998800 ) ) ;
#8708 = LINE ( 'NONE', #8707, #8706 ) ;
#8709 = CARTESIAN_POINT ( 'NONE',  ( -9.291281102303948100, -9.250000000000000000, 9.889999999999998800 ) ) ;
#8710 = DIRECTION ( 'NONE',  ( 0.0000000000000000000, -1.000000000000000000, 0.0000000000000000000 ) ) ;
#8711 = VECTOR ( 'NONE', #8710, 1000.000000000000000 ) ;
#8712 = CARTESIAN_POINT ( 'NONE',  ( -9.291281102303948100, -9.250000000000000000, 9.889999999999998800 ) ) ;
#8713 = LINE ( 'NONE', #8712, #8711 ) ;
#8714 = CARTESIAN_POINT ( 'NONE',  ( -9.291281102303948100, -8.529999999999999400, 9.889999999999997000 ) ) ;
#8715 = DIRECTION ( 'NONE',  ( -1.000000000000000000, 0.0000000000000000000, 5.015508710847692100E-016 ) ) ;
#8716 = VECTOR ( 'NONE', #8715, 1000.000000000000000 ) ;
#8717 = CARTESIAN_POINT ( 'NONE',  ( -9.291281102303948100, -8.529999999999999400, 9.889999999999997000 ) ) ;
#8718 = LINE ( 'NONE', #8717, #8716 ) ;
#8719 = DIRECTION ( 'NONE',  ( 1.000000000000000000, -0.0000000000000000000, -0.0000000000000000000 ) ) ;
#8720 = VECTOR ( 'NONE', #8719, 1000.000000000000000 ) ;
#8721 = CARTESIAN_POINT ( 'NONE',  ( -7.045411045847954400, -6.709999999999999100, 2.649999999999999900 ) ) ;
#8722 = LINE ( 'NONE', #8721, #8720 ) ;
#8723 = DIRECTION ( 'NONE',  ( 0.0000000000000000000, 0.0000000000000000000, -1.000000000000000000 ) ) ;
#8724 = DIRECTION ( 'NONE',  ( -0.0000000000000000000, 1.000000000000000000, -0.0000000000000000000 ) ) ;
#8725 = CARTESIAN_POINT ( 'NONE',  ( -5.593893275649970900, -6.709999999999999100, 3.669999999999999900 ) ) ;
#8726 = AXIS2_PLACEMENT_3D ( 'NONE', #8725, #8724, #8723 ) ;
#8727 = CIRCLE ( 'NONE', #8726, 0.5000000000000000000 ) ;
#8728 = LINE ( 'NONE', #8785, #8784 ) ;
#8729 = DIRECTION ( 'NONE',  ( 0.0000000000000000000, 0.0000000000000000000, -1.000000000000000000 ) ) ;
#8730 = DIRECTION ( 'NONE',  ( 0.0000000000000000000, -1.000000000000000000, 0.0000000000000000000 ) ) ;
#8731 = CARTESIAN_POINT ( 'NONE',  ( -5.979359448848025100, -6.709999999999999100, 3.149999999999999900 ) ) ;
#8732 = AXIS2_PLACEMENT_3D ( 'NONE', #8731, #8730, #8729 ) ;
#8733 = CIRCLE ( 'NONE', #8732, 0.5000000000000000000 ) ;
#8734 = CARTESIAN_POINT ( 'NONE',  ( -12.75000000000000200, -8.998270110646812400, 9.890000000000000600 ) ) ;
#8735 = CARTESIAN_POINT ( 'NONE',  ( -12.75000000000000200, -8.781729889353187000, 9.890000000000000600 ) ) ;
#8736 = DIRECTION ( 'NONE',  ( 0.0000000000000000000, -1.000000000000000000, 0.0000000000000000000 ) ) ;
#8737 = VECTOR ( 'NONE', #8736, 1000.000000000000000 ) ;
#8738 = CARTESIAN_POINT ( 'NONE',  ( -12.75000000000000000, -9.250000000000000000, 9.890000000000000600 ) ) ;
#8739 = DIRECTION ( 'NONE',  ( -1.000000000000000000, 0.0000000000000000000, 5.015508710847692100E-016 ) ) ;
#8740 = DIRECTION ( 'NONE',  ( -5.015508710847692100E-016, 0.0000000000000000000, -1.000000000000000000 ) ) ;
#8741 = CARTESIAN_POINT ( 'NONE',  ( -9.291281102303948100, -9.250000000000000000, 9.889999999999998800 ) ) ;
#8742 = AXIS2_PLACEMENT_3D ( 'NONE', #8741, #8740, #8739 ) ;
#8743 = PLANE ( 'NONE',  #8742 ) ;
#8744 = LINE ( 'NONE', #8738, #8737 ) ;
#8745 = FACE_OUTER_BOUND ( 'NONE', #4417, .T. ) ;
#8746 = DIRECTION ( 'NONE',  ( -6.106226635438361000E-016, 0.0000000000000000000, 1.000000000000000000 ) ) ;
#8747 = VECTOR ( 'NONE', #8746, 1000.000000000000000 ) ;
#8748 = CARTESIAN_POINT ( 'NONE',  ( -12.75000000000000000, -6.458270110646815000, 10.15000000000000000 ) ) ;
#8749 = LINE ( 'NONE', #8748, #8747 ) ;
#8750 = DIRECTION ( 'NONE',  ( 6.106226635438361000E-016, -0.0000000000000000000, -1.000000000000000000 ) ) ;
#8751 = VECTOR ( 'NONE', #8750, 1000.000000000000000 ) ;
#8752 = CARTESIAN_POINT ( 'NONE',  ( -12.75000000000000000, -6.241729889353179000, 10.15000000000000000 ) ) ;
#8753 = DIRECTION ( 'NONE',  ( -6.106226635438361000E-016, 0.0000000000000000000, 1.000000000000000000 ) ) ;
#8754 = DIRECTION ( 'NONE',  ( -1.000000000000000000, 0.0000000000000000000, -6.106226635438361000E-016 ) ) ;
#8755 = CARTESIAN_POINT ( 'NONE',  ( -12.75000000000000000, -6.349999999999998800, 10.15000000000000000 ) ) ;
#8756 = AXIS2_PLACEMENT_3D ( 'NONE', #8755, #8754, #8753 ) ;
#8757 = DIRECTION ( 'NONE',  ( -1.000000000000000000, 0.0000000000000000000, 5.015508710847692100E-016 ) ) ;
#8758 = VECTOR ( 'NONE', #8757, 1000.000000000000000 ) ;
#8759 = CARTESIAN_POINT ( 'NONE',  ( -9.291281102303948100, -9.250000000000000000, 10.40999999999999800 ) ) ;
#8760 = LINE ( 'NONE', #8759, #8758 ) ;
#8761 = DIRECTION ( 'NONE',  ( -0.2907408867555975600, 0.0000000000000000000, 0.9568018273229669200 ) ) ;
#8762 = DIRECTION ( 'NONE',  ( -0.9568018273229670400, 0.0000000000000000000, -0.2907408867555976200 ) ) ;
#8763 = AXIS2_PLACEMENT_3D ( 'NONE', #8764, #8762, #8761 ) ;
#8764 = CARTESIAN_POINT ( 'NONE',  ( -5.964533826801945400, -9.250000000000000000, 3.169999999999999900 ) ) ;
#8765 = PLANE ( 'NONE',  #8763 ) ;
#8766 = FACE_OUTER_BOUND ( 'NONE', #4462, .T. ) ;
#8767 = DIRECTION ( 'NONE',  ( 0.0000000000000000000, 0.0000000000000000000, -1.000000000000000000 ) ) ;
#8768 = DIRECTION ( 'NONE',  ( 0.0000000000000000000, -1.000000000000000000, -0.0000000000000000000 ) ) ;
#8769 = CARTESIAN_POINT ( 'NONE',  ( -9.291281102303948100, -9.250000000000000000, 8.889999999999998800 ) ) ;
#8770 = AXIS2_PLACEMENT_3D ( 'NONE', #8769, #8768, #8767 ) ;
#8771 = CIRCLE ( 'NONE', #8770, 1.520000000000000500 ) ;
#8772 = DIRECTION ( 'NONE',  ( 0.0000000000000000000, 0.0000000000000000000, -1.000000000000000000 ) ) ;
#8773 = DIRECTION ( 'NONE',  ( 0.0000000000000000000, -1.000000000000000000, -0.0000000000000000000 ) ) ;
#8774 = CARTESIAN_POINT ( 'NONE',  ( -9.291281102303948100, -8.529999999999999400, 8.889999999999998800 ) ) ;
#8775 = AXIS2_PLACEMENT_3D ( 'NONE', #8774, #8773, #8772 ) ;
#8776 = CIRCLE ( 'NONE', #8775, 1.520000000000000500 ) ;
#8777 = CARTESIAN_POINT ( 'NONE',  ( -7.836942324773037400, -8.529999999999999400, 9.331926147868506000 ) ) ;
#8778 = DIRECTION ( 'NONE',  ( 1.000000000000000000, -0.0000000000000000000, -0.0000000000000000000 ) ) ;
#8779 = VECTOR ( 'NONE', #8778, 1000.000000000000000 ) ;
#8780 = CARTESIAN_POINT ( 'NONE',  ( -7.045411045847952600, -6.709999999999999100, 3.169999999999999900 ) ) ;
#8781 = LINE ( 'NONE', #8780, #8779 ) ;
#8782 = CARTESIAN_POINT ( 'NONE',  ( -5.593893275649970900, -6.709999999999999100, 3.169999999999999900 ) ) ;
#8783 = DIRECTION ( 'NONE',  ( 0.0000000000000000000, -1.000000000000000000, 0.0000000000000000000 ) ) ;
#8784 = VECTOR ( 'NONE', #8783, 1000.000000000000000 ) ;
#8785 = CARTESIAN_POINT ( 'NONE',  ( -5.593893275649970900, -6.709999999999999100, 3.169999999999999900 ) ) ;
#8786 = CARTESIAN_POINT ( 'NONE',  ( -12.44999999999999400, -8.529999999999999400, 10.40999999999999800 ) ) ;
#8787 = CARTESIAN_POINT ( 'NONE',  ( -9.291281102303948100, -8.529999999999999400, 10.40999999999999800 ) ) ;
#8788 = DIRECTION ( 'NONE',  ( -1.000000000000000000, 0.0000000000000000000, 5.015508710847692100E-016 ) ) ;
#8789 = VECTOR ( 'NONE', #8788, 1000.000000000000000 ) ;
#8790 = CARTESIAN_POINT ( 'NONE',  ( -9.291281102303948100, -8.529999999999999400, 10.40999999999999800 ) ) ;
#8791 = DIRECTION ( 'NONE',  ( 1.000000000000000000, 0.0000000000000000000, -5.015508710847692100E-016 ) ) ;
#8792 = DIRECTION ( 'NONE',  ( 5.015508710847692100E-016, -0.0000000000000000000, 1.000000000000000000 ) ) ;
#8793 = AXIS2_PLACEMENT_3D ( 'NONE', #8795, #8792, #8791 ) ;
#8794 = LINE ( 'NONE', #8790, #8789 ) ;
#8795 = CARTESIAN_POINT ( 'NONE',  ( -9.291281102303948100, -9.250000000000000000, 10.40999999999999800 ) ) ;
#8796 = PLANE ( 'NONE',  #8793 ) ;
#8797 = FACE_OUTER_BOUND ( 'NONE', #4489, .T. ) ;
#8798 = DIRECTION ( 'NONE',  ( 0.0000000000000000000, 0.0000000000000000000, -1.000000000000000000 ) ) ;
#8799 = DIRECTION ( 'NONE',  ( 0.0000000000000000000, -1.000000000000000000, -0.0000000000000000000 ) ) ;
#8800 = CARTESIAN_POINT ( 'NONE',  ( -9.291281102303948100, -9.250000000000000000, 8.889999999999998800 ) ) ;
#8801 = AXIS2_PLACEMENT_3D ( 'NONE', #8800, #8799, #8798 ) ;
#8802 = CIRCLE ( 'NONE', #8801, 1.000000000000000900 ) ;
#8803 = CARTESIAN_POINT ( 'NONE',  ( -8.334479274980982000, -9.250000000000000000, 9.180740886755597100 ) ) ;
#8804 = CARTESIAN_POINT ( 'NONE',  ( -8.334479274980982000, -8.529999999999999400, 9.180740886755595300 ) ) ;
#8805 = DIRECTION ( 'NONE',  ( 0.0000000000000000000, -1.000000000000000000, -0.0000000000000000000 ) ) ;
#8806 = VECTOR ( 'NONE', #8805, 1000.000000000000000 ) ;
#8807 = CARTESIAN_POINT ( 'NONE',  ( -8.334479274980982000, -9.250000000000000000, 9.180740886755597100 ) ) ;
#8808 = LINE ( 'NONE', #8807, #8806 ) ;
#8809 = DIRECTION ( 'NONE',  ( 0.0000000000000000000, 0.0000000000000000000, -1.000000000000000000 ) ) ;
#8810 = DIRECTION ( 'NONE',  ( 0.0000000000000000000, -1.000000000000000000, -0.0000000000000000000 ) ) ;
#8811 = CARTESIAN_POINT ( 'NONE',  ( -9.291281102303948100, -8.890000000000000600, 8.889999999999998800 ) ) ;
#8812 = AXIS2_PLACEMENT_3D ( 'NONE', #8811, #8810, #8809 ) ;
#8813 = CYLINDRICAL_SURFACE ( 'NONE', #8812, 1.000000000000000900 ) ;
#8814 = FACE_OUTER_BOUND ( 'NONE', #4474, .T. ) ;
#8815 = DIRECTION ( 'NONE',  ( 0.0000000000000000000, 1.000000000000000000, 0.0000000000000000000 ) ) ;
#8816 = VECTOR ( 'NONE', #8815, 1000.000000000000000 ) ;
#8817 = CARTESIAN_POINT ( 'NONE',  ( -9.291281102303948100, -9.250000000000000000, 10.40999999999999800 ) ) ;
#8818 = LINE ( 'NONE', #8817, #8816 ) ;
#8819 = CARTESIAN_POINT ( 'NONE',  ( -6.457760362509508100, -9.250000000000000000, 3.004629556622201200 ) ) ;
#8820 = DIRECTION ( 'NONE',  ( -0.0000000000000000000, -1.000000000000000000, -0.0000000000000000000 ) ) ;
#8821 = VECTOR ( 'NONE', #8820, 1000.000000000000000 ) ;
#8822 = CARTESIAN_POINT ( 'NONE',  ( -6.457760362509508100, -9.250000000000000000, 3.004629556622201200 ) ) ;
#8823 = LINE ( 'NONE', #8822, #8821 ) ;
#8824 = DIRECTION ( 'NONE',  ( -6.106226635438361000E-016, 0.0000000000000000000, 1.000000000000000000 ) ) ;
#8825 = VECTOR ( 'NONE', #8824, 1000.000000000000000 ) ;
#8826 = CARTESIAN_POINT ( 'NONE',  ( -12.44999999999998900, -8.529999999999999400, 2.649999999999996400 ) ) ;
#8827 = LINE ( 'NONE', #8826, #8825 ) ;
#8828 = CARTESIAN_POINT ( 'NONE',  ( -12.44999999999999400, -8.529999999999999400, 9.889999999999998800 ) ) ;
#8829 = DIRECTION ( 'NONE',  ( 0.7660444431189797900, 0.6427876096865372500, -3.842102577359712600E-016 ) ) ;
#8830 = VECTOR ( 'NONE', #8829, 1000.000000000000100 ) ;
#8831 = CARTESIAN_POINT ( 'NONE',  ( -10.95091845206285100, -7.272121226021283700, 9.889999999999998800 ) ) ;
#8832 = LINE ( 'NONE', #8831, #8830 ) ;
#8833 = CARTESIAN_POINT ( 'NONE',  ( -9.291281102303948100, -9.250000000000000000, 10.40999999999999800 ) ) ;
#8834 = CARTESIAN_POINT ( 'NONE',  ( -12.44999999999999400, -9.250000000000000000, 10.41000000000000000 ) ) ;
#8835 = DIRECTION ( 'NONE',  ( 0.7660444431189797900, -0.6427876096865372500, -3.842102577359712600E-016 ) ) ;
#8836 = VECTOR ( 'NONE', #8835, 1000.000000000000100 ) ;
#8837 = CARTESIAN_POINT ( 'NONE',  ( -10.59638766097845600, -10.80536543001861800, 10.40999999999999800 ) ) ;
#8838 = LINE ( 'NONE', #8837, #8836 ) ;
#8839 = CARTESIAN_POINT ( 'NONE',  ( -12.75000000000000200, -8.998270110646812400, 10.41000000000000000 ) ) ;
#8840 = DIRECTION ( 'NONE',  ( 0.0000000000000000000, 1.000000000000000000, 0.0000000000000000000 ) ) ;
#8841 = VECTOR ( 'NONE', #8840, 1000.000000000000000 ) ;
#8842 = CARTESIAN_POINT ( 'NONE',  ( -12.75000000000000000, -9.250000000000000000, 10.41000000000000000 ) ) ;
#8843 = LINE ( 'NONE', #8842, #8841 ) ;
#8844 = CARTESIAN_POINT ( 'NONE',  ( -12.75000000000000200, -8.781729889353187000, 10.41000000000000000 ) ) ;
#8845 = DIRECTION ( 'NONE',  ( -0.7660444431189797900, -0.6427876096865372500, 3.842102577359712600E-016 ) ) ;
#8846 = VECTOR ( 'NONE', #8845, 1000.000000000000100 ) ;
#8847 = CARTESIAN_POINT ( 'NONE',  ( -10.95091845206285100, -7.272121226021283700, 10.40999999999999800 ) ) ;
#8848 = LINE ( 'NONE', #8847, #8846 ) ;
#8849 = CARTESIAN_POINT ( 'NONE',  ( -5.964533826801945400, -8.529999999999999400, 3.169999999999999900 ) ) ;
#8850 = LINE ( 'NONE', #8849, #8911 ) ;
#8851 = CARTESIAN_POINT ( 'NONE',  ( -6.072294189311453900, -8.529999999999999400, 3.524629556622201200 ) ) ;
#8852 = DIRECTION ( 'NONE',  ( -0.0000000000000000000, 1.000000000000000000, -0.0000000000000000000 ) ) ;
#8853 = VECTOR ( 'NONE', #8852, 1000.000000000000000 ) ;
#8854 = CARTESIAN_POINT ( 'NONE',  ( -6.072294189311453900, -9.250000000000000000, 3.524629556622201200 ) ) ;
#8855 = LINE ( 'NONE', #8854, #8853 ) ;
#8856 = CARTESIAN_POINT ( 'NONE',  ( -6.072294189311453900, -9.250000000000000000, 3.524629556622201200 ) ) ;
#8857 = DIRECTION ( 'NONE',  ( -0.2907408867555975600, 0.0000000000000000000, 0.9568018273229669200 ) ) ;
#8858 = VECTOR ( 'NONE', #8857, 1000.000000000000100 ) ;
#8859 = CARTESIAN_POINT ( 'NONE',  ( -5.964533826801945400, -9.250000000000000000, 3.169999999999999900 ) ) ;
#8860 = LINE ( 'NONE', #8859, #8858 ) ;
#8861 = CARTESIAN_POINT ( 'NONE',  ( -5.979359448848025100, -8.529999999999999400, 2.649999999999999900 ) ) ;
#8862 = DIRECTION ( 'NONE',  ( -0.0000000000000000000, 1.000000000000000000, 0.0000000000000000000 ) ) ;
#8863 = VECTOR ( 'NONE', #8862, 1000.000000000000000 ) ;
#8864 = CARTESIAN_POINT ( 'NONE',  ( -5.979359448848025100, -8.529999999999999400, 2.649999999999999900 ) ) ;
#8865 = LINE ( 'NONE', #8864, #8863 ) ;
#8866 = CARTESIAN_POINT ( 'NONE',  ( -5.979359448848025100, -9.250000000000000000, 2.649999999999999900 ) ) ;
#8867 = DIRECTION ( 'NONE',  ( 1.000000000000000000, -0.0000000000000000000, -0.0000000000000000000 ) ) ;
#8868 = VECTOR ( 'NONE', #8867, 1000.000000000000000 ) ;
#8869 = CARTESIAN_POINT ( 'NONE',  ( -7.045411045847954400, -9.250000000000000000, 2.649999999999999900 ) ) ;
#8870 = DIRECTION ( 'NONE',  ( -1.000000000000000000, 0.0000000000000000000, -0.0000000000000000000 ) ) ;
#8871 = DIRECTION ( 'NONE',  ( 0.0000000000000000000, 0.0000000000000000000, -1.000000000000000000 ) ) ;
#8872 = AXIS2_PLACEMENT_3D ( 'NONE', #8874, #8871, #8870 ) ;
#8873 = LINE ( 'NONE', #8869, #8868 ) ;
#8874 = CARTESIAN_POINT ( 'NONE',  ( -7.045411045847954400, -9.250000000000000000, 2.649999999999999900 ) ) ;
#8875 = PLANE ( 'NONE',  #8872 ) ;
#8876 = FACE_OUTER_BOUND ( 'NONE', #4533, .T. ) ;
#8877 = DIRECTION ( 'NONE',  ( -0.2907408867555975600, 0.0000000000000000000, 0.9568018273229669200 ) ) ;
#8878 = VECTOR ( 'NONE', #8877, 1000.000000000000100 ) ;
#8879 = CARTESIAN_POINT ( 'NONE',  ( -6.349999999999999600, -9.250000000000000000, 2.649999999999999900 ) ) ;
#8880 = LINE ( 'NONE', #8879, #8878 ) ;
#8881 =( NAMED_UNIT ( * ) PLANE_ANGLE_UNIT ( ) SI_UNIT ( $, .RADIAN. ) );
#8882 = DIRECTION ( 'NONE',  ( 0.0000000000000000000, 0.0000000000000000000, 1.000000000000000000 ) ) ;
#8883 = CARTESIAN_POINT ( 'NONE',  ( -7.836942324773037400, -9.250000000000000000, 9.331926147868506000 ) ) ;
#8884 = DIRECTION ( 'NONE',  ( 0.0000000000000000000, 1.000000000000000000, 0.0000000000000000000 ) ) ;
#8885 = VECTOR ( 'NONE', #8884, 1000.000000000000000 ) ;
#8886 = CARTESIAN_POINT ( 'NONE',  ( -7.836942324773037400, -9.250000000000000000, 9.331926147868506000 ) ) ;
#8887 = LINE ( 'NONE', #8886, #8885 ) ;
#8888 = DIRECTION ( 'NONE',  ( 0.0000000000000000000, 0.0000000000000000000, -1.000000000000000000 ) ) ;
#8889 = DIRECTION ( 'NONE',  ( 0.0000000000000000000, -1.000000000000000000, -0.0000000000000000000 ) ) ;
#8890 = CARTESIAN_POINT ( 'NONE',  ( -9.291281102303948100, -8.890000000000000600, 8.889999999999998800 ) ) ;
#8891 = AXIS2_PLACEMENT_3D ( 'NONE', #8890, #8889, #8888 ) ;
#8892 = CYLINDRICAL_SURFACE ( 'NONE', #8891, 1.520000000000000500 ) ;
#8893 = FACE_OUTER_BOUND ( 'NONE', #4485, .T. ) ;
#8894 = DIRECTION ( 'NONE',  ( 0.0000000000000000000, 0.0000000000000000000, -1.000000000000000000 ) ) ;
#8895 = DIRECTION ( 'NONE',  ( 0.0000000000000000000, -1.000000000000000000, -0.0000000000000000000 ) ) ;
#8896 = CARTESIAN_POINT ( 'NONE',  ( -9.291281102303948100, -8.529999999999999400, 8.889999999999998800 ) ) ;
#8897 = AXIS2_PLACEMENT_3D ( 'NONE', #8896, #8895, #8894 ) ;
#8898 = CIRCLE ( 'NONE', #8897, 1.000000000000000900 ) ;
#8899 = CARTESIAN_POINT ( 'NONE',  ( -6.457760362509508100, -8.529999999999999400, 3.004629556622201200 ) ) ;
#8900 = DIRECTION ( 'NONE',  ( -0.2907408867555975600, 0.0000000000000000000, 0.9568018273229669200 ) ) ;
#8901 = VECTOR ( 'NONE', #8900, 1000.000000000000100 ) ;
#8902 = CARTESIAN_POINT ( 'NONE',  ( -6.349999999999999600, -8.529999999999999400, 2.649999999999999900 ) ) ;
#8903 = DIRECTION ( 'NONE',  ( 0.2907408867555975600, 0.0000000000000000000, -0.9568018273229669200 ) ) ;
#8904 = DIRECTION ( 'NONE',  ( 0.9568018273229670400, -0.0000000000000000000, 0.2907408867555976200 ) ) ;
#8905 = AXIS2_PLACEMENT_3D ( 'NONE', #8907, #8904, #8903 ) ;
#8906 = LINE ( 'NONE', #8902, #8901 ) ;
#8907 = CARTESIAN_POINT ( 'NONE',  ( -6.349999999999999600, -9.250000000000000000, 2.649999999999999900 ) ) ;
#8908 = PLANE ( 'NONE',  #8905 ) ;
#8909 = FACE_OUTER_BOUND ( 'NONE', #4558, .T. ) ;
#8910 = DIRECTION ( 'NONE',  ( -0.2907408867555975600, 0.0000000000000000000, 0.9568018273229669200 ) ) ;
#8911 = VECTOR ( 'NONE', #8910, 1000.000000000000100 ) ;
#8912 = DIRECTION ( 'NONE',  ( -0.0000000000000000000, -1.000000000000000000, 0.0000000000000000000 ) ) ;
#8913 = CARTESIAN_POINT ( 'NONE',  ( -5.593893275649970900, -8.529999999999999400, 3.669999999999999900 ) ) ;
#8914 = AXIS2_PLACEMENT_3D ( 'NONE', #8913, #8912, #8974 ) ;
#8915 = CIRCLE ( 'NONE', #8914, 0.5000000000000000000 ) ;
#8916 = DIRECTION ( 'NONE',  ( 6.106226635438361000E-016, 0.0000000000000000000, -1.000000000000000000 ) ) ;
#8917 = VECTOR ( 'NONE', #8916, 1000.000000000000000 ) ;
#8918 = CARTESIAN_POINT ( 'NONE',  ( -12.44999999999998900, -9.250000000000000000, 2.649999999999996400 ) ) ;
#8919 = DIRECTION ( 'NONE',  ( 0.0000000000000000000, -0.0000000000000000000, -1.000000000000000000 ) ) ;
#8920 = DIRECTION ( 'NONE',  ( 0.0000000000000000000, -1.000000000000000000, 0.0000000000000000000 ) ) ;
#8921 = AXIS2_PLACEMENT_3D ( 'NONE', #8923, #8920, #8919 ) ;
#8922 = LINE ( 'NONE', #8918, #8917 ) ;
#8923 = CARTESIAN_POINT ( 'NONE',  ( -7.045411045847954400, -9.250000000000000000, 2.649999999999999900 ) ) ;
#8924 = PLANE ( 'NONE',  #8921 ) ;
#8925 = FACE_OUTER_BOUND ( 'NONE', #4603, .T. ) ;
#8926 = DIRECTION ( 'NONE',  ( 1.000000000000000000, -0.0000000000000000000, -0.0000000000000000000 ) ) ;
#8927 = VECTOR ( 'NONE', #8926, 1000.000000000000000 ) ;
#8928 = CARTESIAN_POINT ( 'NONE',  ( -7.045411045847952600, -9.250000000000000000, 3.169999999999999900 ) ) ;
#8929 = LINE ( 'NONE', #8928, #8927 ) ;
#8930 = CARTESIAN_POINT ( 'NONE',  ( -5.593893275649970900, -9.250000000000000000, 3.169999999999999900 ) ) ;
#8931 = DIRECTION ( 'NONE',  ( 0.0000000000000000000, -1.000000000000000000, 0.0000000000000000000 ) ) ;
#8932 = VECTOR ( 'NONE', #8931, 1000.000000000000000 ) ;
#8933 = CARTESIAN_POINT ( 'NONE',  ( -5.593893275649970900, -9.250000000000000000, 3.169999999999999900 ) ) ;
#8934 = LINE ( 'NONE', #8933, #8932 ) ;
#8935 = DIRECTION ( 'NONE',  ( 0.0000000000000000000, 0.0000000000000000000, -1.000000000000000000 ) ) ;
#8936 = DIRECTION ( 'NONE',  ( -0.0000000000000000000, 1.000000000000000000, -0.0000000000000000000 ) ) ;
#8937 = CARTESIAN_POINT ( 'NONE',  ( -5.593893275649970900, -9.250000000000000000, 3.669999999999999900 ) ) ;
#8938 = AXIS2_PLACEMENT_3D ( 'NONE', #8937, #8936, #8935 ) ;
#8939 = CIRCLE ( 'NONE', #8938, 0.5000000000000000000 ) ;
#8940 = DIRECTION ( 'NONE',  ( 0.0000000000000000000, 0.0000000000000000000, -1.000000000000000000 ) ) ;
#8941 = DIRECTION ( 'NONE',  ( 0.0000000000000000000, -1.000000000000000000, 0.0000000000000000000 ) ) ;
#8942 = CARTESIAN_POINT ( 'NONE',  ( -5.979359448848025100, -9.250000000000000000, 3.149999999999999900 ) ) ;
#8943 = AXIS2_PLACEMENT_3D ( 'NONE', #8942, #8941, #8940 ) ;
#8944 = FACE_OUTER_BOUND ( 'NONE', #4655, .T. ) ;
#8945 = CYLINDRICAL_SURFACE ( 'NONE', #9006, 0.5000000000000000000 ) ;
#8946 = FACE_OUTER_BOUND ( 'NONE', #4644, .T. ) ;
#8947 = DIRECTION ( 'NONE',  ( 0.0000000000000000000, 0.0000000000000000000, 1.000000000000000000 ) ) ;
#8948 = DIRECTION ( 'NONE',  ( 0.0000000000000000000, 1.000000000000000000, -0.0000000000000000000 ) ) ;
#8949 = CARTESIAN_POINT ( 'NONE',  ( -7.045411045847954400, -8.529999999999999400, 2.649999999999999900 ) ) ;
#8950 = AXIS2_PLACEMENT_3D ( 'NONE', #8949, #8948, #8947 ) ;
#8951 = PLANE ( 'NONE',  #8950 ) ;
#8952 = CARTESIAN_POINT ( 'NONE',  ( -5.593893275649970900, -1.629999999999999400, 3.669999999999999900 ) ) ;
#8953 = FACE_OUTER_BOUND ( 'NONE', #4515, .T. ) ;
#8954 = DIRECTION ( 'NONE',  ( 1.000000000000000000, -0.0000000000000000000, -0.0000000000000000000 ) ) ;
#8955 = VECTOR ( 'NONE', #8954, 1000.000000000000000 ) ;
#8956 = CARTESIAN_POINT ( 'NONE',  ( -7.045411045847954400, -8.529999999999999400, 2.649999999999999900 ) ) ;
#8957 = DIRECTION ( 'NONE',  ( 1.000000000000000000, 0.0000000000000000000, -0.0000000000000000000 ) ) ;
#8958 = DIRECTION ( 'NONE',  ( 0.0000000000000000000, -0.0000000000000000000, 1.000000000000000000 ) ) ;
#8959 = AXIS2_PLACEMENT_3D ( 'NONE', #8961, #8958, #8957 ) ;
#8960 = LINE ( 'NONE', #8956, #8955 ) ;
#8961 = CARTESIAN_POINT ( 'NONE',  ( -7.045411045847952600, -9.250000000000000000, 3.169999999999999900 ) ) ;
#8962 = PLANE ( 'NONE',  #8959 ) ;
#8963 = FACE_OUTER_BOUND ( 'NONE', #4631, .T. ) ;
#8964 = DIRECTION ( 'NONE',  ( 0.0000000000000000000, 0.0000000000000000000, 1.000000000000000000 ) ) ;
#8965 = DIRECTION ( 'NONE',  ( 0.0000000000000000000, 1.000000000000000000, -0.0000000000000000000 ) ) ;
#8966 = CARTESIAN_POINT ( 'NONE',  ( -5.979359448848025100, -8.529999999999999400, 3.149999999999999900 ) ) ;
#8967 = AXIS2_PLACEMENT_3D ( 'NONE', #8966, #8965, #8964 ) ;
#8968 = CIRCLE ( 'NONE', #8967, 0.5000000000000000000 ) ;
#8969 = DIRECTION ( 'NONE',  ( 1.000000000000000000, -0.0000000000000000000, -0.0000000000000000000 ) ) ;
#8970 = VECTOR ( 'NONE', #8969, 1000.000000000000000 ) ;
#8971 = CARTESIAN_POINT ( 'NONE',  ( -7.045411045847952600, -8.529999999999999400, 3.169999999999999900 ) ) ;
#8972 = LINE ( 'NONE', #8971, #8970 ) ;
#8973 = CARTESIAN_POINT ( 'NONE',  ( -5.593893275649970900, -8.529999999999999400, 3.169999999999999900 ) ) ;
#8974 = DIRECTION ( 'NONE',  ( 1.734723475976807100E-015, 0.0000000000000000000, 1.000000000000000000 ) ) ;
#8975 = DIRECTION ( 'NONE',  ( -6.106226635438361000E-016, 0.0000000000000000000, 1.000000000000000000 ) ) ;
#8976 = DIRECTION ( 'NONE',  ( -1.000000000000000000, 0.0000000000000000000, -6.106226635438361000E-016 ) ) ;
#8977 = AXIS2_PLACEMENT_3D ( 'NONE', #8978, #8976, #8975 ) ;
#8978 = CARTESIAN_POINT ( 'NONE',  ( -12.75000000000000000, -8.889999999999998800, 10.15000000000000000 ) ) ;
#8979 = PLANE ( 'NONE',  #8977 ) ;
#8980 = DIRECTION ( 'NONE',  ( 0.0000000000000000000, 0.0000000000000000000, -1.000000000000000000 ) ) ;
#8981 = DIRECTION ( 'NONE',  ( 0.0000000000000000000, -1.000000000000000000, 0.0000000000000000000 ) ) ;
#8982 = CARTESIAN_POINT ( 'NONE',  ( -5.593893275649970900, 3.450000000000000600, 3.669999999999999900 ) ) ;
#8983 = AXIS2_PLACEMENT_3D ( 'NONE', #8982, #8981, #8980 ) ;
#8984 = FACE_OUTER_BOUND ( 'NONE', #4688, .T. ) ;
#8985 = CYLINDRICAL_SURFACE ( 'NONE', #8983, 0.5000000000000000000 ) ;
#8986 = DIRECTION ( 'NONE',  ( 0.0000000000000000000, 0.0000000000000000000, -1.000000000000000000 ) ) ;
#8987 = DIRECTION ( 'NONE',  ( 0.0000000000000000000, -1.000000000000000000, 0.0000000000000000000 ) ) ;
#8988 = CARTESIAN_POINT ( 'NONE',  ( -5.979359448848025100, 5.990000000000000200, 3.149999999999999900 ) ) ;
#8989 = AXIS2_PLACEMENT_3D ( 'NONE', #8988, #8987, #8986 ) ;
#8990 = FACE_OUTER_BOUND ( 'NONE', #4682, .T. ) ;
#8991 = CYLINDRICAL_SURFACE ( 'NONE', #8989, 0.5000000000000000000 ) ;
#8992 = DIRECTION ( 'NONE',  ( 0.0000000000000000000, 0.0000000000000000000, -1.000000000000000000 ) ) ;
#8993 = DIRECTION ( 'NONE',  ( 0.0000000000000000000, -1.000000000000000000, 0.0000000000000000000 ) ) ;
#8994 = CARTESIAN_POINT ( 'NONE',  ( -5.593893275649970900, 0.9100000000000010300, 3.669999999999999900 ) ) ;
#8995 = AXIS2_PLACEMENT_3D ( 'NONE', #8994, #8993, #8992 ) ;
#8996 = FACE_OUTER_BOUND ( 'NONE', #4674, .T. ) ;
#8997 = CYLINDRICAL_SURFACE ( 'NONE', #8995, 0.5000000000000000000 ) ;
#8998 = DIRECTION ( 'NONE',  ( 0.0000000000000000000, 0.0000000000000000000, -1.000000000000000000 ) ) ;
#8999 = DIRECTION ( 'NONE',  ( 0.0000000000000000000, -1.000000000000000000, 0.0000000000000000000 ) ) ;
#9000 = CARTESIAN_POINT ( 'NONE',  ( -5.979359448848025100, 3.450000000000000600, 3.149999999999999900 ) ) ;
#9001 = AXIS2_PLACEMENT_3D ( 'NONE', #9000, #8999, #8998 ) ;
#9002 = FACE_OUTER_BOUND ( 'NONE', #4666, .T. ) ;
#9003 = CYLINDRICAL_SURFACE ( 'NONE', #9001, 0.5000000000000000000 ) ;
#9004 = DIRECTION ( 'NONE',  ( 0.0000000000000000000, 0.0000000000000000000, -1.000000000000000000 ) ) ;
#9005 = DIRECTION ( 'NONE',  ( 0.0000000000000000000, -1.000000000000000000, 0.0000000000000000000 ) ) ;
#9006 = AXIS2_PLACEMENT_3D ( 'NONE', #8952, #9005, #9004 ) ;
#9007 = DIRECTION ( 'NONE',  ( 0.0000000000000000000, 0.0000000000000000000, -1.000000000000000000 ) ) ;
#9008 = DIRECTION ( 'NONE',  ( 0.0000000000000000000, -1.000000000000000000, 0.0000000000000000000 ) ) ;
#9009 = CARTESIAN_POINT ( 'NONE',  ( -5.593893275649970900, -6.709999999999999100, 3.669999999999999900 ) ) ;
#9010 = AXIS2_PLACEMENT_3D ( 'NONE', #9009, #9008, #9007 ) ;
#9011 = CARTESIAN_POINT ( 'NONE',  ( -5.979359448848025100, -1.629999999999999400, 3.149999999999999900 ) ) ;
#9012 = FACE_OUTER_BOUND ( 'NONE', #4744, .T. ) ;
#9013 = CYLINDRICAL_SURFACE ( 'NONE', #9010, 0.5000000000000000000 ) ;
#9014 = DIRECTION ( 'NONE',  ( 0.0000000000000000000, 0.0000000000000000000, -1.000000000000000000 ) ) ;
#9015 = DIRECTION ( 'NONE',  ( 0.0000000000000000000, -1.000000000000000000, 0.0000000000000000000 ) ) ;
#9016 = CARTESIAN_POINT ( 'NONE',  ( -5.979359448848025100, -4.169999999999999900, 3.149999999999999900 ) ) ;
#9017 = AXIS2_PLACEMENT_3D ( 'NONE', #9016, #9015, #9014 ) ;
#9018 = FACE_OUTER_BOUND ( 'NONE', #4737, .T. ) ;
#9019 = CYLINDRICAL_SURFACE ( 'NONE', #9017, 0.5000000000000000000 ) ;
#9020 = DIRECTION ( 'NONE',  ( 0.0000000000000000000, 0.0000000000000000000, -1.000000000000000000 ) ) ;
#9021 = DIRECTION ( 'NONE',  ( 0.0000000000000000000, -1.000000000000000000, 0.0000000000000000000 ) ) ;
#9022 = CARTESIAN_POINT ( 'NONE',  ( -5.593893275649970900, -9.250000000000000000, 3.669999999999999900 ) ) ;
#9023 = AXIS2_PLACEMENT_3D ( 'NONE', #9022, #9021, #9020 ) ;
#9024 = FACE_OUTER_BOUND ( 'NONE', #4726, .T. ) ;
#9025 = CYLINDRICAL_SURFACE ( 'NONE', #9023, 0.5000000000000000000 ) ;
#9026 = DIRECTION ( 'NONE',  ( 0.0000000000000000000, 0.0000000000000000000, -1.000000000000000000 ) ) ;
#9027 = DIRECTION ( 'NONE',  ( 0.0000000000000000000, -1.000000000000000000, 0.0000000000000000000 ) ) ;
#9028 = CARTESIAN_POINT ( 'NONE',  ( -5.593893275649970900, 5.990000000000000200, 3.669999999999999900 ) ) ;
#9029 = AXIS2_PLACEMENT_3D ( 'NONE', #9028, #9027, #9026 ) ;
#9030 = CYLINDRICAL_SURFACE ( 'NONE', #9029, 0.5000000000000000000 ) ;
#9031 = FACE_OUTER_BOUND ( 'NONE', #4717, .T. ) ;
#9032 = FACE_OUTER_BOUND ( 'NONE', #4572, .T. ) ;
#9033 = DIRECTION ( 'NONE',  ( -6.106226635438361000E-016, 0.0000000000000000000, 1.000000000000000000 ) ) ;
#9034 = VECTOR ( 'NONE', #9033, 1000.000000000000000 ) ;
#9035 = CARTESIAN_POINT ( 'NONE',  ( -12.75000000000000000, -8.998270110646812400, 10.15000000000000000 ) ) ;
#9036 = LINE ( 'NONE', #9035, #9034 ) ;
#9037 = DIRECTION ( 'NONE',  ( 6.106226635438361000E-016, -0.0000000000000000000, -1.000000000000000000 ) ) ;
#9038 = VECTOR ( 'NONE', #9037, 1000.000000000000000 ) ;
#9039 = CARTESIAN_POINT ( 'NONE',  ( -12.75000000000000000, -8.781729889353187000, 10.15000000000000000 ) ) ;
#9040 = LINE ( 'NONE', #9039, #9038 ) ;
#9041 = AXIS2_PLACEMENT_3D ( 'NONE', #9105, #9104, #9103 ) ;
#9042 = FACE_OUTER_BOUND ( 'NONE', #4808, .T. ) ;
#9043 = DIRECTION ( 'NONE',  ( -0.7660444431189804600, 0.6427876096865363700, 0.0000000000000000000 ) ) ;
#9044 = DIRECTION ( 'NONE',  ( 0.6427876096865363700, 0.7660444431189804600, 3.925006823197685500E-016 ) ) ;
#9045 = AXIS2_PLACEMENT_3D ( 'NONE', #9047, #9044, #9043 ) ;
#9046 = PLANE ( 'NONE',  #9041 ) ;
#9047 = CARTESIAN_POINT ( 'NONE',  ( -12.75000000000000000, 6.241729889353184300, 10.15000000000000000 ) ) ;
#9048 = PLANE ( 'NONE',  #9045 ) ;
#9049 = DIRECTION ( 'NONE',  ( 0.7660444431189804600, 0.6427876096865363700, 0.0000000000000000000 ) ) ;
#9050 = DIRECTION ( 'NONE',  ( 0.6427876096865363700, -0.7660444431189804600, 3.925006823197685500E-016 ) ) ;
#9051 = AXIS2_PLACEMENT_3D ( 'NONE', #9053, #9050, #9049 ) ;
#9052 = FACE_OUTER_BOUND ( 'NONE', #4798, .T. ) ;
#9053 = CARTESIAN_POINT ( 'NONE',  ( -12.75000000000000000, 1.378270110646817100, 10.15000000000000000 ) ) ;
#9054 = PLANE ( 'NONE',  #9051 ) ;
#9055 = DIRECTION ( 'NONE',  ( 0.0000000000000000000, 0.0000000000000000000, -1.000000000000000000 ) ) ;
#9056 = DIRECTION ( 'NONE',  ( 0.0000000000000000000, -1.000000000000000000, 0.0000000000000000000 ) ) ;
#9057 = CARTESIAN_POINT ( 'NONE',  ( -5.979359448848025100, 0.9100000000000010300, 3.149999999999999900 ) ) ;
#9058 = AXIS2_PLACEMENT_3D ( 'NONE', #9057, #9056, #9055 ) ;
#9059 = FACE_OUTER_BOUND ( 'NONE', #4791, .T. ) ;
#9060 = CYLINDRICAL_SURFACE ( 'NONE', #9058, 0.5000000000000000000 ) ;
#9061 = DIRECTION ( 'NONE',  ( 0.0000000000000000000, 0.0000000000000000000, -1.000000000000000000 ) ) ;
#9062 = DIRECTION ( 'NONE',  ( 0.0000000000000000000, -1.000000000000000000, 0.0000000000000000000 ) ) ;
#9063 = CARTESIAN_POINT ( 'NONE',  ( -5.593893275649970900, -4.169999999999999900, 3.669999999999999900 ) ) ;
#9064 = AXIS2_PLACEMENT_3D ( 'NONE', #9063, #9062, #9061 ) ;
#9065 = FACE_OUTER_BOUND ( 'NONE', #4760, .T. ) ;
#9066 = CYLINDRICAL_SURFACE ( 'NONE', #9064, 0.5000000000000000000 ) ;
#9067 = DIRECTION ( 'NONE',  ( 0.0000000000000000000, 0.0000000000000000000, -1.000000000000000000 ) ) ;
#9068 = DIRECTION ( 'NONE',  ( 0.0000000000000000000, -1.000000000000000000, 0.0000000000000000000 ) ) ;
#9069 = AXIS2_PLACEMENT_3D ( 'NONE', #9011, #9068, #9067 ) ;
#9070 = CYLINDRICAL_SURFACE ( 'NONE', #9069, 0.5000000000000000000 ) ;
#9071 = FACE_OUTER_BOUND ( 'NONE', #4752, .T. ) ;
#9072 = PLANE ( 'NONE',  #9138 ) ;
#9073 = DIRECTION ( 'NONE',  ( 0.7660444431189811200, 0.6427876096865354800, 0.0000000000000000000 ) ) ;
#9074 = DIRECTION ( 'NONE',  ( 0.6427876096865355900, -0.7660444431189812300, 3.925006823197681000E-016 ) ) ;
#9075 = AXIS2_PLACEMENT_3D ( 'NONE', #9077, #9074, #9073 ) ;
#9076 = FACE_OUTER_BOUND ( 'NONE', #4867, .T. ) ;
#9077 = CARTESIAN_POINT ( 'NONE',  ( -12.75000000000000000, -6.241729889353179000, 10.15000000000000000 ) ) ;
#9078 = PLANE ( 'NONE',  #9075 ) ;
#9079 = DIRECTION ( 'NONE',  ( -0.7660444431189811200, 0.6427876096865354800, 0.0000000000000000000 ) ) ;
#9080 = DIRECTION ( 'NONE',  ( 0.6427876096865355900, 0.7660444431189812300, 3.925006823197681000E-016 ) ) ;
#9081 = AXIS2_PLACEMENT_3D ( 'NONE', #9083, #9080, #9079 ) ;
#9082 = FACE_OUTER_BOUND ( 'NONE', #4857, .T. ) ;
#9083 = CARTESIAN_POINT ( 'NONE',  ( -12.75000000000000000, -3.918270110646819400, 10.15000000000000000 ) ) ;
#9084 = PLANE ( 'NONE',  #9081 ) ;
#9085 = DIRECTION ( 'NONE',  ( 0.0000000000000000000, 0.0000000000000000000, -1.000000000000000000 ) ) ;
#9086 = DIRECTION ( 'NONE',  ( 0.0000000000000000000, -1.000000000000000000, 0.0000000000000000000 ) ) ;
#9087 = CARTESIAN_POINT ( 'NONE',  ( -5.979359448848025100, -6.709999999999999100, 3.149999999999999900 ) ) ;
#9088 = AXIS2_PLACEMENT_3D ( 'NONE', #9087, #9086, #9085 ) ;
#9089 = FACE_OUTER_BOUND ( 'NONE', #4841, .T. ) ;
#9090 = CYLINDRICAL_SURFACE ( 'NONE', #9088, 0.5000000000000000000 ) ;
#9091 = DIRECTION ( 'NONE',  ( 0.7660444431189804600, 0.6427876096865363700, 0.0000000000000000000 ) ) ;
#9092 = DIRECTION ( 'NONE',  ( 0.6427876096865363700, -0.7660444431189804600, 3.925006823197685500E-016 ) ) ;
#9093 = AXIS2_PLACEMENT_3D ( 'NONE', #9095, #9092, #9091 ) ;
#9094 = FACE_OUTER_BOUND ( 'NONE', #4831, .T. ) ;
#9095 = CARTESIAN_POINT ( 'NONE',  ( -12.75000000000000000, 6.458270110646816800, 10.15000000000000000 ) ) ;
#9096 = PLANE ( 'NONE',  #9093 ) ;
#9097 = DIRECTION ( 'NONE',  ( 0.0000000000000000000, 0.0000000000000000000, -1.000000000000000000 ) ) ;
#9098 = DIRECTION ( 'NONE',  ( 0.0000000000000000000, -1.000000000000000000, 0.0000000000000000000 ) ) ;
#9099 = CARTESIAN_POINT ( 'NONE',  ( -5.979359448848025100, -9.250000000000000000, 3.149999999999999900 ) ) ;
#9100 = AXIS2_PLACEMENT_3D ( 'NONE', #9099, #9098, #9097 ) ;
#9101 = FACE_OUTER_BOUND ( 'NONE', #4823, .T. ) ;
#9102 = CYLINDRICAL_SURFACE ( 'NONE', #9100, 0.5000000000000000000 ) ;
#9103 = DIRECTION ( 'NONE',  ( 0.7660444431189811200, 0.6427876096865354800, 0.0000000000000000000 ) ) ;
#9104 = DIRECTION ( 'NONE',  ( 0.6427876096865355900, -0.7660444431189812300, 3.925006823197681000E-016 ) ) ;
#9105 = CARTESIAN_POINT ( 'NONE',  ( -12.75000000000000000, 3.918270110646820300, 10.15000000000000000 ) ) ;
#9106 = FACE_OUTER_BOUND ( 'NONE', #4815, .T. ) ;
#9107 = DIRECTION ( 'NONE',  ( -1.000000000000000000, 0.0000000000000000000, 0.0000000000000000000 ) ) ;
#9108 = VECTOR ( 'NONE', #9107, 1000.000000000000000 ) ;
#9109 = CARTESIAN_POINT ( 'NONE',  ( -8.958849679447640200, 7.979999999999999500, 5.330000000000001000 ) ) ;
#9110 = DIRECTION ( 'NONE',  ( -0.7660444431189811200, 0.6427876096865354800, 0.0000000000000000000 ) ) ;
#9111 = DIRECTION ( 'NONE',  ( 0.6427876096865355900, 0.7660444431189812300, 3.925006823197681000E-016 ) ) ;
#9112 = CARTESIAN_POINT ( 'NONE',  ( -12.75000000000000000, 3.701729889353181100, 10.15000000000000000 ) ) ;
#9113 = LINE ( 'NONE', #9109, #9108 ) ;
#9114 = AXIS2_PLACEMENT_3D ( 'NONE', #9112, #9111, #9110 ) ;
#9115 = FACE_OUTER_BOUND ( 'NONE', #4774, .T. ) ;
#9116 = DIRECTION ( 'NONE',  ( 0.7660444431189804600, 0.6427876096865363700, 0.0000000000000000000 ) ) ;
#9117 = DIRECTION ( 'NONE',  ( 0.6427876096865363700, -0.7660444431189804600, 3.925006823197685500E-016 ) ) ;
#9118 = CARTESIAN_POINT ( 'NONE',  ( -12.75000000000000000, -1.161729889353183300, 10.15000000000000000 ) ) ;
#9119 = PLANE ( 'NONE',  #9114 ) ;
#9120 = AXIS2_PLACEMENT_3D ( 'NONE', #9118, #9117, #9116 ) ;
#9121 = FACE_OUTER_BOUND ( 'NONE', #4894, .T. ) ;
#9122 = DIRECTION ( 'NONE',  ( -0.7660444431189804600, 0.6427876096865363700, 0.0000000000000000000 ) ) ;
#9123 = DIRECTION ( 'NONE',  ( 0.6427876096865363700, 0.7660444431189804600, 3.925006823197685500E-016 ) ) ;
#9124 = CARTESIAN_POINT ( 'NONE',  ( -12.75000000000000000, 1.161729889353185100, 10.15000000000000000 ) ) ;
#9125 = PLANE ( 'NONE',  #9120 ) ;
#9126 = AXIS2_PLACEMENT_3D ( 'NONE', #9124, #9123, #9122 ) ;
#9127 = FACE_OUTER_BOUND ( 'NONE', #4885, .T. ) ;
#9128 = DIRECTION ( 'NONE',  ( 0.7660444431189804600, 0.6427876096865363700, 0.0000000000000000000 ) ) ;
#9129 = DIRECTION ( 'NONE',  ( 0.6427876096865363700, -0.7660444431189804600, 3.925006823197685500E-016 ) ) ;
#9130 = CARTESIAN_POINT ( 'NONE',  ( -12.75000000000000000, -3.701729889353183800, 10.15000000000000000 ) ) ;
#9131 = PLANE ( 'NONE',  #9126 ) ;
#9132 = AXIS2_PLACEMENT_3D ( 'NONE', #9130, #9129, #9128 ) ;
#9133 = FACE_OUTER_BOUND ( 'NONE', #4878, .T. ) ;
#9134 = DIRECTION ( 'NONE',  ( -0.7660444431189804600, 0.6427876096865363700, 0.0000000000000000000 ) ) ;
#9135 = DIRECTION ( 'NONE',  ( 0.6427876096865363700, 0.7660444431189804600, 3.925006823197685500E-016 ) ) ;
#9136 = CARTESIAN_POINT ( 'NONE',  ( -12.75000000000000000, -1.378270110646815600, 10.15000000000000000 ) ) ;
#9137 = PLANE ( 'NONE',  #9132 ) ;
#9138 = AXIS2_PLACEMENT_3D ( 'NONE', #9136, #9135, #9134 ) ;
#9139 = DIRECTION ( 'NONE',  ( -1.000000000000000000, 0.0000000000000000000, 0.0000000000000000000 ) ) ;
#9140 = DIRECTION ( 'NONE',  ( -0.0000000000000000000, 0.0000000000000000000, -1.000000000000000000 ) ) ;
#9141 = CARTESIAN_POINT ( 'NONE',  ( -8.958849679447640200, 7.979999999999999500, 5.330000000000001000 ) ) ;
#9142 = AXIS2_PLACEMENT_3D ( 'NONE', #9141, #9140, #9139 ) ;
#9143 = FACE_OUTER_BOUND ( 'NONE', #3743, .T. ) ;
#9144 = DIRECTION ( 'NONE',  ( -0.7660444431189797900, 0.6427876096865372500, 0.0000000000000000000 ) ) ;
#9145 = DIRECTION ( 'NONE',  ( 0.6427876096865372500, 0.7660444431189797900, 3.925006823197690900E-016 ) ) ;
#9146 = AXIS2_PLACEMENT_3D ( 'NONE', #9148, #9145, #9144 ) ;
#9147 = PLANE ( 'NONE',  #9142 ) ;
#9148 = CARTESIAN_POINT ( 'NONE',  ( -12.75000000000000000, -8.998270110646812400, 10.15000000000000000 ) ) ;
#9149 = PLANE ( 'NONE',  #9146 ) ;
#9150 = FACE_OUTER_BOUND ( 'NONE', #4945, .T. ) ;
#9151 = DIRECTION ( 'NONE',  ( -1.000000000000000000, 0.0000000000000000000, 0.0000000000000000000 ) ) ;
#9152 = VECTOR ( 'NONE', #9151, 1000.000000000000000 ) ;
#9153 = CARTESIAN_POINT ( 'NONE',  ( -8.958849679447642000, 7.259999999999998900, 5.330000000000000100 ) ) ;
#9154 = LINE ( 'NONE', #9153, #9152 ) ;
#9155 = CARTESIAN_POINT ( 'NONE',  ( -12.55000000000000100, 7.259999999999998900, 5.330000000000000100 ) ) ;
#9156 = DIRECTION ( 'NONE',  ( 0.7660444431189811200, -0.6427876096865355900, 0.0000000000000000000 ) ) ;
#9157 = VECTOR ( 'NONE', #9156, 1000.000000000000100 ) ;
#9158 = CARTESIAN_POINT ( 'NONE',  ( -12.55000000000000200, 7.259999999999998900, 5.330000000000001000 ) ) ;
#9159 = LINE ( 'NONE', #9158, #9157 ) ;
#9160 = CARTESIAN_POINT ( 'NONE',  ( -12.85000000000000000, 7.511729889353179400, 5.330000000000001000 ) ) ;
#9161 = DIRECTION ( 'NONE',  ( 0.0000000000000000000, -1.000000000000000000, 0.0000000000000000000 ) ) ;
#9162 = VECTOR ( 'NONE', #9161, 1000.000000000000000 ) ;
#9163 = CARTESIAN_POINT ( 'NONE',  ( -12.85000000000000000, 7.979999999999999500, 5.330000000000001000 ) ) ;
#9164 = LINE ( 'NONE', #9163, #9162 ) ;
#9165 = CARTESIAN_POINT ( 'NONE',  ( -12.85000000000000000, 7.728270110646815500, 5.330000000000001000 ) ) ;
#9166 = DIRECTION ( 'NONE',  ( -0.7660444431189840100, -0.6427876096865322600, 0.0000000000000000000 ) ) ;
#9167 = VECTOR ( 'NONE', #9166, 999.9999999999998900 ) ;
#9168 = CARTESIAN_POINT ( 'NONE',  ( -12.54999999999999500, 7.979999999999999500, 5.330000000000001000 ) ) ;
#9169 = LINE ( 'NONE', #9168, #9167 ) ;
#9170 = CARTESIAN_POINT ( 'NONE',  ( -12.54999999999999700, 7.979999999999999500, 5.330000000000001000 ) ) ;
#9171 = CARTESIAN_POINT ( 'NONE',  ( -8.958849679447640200, 7.979999999999999500, 5.330000000000001000 ) ) ;
#9172 = CIRCLE ( 'NONE', #9231, 0.9999999999999995600 ) ;
#9173 = CARTESIAN_POINT ( 'NONE',  ( -8.258259599449440100, 7.979999999999999500, 4.523563970368541300 ) ) ;
#9174 = CARTESIAN_POINT ( 'NONE',  ( -8.258259599449440100, 7.259999999999998900, 4.523563970368540400 ) ) ;
#9175 = DIRECTION ( 'NONE',  ( 0.0000000000000000000, 1.000000000000000000, 0.0000000000000000000 ) ) ;
#9176 = VECTOR ( 'NONE', #9175, 1000.000000000000000 ) ;
#9177 = CARTESIAN_POINT ( 'NONE',  ( -8.258259599449440100, 7.979999999999999500, 4.523563970368540400 ) ) ;
#9178 = LINE ( 'NONE', #9177, #9176 ) ;
#9179 = DIRECTION ( 'NONE',  ( 0.0000000000000000000, 0.0000000000000000000, -1.000000000000000000 ) ) ;
#9180 = DIRECTION ( 'NONE',  ( -0.0000000000000000000, -1.000000000000000000, -0.0000000000000000000 ) ) ;
#9181 = CARTESIAN_POINT ( 'NONE',  ( -8.958849679447640200, 7.620000000000000100, 3.810000000000000100 ) ) ;
#9182 = AXIS2_PLACEMENT_3D ( 'NONE', #9181, #9180, #9179 ) ;
#9183 = CYLINDRICAL_SURFACE ( 'NONE', #9182, 1.000000000000000000 ) ;
#9184 = FACE_OUTER_BOUND ( 'NONE', #4982, .T. ) ;
#9185 = DIRECTION ( 'NONE',  ( 0.0000000000000000000, 0.0000000000000000000, -1.000000000000000000 ) ) ;
#9186 = DIRECTION ( 'NONE',  ( -0.0000000000000000000, -1.000000000000000000, -0.0000000000000000000 ) ) ;
#9187 = AXIS2_PLACEMENT_3D ( 'NONE', #9192, #9186, #9185 ) ;
#9188 = CIRCLE ( 'NONE', #9187, 1.519999999999999100 ) ;
#9189 = DIRECTION ( 'NONE',  ( 0.7660444431189797900, 0.6427876096865372500, 0.0000000000000000000 ) ) ;
#9190 = DIRECTION ( 'NONE',  ( 0.6427876096865372500, -0.7660444431189797900, 3.925006823197690900E-016 ) ) ;
#9191 = CARTESIAN_POINT ( 'NONE',  ( -12.75000000000000000, -8.781729889353187000, 10.15000000000000000 ) ) ;
#9192 = CARTESIAN_POINT ( 'NONE',  ( -8.958849679447640200, 7.259999999999998900, 3.810000000000000100 ) ) ;
#9193 = AXIS2_PLACEMENT_3D ( 'NONE', #9191, #9190, #9189 ) ;
#9194 = FACE_OUTER_BOUND ( 'NONE', #4968, .T. ) ;
#9195 = DIRECTION ( 'NONE',  ( -0.7660444431189804600, 0.6427876096865363700, 0.0000000000000000000 ) ) ;
#9196 = DIRECTION ( 'NONE',  ( 0.6427876096865363700, 0.7660444431189804600, 3.925006823197685500E-016 ) ) ;
#9197 = CARTESIAN_POINT ( 'NONE',  ( -12.75000000000000000, -6.458270110646815000, 10.15000000000000000 ) ) ;
#9198 = PLANE ( 'NONE',  #9193 ) ;
#9199 = AXIS2_PLACEMENT_3D ( 'NONE', #9197, #9196, #9195 ) ;
#9200 = PLANE ( 'NONE',  #9199 ) ;
#9201 = FACE_OUTER_BOUND ( 'NONE', #4960, .T. ) ;
#9202 = CARTESIAN_POINT ( 'NONE',  ( -8.958849679447642000, 7.259999999999998900, 5.330000000000000100 ) ) ;
#9203 = CARTESIAN_POINT ( 'NONE',  ( -7.893952757850375000, 7.259999999999998900, 4.894617234960180400 ) ) ;
#9204 = CARTESIAN_POINT ( 'NONE',  ( -7.893952757850374100, 7.979999999999999500, 4.894617234960180400 ) ) ;
#9205 = DIRECTION ( 'NONE',  ( 0.0000000000000000000, -1.000000000000000000, 0.0000000000000000000 ) ) ;
#9206 = VECTOR ( 'NONE', #9205, 1000.000000000000000 ) ;
#9207 = CARTESIAN_POINT ( 'NONE',  ( -7.893952757850374100, 7.979999999999999500, 4.894617234960180400 ) ) ;
#9208 = LINE ( 'NONE', #9207, #9206 ) ;
#9209 = DIRECTION ( 'NONE',  ( 0.0000000000000000000, 0.0000000000000000000, -1.000000000000000000 ) ) ;
#9210 = DIRECTION ( 'NONE',  ( -0.0000000000000000000, -1.000000000000000000, -0.0000000000000000000 ) ) ;
#9211 = CARTESIAN_POINT ( 'NONE',  ( -8.958849679447640200, 7.620000000000000100, 3.810000000000000100 ) ) ;
#9212 = AXIS2_PLACEMENT_3D ( 'NONE', #9211, #9210, #9209 ) ;
#9213 = CYLINDRICAL_SURFACE ( 'NONE', #9212, 1.519999999999999600 ) ;
#9214 = FACE_OUTER_BOUND ( 'NONE', #5017, .T. ) ;
#9215 = DIRECTION ( 'NONE',  ( -0.7660444431189811200, 0.6427876096865355900, 0.0000000000000000000 ) ) ;
#9216 = VECTOR ( 'NONE', #9215, 1000.000000000000100 ) ;
#9217 = CARTESIAN_POINT ( 'NONE',  ( -12.55000000000000200, 7.259999999999998900, 4.809999999999999600 ) ) ;
#9218 = LINE ( 'NONE', #9217, #9216 ) ;
#9219 = CARTESIAN_POINT ( 'NONE',  ( -12.55000000000000100, 7.259999999999998900, 4.809999999999999600 ) ) ;
#9220 = DIRECTION ( 'NONE',  ( -1.000000000000000000, 0.0000000000000000000, 0.0000000000000000000 ) ) ;
#9221 = VECTOR ( 'NONE', #9220, 1000.000000000000000 ) ;
#9222 = CARTESIAN_POINT ( 'NONE',  ( -8.958849679447642000, 7.259999999999998900, 4.809999999999999600 ) ) ;
#9223 = LINE ( 'NONE', #9222, #9221 ) ;
#9224 = CARTESIAN_POINT ( 'NONE',  ( -8.958849679447642000, 7.259999999999998900, 4.809999999999999600 ) ) ;
#9225 = DIRECTION ( 'NONE',  ( 0.0000000000000000000, 1.000000000000000000, 0.0000000000000000000 ) ) ;
#9226 = VECTOR ( 'NONE', #9225, 1000.000000000000000 ) ;
#9227 = CARTESIAN_POINT ( 'NONE',  ( -8.958849679447642000, 7.979999999999999500, 4.809999999999999600 ) ) ;
#9228 = DIRECTION ( 'NONE',  ( 0.0000000000000000000, 0.0000000000000000000, -1.000000000000000000 ) ) ;
#9229 = DIRECTION ( 'NONE',  ( -0.0000000000000000000, -1.000000000000000000, -0.0000000000000000000 ) ) ;
#9230 = CARTESIAN_POINT ( 'NONE',  ( -8.958849679447640200, 7.259999999999998900, 3.810000000000000100 ) ) ;
#9231 = AXIS2_PLACEMENT_3D ( 'NONE', #9230, #9229, #9228 ) ;
#9232 = LINE ( 'NONE', #9227, #9226 ) ;
#9233 = CARTESIAN_POINT ( 'NONE',  ( -5.932973326963407100, 7.979999999999999500, 3.169999999999999900 ) ) ;
#9234 = DIRECTION ( 'NONE',  ( 0.0000000000000000000, 0.0000000000000000000, -1.000000000000000000 ) ) ;
#9235 = DIRECTION ( 'NONE',  ( 0.0000000000000000000, -1.000000000000000000, 0.0000000000000000000 ) ) ;
#9236 = CARTESIAN_POINT ( 'NONE',  ( -5.932973326963407100, 7.979999999999999500, 3.669999999999999900 ) ) ;
#9237 = AXIS2_PLACEMENT_3D ( 'NONE', #9236, #9235, #9234 ) ;
#9238 = CIRCLE ( 'NONE', #9237, 0.5000000000000000000 ) ;
#9239 = CARTESIAN_POINT ( 'NONE',  ( -8.958849679447642000, 7.979999999999999500, 4.809999999999999600 ) ) ;
#9240 = DIRECTION ( 'NONE',  ( -1.000000000000000000, 0.0000000000000000000, 0.0000000000000000000 ) ) ;
#9241 = VECTOR ( 'NONE', #9240, 1000.000000000000000 ) ;
#9242 = CARTESIAN_POINT ( 'NONE',  ( -8.958849679447642000, 7.979999999999999500, 4.809999999999999600 ) ) ;
#9243 = LINE ( 'NONE', #9242, #9241 ) ;
#9244 = CARTESIAN_POINT ( 'NONE',  ( -12.54999999999999500, 7.979999999999999500, 4.809999999999999600 ) ) ;
#9245 = DIRECTION ( 'NONE',  ( 0.7660444431189840100, 0.6427876096865322600, 0.0000000000000000000 ) ) ;
#9246 = VECTOR ( 'NONE', #9245, 999.9999999999998900 ) ;
#9247 = CARTESIAN_POINT ( 'NONE',  ( -12.54999999999999500, 7.979999999999999500, 4.809999999999999600 ) ) ;
#9248 = LINE ( 'NONE', #9247, #9246 ) ;
#9249 = CARTESIAN_POINT ( 'NONE',  ( -12.85000000000000100, 7.728270110646814600, 4.809999999999999600 ) ) ;
#9250 = CARTESIAN_POINT ( 'NONE',  ( -12.85000000000000100, 7.511729889353179400, 4.809999999999999600 ) ) ;
#9251 = DIRECTION ( 'NONE',  ( 0.0000000000000000000, 1.000000000000000000, 0.0000000000000000000 ) ) ;
#9252 = VECTOR ( 'NONE', #9251, 1000.000000000000000 ) ;
#9253 = CARTESIAN_POINT ( 'NONE',  ( -12.85000000000000100, 7.979999999999999500, 4.809999999999999600 ) ) ;
#9254 = DIRECTION ( 'NONE',  ( 1.000000000000000000, 0.0000000000000000000, -0.0000000000000000000 ) ) ;
#9255 = DIRECTION ( 'NONE',  ( 0.0000000000000000000, -0.0000000000000000000, 1.000000000000000000 ) ) ;
#9256 = AXIS2_PLACEMENT_3D ( 'NONE', #9258, #9255, #9254 ) ;
#9257 = LINE ( 'NONE', #9253, #9252 ) ;
#9258 = CARTESIAN_POINT ( 'NONE',  ( -8.958849679447642000, 7.979999999999999500, 4.809999999999999600 ) ) ;
#9259 = PLANE ( 'NONE',  #9256 ) ;
#9260 = FACE_OUTER_BOUND ( 'NONE', #5030, .T. ) ;
#9261 = DIRECTION ( 'NONE',  ( 0.0000000000000000000, -1.000000000000000000, 0.0000000000000000000 ) ) ;
#9262 = VECTOR ( 'NONE', #9261, 1000.000000000000000 ) ;
#9263 = CARTESIAN_POINT ( 'NONE',  ( -8.958849679447640200, 7.979999999999999500, 5.330000000000001000 ) ) ;
#9264 = LINE ( 'NONE', #9263, #9262 ) ;
#9265 = DIRECTION ( 'NONE',  ( 2.220446049250313100E-016, 0.0000000000000000000, 1.000000000000000000 ) ) ;
#9266 = VECTOR ( 'NONE', #9265, 1000.000000000000000 ) ;
#9267 = CARTESIAN_POINT ( 'NONE',  ( -12.54999999999999500, 7.979999999999999500, 5.330000000000001000 ) ) ;
#9268 = DIRECTION ( 'NONE',  ( 0.0000000000000000000, -0.0000000000000000000, -1.000000000000000000 ) ) ;
#9269 = DIRECTION ( 'NONE',  ( 0.0000000000000000000, -1.000000000000000000, 0.0000000000000000000 ) ) ;
#9270 = AXIS2_PLACEMENT_3D ( 'NONE', #9272, #9269, #9268 ) ;
#9271 = LINE ( 'NONE', #9267, #9266 ) ;
#9272 = CARTESIAN_POINT ( 'NONE',  ( -7.131843215790594200, 7.979999999999999500, 2.649999999999999900 ) ) ;
#9273 = PLANE ( 'NONE',  #9270 ) ;
#9274 = FACE_OUTER_BOUND ( 'NONE', #5083, .T. ) ;
#9275 = DIRECTION ( 'NONE',  ( -0.7135639703685390200, 0.0000000000000000000, 0.7005900799982016600 ) ) ;
#9276 = VECTOR ( 'NONE', #9275, 1000.000000000000100 ) ;
#9277 = CARTESIAN_POINT ( 'NONE',  ( -6.349999999999999600, 7.259999999999998900, 2.649999999999999900 ) ) ;
#9278 = LINE ( 'NONE', #9277, #9276 ) ;
#9279 = CARTESIAN_POINT ( 'NONE',  ( -6.495870200275280800, 7.259999999999998900, 2.793218014815730400 ) ) ;
#9280 = DIRECTION ( 'NONE',  ( 0.0000000000000000000, -1.000000000000000000, 0.0000000000000000000 ) ) ;
#9281 = VECTOR ( 'NONE', #9280, 1000.000000000000000 ) ;
#9282 = CARTESIAN_POINT ( 'NONE',  ( -6.495870200275280800, 7.259999999999998900, 2.793218014815730400 ) ) ;
#9283 = LINE ( 'NONE', #9282, #9281 ) ;
#9284 = CARTESIAN_POINT ( 'NONE',  ( -6.495870200275280800, 7.979999999999999500, 2.793218014815730400 ) ) ;
#9285 = DIRECTION ( 'NONE',  ( -0.7135639703685390200, 0.0000000000000000000, 0.7005900799982016600 ) ) ;
#9286 = VECTOR ( 'NONE', #9285, 1000.000000000000100 ) ;
#9287 = CARTESIAN_POINT ( 'NONE',  ( -6.349999999999999600, 7.979999999999999500, 2.649999999999999900 ) ) ;
#9288 = LINE ( 'NONE', #9287, #9286 ) ;
#9289 = CARTESIAN_POINT ( 'NONE',  ( -6.145575160276179900, 7.979999999999999500, 2.649999999999999900 ) ) ;
#9290 = DIRECTION ( 'NONE',  ( 1.000000000000000000, -0.0000000000000000000, -0.0000000000000000000 ) ) ;
#9291 = VECTOR ( 'NONE', #9290, 1000.000000000000000 ) ;
#9292 = CARTESIAN_POINT ( 'NONE',  ( -7.131843215790594200, 7.979999999999999500, 2.649999999999999900 ) ) ;
#9293 = LINE ( 'NONE', #9292, #9291 ) ;
#9294 = DIRECTION ( 'NONE',  ( 1.000000000000000000, -0.0000000000000000000, -0.0000000000000000000 ) ) ;
#9295 = VECTOR ( 'NONE', #9294, 1000.000000000000000 ) ;
#9296 = CARTESIAN_POINT ( 'NONE',  ( -7.131843215790594200, 7.979999999999999500, 3.169999999999999900 ) ) ;
#9297 = LINE ( 'NONE', #9296, #9295 ) ;
#9298 = DIRECTION ( 'NONE',  ( -0.7005900799982017800, 0.0000000000000000000, -0.7135639703685391400 ) ) ;
#9299 = AXIS2_PLACEMENT_3D ( 'NONE', #9301, #9298, #9359 ) ;
#9300 = CARTESIAN_POINT ( 'NONE',  ( -8.958849679447640200, 7.979999999999999500, 3.810000000000000100 ) ) ;
#9301 = CARTESIAN_POINT ( 'NONE',  ( -6.349999999999999600, 7.979999999999999500, 2.649999999999999900 ) ) ;
#9302 = PLANE ( 'NONE',  #9299 ) ;
#9303 = FACE_OUTER_BOUND ( 'NONE', #5066, .T. ) ;
#9304 = DIRECTION ( 'NONE',  ( -0.7135639703685390200, 0.0000000000000000000, 0.7005900799982016600 ) ) ;
#9305 = VECTOR ( 'NONE', #9304, 1000.000000000000100 ) ;
#9306 = CARTESIAN_POINT ( 'NONE',  ( -6.137398166687226800, 7.979999999999999500, 3.169999999999999900 ) ) ;
#9307 = LINE ( 'NONE', #9306, #9305 ) ;
#9308 = CARTESIAN_POINT ( 'NONE',  ( -6.283268366962508000, 7.979999999999999500, 3.313218014815730400 ) ) ;
#9309 = DIRECTION ( 'NONE',  ( 0.0000000000000000000, 1.000000000000000000, 0.0000000000000000000 ) ) ;
#9310 = VECTOR ( 'NONE', #9309, 1000.000000000000000 ) ;
#9311 = CARTESIAN_POINT ( 'NONE',  ( -6.283268366962508000, 7.979999999999999500, 3.313218014815730400 ) ) ;
#9312 = LINE ( 'NONE', #9311, #9310 ) ;
#9313 = CARTESIAN_POINT ( 'NONE',  ( -6.283268366962508000, 7.259999999999998900, 3.313218014815730400 ) ) ;
#9314 = DIRECTION ( 'NONE',  ( -0.7135639703685390200, 0.0000000000000000000, 0.7005900799982016600 ) ) ;
#9315 = VECTOR ( 'NONE', #9314, 1000.000000000000100 ) ;
#9316 = CARTESIAN_POINT ( 'NONE',  ( -6.137398166687226800, 7.259999999999998900, 3.169999999999999900 ) ) ;
#9317 = LINE ( 'NONE', #9316, #9315 ) ;
#9318 = DIRECTION ( 'NONE',  ( 0.7135639703685390200, 0.0000000000000000000, -0.7005900799982016600 ) ) ;
#9319 = DIRECTION ( 'NONE',  ( 0.7005900799982017800, -0.0000000000000000000, 0.7135639703685391400 ) ) ;
#9320 = AXIS2_PLACEMENT_3D ( 'NONE', #9321, #9319, #9318 ) ;
#9321 = CARTESIAN_POINT ( 'NONE',  ( -6.137398166687226800, 7.979999999999999500, 3.169999999999999900 ) ) ;
#9322 = PLANE ( 'NONE',  #9320 ) ;
#9323 = FACE_OUTER_BOUND ( 'NONE', #4999, .T. ) ;
#9324 = DIRECTION ( 'NONE',  ( 0.0000000000000000000, 0.0000000000000000000, -1.000000000000000000 ) ) ;
#9325 = DIRECTION ( 'NONE',  ( -0.0000000000000000000, -1.000000000000000000, -0.0000000000000000000 ) ) ;
#9326 = CARTESIAN_POINT ( 'NONE',  ( -8.958849679447640200, 7.979999999999999500, 3.810000000000000100 ) ) ;
#9327 = AXIS2_PLACEMENT_3D ( 'NONE', #9326, #9325, #9324 ) ;
#9328 = CIRCLE ( 'NONE', #9327, 1.000000000000000000 ) ;
#9329 = DIRECTION ( 'NONE',  ( 1.000000000000000000, 0.0000000000000000000, -0.0000000000000000000 ) ) ;
#9330 = DIRECTION ( 'NONE',  ( 0.0000000000000000000, 0.0000000000000000000, 1.000000000000000000 ) ) ;
#9331 = AXIS2_PLACEMENT_3D ( 'NONE', #9333, #9330, #9329 ) ;
#9332 = FACE_OUTER_BOUND ( 'NONE', #5146, .T. ) ;
#9333 = CARTESIAN_POINT ( 'NONE',  ( -7.131843215790594200, 7.979999999999999500, 2.649999999999999900 ) ) ;
#9334 = PLANE ( 'NONE',  #9331 ) ;
#9335 = FACE_OUTER_BOUND ( 'NONE', #5140, .T. ) ;
#9336 = DIRECTION ( 'NONE',  ( 0.0000000000000000000, 0.0000000000000000000, 1.000000000000000000 ) ) ;
#9337 = DIRECTION ( 'NONE',  ( 0.0000000000000000000, 1.000000000000000000, -0.0000000000000000000 ) ) ;
#9338 = CARTESIAN_POINT ( 'NONE',  ( -5.932973326963407100, 7.259999999999998900, 3.669999999999999900 ) ) ;
#9339 = AXIS2_PLACEMENT_3D ( 'NONE', #9338, #9337, #9336 ) ;
#9340 = CIRCLE ( 'NONE', #9339, 0.5000000000000000000 ) ;
#9341 = DIRECTION ( 'NONE',  ( 1.000000000000000000, -0.0000000000000000000, -0.0000000000000000000 ) ) ;
#9342 = VECTOR ( 'NONE', #9341, 1000.000000000000000 ) ;
#9343 = CARTESIAN_POINT ( 'NONE',  ( -7.131843215790594200, 7.259999999999998900, 2.649999999999999900 ) ) ;
#9344 = LINE ( 'NONE', #9343, #9342 ) ;
#9345 = DIRECTION ( 'NONE',  ( 0.0000000000000000000, 0.0000000000000000000, 1.000000000000000000 ) ) ;
#9346 = DIRECTION ( 'NONE',  ( 0.0000000000000000000, 1.000000000000000000, 0.0000000000000000000 ) ) ;
#9347 = CARTESIAN_POINT ( 'NONE',  ( -5.932973326963407100, 7.979999999999999500, 3.669999999999999900 ) ) ;
#9348 = AXIS2_PLACEMENT_3D ( 'NONE', #9347, #9346, #9345 ) ;
#9349 = CYLINDRICAL_SURFACE ( 'NONE', #9348, 0.5000000000000000000 ) ;
#9350 = FACE_OUTER_BOUND ( 'NONE', #5118, .T. ) ;
#9351 = DIRECTION ( 'NONE',  ( 2.220446049250313100E-016, 0.0000000000000000000, 1.000000000000000000 ) ) ;
#9352 = VECTOR ( 'NONE', #9351, 1000.000000000000000 ) ;
#9353 = CARTESIAN_POINT ( 'NONE',  ( -12.85000000000000000, 7.511729889353179400, 5.330000000000000100 ) ) ;
#9354 = LINE ( 'NONE', #9353, #9352 ) ;
#9355 = DIRECTION ( 'NONE',  ( 0.0000000000000000000, 0.0000000000000000000, -1.000000000000000000 ) ) ;
#9356 = DIRECTION ( 'NONE',  ( -0.0000000000000000000, -1.000000000000000000, -0.0000000000000000000 ) ) ;
#9357 = AXIS2_PLACEMENT_3D ( 'NONE', #9300, #9356, #9355 ) ;
#9358 = CIRCLE ( 'NONE', #9357, 1.520000000000000500 ) ;
#9359 = DIRECTION ( 'NONE',  ( -0.7135639703685390200, 0.0000000000000000000, 0.7005900799982016600 ) ) ;
#9360 = CARTESIAN_POINT ( 'NONE',  ( -5.932973326963407100, 7.259999999999998900, 3.169999999999999900 ) ) ;
#9361 = LINE ( 'NONE', #9424, #9423 ) ;
#9362 = DIRECTION ( 'NONE',  ( -0.0000000000000000000, -1.000000000000000000, -0.0000000000000000000 ) ) ;
#9363 = VECTOR ( 'NONE', #9362, 1000.000000000000000 ) ;
#9364 = CARTESIAN_POINT ( 'NONE',  ( -5.932973326963407100, 7.979999999999999500, 3.169999999999999900 ) ) ;
#9365 = LINE ( 'NONE', #9364, #9363 ) ;
#9366 = DIRECTION ( 'NONE',  ( -1.000000000000000000, 0.0000000000000000000, 0.0000000000000000000 ) ) ;
#9367 = DIRECTION ( 'NONE',  ( -0.0000000000000000000, 0.0000000000000000000, -1.000000000000000000 ) ) ;
#9368 = AXIS2_PLACEMENT_3D ( 'NONE', #9369, #9367, #9366 ) ;
#9369 = CARTESIAN_POINT ( 'NONE',  ( -7.131843215790594200, 7.979999999999999500, 3.169999999999999900 ) ) ;
#9370 = PLANE ( 'NONE',  #9368 ) ;
#9371 = FACE_OUTER_BOUND ( 'NONE', #5166, .T. ) ;
#9372 = DIRECTION ( 'NONE',  ( 0.0000000000000000000, 0.0000000000000000000, -1.000000000000000000 ) ) ;
#9373 = DIRECTION ( 'NONE',  ( -0.0000000000000000000, 1.000000000000000000, -0.0000000000000000000 ) ) ;
#9374 = CARTESIAN_POINT ( 'NONE',  ( -6.145575160276179900, 7.979999999999999500, 3.149999999999999900 ) ) ;
#9375 = AXIS2_PLACEMENT_3D ( 'NONE', #9374, #9373, #9372 ) ;
#9376 = CIRCLE ( 'NONE', #9375, 0.5000000000000000000 ) ;
#9377 = CARTESIAN_POINT ( 'NONE',  ( -6.145575160276179900, 7.259999999999998900, 2.649999999999999900 ) ) ;
#9378 = DIRECTION ( 'NONE',  ( 0.0000000000000000000, 0.0000000000000000000, 1.000000000000000000 ) ) ;
#9379 = DIRECTION ( 'NONE',  ( -0.0000000000000000000, -1.000000000000000000, 0.0000000000000000000 ) ) ;
#9380 = CARTESIAN_POINT ( 'NONE',  ( -6.145575160276179900, 7.259999999999998900, 3.149999999999999900 ) ) ;
#9381 = AXIS2_PLACEMENT_3D ( 'NONE', #9380, #9379, #9378 ) ;
#9382 = CIRCLE ( 'NONE', #9381, 0.5000000000000000000 ) ;
#9383 = DIRECTION ( 'NONE',  ( -2.220446049250313100E-016, 0.0000000000000000000, -1.000000000000000000 ) ) ;
#9384 = VECTOR ( 'NONE', #9383, 1000.000000000000000 ) ;
#9385 = CARTESIAN_POINT ( 'NONE',  ( -12.55000000000000200, 7.259999999999998900, 4.809999999999999600 ) ) ;
#9386 = DIRECTION ( 'NONE',  ( 0.0000000000000000000, 0.0000000000000000000, 1.000000000000000000 ) ) ;
#9387 = DIRECTION ( 'NONE',  ( 0.0000000000000000000, 1.000000000000000000, -0.0000000000000000000 ) ) ;
#9388 = CARTESIAN_POINT ( 'NONE',  ( -7.131843215790594200, 7.259999999999998900, 2.649999999999999900 ) ) ;
#9389 = AXIS2_PLACEMENT_3D ( 'NONE', #9388, #9387, #9386 ) ;
#9390 = PLANE ( 'NONE',  #9389 ) ;
#9391 = LINE ( 'NONE', #9385, #9384 ) ;
#9392 = CARTESIAN_POINT ( 'NONE',  ( -6.145575160276179900, 7.979999999999999500, 3.149999999999999900 ) ) ;
#9393 = AXIS2_PLACEMENT_3D ( 'NONE', #9392, #9400, #8882 ) ;
#9394 =( NAMED_UNIT ( * ) SI_UNIT ( $, .STERADIAN. ) SOLID_ANGLE_UNIT ( ) );
#9395 = CYLINDRICAL_SURFACE ( 'NONE', #9393, 0.5000000000000000000 ) ;
#9396 = FACE_OUTER_BOUND ( 'NONE', #5226, .T. ) ;
#9397 = DIRECTION ( 'NONE',  ( -1.000000000000000000, 0.0000000000000000000, 0.0000000000000000000 ) ) ;
#9398 = DIRECTION ( 'NONE',  ( -0.0000000000000000000, 0.0000000000000000000, -1.000000000000000000 ) ) ;
#9399 = AXIS2_PLACEMENT_3D ( 'NONE', #9401, #9398, #9397 ) ;
#9400 = DIRECTION ( 'NONE',  ( 0.0000000000000000000, 1.000000000000000000, 0.0000000000000000000 ) ) ;
#9401 = CARTESIAN_POINT ( 'NONE',  ( -8.958849679447640200, 5.439999999999998600, 5.330000000000001000 ) ) ;
#9402 = PLANE ( 'NONE',  #9399 ) ;
#9403 = DIRECTION ( 'NONE',  ( 0.7660444431189811200, -0.6427876096865357000, 0.0000000000000000000 ) ) ;
#9404 = DIRECTION ( 'NONE',  ( -0.6427876096865357000, -0.7660444431189811200, 1.427275208435520500E-016 ) ) ;
#9405 = CARTESIAN_POINT ( 'NONE',  ( -12.55000000000000200, 7.259999999999998900, 2.650000000000001200 ) ) ;
#9406 = AXIS2_PLACEMENT_3D ( 'NONE', #9405, #9404, #9403 ) ;
#9407 = FACE_OUTER_BOUND ( 'NONE', #5304, .T. ) ;
#9408 = PLANE ( 'NONE',  #9406 ) ;
#9409 = FACE_OUTER_BOUND ( 'NONE', #5203, .T. ) ;
#9410 = CARTESIAN_POINT ( 'NONE',  ( -8.958849679447642000, 4.719999999999998900, 5.330000000000000100 ) ) ;
#9411 = CARTESIAN_POINT ( 'NONE',  ( -12.55000000000000100, 4.719999999999998900, 5.330000000000000100 ) ) ;
#9412 = DIRECTION ( 'NONE',  ( 0.7660444431189811200, -0.6427876096865355900, 0.0000000000000000000 ) ) ;
#9413 = VECTOR ( 'NONE', #9412, 1000.000000000000100 ) ;
#9414 = CARTESIAN_POINT ( 'NONE',  ( -12.55000000000000200, 4.719999999999998900, 5.330000000000001000 ) ) ;
#9415 = LINE ( 'NONE', #9414, #9413 ) ;
#9416 = CARTESIAN_POINT ( 'NONE',  ( -12.85000000000000000, 4.971729889353179400, 5.330000000000001000 ) ) ;
#9417 = DIRECTION ( 'NONE',  ( 0.0000000000000000000, -1.000000000000000000, 0.0000000000000000000 ) ) ;
#9418 = VECTOR ( 'NONE', #9417, 1000.000000000000000 ) ;
#9419 = CARTESIAN_POINT ( 'NONE',  ( -12.85000000000000000, 5.439999999999998600, 5.330000000000001000 ) ) ;
#9420 = LINE ( 'NONE', #9419, #9418 ) ;
#9421 = CARTESIAN_POINT ( 'NONE',  ( -12.85000000000000000, 5.188270110646814500, 5.330000000000001000 ) ) ;
#9422 = DIRECTION ( 'NONE',  ( 1.000000000000000000, -0.0000000000000000000, -0.0000000000000000000 ) ) ;
#9423 = VECTOR ( 'NONE', #9422, 1000.000000000000000 ) ;
#9424 = CARTESIAN_POINT ( 'NONE',  ( -7.131843215790594200, 7.259999999999998900, 3.169999999999999900 ) ) ;
#9425 = DIRECTION ( 'NONE',  ( 0.0000000000000000000, 1.000000000000000000, 0.0000000000000000000 ) ) ;
#9426 = VECTOR ( 'NONE', #9425, 1000.000000000000000 ) ;
#9427 = CARTESIAN_POINT ( 'NONE',  ( -8.958849679447642000, 5.439999999999998600, 4.809999999999999600 ) ) ;
#9428 = LINE ( 'NONE', #9427, #9426 ) ;
#9429 = CARTESIAN_POINT ( 'NONE',  ( -8.958849679447642000, 5.439999999999998600, 4.809999999999999600 ) ) ;
#9430 = DIRECTION ( 'NONE',  ( 0.0000000000000000000, 0.0000000000000000000, -1.000000000000000000 ) ) ;
#9431 = DIRECTION ( 'NONE',  ( -0.0000000000000000000, -1.000000000000000000, -0.0000000000000000000 ) ) ;
#9432 = CARTESIAN_POINT ( 'NONE',  ( -8.958849679447640200, 4.719999999999998900, 3.810000000000000100 ) ) ;
#9433 = AXIS2_PLACEMENT_3D ( 'NONE', #9432, #9431, #9430 ) ;
#9434 = CIRCLE ( 'NONE', #9433, 0.9999999999999995600 ) ;
#9435 = CARTESIAN_POINT ( 'NONE',  ( -8.258259599449440100, 5.439999999999998600, 4.523563970368541300 ) ) ;
#9436 = CARTESIAN_POINT ( 'NONE',  ( -8.258259599449440100, 4.719999999999998900, 4.523563970368540400 ) ) ;
#9437 = DIRECTION ( 'NONE',  ( -2.220446049250313100E-016, 0.0000000000000000000, -1.000000000000000000 ) ) ;
#9438 = VECTOR ( 'NONE', #9437, 1000.000000000000000 ) ;
#9439 = CARTESIAN_POINT ( 'NONE',  ( -12.85000000000000000, 7.728270110646815500, 4.809999999999999600 ) ) ;
#9440 = DIRECTION ( 'NONE',  ( 2.220446049250313100E-016, 0.0000000000000000000, 1.000000000000000000 ) ) ;
#9441 = DIRECTION ( 'NONE',  ( -1.000000000000000000, 0.0000000000000000000, 2.220446049250313100E-016 ) ) ;
#9442 = CARTESIAN_POINT ( 'NONE',  ( -12.85000000000000000, 7.619999999999999200, 5.070000000000000300 ) ) ;
#9443 = AXIS2_PLACEMENT_3D ( 'NONE', #9442, #9441, #9440 ) ;
#9444 = PLANE ( 'NONE',  #9443 ) ;
#9445 = LINE ( 'NONE', #9439, #9438 ) ;
#9446 = FACE_OUTER_BOUND ( 'NONE', #5240, .T. ) ;
#9447 = DIRECTION ( 'NONE',  ( -0.0000000000000000000, 1.000000000000000000, -0.0000000000000000000 ) ) ;
#9448 = VECTOR ( 'NONE', #9447, 1000.000000000000000 ) ;
#9449 = CARTESIAN_POINT ( 'NONE',  ( -6.145575160276179900, 7.979999999999999500, 2.649999999999999900 ) ) ;
#9450 = DIRECTION ( 'NONE',  ( -0.7660444431189840100, -0.6427876096865322600, 0.0000000000000000000 ) ) ;
#9451 = DIRECTION ( 'NONE',  ( -0.6427876096865322600, 0.7660444431189840100, 1.427275208435512800E-016 ) ) ;
#9452 = CARTESIAN_POINT ( 'NONE',  ( -12.54999999999999500, 7.979999999999999500, 2.650000000000001200 ) ) ;
#9453 = LINE ( 'NONE', #9449, #9448 ) ;
#9454 = AXIS2_PLACEMENT_3D ( 'NONE', #9452, #9451, #9450 ) ;
#9455 = PLANE ( 'NONE',  #9454 ) ;
#9456 = FACE_OUTER_BOUND ( 'NONE', #5192, .T. ) ;
#9457 = FACE_OUTER_BOUND ( 'NONE', #5287, .T. ) ;
#9458 = DIRECTION ( 'NONE',  ( 0.0000000000000000000, -1.000000000000000000, 0.0000000000000000000 ) ) ;
#9459 = VECTOR ( 'NONE', #9458, 1000.000000000000000 ) ;
#9460 = CARTESIAN_POINT ( 'NONE',  ( -8.958849679447640200, 5.439999999999998600, 5.330000000000001000 ) ) ;
#9461 = LINE ( 'NONE', #9460, #9459 ) ;
#9462 = DIRECTION ( 'NONE',  ( -1.000000000000000000, 0.0000000000000000000, 0.0000000000000000000 ) ) ;
#9463 = VECTOR ( 'NONE', #9462, 1000.000000000000000 ) ;
#9464 = CARTESIAN_POINT ( 'NONE',  ( -8.958849679447642000, 4.719999999999998900, 5.330000000000000100 ) ) ;
#9465 = LINE ( 'NONE', #9464, #9463 ) ;
#9466 = CARTESIAN_POINT ( 'NONE',  ( -7.893952757850375000, 4.719999999999998900, 4.894617234960180400 ) ) ;
#9467 = CARTESIAN_POINT ( 'NONE',  ( -7.893952757850374100, 5.439999999999998600, 4.894617234960180400 ) ) ;
#9468 = DIRECTION ( 'NONE',  ( 0.0000000000000000000, -1.000000000000000000, 0.0000000000000000000 ) ) ;
#9469 = VECTOR ( 'NONE', #9468, 1000.000000000000000 ) ;
#9470 = CARTESIAN_POINT ( 'NONE',  ( -7.893952757850374100, 5.439999999999998600, 4.894617234960180400 ) ) ;
#9471 = LINE ( 'NONE', #9470, #9469 ) ;
#9472 = DIRECTION ( 'NONE',  ( 0.0000000000000000000, 0.0000000000000000000, -1.000000000000000000 ) ) ;
#9473 = DIRECTION ( 'NONE',  ( -0.0000000000000000000, -1.000000000000000000, -0.0000000000000000000 ) ) ;
#9474 = CARTESIAN_POINT ( 'NONE',  ( -8.958849679447640200, 5.079999999999999200, 3.810000000000000100 ) ) ;
#9475 = AXIS2_PLACEMENT_3D ( 'NONE', #9474, #9473, #9472 ) ;
#9476 = CYLINDRICAL_SURFACE ( 'NONE', #9475, 1.519999999999999600 ) ;
#9477 = FACE_OUTER_BOUND ( 'NONE', #5267, .T. ) ;
#9478 = DIRECTION ( 'NONE',  ( -0.7660444431189811200, 0.6427876096865355900, 0.0000000000000000000 ) ) ;
#9479 = VECTOR ( 'NONE', #9478, 1000.000000000000100 ) ;
#9480 = CARTESIAN_POINT ( 'NONE',  ( -12.55000000000000200, 4.719999999999998900, 4.809999999999999600 ) ) ;
#9481 = LINE ( 'NONE', #9480, #9479 ) ;
#9482 = CARTESIAN_POINT ( 'NONE',  ( -12.55000000000000100, 4.719999999999998900, 4.809999999999999600 ) ) ;
#9483 = DIRECTION ( 'NONE',  ( -1.000000000000000000, 0.0000000000000000000, 0.0000000000000000000 ) ) ;
#9484 = VECTOR ( 'NONE', #9483, 1000.000000000000000 ) ;
#9485 = CARTESIAN_POINT ( 'NONE',  ( -8.958849679447642000, 4.719999999999998900, 4.809999999999999600 ) ) ;
#9486 = LINE ( 'NONE', #9485, #9484 ) ;
#9487 = CARTESIAN_POINT ( 'NONE',  ( -8.958849679447642000, 4.719999999999998900, 4.809999999999999600 ) ) ;
#9488 = CARTESIAN_POINT ( 'NONE',  ( -5.932973326963407100, 5.439999999999998600, 3.169999999999999900 ) ) ;
#9489 = DIRECTION ( 'NONE',  ( -0.7660444431189840100, -0.6427876096865322600, 0.0000000000000000000 ) ) ;
#9490 = VECTOR ( 'NONE', #9489, 999.9999999999998900 ) ;
#9491 = CARTESIAN_POINT ( 'NONE',  ( -12.54999999999999500, 5.439999999999998600, 5.330000000000001000 ) ) ;
#9492 = LINE ( 'NONE', #9491, #9490 ) ;
#9493 = CARTESIAN_POINT ( 'NONE',  ( -12.54999999999999700, 5.439999999999998600, 5.330000000000001000 ) ) ;
#9494 = CARTESIAN_POINT ( 'NONE',  ( -8.958849679447640200, 5.439999999999998600, 5.330000000000001000 ) ) ;
#9495 = DIRECTION ( 'NONE',  ( -1.000000000000000000, 0.0000000000000000000, 0.0000000000000000000 ) ) ;
#9496 = VECTOR ( 'NONE', #9495, 1000.000000000000000 ) ;
#9497 = CARTESIAN_POINT ( 'NONE',  ( -8.958849679447640200, 5.439999999999998600, 5.330000000000001000 ) ) ;
#9498 = LINE ( 'NONE', #9497, #9496 ) ;
#9499 = DIRECTION ( 'NONE',  ( -1.000000000000000000, 0.0000000000000000000, 0.0000000000000000000 ) ) ;
#9500 = VECTOR ( 'NONE', #9499, 1000.000000000000000 ) ;
#9501 = CARTESIAN_POINT ( 'NONE',  ( -8.958849679447642000, 5.439999999999998600, 4.809999999999999600 ) ) ;
#9502 = LINE ( 'NONE', #9501, #9500 ) ;
#9503 = CARTESIAN_POINT ( 'NONE',  ( -12.54999999999999500, 5.439999999999998600, 4.809999999999999600 ) ) ;
#9504 = DIRECTION ( 'NONE',  ( 0.7660444431189840100, 0.6427876096865322600, 0.0000000000000000000 ) ) ;
#9505 = VECTOR ( 'NONE', #9504, 999.9999999999998900 ) ;
#9506 = CARTESIAN_POINT ( 'NONE',  ( -12.54999999999999500, 5.439999999999998600, 4.809999999999999600 ) ) ;
#9507 = LINE ( 'NONE', #9506, #9505 ) ;
#9508 = CARTESIAN_POINT ( 'NONE',  ( -12.85000000000000100, 5.188270110646813600, 4.809999999999999600 ) ) ;
#9509 = CARTESIAN_POINT ( 'NONE',  ( -12.85000000000000100, 4.971729889353179400, 4.809999999999999600 ) ) ;
#9510 = DIRECTION ( 'NONE',  ( 0.0000000000000000000, 1.000000000000000000, 0.0000000000000000000 ) ) ;
#9511 = VECTOR ( 'NONE', #9510, 1000.000000000000000 ) ;
#9512 = CARTESIAN_POINT ( 'NONE',  ( -12.85000000000000100, 5.439999999999998600, 4.809999999999999600 ) ) ;
#9513 = DIRECTION ( 'NONE',  ( 1.000000000000000000, 0.0000000000000000000, -0.0000000000000000000 ) ) ;
#9514 = DIRECTION ( 'NONE',  ( 0.0000000000000000000, -0.0000000000000000000, 1.000000000000000000 ) ) ;
#9515 = AXIS2_PLACEMENT_3D ( 'NONE', #9517, #9514, #9513 ) ;
#9516 = LINE ( 'NONE', #9512, #9511 ) ;
#9517 = CARTESIAN_POINT ( 'NONE',  ( -8.958849679447642000, 5.439999999999998600, 4.809999999999999600 ) ) ;
#9518 = PLANE ( 'NONE',  #9515 ) ;
#9519 = PLANE ( 'NONE',  #9520 ) ;
#9520 = AXIS2_PLACEMENT_3D ( 'NONE', #9582, #9581, #9580 ) ;
#9521 = FACE_OUTER_BOUND ( 'NONE', #5253, .T. ) ;
#9522 = DIRECTION ( 'NONE',  ( 0.0000000000000000000, 0.0000000000000000000, -1.000000000000000000 ) ) ;
#9523 = DIRECTION ( 'NONE',  ( -0.0000000000000000000, -1.000000000000000000, -0.0000000000000000000 ) ) ;
#9524 = AXIS2_PLACEMENT_3D ( 'NONE', #9529, #9523, #9522 ) ;
#9525 = CIRCLE ( 'NONE', #9524, 1.000000000000000000 ) ;
#9526 = DIRECTION ( 'NONE',  ( 0.0000000000000000000, -0.0000000000000000000, -1.000000000000000000 ) ) ;
#9527 = DIRECTION ( 'NONE',  ( 0.0000000000000000000, -1.000000000000000000, 0.0000000000000000000 ) ) ;
#9528 = AXIS2_PLACEMENT_3D ( 'NONE', #9530, #9527, #9526 ) ;
#9529 = CARTESIAN_POINT ( 'NONE',  ( -8.958849679447640200, 5.439999999999998600, 3.810000000000000100 ) ) ;
#9530 = CARTESIAN_POINT ( 'NONE',  ( -7.131843215790594200, 5.439999999999998600, 2.649999999999999900 ) ) ;
#9531 = PLANE ( 'NONE',  #9528 ) ;
#9532 = FACE_OUTER_BOUND ( 'NONE', #5337, .T. ) ;
#9533 = DIRECTION ( 'NONE',  ( -0.7135639703685390200, 0.0000000000000000000, 0.7005900799982016600 ) ) ;
#9534 = VECTOR ( 'NONE', #9533, 1000.000000000000100 ) ;
#9535 = CARTESIAN_POINT ( 'NONE',  ( -6.349999999999999600, 4.719999999999998900, 2.649999999999999900 ) ) ;
#9536 = LINE ( 'NONE', #9535, #9534 ) ;
#9537 = CARTESIAN_POINT ( 'NONE',  ( -6.495870200275280800, 4.719999999999998900, 2.793218014815730400 ) ) ;
#9538 = DIRECTION ( 'NONE',  ( 0.0000000000000000000, -1.000000000000000000, 0.0000000000000000000 ) ) ;
#9539 = VECTOR ( 'NONE', #9538, 1000.000000000000000 ) ;
#9540 = CARTESIAN_POINT ( 'NONE',  ( -6.495870200275280800, 4.719999999999998900, 2.793218014815730400 ) ) ;
#9541 = LINE ( 'NONE', #9540, #9539 ) ;
#9542 = CARTESIAN_POINT ( 'NONE',  ( -6.495870200275280800, 5.439999999999998600, 2.793218014815730400 ) ) ;
#9543 = DIRECTION ( 'NONE',  ( -0.7135639703685390200, 0.0000000000000000000, 0.7005900799982016600 ) ) ;
#9544 = VECTOR ( 'NONE', #9543, 1000.000000000000100 ) ;
#9545 = CARTESIAN_POINT ( 'NONE',  ( -6.349999999999999600, 5.439999999999998600, 2.649999999999999900 ) ) ;
#9546 = LINE ( 'NONE', #9545, #9544 ) ;
#9547 = DIRECTION ( 'NONE',  ( 1.000000000000000000, -0.0000000000000000000, -0.0000000000000000000 ) ) ;
#9548 = VECTOR ( 'NONE', #9547, 1000.000000000000000 ) ;
#9549 = CARTESIAN_POINT ( 'NONE',  ( -7.131843215790594200, 5.439999999999998600, 3.169999999999999900 ) ) ;
#9550 = LINE ( 'NONE', #9549, #9548 ) ;
#9551 = CARTESIAN_POINT ( 'NONE',  ( -8.958849679447640200, 4.719999999999998900, 3.810000000000000100 ) ) ;
#9552 = AXIS2_PLACEMENT_3D ( 'NONE', #9551, #9615, #9614 ) ;
#9553 = CIRCLE ( 'NONE', #9552, 1.519999999999999100 ) ;
#9554 = FACE_OUTER_BOUND ( 'NONE', #5376, .T. ) ;
#9555 = DIRECTION ( 'NONE',  ( 0.0000000000000000000, 0.0000000000000000000, -1.000000000000000000 ) ) ;
#9556 = DIRECTION ( 'NONE',  ( -0.0000000000000000000, -1.000000000000000000, -0.0000000000000000000 ) ) ;
#9557 = AXIS2_PLACEMENT_3D ( 'NONE', #9562, #9556, #9555 ) ;
#9558 = CIRCLE ( 'NONE', #9557, 1.520000000000000500 ) ;
#9559 = DIRECTION ( 'NONE',  ( -0.7135639703685390200, 0.0000000000000000000, 0.7005900799982016600 ) ) ;
#9560 = DIRECTION ( 'NONE',  ( -0.7005900799982017800, 0.0000000000000000000, -0.7135639703685391400 ) ) ;
#9561 = AXIS2_PLACEMENT_3D ( 'NONE', #9563, #9560, #9559 ) ;
#9562 = CARTESIAN_POINT ( 'NONE',  ( -8.958849679447640200, 5.439999999999998600, 3.810000000000000100 ) ) ;
#9563 = CARTESIAN_POINT ( 'NONE',  ( -6.349999999999999600, 5.439999999999998600, 2.649999999999999900 ) ) ;
#9564 = PLANE ( 'NONE',  #9561 ) ;
#9565 = FACE_OUTER_BOUND ( 'NONE', #5320, .T. ) ;
#9566 = DIRECTION ( 'NONE',  ( -0.7135639703685390200, 0.0000000000000000000, 0.7005900799982016600 ) ) ;
#9567 = VECTOR ( 'NONE', #9566, 1000.000000000000100 ) ;
#9568 = CARTESIAN_POINT ( 'NONE',  ( -6.137398166687226800, 5.439999999999998600, 3.169999999999999900 ) ) ;
#9569 = LINE ( 'NONE', #9568, #9567 ) ;
#9570 = CARTESIAN_POINT ( 'NONE',  ( -6.283268366962508000, 5.439999999999998600, 3.313218014815730400 ) ) ;
#9571 = DIRECTION ( 'NONE',  ( 0.0000000000000000000, 1.000000000000000000, 0.0000000000000000000 ) ) ;
#9572 = VECTOR ( 'NONE', #9571, 1000.000000000000000 ) ;
#9573 = CARTESIAN_POINT ( 'NONE',  ( -6.283268366962508000, 5.439999999999998600, 3.313218014815730400 ) ) ;
#9574 = LINE ( 'NONE', #9573, #9572 ) ;
#9575 = CARTESIAN_POINT ( 'NONE',  ( -6.283268366962508000, 4.719999999999998900, 3.313218014815730400 ) ) ;
#9576 = DIRECTION ( 'NONE',  ( -0.7135639703685390200, 0.0000000000000000000, 0.7005900799982016600 ) ) ;
#9577 = VECTOR ( 'NONE', #9576, 1000.000000000000100 ) ;
#9578 = CARTESIAN_POINT ( 'NONE',  ( -6.137398166687226800, 4.719999999999998900, 3.169999999999999900 ) ) ;
#9579 = LINE ( 'NONE', #9578, #9577 ) ;
#9580 = DIRECTION ( 'NONE',  ( 0.7135639703685390200, 0.0000000000000000000, -0.7005900799982016600 ) ) ;
#9581 = DIRECTION ( 'NONE',  ( 0.7005900799982017800, -0.0000000000000000000, 0.7135639703685391400 ) ) ;
#9582 = CARTESIAN_POINT ( 'NONE',  ( -6.137398166687226800, 5.439999999999998600, 3.169999999999999900 ) ) ;
#9583 = DIRECTION ( 'NONE',  ( 0.0000000000000000000, 0.0000000000000000000, 1.000000000000000000 ) ) ;
#9584 = DIRECTION ( 'NONE',  ( 0.0000000000000000000, 1.000000000000000000, -0.0000000000000000000 ) ) ;
#9585 = CARTESIAN_POINT ( 'NONE',  ( -7.131843215790594200, 4.719999999999998900, 2.649999999999999900 ) ) ;
#9586 = AXIS2_PLACEMENT_3D ( 'NONE', #9585, #9584, #9583 ) ;
#9587 = PLANE ( 'NONE',  #9586 ) ;
#9588 = LINE ( 'NONE', #9645, #9644 ) ;
#9589 = FACE_OUTER_BOUND ( 'NONE', #5403, .T. ) ;
#9590 = DIRECTION ( 'NONE',  ( 1.000000000000000000, -0.0000000000000000000, -0.0000000000000000000 ) ) ;
#9591 = VECTOR ( 'NONE', #9590, 1000.000000000000000 ) ;
#9592 = CARTESIAN_POINT ( 'NONE',  ( -7.131843215790594200, 4.719999999999998900, 3.169999999999999900 ) ) ;
#9593 = LINE ( 'NONE', #9592, #9591 ) ;
#9594 = DIRECTION ( 'NONE',  ( 1.000000000000000000, 0.0000000000000000000, -0.0000000000000000000 ) ) ;
#9595 = DIRECTION ( 'NONE',  ( 0.0000000000000000000, 0.0000000000000000000, 1.000000000000000000 ) ) ;
#9596 = AXIS2_PLACEMENT_3D ( 'NONE', #9597, #9595, #9594 ) ;
#9597 = CARTESIAN_POINT ( 'NONE',  ( -7.131843215790594200, 5.439999999999998600, 2.649999999999999900 ) ) ;
#9598 = PLANE ( 'NONE',  #9596 ) ;
#9599 = FACE_OUTER_BOUND ( 'NONE', #5393, .T. ) ;
#9600 = DIRECTION ( 'NONE',  ( 0.0000000000000000000, 0.0000000000000000000, 1.000000000000000000 ) ) ;
#9601 = DIRECTION ( 'NONE',  ( 0.0000000000000000000, 1.000000000000000000, -0.0000000000000000000 ) ) ;
#9602 = CARTESIAN_POINT ( 'NONE',  ( -5.932973326963407100, 4.719999999999998900, 3.669999999999999900 ) ) ;
#9603 = AXIS2_PLACEMENT_3D ( 'NONE', #9602, #9601, #9600 ) ;
#9604 = CIRCLE ( 'NONE', #9603, 0.5000000000000000000 ) ;
#9605 = DIRECTION ( 'NONE',  ( 0.0000000000000000000, 1.000000000000000000, 0.0000000000000000000 ) ) ;
#9606 = VECTOR ( 'NONE', #9605, 1000.000000000000000 ) ;
#9607 = CARTESIAN_POINT ( 'NONE',  ( -8.258259599449440100, 5.439999999999998600, 4.523563970368540400 ) ) ;
#9608 = LINE ( 'NONE', #9607, #9606 ) ;
#9609 = DIRECTION ( 'NONE',  ( 0.0000000000000000000, 0.0000000000000000000, -1.000000000000000000 ) ) ;
#9610 = DIRECTION ( 'NONE',  ( -0.0000000000000000000, -1.000000000000000000, -0.0000000000000000000 ) ) ;
#9611 = AXIS2_PLACEMENT_3D ( 'NONE', #9613, #9610, #9609 ) ;
#9612 = CYLINDRICAL_SURFACE ( 'NONE', #9611, 1.000000000000000000 ) ;
#9613 = CARTESIAN_POINT ( 'NONE',  ( -8.958849679447640200, 5.079999999999999200, 3.810000000000000100 ) ) ;
#9614 = DIRECTION ( 'NONE',  ( 0.0000000000000000000, 0.0000000000000000000, -1.000000000000000000 ) ) ;
#9615 = DIRECTION ( 'NONE',  ( -0.0000000000000000000, -1.000000000000000000, -0.0000000000000000000 ) ) ;
#9616 = CARTESIAN_POINT ( 'NONE',  ( -5.932973326963407100, 4.719999999999998900, 3.169999999999999900 ) ) ;
#9617 = DIRECTION ( 'NONE',  ( -0.0000000000000000000, -1.000000000000000000, -0.0000000000000000000 ) ) ;
#9618 = VECTOR ( 'NONE', #9617, 1000.000000000000000 ) ;
#9619 = CARTESIAN_POINT ( 'NONE',  ( -5.932973326963407100, 5.439999999999998600, 3.169999999999999900 ) ) ;
#9620 = DIRECTION ( 'NONE',  ( -1.000000000000000000, 0.0000000000000000000, 0.0000000000000000000 ) ) ;
#9621 = DIRECTION ( 'NONE',  ( -0.0000000000000000000, 0.0000000000000000000, -1.000000000000000000 ) ) ;
#9622 = AXIS2_PLACEMENT_3D ( 'NONE', #9624, #9621, #9620 ) ;
#9623 = LINE ( 'NONE', #9619, #9618 ) ;
#9624 = CARTESIAN_POINT ( 'NONE',  ( -7.131843215790594200, 5.439999999999998600, 3.169999999999999900 ) ) ;
#9625 = PLANE ( 'NONE',  #9622 ) ;
#9626 = FACE_OUTER_BOUND ( 'NONE', #5425, .T. ) ;
#9627 = DIRECTION ( 'NONE',  ( 0.0000000000000000000, 0.0000000000000000000, -1.000000000000000000 ) ) ;
#9628 = DIRECTION ( 'NONE',  ( -0.0000000000000000000, 1.000000000000000000, -0.0000000000000000000 ) ) ;
#9629 = CARTESIAN_POINT ( 'NONE',  ( -6.145575160276179900, 5.439999999999998600, 3.149999999999999900 ) ) ;
#9630 = AXIS2_PLACEMENT_3D ( 'NONE', #9629, #9628, #9627 ) ;
#9631 = CIRCLE ( 'NONE', #9630, 0.5000000000000000000 ) ;
#9632 = CARTESIAN_POINT ( 'NONE',  ( -6.145575160276179900, 5.439999999999998600, 2.649999999999999900 ) ) ;
#9633 = DIRECTION ( 'NONE',  ( 1.000000000000000000, -0.0000000000000000000, -0.0000000000000000000 ) ) ;
#9634 = VECTOR ( 'NONE', #9633, 1000.000000000000000 ) ;
#9635 = CARTESIAN_POINT ( 'NONE',  ( -7.131843215790594200, 5.439999999999998600, 2.649999999999999900 ) ) ;
#9636 = LINE ( 'NONE', #9635, #9634 ) ;
#9637 = CARTESIAN_POINT ( 'NONE',  ( -6.145575160276179900, 4.719999999999998900, 2.649999999999999900 ) ) ;
#9638 = DIRECTION ( 'NONE',  ( 0.0000000000000000000, 0.0000000000000000000, 1.000000000000000000 ) ) ;
#9639 = DIRECTION ( 'NONE',  ( -0.0000000000000000000, -1.000000000000000000, 0.0000000000000000000 ) ) ;
#9640 = CARTESIAN_POINT ( 'NONE',  ( -6.145575160276179900, 4.719999999999998900, 3.149999999999999900 ) ) ;
#9641 = AXIS2_PLACEMENT_3D ( 'NONE', #9640, #9639, #9638 ) ;
#9642 = CIRCLE ( 'NONE', #9641, 0.5000000000000000000 ) ;
#9643 = DIRECTION ( 'NONE',  ( -2.220446049250313100E-016, 0.0000000000000000000, -1.000000000000000000 ) ) ;
#9644 = VECTOR ( 'NONE', #9643, 1000.000000000000000 ) ;
#9645 = CARTESIAN_POINT ( 'NONE',  ( -12.55000000000000200, 4.719999999999998900, 4.809999999999999600 ) ) ;
#9646 =( LENGTH_UNIT ( ) NAMED_UNIT ( * ) SI_UNIT ( .MILLI., .METRE. ) );
#9647 = MECHANICAL_DESIGN_GEOMETRIC_PRESENTATION_REPRESENTATION (  '', ( #9649 ), #9704 ) ;
#9648 = PRESENTATION_LAYER_ASSIGNMENT (  '', '', ( #9649 ) ) ;
#9649 = STYLED_ITEM ( 'NONE', ( #9650 ), #5480 ) ;
#9650 = PRESENTATION_STYLE_ASSIGNMENT (( #9651 ) ) ;
#9651 = SURFACE_STYLE_USAGE ( .BOTH. , #9652 ) ;
#9652 = SURFACE_SIDE_STYLE ('',( #9653 ) ) ;
#9653 = SURFACE_STYLE_FILL_AREA ( #9654 ) ;
#9654 = FILL_AREA_STYLE ('',( #9660 ) ) ;
#9655 = COLOUR_RGB ( '',0.1254901960784313700, 0.1254901960784313700, 0.1254901960784313700 ) ;
#9656 = FACE_OUTER_BOUND ( 'NONE', #5477, .T. ) ;
#9657 = DIRECTION ( 'NONE',  ( -0.0000000000000000000, 1.000000000000000000, -0.0000000000000000000 ) ) ;
#9658 = VECTOR ( 'NONE', #9657, 1000.000000000000000 ) ;
#9659 = CARTESIAN_POINT ( 'NONE',  ( -5.349999999999999600, -2.180000000000001500, 3.169999999999999900 ) ) ;
#9660 = FILL_AREA_STYLE_COLOUR ( '', #9655 ) ;
#9661 = LINE ( 'NONE', #9659, #9658 ) ;
#9662 = DIRECTION ( 'NONE',  ( 0.0000000000000000000, -1.000000000000000000, 0.0000000000000000000 ) ) ;
#9663 = VECTOR ( 'NONE', #9662, 1000.000000000000000 ) ;
#9664 = CARTESIAN_POINT ( 'NONE',  ( 5.007268214758404700, 10.10000000000000000, 4.886275114834989000 ) ) ;
#9665 = LINE ( 'NONE', #9664, #9663 ) ;
#9666 = CARTESIAN_POINT ( 'NONE',  ( 5.007268214758404700, -9.771042883443890000, 4.886275114834989000 ) ) ;
#9667 = CARTESIAN_POINT ( 'NONE',  ( 5.007268214758404700, 9.771042883443888300, 4.886275114834989900 ) ) ;
#9668 = DIRECTION ( 'NONE',  ( -0.0000000000000000000, -1.000000000000000000, -0.0000000000000000000 ) ) ;
#9669 = VECTOR ( 'NONE', #9668, 1000.000000000000000 ) ;
#9670 = CARTESIAN_POINT ( 'NONE',  ( -5.349999999999990800, -4.169999999999999900, 3.169999999999999900 ) ) ;
#9671 = LINE ( 'NONE', #9670, #9669 ) ;
#9672 = DIRECTION ( 'NONE',  ( 0.0000000000000000000, 0.0000000000000000000, -1.000000000000000000 ) ) ;
#9673 = DIRECTION ( 'NONE',  ( 0.0000000000000000000, -1.000000000000000000, 0.0000000000000000000 ) ) ;
#9674 = CARTESIAN_POINT ( 'NONE',  ( -5.932973326963407100, 5.439999999999998600, 3.669999999999999900 ) ) ;
#9675 = AXIS2_PLACEMENT_3D ( 'NONE', #9674, #9673, #9672 ) ;
#9676 = CIRCLE ( 'NONE', #9675, 0.5000000000000000000 ) ;
#9677 = DIRECTION ( 'NONE',  ( 2.220446049250313100E-016, 0.0000000000000000000, 1.000000000000000000 ) ) ;
#9678 = VECTOR ( 'NONE', #9677, 1000.000000000000000 ) ;
#9679 = CARTESIAN_POINT ( 'NONE',  ( -12.54999999999999500, 5.439999999999998600, 5.330000000000001000 ) ) ;
#9680 = LINE ( 'NONE', #9679, #9678 ) ;
#9681 = CARTESIAN_POINT ( 'NONE',  ( -5.349999999999990800, -9.250000000000000000, 3.169999999999999900 ) ) ;
#9682 = DIRECTION ( 'NONE',  ( -0.0000000000000000000, -1.000000000000000000, -0.0000000000000000000 ) ) ;
#9683 = VECTOR ( 'NONE', #9682, 1000.000000000000000 ) ;
#9684 = CARTESIAN_POINT ( 'NONE',  ( -5.349999999999990800, -1.629999999999999400, 3.169999999999999900 ) ) ;
#9685 = LINE ( 'NONE', #9684, #9683 ) ;
#9686 = DIRECTION ( 'NONE',  ( -0.0000000000000000000, 1.000000000000000000, -0.0000000000000000000 ) ) ;
#9687 = VECTOR ( 'NONE', #9686, 1000.000000000000000 ) ;
#9688 = CARTESIAN_POINT ( 'NONE',  ( -5.349999999999999600, -7.260000000000000700, 3.169999999999999900 ) ) ;
#9689 = LINE ( 'NONE', #9688, #9687 ) ;
#9690 = DIRECTION ( 'NONE',  ( -0.0000000000000000000, 1.000000000000000000, -0.0000000000000000000 ) ) ;
#9691 = VECTOR ( 'NONE', #9690, 1000.000000000000000 ) ;
#9692 = CARTESIAN_POINT ( 'NONE',  ( -5.349999999999999600, 0.3599999999999992100, 3.169999999999999900 ) ) ;
#9693 = LINE ( 'NONE', #9692, #9691 ) ;
#9694 = CARTESIAN_POINT ( 'NONE',  ( -5.349999999999999600, -9.794893218771830900, 3.169999999999999900 ) ) ;
#9695 = DIRECTION ( 'NONE',  ( -0.0000000000000000000, -1.000000000000000000, -0.0000000000000000000 ) ) ;
#9696 = VECTOR ( 'NONE', #9695, 1000.000000000000000 ) ;
#9697 = CARTESIAN_POINT ( 'NONE',  ( -5.349999999999999600, 10.10000000000000000, 3.169999999999999900 ) ) ;
#9698 = DIRECTION ( 'NONE',  ( -0.1045284632676502400, 0.0000000000000000000, 0.9945218953682737300 ) ) ;
#9699 = DIRECTION ( 'NONE',  ( -0.9945218953682737300, 0.0000000000000000000, -0.1045284632676502400 ) ) ;
#9700 = CARTESIAN_POINT ( 'NONE',  ( 5.349999999999999600, 10.10000000000000000, 1.625400000000000200 ) ) ;
#9701 = AXIS2_PLACEMENT_3D ( 'NONE', #9700, #9699, #9698 ) ;
#9702 = LINE ( 'NONE', #9697, #9696 ) ;
#9703 = PLANE ( 'NONE',  #9701 ) ;
#9704 =( GEOMETRIC_REPRESENTATION_CONTEXT ( 3 ) GLOBAL_UNCERTAINTY_ASSIGNED_CONTEXT ( ( #9705 ) ) GLOBAL_UNIT_ASSIGNED_CONTEXT ( ( #9646, #8881, #9394 ) ) REPRESENTATION_CONTEXT ( 'NONE', 'WORKASPACE' ) );
#9705 = UNCERTAINTY_MEASURE_WITH_UNIT (LENGTH_MEASURE( 1.000000000000000100E-005 ), #9646, 'distance_accuracy_value', 'NONE');
#9706 = LINE ( 'NONE', #9767, #9766 ) ;
#9707 = DIRECTION ( 'NONE',  ( 1.000000000000000000, -0.0000000000000000000, -0.0000000000000000000 ) ) ;
#9708 = VECTOR ( 'NONE', #9707, 1000.000000000000000 ) ;
#9709 = CARTESIAN_POINT ( 'NONE',  ( -7.131843215790594200, 4.719999999999998900, 2.649999999999999900 ) ) ;
#9710 = LINE ( 'NONE', #9709, #9708 ) ;
#9711 = DIRECTION ( 'NONE',  ( 2.220446049250313100E-016, 0.0000000000000000000, 1.000000000000000000 ) ) ;
#9712 = VECTOR ( 'NONE', #9711, 1000.000000000000000 ) ;
#9713 = CARTESIAN_POINT ( 'NONE',  ( -12.85000000000000000, 4.971729889353179400, 5.330000000000000100 ) ) ;
#9714 = LINE ( 'NONE', #9713, #9712 ) ;
#9715 = DIRECTION ( 'NONE',  ( -2.220446049250313100E-016, 0.0000000000000000000, -1.000000000000000000 ) ) ;
#9716 = VECTOR ( 'NONE', #9715, 1000.000000000000000 ) ;
#9717 = CARTESIAN_POINT ( 'NONE',  ( -12.85000000000000000, 5.188270110646814500, 4.809999999999999600 ) ) ;
#9718 = DIRECTION ( 'NONE',  ( 2.220446049250313100E-016, 0.0000000000000000000, 1.000000000000000000 ) ) ;
#9719 = DIRECTION ( 'NONE',  ( -1.000000000000000000, 0.0000000000000000000, 2.220446049250313100E-016 ) ) ;
#9720 = CARTESIAN_POINT ( 'NONE',  ( -12.85000000000000000, 5.079999999999998300, 5.070000000000000300 ) ) ;
#9721 = AXIS2_PLACEMENT_3D ( 'NONE', #9720, #9719, #9718 ) ;
#9722 = PLANE ( 'NONE',  #9721 ) ;
#9723 = LINE ( 'NONE', #9717, #9716 ) ;
#9724 = FACE_OUTER_BOUND ( 'NONE', #5507, .T. ) ;
#9725 = DIRECTION ( 'NONE',  ( -0.0000000000000000000, 1.000000000000000000, -0.0000000000000000000 ) ) ;
#9726 = VECTOR ( 'NONE', #9725, 1000.000000000000000 ) ;
#9727 = CARTESIAN_POINT ( 'NONE',  ( -6.145575160276179900, 5.439999999999998600, 2.649999999999999900 ) ) ;
#9728 = LINE ( 'NONE', #9727, #9726 ) ;
#9729 = DIRECTION ( 'NONE',  ( -0.0000000000000000000, -1.000000000000000000, -0.0000000000000000000 ) ) ;
#9730 = VECTOR ( 'NONE', #9729, 1000.000000000000000 ) ;
#9731 = CARTESIAN_POINT ( 'NONE',  ( -5.349999999999990800, -9.250000000000000000, 3.169999999999999900 ) ) ;
#9732 = LINE ( 'NONE', #9731, #9730 ) ;
#9733 = DIRECTION ( 'NONE',  ( -0.0000000000000000000, 1.000000000000000000, -0.0000000000000000000 ) ) ;
#9734 = VECTOR ( 'NONE', #9733, 1000.000000000000000 ) ;
#9735 = CARTESIAN_POINT ( 'NONE',  ( -5.349999999999999600, -4.720000000000002400, 3.169999999999999900 ) ) ;
#9736 = LINE ( 'NONE', #9735, #9734 ) ;
#9737 = CARTESIAN_POINT ( 'NONE',  ( -12.85000000000000100, 2.899999999999999000, 4.809999999999999600 ) ) ;
#9738 = DIRECTION ( 'NONE',  ( 1.000000000000000000, 0.0000000000000000000, -0.0000000000000000000 ) ) ;
#9739 = DIRECTION ( 'NONE',  ( 0.0000000000000000000, -0.0000000000000000000, 1.000000000000000000 ) ) ;
#9740 = CARTESIAN_POINT ( 'NONE',  ( -8.958849679447642000, 2.899999999999999000, 4.809999999999999600 ) ) ;
#9741 = AXIS2_PLACEMENT_3D ( 'NONE', #9740, #9739, #9738 ) ;
#9742 = PLANE ( 'NONE',  #9741 ) ;
#9743 = LINE ( 'NONE', #9737, #9799 ) ;
#9744 = FACE_OUTER_BOUND ( 'NONE', #5555, .T. ) ;
#9745 = DIRECTION ( 'NONE',  ( 0.0000000000000000000, -1.000000000000000000, 0.0000000000000000000 ) ) ;
#9746 = VECTOR ( 'NONE', #9745, 1000.000000000000000 ) ;
#9747 = CARTESIAN_POINT ( 'NONE',  ( -8.958849679447640200, 2.899999999999999000, 5.330000000000001000 ) ) ;
#9748 = LINE ( 'NONE', #9747, #9746 ) ;
#9749 = DIRECTION ( 'NONE',  ( -1.000000000000000000, 0.0000000000000000000, 0.0000000000000000000 ) ) ;
#9750 = VECTOR ( 'NONE', #9749, 1000.000000000000000 ) ;
#9751 = CARTESIAN_POINT ( 'NONE',  ( -8.958849679447642000, 2.179999999999998800, 5.330000000000000100 ) ) ;
#9752 = LINE ( 'NONE', #9751, #9750 ) ;
#9753 = CARTESIAN_POINT ( 'NONE',  ( -7.893952757850375000, 2.179999999999998800, 4.894617234960180400 ) ) ;
#9754 = CARTESIAN_POINT ( 'NONE',  ( -7.893952757850374100, 2.899999999999999000, 4.894617234960180400 ) ) ;
#9755 = DIRECTION ( 'NONE',  ( 0.0000000000000000000, -1.000000000000000000, 0.0000000000000000000 ) ) ;
#9756 = VECTOR ( 'NONE', #9755, 1000.000000000000000 ) ;
#9757 = CARTESIAN_POINT ( 'NONE',  ( -7.893952757850374100, 2.899999999999999000, 4.894617234960180400 ) ) ;
#9758 = LINE ( 'NONE', #9757, #9756 ) ;
#9759 = DIRECTION ( 'NONE',  ( 0.0000000000000000000, 0.0000000000000000000, -1.000000000000000000 ) ) ;
#9760 = DIRECTION ( 'NONE',  ( -0.0000000000000000000, -1.000000000000000000, -0.0000000000000000000 ) ) ;
#9761 = CARTESIAN_POINT ( 'NONE',  ( -8.958849679447640200, 2.539999999999999600, 3.810000000000000100 ) ) ;
#9762 = AXIS2_PLACEMENT_3D ( 'NONE', #9761, #9760, #9759 ) ;
#9763 = CYLINDRICAL_SURFACE ( 'NONE', #9762, 1.519999999999999600 ) ;
#9764 = FACE_OUTER_BOUND ( 'NONE', #5531, .T. ) ;
#9765 = DIRECTION ( 'NONE',  ( -0.7660444431189811200, 0.6427876096865355900, 0.0000000000000000000 ) ) ;
#9766 = VECTOR ( 'NONE', #9765, 1000.000000000000100 ) ;
#9767 = CARTESIAN_POINT ( 'NONE',  ( -12.55000000000000200, 2.179999999999999300, 4.809999999999999600 ) ) ;
#9768 = CARTESIAN_POINT ( 'NONE',  ( -12.85000000000000000, 2.431729889353179400, 5.330000000000001000 ) ) ;
#9769 = DIRECTION ( 'NONE',  ( 0.0000000000000000000, -1.000000000000000000, 0.0000000000000000000 ) ) ;
#9770 = VECTOR ( 'NONE', #9769, 1000.000000000000000 ) ;
#9771 = CARTESIAN_POINT ( 'NONE',  ( -12.85000000000000000, 2.899999999999999000, 5.330000000000001000 ) ) ;
#9772 = LINE ( 'NONE', #9771, #9770 ) ;
#9773 = CARTESIAN_POINT ( 'NONE',  ( -12.85000000000000000, 2.648270110646814900, 5.330000000000001000 ) ) ;
#9774 = DIRECTION ( 'NONE',  ( -0.7660444431189840100, -0.6427876096865322600, 0.0000000000000000000 ) ) ;
#9775 = VECTOR ( 'NONE', #9774, 999.9999999999998900 ) ;
#9776 = CARTESIAN_POINT ( 'NONE',  ( -12.54999999999999500, 2.899999999999998600, 5.330000000000001000 ) ) ;
#9777 = LINE ( 'NONE', #9776, #9775 ) ;
#9778 = CARTESIAN_POINT ( 'NONE',  ( -12.54999999999999500, 2.899999999999999000, 5.330000000000001000 ) ) ;
#9779 = CARTESIAN_POINT ( 'NONE',  ( -8.958849679447640200, 2.899999999999999000, 5.330000000000001000 ) ) ;
#9780 = DIRECTION ( 'NONE',  ( -1.000000000000000000, 0.0000000000000000000, 0.0000000000000000000 ) ) ;
#9781 = VECTOR ( 'NONE', #9780, 1000.000000000000000 ) ;
#9782 = CARTESIAN_POINT ( 'NONE',  ( -8.958849679447640200, 2.899999999999999000, 5.330000000000001000 ) ) ;
#9783 = LINE ( 'NONE', #9782, #9781 ) ;
#9784 = DIRECTION ( 'NONE',  ( -1.000000000000000000, 0.0000000000000000000, 0.0000000000000000000 ) ) ;
#9785 = DIRECTION ( 'NONE',  ( -0.0000000000000000000, 0.0000000000000000000, -1.000000000000000000 ) ) ;
#9786 = CARTESIAN_POINT ( 'NONE',  ( -8.958849679447640200, 2.899999999999999000, 5.330000000000001000 ) ) ;
#9787 = AXIS2_PLACEMENT_3D ( 'NONE', #9786, #9785, #9784 ) ;
#9788 = PLANE ( 'NONE',  #9787 ) ;
#9789 = FACE_OUTER_BOUND ( 'NONE', #5572, .T. ) ;
#9790 = CARTESIAN_POINT ( 'NONE',  ( -8.958849679447642000, 2.899999999999999000, 4.809999999999999600 ) ) ;
#9791 = CARTESIAN_POINT ( 'NONE',  ( -12.54999999999999500, 2.899999999999999000, 4.809999999999999600 ) ) ;
#9792 = DIRECTION ( 'NONE',  ( 0.7660444431189840100, 0.6427876096865322600, 0.0000000000000000000 ) ) ;
#9793 = VECTOR ( 'NONE', #9792, 999.9999999999998900 ) ;
#9794 = CARTESIAN_POINT ( 'NONE',  ( -12.54999999999999500, 2.899999999999998600, 4.809999999999999600 ) ) ;
#9795 = LINE ( 'NONE', #9794, #9793 ) ;
#9796 = CARTESIAN_POINT ( 'NONE',  ( -12.85000000000000100, 2.648270110646813600, 4.809999999999999600 ) ) ;
#9797 = CARTESIAN_POINT ( 'NONE',  ( -12.85000000000000100, 2.431729889353179400, 4.809999999999999600 ) ) ;
#9798 = DIRECTION ( 'NONE',  ( 0.0000000000000000000, 1.000000000000000000, 0.0000000000000000000 ) ) ;
#9799 = VECTOR ( 'NONE', #9798, 1000.000000000000000 ) ;
#9800 = PLANE ( 'NONE',  #9801 ) ;
#9801 = AXIS2_PLACEMENT_3D ( 'NONE', #9863, #9862, #9861 ) ;
#9802 = FACE_OUTER_BOUND ( 'NONE', #5619, .T. ) ;
#9803 = DIRECTION ( 'NONE',  ( 0.0000000000000000000, 0.0000000000000000000, -1.000000000000000000 ) ) ;
#9804 = DIRECTION ( 'NONE',  ( -0.0000000000000000000, -1.000000000000000000, -0.0000000000000000000 ) ) ;
#9805 = AXIS2_PLACEMENT_3D ( 'NONE', #9810, #9804, #9803 ) ;
#9806 = CIRCLE ( 'NONE', #9805, 1.000000000000000000 ) ;
#9807 = DIRECTION ( 'NONE',  ( 0.0000000000000000000, -0.0000000000000000000, -1.000000000000000000 ) ) ;
#9808 = DIRECTION ( 'NONE',  ( 0.0000000000000000000, -1.000000000000000000, 0.0000000000000000000 ) ) ;
#9809 = AXIS2_PLACEMENT_3D ( 'NONE', #9811, #9808, #9807 ) ;
#9810 = CARTESIAN_POINT ( 'NONE',  ( -8.958849679447640200, 2.899999999999999000, 3.810000000000000100 ) ) ;
#9811 = CARTESIAN_POINT ( 'NONE',  ( -7.131843215790594200, 2.899999999999999000, 2.649999999999999900 ) ) ;
#9812 = PLANE ( 'NONE',  #9809 ) ;
#9813 = FACE_OUTER_BOUND ( 'NONE', #5603, .T. ) ;
#9814 = DIRECTION ( 'NONE',  ( -0.7135639703685390200, 0.0000000000000000000, 0.7005900799982016600 ) ) ;
#9815 = VECTOR ( 'NONE', #9814, 1000.000000000000100 ) ;
#9816 = CARTESIAN_POINT ( 'NONE',  ( -6.349999999999999600, 2.179999999999998800, 2.649999999999999900 ) ) ;
#9817 = LINE ( 'NONE', #9816, #9815 ) ;
#9818 = CARTESIAN_POINT ( 'NONE',  ( -6.495870200275280800, 2.179999999999998800, 2.793218014815730400 ) ) ;
#9819 = DIRECTION ( 'NONE',  ( -0.0000000000000000000, -1.000000000000000000, -0.0000000000000000000 ) ) ;
#9820 = VECTOR ( 'NONE', #9819, 1000.000000000000000 ) ;
#9821 = CARTESIAN_POINT ( 'NONE',  ( -5.349999999999990800, -6.709999999999999100, 3.169999999999999900 ) ) ;
#9822 = LINE ( 'NONE', #9821, #9820 ) ;
#9823 = DIRECTION ( 'NONE',  ( 0.1041350224314106600, 0.08668189170242439300, 0.9907785558610455700 ) ) ;
#9824 = VECTOR ( 'NONE', #9823, 999.9999999999998900 ) ;
#9825 = CARTESIAN_POINT ( 'NONE',  ( -5.158799525569522300, -9.635738129244181500, 4.989150997551759800 ) ) ;
#9826 = LINE ( 'NONE', #9825, #9824 ) ;
#9827 = CARTESIAN_POINT ( 'NONE',  ( -8.958849679447642000, 2.179999999999998800, 5.330000000000000100 ) ) ;
#9828 = CARTESIAN_POINT ( 'NONE',  ( -12.54999999999999900, 2.179999999999997900, 5.330000000000000100 ) ) ;
#9829 = DIRECTION ( 'NONE',  ( 0.7660444431189811200, -0.6427876096865355900, 0.0000000000000000000 ) ) ;
#9830 = VECTOR ( 'NONE', #9829, 1000.000000000000100 ) ;
#9831 = CARTESIAN_POINT ( 'NONE',  ( -12.55000000000000200, 2.179999999999999300, 5.330000000000001000 ) ) ;
#9832 = LINE ( 'NONE', #9831, #9830 ) ;
#9833 = CARTESIAN_POINT ( 'NONE',  ( -8.958849679447640200, 2.539999999999999600, 3.810000000000000100 ) ) ;
#9834 = AXIS2_PLACEMENT_3D ( 'NONE', #9833, #9892, #9891 ) ;
#9835 = CYLINDRICAL_SURFACE ( 'NONE', #9834, 1.000000000000000000 ) ;
#9836 = FACE_OUTER_BOUND ( 'NONE', #5646, .T. ) ;
#9837 = DIRECTION ( 'NONE',  ( 0.0000000000000000000, 0.0000000000000000000, -1.000000000000000000 ) ) ;
#9838 = DIRECTION ( 'NONE',  ( -0.0000000000000000000, -1.000000000000000000, -0.0000000000000000000 ) ) ;
#9839 = CARTESIAN_POINT ( 'NONE',  ( -8.958849679447640200, 2.179999999999998800, 3.810000000000000100 ) ) ;
#9840 = AXIS2_PLACEMENT_3D ( 'NONE', #9839, #9838, #9837 ) ;
#9841 = CIRCLE ( 'NONE', #9840, 1.519999999999999100 ) ;
#9842 = DIRECTION ( 'NONE',  ( 0.0000000000000000000, 0.0000000000000000000, -1.000000000000000000 ) ) ;
#9843 = DIRECTION ( 'NONE',  ( -0.0000000000000000000, -1.000000000000000000, -0.0000000000000000000 ) ) ;
#9844 = CARTESIAN_POINT ( 'NONE',  ( -8.958849679447640200, 2.899999999999999000, 3.810000000000000100 ) ) ;
#9845 = AXIS2_PLACEMENT_3D ( 'NONE', #9844, #9843, #9842 ) ;
#9846 = CIRCLE ( 'NONE', #9845, 1.520000000000000500 ) ;
#9847 = DIRECTION ( 'NONE',  ( -0.7135639703685390200, 0.0000000000000000000, 0.7005900799982016600 ) ) ;
#9848 = VECTOR ( 'NONE', #9847, 1000.000000000000100 ) ;
#9849 = CARTESIAN_POINT ( 'NONE',  ( -6.137398166687226800, 2.899999999999999000, 3.169999999999999900 ) ) ;
#9850 = LINE ( 'NONE', #9849, #9848 ) ;
#9851 = CARTESIAN_POINT ( 'NONE',  ( -6.283268366962508000, 2.899999999999999000, 3.313218014815730400 ) ) ;
#9852 = DIRECTION ( 'NONE',  ( 0.0000000000000000000, 1.000000000000000000, 0.0000000000000000000 ) ) ;
#9853 = VECTOR ( 'NONE', #9852, 1000.000000000000000 ) ;
#9854 = CARTESIAN_POINT ( 'NONE',  ( -6.283268366962508000, 2.899999999999999000, 3.313218014815730400 ) ) ;
#9855 = LINE ( 'NONE', #9854, #9853 ) ;
#9856 = CARTESIAN_POINT ( 'NONE',  ( -6.283268366962508000, 2.179999999999998800, 3.313218014815730400 ) ) ;
#9857 = DIRECTION ( 'NONE',  ( -0.7135639703685390200, 0.0000000000000000000, 0.7005900799982016600 ) ) ;
#9858 = VECTOR ( 'NONE', #9857, 1000.000000000000100 ) ;
#9859 = CARTESIAN_POINT ( 'NONE',  ( -6.137398166687226800, 2.179999999999998800, 3.169999999999999900 ) ) ;
#9860 = LINE ( 'NONE', #9859, #9858 ) ;
#9861 = DIRECTION ( 'NONE',  ( 0.7135639703685390200, 0.0000000000000000000, -0.7005900799982016600 ) ) ;
#9862 = DIRECTION ( 'NONE',  ( 0.7005900799982017800, -0.0000000000000000000, 0.7135639703685391400 ) ) ;
#9863 = CARTESIAN_POINT ( 'NONE',  ( -6.137398166687226800, 2.899999999999999000, 3.169999999999999900 ) ) ;
#9864 = PLANE ( 'NONE',  #9928 ) ;
#9865 = FACE_OUTER_BOUND ( 'NONE', #5666, .T. ) ;
#9866 = CARTESIAN_POINT ( 'NONE',  ( -12.54999999999999900, 2.179999999999997900, 4.809999999999999600 ) ) ;
#9867 = DIRECTION ( 'NONE',  ( -1.000000000000000000, 0.0000000000000000000, 0.0000000000000000000 ) ) ;
#9868 = VECTOR ( 'NONE', #9867, 1000.000000000000000 ) ;
#9869 = CARTESIAN_POINT ( 'NONE',  ( -8.958849679447642000, 2.179999999999998800, 4.809999999999999600 ) ) ;
#9870 = LINE ( 'NONE', #9869, #9868 ) ;
#9871 = CARTESIAN_POINT ( 'NONE',  ( -8.958849679447642000, 2.179999999999998800, 4.809999999999999600 ) ) ;
#9872 = DIRECTION ( 'NONE',  ( 0.0000000000000000000, 1.000000000000000000, 0.0000000000000000000 ) ) ;
#9873 = VECTOR ( 'NONE', #9872, 1000.000000000000000 ) ;
#9874 = CARTESIAN_POINT ( 'NONE',  ( -8.958849679447642000, 2.899999999999999000, 4.809999999999999600 ) ) ;
#9875 = LINE ( 'NONE', #9874, #9873 ) ;
#9876 = DIRECTION ( 'NONE',  ( -1.000000000000000000, 0.0000000000000000000, 0.0000000000000000000 ) ) ;
#9877 = VECTOR ( 'NONE', #9876, 1000.000000000000000 ) ;
#9878 = CARTESIAN_POINT ( 'NONE',  ( -8.958849679447642000, 2.899999999999999000, 4.809999999999999600 ) ) ;
#9879 = LINE ( 'NONE', #9878, #9877 ) ;
#9880 = DIRECTION ( 'NONE',  ( 0.0000000000000000000, 0.0000000000000000000, -1.000000000000000000 ) ) ;
#9881 = DIRECTION ( 'NONE',  ( -0.0000000000000000000, -1.000000000000000000, -0.0000000000000000000 ) ) ;
#9882 = CARTESIAN_POINT ( 'NONE',  ( -8.958849679447640200, 2.179999999999998800, 3.810000000000000100 ) ) ;
#9883 = AXIS2_PLACEMENT_3D ( 'NONE', #9882, #9881, #9880 ) ;
#9884 = CIRCLE ( 'NONE', #9883, 0.9999999999999995600 ) ;
#9885 = CARTESIAN_POINT ( 'NONE',  ( -8.258259599449440100, 2.899999999999999000, 4.523563970368541300 ) ) ;
#9886 = CARTESIAN_POINT ( 'NONE',  ( -8.258259599449440100, 2.179999999999998800, 4.523563970368540400 ) ) ;
#9887 = DIRECTION ( 'NONE',  ( 0.0000000000000000000, 1.000000000000000000, 0.0000000000000000000 ) ) ;
#9888 = VECTOR ( 'NONE', #9887, 1000.000000000000000 ) ;
#9889 = CARTESIAN_POINT ( 'NONE',  ( -8.258259599449440100, 2.899999999999999000, 4.523563970368540400 ) ) ;
#9890 = LINE ( 'NONE', #9889, #9888 ) ;
#9891 = DIRECTION ( 'NONE',  ( 0.0000000000000000000, 0.0000000000000000000, -1.000000000000000000 ) ) ;
#9892 = DIRECTION ( 'NONE',  ( -0.0000000000000000000, -1.000000000000000000, -0.0000000000000000000 ) ) ;
#9893 = CARTESIAN_POINT ( 'NONE',  ( -8.958849679447640200, -2.180000000000001500, 5.330000000000001000 ) ) ;
#9894 = DIRECTION ( 'NONE',  ( -0.0000000000000000000, -1.000000000000000000, -0.0000000000000000000 ) ) ;
#9895 = VECTOR ( 'NONE', #9894, 1000.000000000000000 ) ;
#9896 = CARTESIAN_POINT ( 'NONE',  ( -5.932973326963407100, 2.899999999999999000, 3.169999999999999900 ) ) ;
#9897 = AXIS2_PLACEMENT_3D ( 'NONE', #9893, #10209, #10208 ) ;
#9898 = DIRECTION ( 'NONE',  ( -1.000000000000000000, 0.0000000000000000000, 0.0000000000000000000 ) ) ;
#9899 = DIRECTION ( 'NONE',  ( -0.0000000000000000000, 0.0000000000000000000, -1.000000000000000000 ) ) ;
#9900 = CARTESIAN_POINT ( 'NONE',  ( -7.131843215790594200, 2.899999999999999000, 3.169999999999999900 ) ) ;
#9901 = AXIS2_PLACEMENT_3D ( 'NONE', #9900, #9899, #9898 ) ;
#9902 = LINE ( 'NONE', #9896, #9895 ) ;
#9903 = PLANE ( 'NONE',  #9901 ) ;
#9904 = DIRECTION ( 'NONE',  ( 0.0000000000000000000, 0.0000000000000000000, -1.000000000000000000 ) ) ;
#9905 = DIRECTION ( 'NONE',  ( -0.0000000000000000000, 1.000000000000000000, -0.0000000000000000000 ) ) ;
#9906 = CARTESIAN_POINT ( 'NONE',  ( -6.145575160276179900, 2.899999999999999000, 3.149999999999999900 ) ) ;
#9907 = AXIS2_PLACEMENT_3D ( 'NONE', #9906, #9905, #9904 ) ;
#9908 = CIRCLE ( 'NONE', #9907, 0.5000000000000000000 ) ;
#9909 = FACE_OUTER_BOUND ( 'NONE', #5698, .T. ) ;
#9910 = CARTESIAN_POINT ( 'NONE',  ( -6.145575160276179900, 2.899999999999999000, 2.649999999999999900 ) ) ;
#9911 = DIRECTION ( 'NONE',  ( 1.000000000000000000, -0.0000000000000000000, -0.0000000000000000000 ) ) ;
#9912 = VECTOR ( 'NONE', #9911, 1000.000000000000000 ) ;
#9913 = CARTESIAN_POINT ( 'NONE',  ( -7.131843215790594200, 2.899999999999999000, 2.649999999999999900 ) ) ;
#9914 = LINE ( 'NONE', #9913, #9912 ) ;
#9915 = CARTESIAN_POINT ( 'NONE',  ( -6.145575160276179900, 2.179999999999998800, 2.649999999999999900 ) ) ;
#9916 = DIRECTION ( 'NONE',  ( 0.0000000000000000000, 0.0000000000000000000, 1.000000000000000000 ) ) ;
#9917 = DIRECTION ( 'NONE',  ( -0.0000000000000000000, -1.000000000000000000, 0.0000000000000000000 ) ) ;
#9918 = CARTESIAN_POINT ( 'NONE',  ( -6.145575160276179900, 2.179999999999998800, 3.149999999999999900 ) ) ;
#9919 = AXIS2_PLACEMENT_3D ( 'NONE', #9918, #9917, #9916 ) ;
#9920 = CIRCLE ( 'NONE', #9919, 0.5000000000000000000 ) ;
#9921 = DIRECTION ( 'NONE',  ( -2.220446049250313100E-016, 0.0000000000000000000, -1.000000000000000000 ) ) ;
#9922 = VECTOR ( 'NONE', #9921, 1000.000000000000000 ) ;
#9923 = CARTESIAN_POINT ( 'NONE',  ( -12.55000000000000200, 2.179999999999998800, 4.809999999999999600 ) ) ;
#9924 = LINE ( 'NONE', #9923, #9922 ) ;
#9925 = DIRECTION ( 'NONE',  ( 0.0000000000000000000, 0.0000000000000000000, 1.000000000000000000 ) ) ;
#9926 = DIRECTION ( 'NONE',  ( 0.0000000000000000000, 1.000000000000000000, -0.0000000000000000000 ) ) ;
#9927 = CARTESIAN_POINT ( 'NONE',  ( -7.131843215790594200, 2.179999999999998800, 2.649999999999999900 ) ) ;
#9928 = AXIS2_PLACEMENT_3D ( 'NONE', #9927, #9926, #9925 ) ;
#9929 = DIRECTION ( 'NONE',  ( 0.0000000000000000000, -1.000000000000000000, 0.0000000000000000000 ) ) ;
#9930 = VECTOR ( 'NONE', #9929, 1000.000000000000000 ) ;
#9931 = CARTESIAN_POINT ( 'NONE',  ( -6.495870200275280800, 2.179999999999998800, 2.793218014815730400 ) ) ;
#9932 = LINE ( 'NONE', #9931, #9930 ) ;
#9933 = CARTESIAN_POINT ( 'NONE',  ( -6.495870200275280800, 2.899999999999999000, 2.793218014815730400 ) ) ;
#9934 = DIRECTION ( 'NONE',  ( -0.7135639703685390200, 0.0000000000000000000, 0.7005900799982016600 ) ) ;
#9935 = VECTOR ( 'NONE', #9934, 1000.000000000000100 ) ;
#9936 = CARTESIAN_POINT ( 'NONE',  ( -6.349999999999999600, 2.899999999999999000, 2.649999999999999900 ) ) ;
#9937 = LINE ( 'NONE', #9936, #9935 ) ;
#9938 = DIRECTION ( 'NONE',  ( -0.7135639703685390200, 0.0000000000000000000, 0.7005900799982016600 ) ) ;
#9939 = DIRECTION ( 'NONE',  ( -0.7005900799982017800, 0.0000000000000000000, -0.7135639703685391400 ) ) ;
#9940 = AXIS2_PLACEMENT_3D ( 'NONE', #9941, #9939, #9938 ) ;
#9941 = CARTESIAN_POINT ( 'NONE',  ( -6.349999999999999600, 2.899999999999999000, 2.649999999999999900 ) ) ;
#9942 = PLANE ( 'NONE',  #9940 ) ;
#9943 = FACE_OUTER_BOUND ( 'NONE', #5725, .T. ) ;
#9944 = DIRECTION ( 'NONE',  ( 1.000000000000000000, -0.0000000000000000000, -0.0000000000000000000 ) ) ;
#9945 = VECTOR ( 'NONE', #9944, 1000.000000000000000 ) ;
#9946 = CARTESIAN_POINT ( 'NONE',  ( -7.131843215790594200, 2.899999999999999000, 3.169999999999999900 ) ) ;
#9947 = LINE ( 'NONE', #9946, #9945 ) ;
#9948 = CARTESIAN_POINT ( 'NONE',  ( -5.932973326963407100, 2.899999999999999000, 3.169999999999999900 ) ) ;
#9949 = DIRECTION ( 'NONE',  ( 0.0000000000000000000, 0.0000000000000000000, -1.000000000000000000 ) ) ;
#9950 = DIRECTION ( 'NONE',  ( 0.0000000000000000000, -1.000000000000000000, 0.0000000000000000000 ) ) ;
#9951 = CARTESIAN_POINT ( 'NONE',  ( -5.932973326963407100, 2.899999999999999000, 3.669999999999999900 ) ) ;
#9952 = AXIS2_PLACEMENT_3D ( 'NONE', #9951, #9950, #9949 ) ;
#9953 = CIRCLE ( 'NONE', #9952, 0.5000000000000000000 ) ;
#9954 = DIRECTION ( 'NONE',  ( 2.220446049250313100E-016, 0.0000000000000000000, 1.000000000000000000 ) ) ;
#9955 = VECTOR ( 'NONE', #9954, 1000.000000000000000 ) ;
#9956 = CARTESIAN_POINT ( 'NONE',  ( -12.54999999999999500, 2.899999999999999000, 5.330000000000001000 ) ) ;
#9957 = LINE ( 'NONE', #9956, #9955 ) ;
#9958 = CARTESIAN_POINT ( 'NONE',  ( -5.932973326963407100, 2.179999999999998800, 3.169999999999999900 ) ) ;
#9959 = CARTESIAN_POINT ( 'NONE',  ( -12.85000000000000000, 2.539999999999998700, 5.070000000000000300 ) ) ;
#9960 = PLANE ( 'NONE',  #10020 ) ;
#9961 = FACE_OUTER_BOUND ( 'NONE', #5759, .T. ) ;
#9962 = DIRECTION ( 'NONE',  ( -0.0000000000000000000, 1.000000000000000000, -0.0000000000000000000 ) ) ;
#9963 = VECTOR ( 'NONE', #9962, 1000.000000000000000 ) ;
#9964 = CARTESIAN_POINT ( 'NONE',  ( -6.145575160276179900, 2.899999999999999000, 2.649999999999999900 ) ) ;
#9965 = LINE ( 'NONE', #9964, #9963 ) ;
#9966 = CARTESIAN_POINT ( 'NONE',  ( -12.55000000000000100, -0.3600000000000012600, 5.330000000000000100 ) ) ;
#9967 = DIRECTION ( 'NONE',  ( 0.7660444431189811200, -0.6427876096865355900, 0.0000000000000000000 ) ) ;
#9968 = VECTOR ( 'NONE', #9967, 1000.000000000000100 ) ;
#9969 = CARTESIAN_POINT ( 'NONE',  ( -12.55000000000000200, -0.3600000000000006500, 5.330000000000001000 ) ) ;
#9970 = LINE ( 'NONE', #9969, #9968 ) ;
#9971 = CARTESIAN_POINT ( 'NONE',  ( -12.85000000000000000, -0.1082701106468205000, 5.330000000000001000 ) ) ;
#9972 = DIRECTION ( 'NONE',  ( 0.0000000000000000000, -1.000000000000000000, 0.0000000000000000000 ) ) ;
#9973 = VECTOR ( 'NONE', #9972, 1000.000000000000000 ) ;
#9974 = CARTESIAN_POINT ( 'NONE',  ( -12.85000000000000000, 0.3599999999999992100, 5.330000000000001000 ) ) ;
#9975 = LINE ( 'NONE', #9974, #9973 ) ;
#9976 = CARTESIAN_POINT ( 'NONE',  ( -12.85000000000000000, 0.1082701106468187400, 5.330000000000001000 ) ) ;
#9977 = DIRECTION ( 'NONE',  ( -0.7660444431189811200, -0.6427876096865355900, 0.0000000000000000000 ) ) ;
#9978 = VECTOR ( 'NONE', #9977, 1000.000000000000100 ) ;
#9979 = CARTESIAN_POINT ( 'NONE',  ( -12.55000000000000200, 0.3599999999999989300, 5.330000000000001000 ) ) ;
#9980 = LINE ( 'NONE', #9979, #9978 ) ;
#9981 = CARTESIAN_POINT ( 'NONE',  ( -12.55000000000000100, 0.3599999999999995400, 5.330000000000001000 ) ) ;
#9982 = DIRECTION ( 'NONE',  ( -1.000000000000000000, 0.0000000000000000000, 0.0000000000000000000 ) ) ;
#9983 = VECTOR ( 'NONE', #9982, 1000.000000000000000 ) ;
#9984 = CARTESIAN_POINT ( 'NONE',  ( -8.958849679447640200, 0.3599999999999992100, 5.330000000000001000 ) ) ;
#9985 = LINE ( 'NONE', #9984, #9983 ) ;
#9986 = CARTESIAN_POINT ( 'NONE',  ( -8.958849679447642000, 0.3599999999999992100, 4.809999999999999600 ) ) ;
#9987 = DIRECTION ( 'NONE',  ( -1.000000000000000000, 0.0000000000000000000, 0.0000000000000000000 ) ) ;
#9988 = VECTOR ( 'NONE', #9987, 1000.000000000000000 ) ;
#9989 = CARTESIAN_POINT ( 'NONE',  ( -8.958849679447642000, 0.3599999999999992100, 4.809999999999999600 ) ) ;
#9990 = LINE ( 'NONE', #9989, #9988 ) ;
#9991 = FACE_OUTER_BOUND ( 'NONE', #5801, .T. ) ;
#9992 = CARTESIAN_POINT ( 'NONE',  ( -7.131843215790594200, 2.899999999999999000, 2.649999999999999900 ) ) ;
#9993 = PLANE ( 'NONE',  #10053 ) ;
#9994 = FACE_OUTER_BOUND ( 'NONE', #5793, .T. ) ;
#9995 = DIRECTION ( 'NONE',  ( 0.0000000000000000000, 0.0000000000000000000, 1.000000000000000000 ) ) ;
#9996 = DIRECTION ( 'NONE',  ( 0.0000000000000000000, 1.000000000000000000, -0.0000000000000000000 ) ) ;
#9997 = CARTESIAN_POINT ( 'NONE',  ( -5.932973326963407100, 2.179999999999998800, 3.669999999999999900 ) ) ;
#9998 = AXIS2_PLACEMENT_3D ( 'NONE', #9997, #9996, #9995 ) ;
#9999 = CIRCLE ( 'NONE', #9998, 0.5000000000000000000 ) ;
#10000 = DIRECTION ( 'NONE',  ( 1.000000000000000000, -0.0000000000000000000, -0.0000000000000000000 ) ) ;
#10001 = VECTOR ( 'NONE', #10000, 1000.000000000000000 ) ;
#10002 = CARTESIAN_POINT ( 'NONE',  ( -7.131843215790594200, 2.179999999999998800, 2.649999999999999900 ) ) ;
#10003 = LINE ( 'NONE', #10002, #10001 ) ;
#10004 = CARTESIAN_POINT ( 'NONE',  ( -8.958849679447640200, 0.3599999999999992100, 5.330000000000001000 ) ) ;
#10005 = DIRECTION ( 'NONE',  ( -1.000000000000000000, 0.0000000000000000000, 0.0000000000000000000 ) ) ;
#10006 = DIRECTION ( 'NONE',  ( -0.0000000000000000000, 0.0000000000000000000, -1.000000000000000000 ) ) ;
#10007 = CARTESIAN_POINT ( 'NONE',  ( -8.958849679447640200, 0.3599999999999992100, 5.330000000000001000 ) ) ;
#10008 = AXIS2_PLACEMENT_3D ( 'NONE', #10007, #10006, #10005 ) ;
#10009 = PLANE ( 'NONE',  #10008 ) ;
#10010 = FACE_OUTER_BOUND ( 'NONE', #5780, .T. ) ;
#10011 = DIRECTION ( 'NONE',  ( 2.220446049250313100E-016, 0.0000000000000000000, 1.000000000000000000 ) ) ;
#10012 = VECTOR ( 'NONE', #10011, 1000.000000000000000 ) ;
#10013 = CARTESIAN_POINT ( 'NONE',  ( -12.85000000000000000, 2.431729889353179400, 5.330000000000000100 ) ) ;
#10014 = LINE ( 'NONE', #10013, #10012 ) ;
#10015 = DIRECTION ( 'NONE',  ( -2.220446049250313100E-016, 0.0000000000000000000, -1.000000000000000000 ) ) ;
#10016 = VECTOR ( 'NONE', #10015, 1000.000000000000000 ) ;
#10017 = CARTESIAN_POINT ( 'NONE',  ( -12.85000000000000000, 2.648270110646814900, 4.809999999999999600 ) ) ;
#10018 = DIRECTION ( 'NONE',  ( 2.220446049250313100E-016, 0.0000000000000000000, 1.000000000000000000 ) ) ;
#10019 = DIRECTION ( 'NONE',  ( -1.000000000000000000, 0.0000000000000000000, 2.220446049250313100E-016 ) ) ;
#10020 = AXIS2_PLACEMENT_3D ( 'NONE', #9959, #10019, #10018 ) ;
#10021 = LINE ( 'NONE', #10017, #10016 ) ;
#10022 = DIRECTION ( 'NONE',  ( -0.7660444431189811200, 0.6427876096865355900, 0.0000000000000000000 ) ) ;
#10023 = CARTESIAN_POINT ( 'NONE',  ( -12.55000000000000200, -0.3600000000000007100, 4.809999999999999600 ) ) ;
#10024 = LINE ( 'NONE', #10023, #10084 ) ;
#10025 = CARTESIAN_POINT ( 'NONE',  ( -12.55000000000000100, -0.3600000000000012600, 4.809999999999999600 ) ) ;
#10026 = DIRECTION ( 'NONE',  ( -1.000000000000000000, 0.0000000000000000000, 0.0000000000000000000 ) ) ;
#10027 = VECTOR ( 'NONE', #10026, 1000.000000000000000 ) ;
#10028 = CARTESIAN_POINT ( 'NONE',  ( -8.958849679447642000, -0.3600000000000008200, 4.809999999999999600 ) ) ;
#10029 = LINE ( 'NONE', #10028, #10027 ) ;
#10030 = CARTESIAN_POINT ( 'NONE',  ( -8.958849679447642000, -0.3600000000000008200, 4.809999999999999600 ) ) ;
#10031 = DIRECTION ( 'NONE',  ( 0.0000000000000000000, 1.000000000000000000, 0.0000000000000000000 ) ) ;
#10032 = VECTOR ( 'NONE', #10031, 1000.000000000000000 ) ;
#10033 = CARTESIAN_POINT ( 'NONE',  ( -8.958849679447642000, 0.3599999999999992100, 4.809999999999999600 ) ) ;
#10034 = LINE ( 'NONE', #10033, #10032 ) ;
#10035 = DIRECTION ( 'NONE',  ( 0.0000000000000000000, 0.0000000000000000000, -1.000000000000000000 ) ) ;
#10036 = DIRECTION ( 'NONE',  ( -0.0000000000000000000, -1.000000000000000000, -0.0000000000000000000 ) ) ;
#10037 = CARTESIAN_POINT ( 'NONE',  ( -8.958849679447640200, -0.3600000000000008200, 3.810000000000000100 ) ) ;
#10038 = AXIS2_PLACEMENT_3D ( 'NONE', #10037, #10036, #10035 ) ;
#10039 = CIRCLE ( 'NONE', #10038, 0.9999999999999995600 ) ;
#10040 = CARTESIAN_POINT ( 'NONE',  ( -8.258259599449440100, 0.3599999999999992100, 4.523563970368541300 ) ) ;
#10041 = CARTESIAN_POINT ( 'NONE',  ( -8.258259599449440100, -0.3600000000000008200, 4.523563970368540400 ) ) ;
#10042 = DIRECTION ( 'NONE',  ( 0.0000000000000000000, 1.000000000000000000, 0.0000000000000000000 ) ) ;
#10043 = VECTOR ( 'NONE', #10042, 1000.000000000000000 ) ;
#10044 = CARTESIAN_POINT ( 'NONE',  ( -8.258259599449440100, 0.3599999999999992100, 4.523563970368540400 ) ) ;
#10045 = LINE ( 'NONE', #10044, #10043 ) ;
#10046 = DIRECTION ( 'NONE',  ( 0.0000000000000000000, 0.0000000000000000000, -1.000000000000000000 ) ) ;
#10047 = DIRECTION ( 'NONE',  ( -0.0000000000000000000, -1.000000000000000000, -0.0000000000000000000 ) ) ;
#10048 = CARTESIAN_POINT ( 'NONE',  ( -8.958849679447640200, 0.0000000000000000000, 3.810000000000000100 ) ) ;
#10049 = AXIS2_PLACEMENT_3D ( 'NONE', #10048, #10047, #10046 ) ;
#10050 = CYLINDRICAL_SURFACE ( 'NONE', #10049, 1.000000000000000000 ) ;
#10051 = DIRECTION ( 'NONE',  ( 1.000000000000000000, 0.0000000000000000000, -0.0000000000000000000 ) ) ;
#10052 = DIRECTION ( 'NONE',  ( 0.0000000000000000000, 0.0000000000000000000, 1.000000000000000000 ) ) ;
#10053 = AXIS2_PLACEMENT_3D ( 'NONE', #9992, #10052, #10051 ) ;
#10054 = CARTESIAN_POINT ( 'NONE',  ( -8.958849679447642000, 0.3599999999999992100, 4.809999999999999600 ) ) ;
#10055 = AXIS2_PLACEMENT_3D ( 'NONE', #10054, #10115, #10114 ) ;
#10056 = PLANE ( 'NONE',  #10055 ) ;
#10057 = FACE_OUTER_BOUND ( 'NONE', #5858, .T. ) ;
#10058 = DIRECTION ( 'NONE',  ( 0.0000000000000000000, -1.000000000000000000, 0.0000000000000000000 ) ) ;
#10059 = VECTOR ( 'NONE', #10058, 1000.000000000000000 ) ;
#10060 = CARTESIAN_POINT ( 'NONE',  ( -8.958849679447640200, 0.3599999999999992100, 5.330000000000001000 ) ) ;
#10061 = LINE ( 'NONE', #10060, #10059 ) ;
#10062 = CARTESIAN_POINT ( 'NONE',  ( -8.958849679447642000, -0.3600000000000009300, 5.330000000000000100 ) ) ;
#10063 = DIRECTION ( 'NONE',  ( -1.000000000000000000, 0.0000000000000000000, 0.0000000000000000000 ) ) ;
#10064 = VECTOR ( 'NONE', #10063, 1000.000000000000000 ) ;
#10065 = CARTESIAN_POINT ( 'NONE',  ( -8.958849679447642000, -0.3600000000000009300, 5.330000000000000100 ) ) ;
#10066 = LINE ( 'NONE', #10065, #10064 ) ;
#10067 = DIRECTION ( 'NONE',  ( 0.0000000000000000000, 0.0000000000000000000, -1.000000000000000000 ) ) ;
#10068 = DIRECTION ( 'NONE',  ( -0.0000000000000000000, -1.000000000000000000, -0.0000000000000000000 ) ) ;
#10069 = CARTESIAN_POINT ( 'NONE',  ( -8.958849679447640200, 0.3599999999999992100, 3.810000000000000100 ) ) ;
#10070 = AXIS2_PLACEMENT_3D ( 'NONE', #10069, #10068, #10067 ) ;
#10071 = CIRCLE ( 'NONE', #10070, 1.520000000000000500 ) ;
#10072 = CARTESIAN_POINT ( 'NONE',  ( -7.893952757850375000, -0.3600000000000009300, 4.894617234960180400 ) ) ;
#10073 = CARTESIAN_POINT ( 'NONE',  ( -7.893952757850374100, 0.3599999999999992100, 4.894617234960180400 ) ) ;
#10074 = DIRECTION ( 'NONE',  ( 0.0000000000000000000, -1.000000000000000000, 0.0000000000000000000 ) ) ;
#10075 = VECTOR ( 'NONE', #10074, 1000.000000000000000 ) ;
#10076 = CARTESIAN_POINT ( 'NONE',  ( -7.893952757850374100, 0.3599999999999992100, 4.894617234960180400 ) ) ;
#10077 = LINE ( 'NONE', #10076, #10075 ) ;
#10078 = DIRECTION ( 'NONE',  ( 0.0000000000000000000, 0.0000000000000000000, -1.000000000000000000 ) ) ;
#10079 = DIRECTION ( 'NONE',  ( -0.0000000000000000000, -1.000000000000000000, -0.0000000000000000000 ) ) ;
#10080 = CARTESIAN_POINT ( 'NONE',  ( -8.958849679447640200, 0.0000000000000000000, 3.810000000000000100 ) ) ;
#10081 = AXIS2_PLACEMENT_3D ( 'NONE', #10080, #10079, #10078 ) ;
#10082 = CYLINDRICAL_SURFACE ( 'NONE', #10081, 1.519999999999999600 ) ;
#10083 = FACE_OUTER_BOUND ( 'NONE', #5838, .T. ) ;
#10084 = VECTOR ( 'NONE', #10022, 1000.000000000000100 ) ;
#10085 = DIRECTION ( 'NONE',  ( 1.000000000000000000, -0.0000000000000000000, -0.0000000000000000000 ) ) ;
#10086 = VECTOR ( 'NONE', #10085, 1000.000000000000000 ) ;
#10087 = CARTESIAN_POINT ( 'NONE',  ( -7.131843215790594200, 0.3599999999999992100, 2.649999999999999900 ) ) ;
#10088 = LINE ( 'NONE', #10087, #10086 ) ;
#10089 = DIRECTION ( 'NONE',  ( 1.000000000000000000, -0.0000000000000000000, -0.0000000000000000000 ) ) ;
#10090 = VECTOR ( 'NONE', #10089, 1000.000000000000000 ) ;
#10091 = CARTESIAN_POINT ( 'NONE',  ( -7.131843215790594200, 0.3599999999999992100, 3.169999999999999900 ) ) ;
#10092 = LINE ( 'NONE', #10091, #10090 ) ;
#10093 = CARTESIAN_POINT ( 'NONE',  ( -5.932973326963407100, 0.3599999999999992100, 3.169999999999999900 ) ) ;
#10094 = DIRECTION ( 'NONE',  ( 0.0000000000000000000, 0.0000000000000000000, -1.000000000000000000 ) ) ;
#10095 = DIRECTION ( 'NONE',  ( 0.0000000000000000000, -1.000000000000000000, 0.0000000000000000000 ) ) ;
#10096 = CARTESIAN_POINT ( 'NONE',  ( -5.932973326963407100, 0.3599999999999992100, 3.669999999999999900 ) ) ;
#10097 = AXIS2_PLACEMENT_3D ( 'NONE', #10096, #10095, #10094 ) ;
#10098 = CIRCLE ( 'NONE', #10097, 0.5000000000000000000 ) ;
#10099 = DIRECTION ( 'NONE',  ( 2.220446049250313100E-016, 0.0000000000000000000, 1.000000000000000000 ) ) ;
#10100 = VECTOR ( 'NONE', #10099, 1000.000000000000000 ) ;
#10101 = CARTESIAN_POINT ( 'NONE',  ( -12.55000000000000200, 0.3599999999999992100, 5.330000000000001000 ) ) ;
#10102 = LINE ( 'NONE', #10101, #10100 ) ;
#10103 = CARTESIAN_POINT ( 'NONE',  ( -12.55000000000000100, 0.3599999999999995400, 4.809999999999999600 ) ) ;
#10104 = DIRECTION ( 'NONE',  ( 0.7660444431189811200, 0.6427876096865355900, 0.0000000000000000000 ) ) ;
#10105 = VECTOR ( 'NONE', #10104, 1000.000000000000100 ) ;
#10106 = CARTESIAN_POINT ( 'NONE',  ( -12.55000000000000200, 0.3599999999999989900, 4.809999999999999600 ) ) ;
#10107 = LINE ( 'NONE', #10106, #10105 ) ;
#10108 = CARTESIAN_POINT ( 'NONE',  ( -12.85000000000000100, 0.1082701106468174600, 4.809999999999999600 ) ) ;
#10109 = CARTESIAN_POINT ( 'NONE',  ( -12.85000000000000100, -0.1082701106468204200, 4.809999999999999600 ) ) ;
#10110 = DIRECTION ( 'NONE',  ( 0.0000000000000000000, 1.000000000000000000, 0.0000000000000000000 ) ) ;
#10111 = VECTOR ( 'NONE', #10110, 1000.000000000000000 ) ;
#10112 = CARTESIAN_POINT ( 'NONE',  ( -12.85000000000000100, 0.3599999999999992100, 4.809999999999999600 ) ) ;
#10113 = LINE ( 'NONE', #10112, #10111 ) ;
#10114 = DIRECTION ( 'NONE',  ( 1.000000000000000000, 0.0000000000000000000, -0.0000000000000000000 ) ) ;
#10115 = DIRECTION ( 'NONE',  ( 0.0000000000000000000, -0.0000000000000000000, 1.000000000000000000 ) ) ;
#10116 = DIRECTION ( 'NONE',  ( 0.7135639703685390200, 0.0000000000000000000, -0.7005900799982016600 ) ) ;
#10117 = DIRECTION ( 'NONE',  ( 0.7005900799982017800, -0.0000000000000000000, 0.7135639703685391400 ) ) ;
#10118 = AXIS2_PLACEMENT_3D ( 'NONE', #10119, #10117, #10116 ) ;
#10119 = CARTESIAN_POINT ( 'NONE',  ( -6.137398166687226800, 0.3599999999999992100, 3.169999999999999900 ) ) ;
#10120 = PLANE ( 'NONE',  #10118 ) ;
#10121 = FACE_OUTER_BOUND ( 'NONE', #5813, .T. ) ;
#10122 = DIRECTION ( 'NONE',  ( 0.0000000000000000000, 0.0000000000000000000, -1.000000000000000000 ) ) ;
#10123 = DIRECTION ( 'NONE',  ( -0.0000000000000000000, -1.000000000000000000, -0.0000000000000000000 ) ) ;
#10124 = AXIS2_PLACEMENT_3D ( 'NONE', #10129, #10123, #10122 ) ;
#10125 = CIRCLE ( 'NONE', #10124, 1.000000000000000000 ) ;
#10126 = DIRECTION ( 'NONE',  ( 0.0000000000000000000, -0.0000000000000000000, -1.000000000000000000 ) ) ;
#10127 = DIRECTION ( 'NONE',  ( 0.0000000000000000000, -1.000000000000000000, 0.0000000000000000000 ) ) ;
#10128 = AXIS2_PLACEMENT_3D ( 'NONE', #10130, #10127, #10126 ) ;
#10129 = CARTESIAN_POINT ( 'NONE',  ( -8.958849679447640200, 0.3599999999999992100, 3.810000000000000100 ) ) ;
#10130 = CARTESIAN_POINT ( 'NONE',  ( -7.131843215790594200, 0.3599999999999992100, 2.649999999999999900 ) ) ;
#10131 = PLANE ( 'NONE',  #10128 ) ;
#10132 = FACE_OUTER_BOUND ( 'NONE', #5910, .T. ) ;
#10133 = DIRECTION ( 'NONE',  ( -0.7135639703685390200, 0.0000000000000000000, 0.7005900799982016600 ) ) ;
#10134 = VECTOR ( 'NONE', #10133, 1000.000000000000100 ) ;
#10135 = CARTESIAN_POINT ( 'NONE',  ( -6.349999999999999600, -0.3600000000000008200, 2.649999999999999900 ) ) ;
#10136 = LINE ( 'NONE', #10135, #10134 ) ;
#10137 = CARTESIAN_POINT ( 'NONE',  ( -6.495870200275280800, -0.3600000000000008200, 2.793218014815730400 ) ) ;
#10138 = DIRECTION ( 'NONE',  ( 0.0000000000000000000, -1.000000000000000000, 0.0000000000000000000 ) ) ;
#10139 = VECTOR ( 'NONE', #10138, 1000.000000000000000 ) ;
#10140 = CARTESIAN_POINT ( 'NONE',  ( -6.495870200275280800, -0.3600000000000008200, 2.793218014815730400 ) ) ;
#10141 = LINE ( 'NONE', #10140, #10139 ) ;
#10142 = CARTESIAN_POINT ( 'NONE',  ( -6.495870200275280800, 0.3599999999999992100, 2.793218014815730400 ) ) ;
#10143 = DIRECTION ( 'NONE',  ( -0.7135639703685390200, 0.0000000000000000000, 0.7005900799982016600 ) ) ;
#10144 = VECTOR ( 'NONE', #10143, 1000.000000000000100 ) ;
#10145 = CARTESIAN_POINT ( 'NONE',  ( -6.349999999999999600, 0.3599999999999992100, 2.649999999999999900 ) ) ;
#10146 = LINE ( 'NONE', #10145, #10144 ) ;
#10147 = DIRECTION ( 'NONE',  ( 0.0000000000000000000, 1.000000000000000000, 0.0000000000000000000 ) ) ;
#10148 = PLANE ( 'NONE',  #9897 ) ;
#10149 = FACE_OUTER_BOUND ( 'NONE', #5943, .T. ) ;
#10150 = DIRECTION ( 'NONE',  ( 2.220446049250313100E-016, 0.0000000000000000000, 1.000000000000000000 ) ) ;
#10151 = VECTOR ( 'NONE', #10150, 1000.000000000000000 ) ;
#10152 = CARTESIAN_POINT ( 'NONE',  ( -12.85000000000000000, -0.1082701106468204300, 5.330000000000000100 ) ) ;
#10153 = LINE ( 'NONE', #10152, #10151 ) ;
#10154 = DIRECTION ( 'NONE',  ( 0.0000000000000000000, 0.0000000000000000000, -1.000000000000000000 ) ) ;
#10155 = DIRECTION ( 'NONE',  ( -0.0000000000000000000, -1.000000000000000000, -0.0000000000000000000 ) ) ;
#10156 = CARTESIAN_POINT ( 'NONE',  ( -8.958849679447640200, -0.3600000000000009300, 3.810000000000000100 ) ) ;
#10157 = AXIS2_PLACEMENT_3D ( 'NONE', #10156, #10155, #10154 ) ;
#10158 = DIRECTION ( 'NONE',  ( -0.7135639703685390200, 0.0000000000000000000, 0.7005900799982016600 ) ) ;
#10159 = DIRECTION ( 'NONE',  ( -0.7005900799982017800, 0.0000000000000000000, -0.7135639703685391400 ) ) ;
#10160 = AXIS2_PLACEMENT_3D ( 'NONE', #10162, #10159, #10158 ) ;
#10161 = CIRCLE ( 'NONE', #10157, 1.519999999999999100 ) ;
#10162 = CARTESIAN_POINT ( 'NONE',  ( -6.349999999999999600, 0.3599999999999992100, 2.649999999999999900 ) ) ;
#10163 = PLANE ( 'NONE',  #10160 ) ;
#10164 = FACE_OUTER_BOUND ( 'NONE', #5935, .T. ) ;
#10165 = DIRECTION ( 'NONE',  ( -0.7135639703685390200, 0.0000000000000000000, 0.7005900799982016600 ) ) ;
#10166 = VECTOR ( 'NONE', #10165, 1000.000000000000100 ) ;
#10167 = CARTESIAN_POINT ( 'NONE',  ( -6.137398166687226800, 0.3599999999999992100, 3.169999999999999900 ) ) ;
#10168 = LINE ( 'NONE', #10167, #10166 ) ;
#10169 = CARTESIAN_POINT ( 'NONE',  ( -6.283268366962508000, 0.3599999999999992100, 3.313218014815730400 ) ) ;
#10170 = DIRECTION ( 'NONE',  ( 0.0000000000000000000, 1.000000000000000000, 0.0000000000000000000 ) ) ;
#10171 = VECTOR ( 'NONE', #10170, 1000.000000000000000 ) ;
#10172 = CARTESIAN_POINT ( 'NONE',  ( -6.283268366962508000, 0.3599999999999992100, 3.313218014815730400 ) ) ;
#10173 = LINE ( 'NONE', #10172, #10171 ) ;
#10174 = CARTESIAN_POINT ( 'NONE',  ( -6.283268366962508000, -0.3600000000000009300, 3.313218014815730400 ) ) ;
#10175 = DIRECTION ( 'NONE',  ( -0.7135639703685390200, 0.0000000000000000000, 0.7005900799982016600 ) ) ;
#10176 = VECTOR ( 'NONE', #10175, 1000.000000000000100 ) ;
#10177 = CARTESIAN_POINT ( 'NONE',  ( -6.137398166687226800, -0.3600000000000009300, 3.169999999999999900 ) ) ;
#10178 = LINE ( 'NONE', #10177, #10176 ) ;
#10179 = DIRECTION ( 'NONE',  ( -2.220446049250313100E-016, 0.0000000000000000000, -1.000000000000000000 ) ) ;
#10180 = VECTOR ( 'NONE', #10179, 1000.000000000000000 ) ;
#10181 = CARTESIAN_POINT ( 'NONE',  ( -12.55000000000000200, -0.3600000000000009300, 4.809999999999999600 ) ) ;
#10182 = DIRECTION ( 'NONE',  ( 0.0000000000000000000, 0.0000000000000000000, 1.000000000000000000 ) ) ;
#10183 = DIRECTION ( 'NONE',  ( 0.0000000000000000000, 1.000000000000000000, -0.0000000000000000000 ) ) ;
#10184 = CARTESIAN_POINT ( 'NONE',  ( -7.131843215790594200, -0.3600000000000009300, 2.649999999999999900 ) ) ;
#10185 = AXIS2_PLACEMENT_3D ( 'NONE', #10184, #10183, #10182 ) ;
#10186 = PLANE ( 'NONE',  #10185 ) ;
#10187 = LINE ( 'NONE', #10181, #10180 ) ;
#10188 = FACE_OUTER_BOUND ( 'NONE', #5974, .T. ) ;
#10189 = DIRECTION ( 'NONE',  ( -0.0000000000000000000, 1.000000000000000000, -0.0000000000000000000 ) ) ;
#10190 = VECTOR ( 'NONE', #10189, 1000.000000000000000 ) ;
#10191 = CARTESIAN_POINT ( 'NONE',  ( -6.145575160276179900, 0.3599999999999992100, 2.649999999999999900 ) ) ;
#10192 = DIRECTION ( 'NONE',  ( 1.000000000000000000, 0.0000000000000000000, -0.0000000000000000000 ) ) ;
#10193 = DIRECTION ( 'NONE',  ( 0.0000000000000000000, 0.0000000000000000000, 1.000000000000000000 ) ) ;
#10194 = AXIS2_PLACEMENT_3D ( 'NONE', #10196, #10193, #10192 ) ;
#10195 = LINE ( 'NONE', #10191, #10190 ) ;
#10196 = CARTESIAN_POINT ( 'NONE',  ( -7.131843215790594200, 0.3599999999999992100, 2.649999999999999900 ) ) ;
#10197 = PLANE ( 'NONE',  #10194 ) ;
#10198 = FACE_OUTER_BOUND ( 'NONE', #5959, .T. ) ;
#10199 = DIRECTION ( 'NONE',  ( 0.0000000000000000000, 0.0000000000000000000, 1.000000000000000000 ) ) ;
#10200 = DIRECTION ( 'NONE',  ( 0.0000000000000000000, 1.000000000000000000, -0.0000000000000000000 ) ) ;
#10201 = CARTESIAN_POINT ( 'NONE',  ( -5.932973326963407100, -0.3600000000000009300, 3.669999999999999900 ) ) ;
#10202 = AXIS2_PLACEMENT_3D ( 'NONE', #10201, #10200, #10199 ) ;
#10203 = CIRCLE ( 'NONE', #10202, 0.5000000000000000000 ) ;
#10204 = DIRECTION ( 'NONE',  ( 1.000000000000000000, -0.0000000000000000000, -0.0000000000000000000 ) ) ;
#10205 = VECTOR ( 'NONE', #10204, 1000.000000000000000 ) ;
#10206 = CARTESIAN_POINT ( 'NONE',  ( -7.131843215790594200, -0.3600000000000009300, 2.649999999999999900 ) ) ;
#10207 = LINE ( 'NONE', #10206, #10205 ) ;
#10208 = DIRECTION ( 'NONE',  ( -1.000000000000000000, 0.0000000000000000000, 0.0000000000000000000 ) ) ;
#10209 = DIRECTION ( 'NONE',  ( -0.0000000000000000000, 0.0000000000000000000, -1.000000000000000000 ) ) ;
#10210 = CARTESIAN_POINT ( 'NONE',  ( -7.893952757850374100, -2.180000000000001500, 4.894617234960180400 ) ) ;
#10211 = DIRECTION ( 'NONE',  ( 0.0000000000000000000, -1.000000000000000000, 0.0000000000000000000 ) ) ;
#10212 = VECTOR ( 'NONE', #10211, 1000.000000000000000 ) ;
#10213 = CARTESIAN_POINT ( 'NONE',  ( -7.893952757850374100, -2.180000000000001500, 4.894617234960180400 ) ) ;
#10214 = LINE ( 'NONE', #10213, #10212 ) ;
#10215 = DIRECTION ( 'NONE',  ( 1.000000000000000000, -0.0000000000000000000, -0.0000000000000000000 ) ) ;
#10216 = VECTOR ( 'NONE', #10215, 1000.000000000000000 ) ;
#10217 = CARTESIAN_POINT ( 'NONE',  ( -7.131843215790594200, -0.3600000000000009300, 3.169999999999999900 ) ) ;
#10218 = LINE ( 'NONE', #10217, #10216 ) ;
#10219 = CARTESIAN_POINT ( 'NONE',  ( -5.932973326963407100, -0.3600000000000009300, 3.169999999999999900 ) ) ;
#10220 = DIRECTION ( 'NONE',  ( -0.0000000000000000000, -1.000000000000000000, -0.0000000000000000000 ) ) ;
#10221 = VECTOR ( 'NONE', #10220, 1000.000000000000000 ) ;
#10222 = CARTESIAN_POINT ( 'NONE',  ( -5.932973326963407100, 0.3599999999999992100, 3.169999999999999900 ) ) ;
#10223 = DIRECTION ( 'NONE',  ( -1.000000000000000000, 0.0000000000000000000, 0.0000000000000000000 ) ) ;
#10224 = DIRECTION ( 'NONE',  ( -0.0000000000000000000, 0.0000000000000000000, -1.000000000000000000 ) ) ;
#10225 = AXIS2_PLACEMENT_3D ( 'NONE', #10227, #10224, #10223 ) ;
#10226 = LINE ( 'NONE', #10222, #10221 ) ;
#10227 = CARTESIAN_POINT ( 'NONE',  ( -7.131843215790594200, 0.3599999999999992100, 3.169999999999999900 ) ) ;
#10228 = PLANE ( 'NONE',  #10225 ) ;
#10229 = FACE_OUTER_BOUND ( 'NONE', #6001, .T. ) ;
#10230 = DIRECTION ( 'NONE',  ( 0.0000000000000000000, 0.0000000000000000000, -1.000000000000000000 ) ) ;
#10231 = DIRECTION ( 'NONE',  ( -0.0000000000000000000, 1.000000000000000000, -0.0000000000000000000 ) ) ;
#10232 = CARTESIAN_POINT ( 'NONE',  ( -6.145575160276179900, 0.3599999999999992100, 3.149999999999999900 ) ) ;
#10233 = AXIS2_PLACEMENT_3D ( 'NONE', #10232, #10231, #10230 ) ;
#10234 = CIRCLE ( 'NONE', #10233, 0.5000000000000000000 ) ;
#10235 = CARTESIAN_POINT ( 'NONE',  ( -6.145575160276179900, 0.3599999999999992100, 2.649999999999999900 ) ) ;
#10236 = CARTESIAN_POINT ( 'NONE',  ( -6.145575160276179900, -0.3600000000000009300, 2.649999999999999900 ) ) ;
#10237 = DIRECTION ( 'NONE',  ( 0.0000000000000000000, 0.0000000000000000000, 1.000000000000000000 ) ) ;
#10238 = DIRECTION ( 'NONE',  ( -0.0000000000000000000, -1.000000000000000000, 0.0000000000000000000 ) ) ;
#10239 = CARTESIAN_POINT ( 'NONE',  ( -6.145575160276179900, -0.3600000000000009300, 3.149999999999999900 ) ) ;
#10240 = AXIS2_PLACEMENT_3D ( 'NONE', #10239, #10238, #10237 ) ;
#10241 = CIRCLE ( 'NONE', #10240, 0.5000000000000000000 ) ;
#10242 = CARTESIAN_POINT ( 'NONE',  ( -8.958849679447642000, -2.180000000000001500, 4.809999999999999600 ) ) ;
#10243 = DIRECTION ( 'NONE',  ( -1.000000000000000000, 0.0000000000000000000, 0.0000000000000000000 ) ) ;
#10244 = VECTOR ( 'NONE', #10243, 1000.000000000000000 ) ;
#10245 = CARTESIAN_POINT ( 'NONE',  ( -8.958849679447642000, -2.180000000000001500, 4.809999999999999600 ) ) ;
#10246 = LINE ( 'NONE', #10245, #10244 ) ;
#10247 = CARTESIAN_POINT ( 'NONE',  ( -12.54999999999999900, -2.180000000000000600, 4.809999999999999600 ) ) ;
#10248 = DIRECTION ( 'NONE',  ( 0.7660444431189811200, 0.6427876096865355900, 0.0000000000000000000 ) ) ;
#10249 = VECTOR ( 'NONE', #10248, 1000.000000000000100 ) ;
#10250 = CARTESIAN_POINT ( 'NONE',  ( -12.55000000000000200, -2.180000000000001900, 4.809999999999999600 ) ) ;
#10251 = LINE ( 'NONE', #10250, #10249 ) ;
#10252 = CARTESIAN_POINT ( 'NONE',  ( -12.85000000000000100, -2.431729889353183300, 4.809999999999999600 ) ) ;
#10253 = CARTESIAN_POINT ( 'NONE',  ( -12.85000000000000100, -2.648270110646817600, 4.809999999999999600 ) ) ;
#10254 = DIRECTION ( 'NONE',  ( 0.0000000000000000000, 1.000000000000000000, 0.0000000000000000000 ) ) ;
#10255 = VECTOR ( 'NONE', #10254, 1000.000000000000000 ) ;
#10256 = CARTESIAN_POINT ( 'NONE',  ( -12.85000000000000100, -2.180000000000001500, 4.809999999999999600 ) ) ;
#10257 = DIRECTION ( 'NONE',  ( 1.000000000000000000, 0.0000000000000000000, -0.0000000000000000000 ) ) ;
#10258 = DIRECTION ( 'NONE',  ( 0.0000000000000000000, -0.0000000000000000000, 1.000000000000000000 ) ) ;
#10259 = CARTESIAN_POINT ( 'NONE',  ( -8.958849679447642000, -2.180000000000001500, 4.809999999999999600 ) ) ;
#10260 = AXIS2_PLACEMENT_3D ( 'NONE', #10259, #10258, #10257 ) ;
#10261 = PLANE ( 'NONE',  #10260 ) ;
#10262 = LINE ( 'NONE', #10256, #10255 ) ;
#10263 = FACE_OUTER_BOUND ( 'NONE', #6032, .T. ) ;
#10264 = DIRECTION ( 'NONE',  ( 0.0000000000000000000, -1.000000000000000000, 0.0000000000000000000 ) ) ;
#10265 = VECTOR ( 'NONE', #10264, 1000.000000000000000 ) ;
#10266 = CARTESIAN_POINT ( 'NONE',  ( -8.958849679447640200, -2.180000000000001500, 5.330000000000001000 ) ) ;
#10267 = LINE ( 'NONE', #10266, #10265 ) ;
#10268 = DIRECTION ( 'NONE',  ( -1.000000000000000000, 0.0000000000000000000, 0.0000000000000000000 ) ) ;
#10269 = VECTOR ( 'NONE', #10268, 1000.000000000000000 ) ;
#10270 = CARTESIAN_POINT ( 'NONE',  ( -8.958849679447642000, -2.900000000000001700, 5.330000000000000100 ) ) ;
#10271 = LINE ( 'NONE', #10270, #10269 ) ;
#10272 = CARTESIAN_POINT ( 'NONE',  ( -7.893952757850375000, -2.900000000000001700, 4.894617234960180400 ) ) ;
#10273 = DIRECTION ( 'NONE',  ( -2.220446049250313100E-016, 0.0000000000000000000, -1.000000000000000000 ) ) ;
#10274 = VECTOR ( 'NONE', #10273, 1000.000000000000000 ) ;
#10275 = CARTESIAN_POINT ( 'NONE',  ( -12.85000000000000000, 0.1082701106468187300, 4.809999999999999600 ) ) ;
#10276 = LINE ( 'NONE', #10275, #10274 ) ;
#10277 = DIRECTION ( 'NONE',  ( 2.220446049250313100E-016, 0.0000000000000000000, 1.000000000000000000 ) ) ;
#10278 = DIRECTION ( 'NONE',  ( -1.000000000000000000, 0.0000000000000000000, 2.220446049250313100E-016 ) ) ;
#10279 = CARTESIAN_POINT ( 'NONE',  ( -12.85000000000000000, -8.673617379884035500E-016, 5.070000000000000300 ) ) ;
#10280 = AXIS2_PLACEMENT_3D ( 'NONE', #10279, #10278, #10277 ) ;
#10281 = PLANE ( 'NONE',  #10280 ) ;
#10282 = FACE_OUTER_BOUND ( 'NONE', #6079, .T. ) ;
#10283 = CARTESIAN_POINT ( 'NONE',  ( -8.958849679447642000, -2.900000000000001700, 5.330000000000000100 ) ) ;
#10284 = CARTESIAN_POINT ( 'NONE',  ( -12.54999999999999500, -2.900000000000001700, 5.330000000000000100 ) ) ;
#10285 = DIRECTION ( 'NONE',  ( 0.7660444431189840100, -0.6427876096865322600, 0.0000000000000000000 ) ) ;
#10286 = VECTOR ( 'NONE', #10285, 999.9999999999998900 ) ;
#10287 = CARTESIAN_POINT ( 'NONE',  ( -12.54999999999999500, -2.900000000000001200, 5.330000000000001000 ) ) ;
#10288 = LINE ( 'NONE', #10287, #10286 ) ;
#10289 = CARTESIAN_POINT ( 'NONE',  ( -12.85000000000000000, -2.648270110646817600, 5.330000000000001000 ) ) ;
#10290 = DIRECTION ( 'NONE',  ( 0.0000000000000000000, -1.000000000000000000, 0.0000000000000000000 ) ) ;
#10291 = VECTOR ( 'NONE', #10290, 1000.000000000000000 ) ;
#10292 = CARTESIAN_POINT ( 'NONE',  ( -12.85000000000000000, -2.180000000000001500, 5.330000000000001000 ) ) ;
#10293 = LINE ( 'NONE', #10292, #10291 ) ;
#10294 = CARTESIAN_POINT ( 'NONE',  ( -12.85000000000000000, -2.431729889353182000, 5.330000000000001000 ) ) ;
#10295 = DIRECTION ( 'NONE',  ( -0.7660444431189811200, -0.6427876096865355900, 0.0000000000000000000 ) ) ;
#10296 = VECTOR ( 'NONE', #10295, 1000.000000000000100 ) ;
#10297 = CARTESIAN_POINT ( 'NONE',  ( -12.55000000000000200, -2.180000000000001900, 5.330000000000001000 ) ) ;
#10298 = LINE ( 'NONE', #10297, #10296 ) ;
#10299 = CARTESIAN_POINT ( 'NONE',  ( -12.55000000000000100, -2.180000000000001500, 5.330000000000001000 ) ) ;
#10300 = CARTESIAN_POINT ( 'NONE',  ( -8.958849679447640200, -2.180000000000001500, 5.330000000000001000 ) ) ;
#10301 = DIRECTION ( 'NONE',  ( -1.000000000000000000, 0.0000000000000000000, 0.0000000000000000000 ) ) ;
#10302 = VECTOR ( 'NONE', #10301, 1000.000000000000000 ) ;
#10303 = CARTESIAN_POINT ( 'NONE',  ( -8.958849679447640200, -2.180000000000001500, 5.330000000000001000 ) ) ;
#10304 = LINE ( 'NONE', #10303, #10302 ) ;
#10305 = DIRECTION ( 'NONE',  ( -0.7135639703685390200, 0.0000000000000000000, 0.7005900799982016600 ) ) ;
#10306 = DIRECTION ( 'NONE',  ( -0.7005900799982017800, 0.0000000000000000000, -0.7135639703685391400 ) ) ;
#10307 = AXIS2_PLACEMENT_3D ( 'NONE', #10309, #10306, #10305 ) ;
#10308 = CARTESIAN_POINT ( 'NONE',  ( -8.958849679447640200, -2.180000000000001500, 3.810000000000000100 ) ) ;
#10309 = CARTESIAN_POINT ( 'NONE',  ( -6.349999999999999600, -2.180000000000001500, 2.649999999999999900 ) ) ;
#10310 = PLANE ( 'NONE',  #10307 ) ;
#10311 = FACE_OUTER_BOUND ( 'NONE', #6120, .T. ) ;
#10312 = DIRECTION ( 'NONE',  ( -0.7135639703685390200, 0.0000000000000000000, 0.7005900799982016600 ) ) ;
#10313 = VECTOR ( 'NONE', #10312, 1000.000000000000100 ) ;
#10314 = CARTESIAN_POINT ( 'NONE',  ( -6.137398166687226800, -2.180000000000001500, 3.169999999999999900 ) ) ;
#10315 = LINE ( 'NONE', #10314, #10313 ) ;
#10316 = CARTESIAN_POINT ( 'NONE',  ( -6.283268366962508000, -2.180000000000001500, 3.313218014815730400 ) ) ;
#10317 = DIRECTION ( 'NONE',  ( 0.0000000000000000000, 1.000000000000000000, 0.0000000000000000000 ) ) ;
#10318 = VECTOR ( 'NONE', #10317, 1000.000000000000000 ) ;
#10319 = CARTESIAN_POINT ( 'NONE',  ( -6.283268366962508000, -2.180000000000001500, 3.313218014815730400 ) ) ;
#10320 = LINE ( 'NONE', #10319, #10318 ) ;
#10321 = CARTESIAN_POINT ( 'NONE',  ( -6.283268366962508000, -2.900000000000001700, 3.313218014815730400 ) ) ;
#10322 = DIRECTION ( 'NONE',  ( -0.7135639703685390200, 0.0000000000000000000, 0.7005900799982016600 ) ) ;
#10323 = VECTOR ( 'NONE', #10322, 1000.000000000000100 ) ;
#10324 = CARTESIAN_POINT ( 'NONE',  ( -6.137398166687226800, -2.900000000000001700, 3.169999999999999900 ) ) ;
#10325 = LINE ( 'NONE', #10324, #10323 ) ;
#10326 = DIRECTION ( 'NONE',  ( 0.7135639703685390200, 0.0000000000000000000, -0.7005900799982016600 ) ) ;
#10327 = DIRECTION ( 'NONE',  ( 0.7005900799982017800, -0.0000000000000000000, 0.7135639703685391400 ) ) ;
#10328 = AXIS2_PLACEMENT_3D ( 'NONE', #10329, #10327, #10326 ) ;
#10329 = CARTESIAN_POINT ( 'NONE',  ( -6.137398166687226800, -2.180000000000001500, 3.169999999999999900 ) ) ;
#10330 = PLANE ( 'NONE',  #10328 ) ;
#10331 = FACE_OUTER_BOUND ( 'NONE', #6095, .T. ) ;
#10332 = DIRECTION ( 'NONE',  ( 0.0000000000000000000, 0.0000000000000000000, -1.000000000000000000 ) ) ;
#10333 = DIRECTION ( 'NONE',  ( -0.0000000000000000000, -1.000000000000000000, -0.0000000000000000000 ) ) ;
#10334 = CARTESIAN_POINT ( 'NONE',  ( -8.958849679447640200, -2.180000000000001500, 3.810000000000000100 ) ) ;
#10335 = AXIS2_PLACEMENT_3D ( 'NONE', #10334, #10333, #10332 ) ;
#10336 = CIRCLE ( 'NONE', #10335, 1.000000000000000000 ) ;
#10337 = CARTESIAN_POINT ( 'NONE',  ( -8.958849679447642000, -2.900000000000001700, 4.809999999999999600 ) ) ;
#10338 = DIRECTION ( 'NONE',  ( 0.0000000000000000000, 1.000000000000000000, 0.0000000000000000000 ) ) ;
#10339 = VECTOR ( 'NONE', #10338, 1000.000000000000000 ) ;
#10340 = CARTESIAN_POINT ( 'NONE',  ( -8.958849679447642000, -2.180000000000001500, 4.809999999999999600 ) ) ;
#10341 = LINE ( 'NONE', #10340, #10339 ) ;
#10342 = DIRECTION ( 'NONE',  ( 0.0000000000000000000, 0.0000000000000000000, -1.000000000000000000 ) ) ;
#10343 = DIRECTION ( 'NONE',  ( -0.0000000000000000000, -1.000000000000000000, -0.0000000000000000000 ) ) ;
#10344 = CARTESIAN_POINT ( 'NONE',  ( -8.958849679447640200, -2.900000000000001700, 3.810000000000000100 ) ) ;
#10345 = AXIS2_PLACEMENT_3D ( 'NONE', #10344, #10343, #10342 ) ;
#10346 = CIRCLE ( 'NONE', #10345, 0.9999999999999995600 ) ;
#10347 = CARTESIAN_POINT ( 'NONE',  ( -8.258259599449440100, -2.180000000000001500, 4.523563970368541300 ) ) ;
#10348 = CARTESIAN_POINT ( 'NONE',  ( -8.258259599449440100, -2.900000000000001700, 4.523563970368540400 ) ) ;
#10349 = DIRECTION ( 'NONE',  ( 0.0000000000000000000, 1.000000000000000000, 0.0000000000000000000 ) ) ;
#10350 = VECTOR ( 'NONE', #10349, 1000.000000000000000 ) ;
#10351 = CARTESIAN_POINT ( 'NONE',  ( -8.258259599449440100, -2.180000000000001500, 4.523563970368540400 ) ) ;
#10352 = LINE ( 'NONE', #10351, #10350 ) ;
#10353 = DIRECTION ( 'NONE',  ( 0.0000000000000000000, 0.0000000000000000000, -1.000000000000000000 ) ) ;
#10354 = DIRECTION ( 'NONE',  ( -0.0000000000000000000, -1.000000000000000000, -0.0000000000000000000 ) ) ;
#10355 = CARTESIAN_POINT ( 'NONE',  ( -8.958849679447640200, -2.540000000000000500, 3.810000000000000100 ) ) ;
#10356 = AXIS2_PLACEMENT_3D ( 'NONE', #10355, #10354, #10353 ) ;
#10357 = CYLINDRICAL_SURFACE ( 'NONE', #10356, 1.000000000000000000 ) ;
#10358 = FACE_OUTER_BOUND ( 'NONE', #6131, .T. ) ;
#10359 = DIRECTION ( 'NONE',  ( 0.0000000000000000000, 0.0000000000000000000, -1.000000000000000000 ) ) ;
#10360 = DIRECTION ( 'NONE',  ( -0.0000000000000000000, -1.000000000000000000, -0.0000000000000000000 ) ) ;
#10361 = CARTESIAN_POINT ( 'NONE',  ( -8.958849679447640200, -2.900000000000001700, 3.810000000000000100 ) ) ;
#10362 = AXIS2_PLACEMENT_3D ( 'NONE', #10361, #10360, #10359 ) ;
#10363 = CIRCLE ( 'NONE', #10362, 1.519999999999999100 ) ;
#10364 = DIRECTION ( 'NONE',  ( 0.0000000000000000000, 0.0000000000000000000, -1.000000000000000000 ) ) ;
#10365 = DIRECTION ( 'NONE',  ( -0.0000000000000000000, -1.000000000000000000, -0.0000000000000000000 ) ) ;
#10366 = AXIS2_PLACEMENT_3D ( 'NONE', #10308, #10365, #10364 ) ;
#10367 = CIRCLE ( 'NONE', #10366, 1.520000000000000500 ) ;
#10368 = PLANE ( 'NONE',  #10429 ) ;
#10369 = DIRECTION ( 'NONE',  ( 0.0000000000000000000, 0.0000000000000000000, -1.000000000000000000 ) ) ;
#10370 = DIRECTION ( 'NONE',  ( -0.0000000000000000000, 1.000000000000000000, -0.0000000000000000000 ) ) ;
#10371 = CARTESIAN_POINT ( 'NONE',  ( -6.145575160276179900, -2.180000000000001500, 3.149999999999999900 ) ) ;
#10372 = AXIS2_PLACEMENT_3D ( 'NONE', #10371, #10370, #10369 ) ;
#10373 = CIRCLE ( 'NONE', #10372, 0.5000000000000000000 ) ;
#10374 = FACE_OUTER_BOUND ( 'NONE', #6180, .T. ) ;
#10375 = CARTESIAN_POINT ( 'NONE',  ( -6.145575160276179900, -2.900000000000001700, 2.649999999999999900 ) ) ;
#10376 = DIRECTION ( 'NONE',  ( 0.0000000000000000000, 0.0000000000000000000, 1.000000000000000000 ) ) ;
#10377 = DIRECTION ( 'NONE',  ( -0.0000000000000000000, -1.000000000000000000, 0.0000000000000000000 ) ) ;
#10378 = CARTESIAN_POINT ( 'NONE',  ( -6.145575160276179900, -2.900000000000001700, 3.149999999999999900 ) ) ;
#10379 = AXIS2_PLACEMENT_3D ( 'NONE', #10378, #10377, #10376 ) ;
#10380 = CIRCLE ( 'NONE', #10379, 0.5000000000000000000 ) ;
#10381 = DIRECTION ( 'NONE',  ( -2.220446049250313100E-016, 0.0000000000000000000, -1.000000000000000000 ) ) ;
#10382 = VECTOR ( 'NONE', #10381, 1000.000000000000000 ) ;
#10383 = CARTESIAN_POINT ( 'NONE',  ( -12.54999999999999500, -2.900000000000001700, 4.809999999999999600 ) ) ;
#10384 = LINE ( 'NONE', #10383, #10382 ) ;
#10385 = DIRECTION ( 'NONE',  ( 0.0000000000000000000, 0.0000000000000000000, -1.000000000000000000 ) ) ;
#10386 = DIRECTION ( 'NONE',  ( -0.0000000000000000000, -1.000000000000000000, -0.0000000000000000000 ) ) ;
#10387 = CARTESIAN_POINT ( 'NONE',  ( -8.958849679447640200, -2.540000000000000500, 3.810000000000000100 ) ) ;
#10388 = AXIS2_PLACEMENT_3D ( 'NONE', #10387, #10386, #10385 ) ;
#10389 = CYLINDRICAL_SURFACE ( 'NONE', #10388, 1.519999999999999600 ) ;
#10390 = FACE_OUTER_BOUND ( 'NONE', #6010, .T. ) ;
#10391 = DIRECTION ( 'NONE',  ( -0.7660444431189840100, 0.6427876096865322600, 0.0000000000000000000 ) ) ;
#10392 = VECTOR ( 'NONE', #10391, 999.9999999999998900 ) ;
#10393 = CARTESIAN_POINT ( 'NONE',  ( -12.54999999999999500, -2.900000000000001200, 4.809999999999999600 ) ) ;
#10394 = LINE ( 'NONE', #10393, #10392 ) ;
#10395 = CARTESIAN_POINT ( 'NONE',  ( -12.54999999999999500, -2.900000000000001700, 4.809999999999999600 ) ) ;
#10396 = DIRECTION ( 'NONE',  ( -1.000000000000000000, 0.0000000000000000000, 0.0000000000000000000 ) ) ;
#10397 = VECTOR ( 'NONE', #10396, 1000.000000000000000 ) ;
#10398 = CARTESIAN_POINT ( 'NONE',  ( -8.958849679447642000, -2.900000000000001700, 4.809999999999999600 ) ) ;
#10399 = LINE ( 'NONE', #10398, #10397 ) ;
#10400 = DIRECTION ( 'NONE',  ( 1.000000000000000000, -0.0000000000000000000, -0.0000000000000000000 ) ) ;
#10401 = VECTOR ( 'NONE', #10400, 1000.000000000000000 ) ;
#10402 = CARTESIAN_POINT ( 'NONE',  ( -7.131843215790594200, -2.180000000000001500, 2.649999999999999900 ) ) ;
#10403 = LINE ( 'NONE', #10402, #10401 ) ;
#10404 = DIRECTION ( 'NONE',  ( 1.000000000000000000, -0.0000000000000000000, -0.0000000000000000000 ) ) ;
#10405 = VECTOR ( 'NONE', #10404, 1000.000000000000000 ) ;
#10406 = CARTESIAN_POINT ( 'NONE',  ( -7.131843215790594200, -2.180000000000001500, 3.169999999999999900 ) ) ;
#10407 = LINE ( 'NONE', #10406, #10405 ) ;
#10408 = CARTESIAN_POINT ( 'NONE',  ( -5.932973326963407100, -2.180000000000001500, 3.169999999999999900 ) ) ;
#10409 = DIRECTION ( 'NONE',  ( 0.0000000000000000000, 0.0000000000000000000, -1.000000000000000000 ) ) ;
#10410 = DIRECTION ( 'NONE',  ( 0.0000000000000000000, -1.000000000000000000, 0.0000000000000000000 ) ) ;
#10411 = CARTESIAN_POINT ( 'NONE',  ( -5.932973326963407100, -2.180000000000001500, 3.669999999999999900 ) ) ;
#10412 = AXIS2_PLACEMENT_3D ( 'NONE', #10411, #10410, #10409 ) ;
#10413 = CIRCLE ( 'NONE', #10412, 0.5000000000000000000 ) ;
#10414 = DIRECTION ( 'NONE',  ( 2.220446049250313100E-016, 0.0000000000000000000, 1.000000000000000000 ) ) ;
#10415 = VECTOR ( 'NONE', #10414, 1000.000000000000000 ) ;
#10416 = CARTESIAN_POINT ( 'NONE',  ( -12.55000000000000200, -2.180000000000001500, 5.330000000000001000 ) ) ;
#10417 = LINE ( 'NONE', #10416, #10415 ) ;
#10418 = DIRECTION ( 'NONE',  ( 1.000000000000000000, -0.0000000000000000000, -0.0000000000000000000 ) ) ;
#10419 = VECTOR ( 'NONE', #10418, 1000.000000000000000 ) ;
#10420 = CARTESIAN_POINT ( 'NONE',  ( -7.131843215790594200, -2.900000000000001700, 3.169999999999999900 ) ) ;
#10421 = LINE ( 'NONE', #10420, #10419 ) ;
#10422 = CARTESIAN_POINT ( 'NONE',  ( -5.932973326963407100, -2.900000000000001700, 3.169999999999999900 ) ) ;
#10423 = DIRECTION ( 'NONE',  ( -0.0000000000000000000, -1.000000000000000000, -0.0000000000000000000 ) ) ;
#10424 = VECTOR ( 'NONE', #10423, 1000.000000000000000 ) ;
#10425 = CARTESIAN_POINT ( 'NONE',  ( -5.932973326963407100, -2.180000000000001500, 3.169999999999999900 ) ) ;
#10426 = DIRECTION ( 'NONE',  ( -1.000000000000000000, 0.0000000000000000000, 0.0000000000000000000 ) ) ;
#10427 = DIRECTION ( 'NONE',  ( -0.0000000000000000000, 0.0000000000000000000, -1.000000000000000000 ) ) ;
#10428 = CARTESIAN_POINT ( 'NONE',  ( -7.131843215790594200, -2.180000000000001500, 3.169999999999999900 ) ) ;
#10429 = AXIS2_PLACEMENT_3D ( 'NONE', #10428, #10427, #10426 ) ;
#10430 = LINE ( 'NONE', #10425, #10424 ) ;
#10431 = VECTOR ( 'NONE', #10492, 1000.000000000000000 ) ;
#10432 = CARTESIAN_POINT ( 'NONE',  ( -12.85000000000000000, -4.720000000000002400, 5.330000000000001000 ) ) ;
#10433 = LINE ( 'NONE', #10432, #10431 ) ;
#10434 = CARTESIAN_POINT ( 'NONE',  ( -12.85000000000000000, -4.971729889353182900, 5.330000000000001000 ) ) ;
#10435 = DIRECTION ( 'NONE',  ( -0.7660444431189811200, -0.6427876096865355900, 0.0000000000000000000 ) ) ;
#10436 = VECTOR ( 'NONE', #10435, 1000.000000000000100 ) ;
#10437 = CARTESIAN_POINT ( 'NONE',  ( -12.55000000000000200, -4.720000000000002400, 5.330000000000001000 ) ) ;
#10438 = LINE ( 'NONE', #10437, #10436 ) ;
#10439 = CARTESIAN_POINT ( 'NONE',  ( -12.55000000000000100, -4.720000000000002400, 5.330000000000001000 ) ) ;
#10440 = DIRECTION ( 'NONE',  ( 0.0000000000000000000, -0.0000000000000000000, -1.000000000000000000 ) ) ;
#10441 = DIRECTION ( 'NONE',  ( 0.0000000000000000000, -1.000000000000000000, 0.0000000000000000000 ) ) ;
#10442 = AXIS2_PLACEMENT_3D ( 'NONE', #10443, #10441, #10440 ) ;
#10443 = CARTESIAN_POINT ( 'NONE',  ( -7.131843215790594200, -2.180000000000001500, 2.649999999999999900 ) ) ;
#10444 = PLANE ( 'NONE',  #10442 ) ;
#10445 = FACE_OUTER_BOUND ( 'NONE', #6085, .T. ) ;
#10446 = DIRECTION ( 'NONE',  ( -0.7135639703685390200, 0.0000000000000000000, 0.7005900799982016600 ) ) ;
#10447 = VECTOR ( 'NONE', #10446, 1000.000000000000100 ) ;
#10448 = CARTESIAN_POINT ( 'NONE',  ( -6.349999999999999600, -2.900000000000001700, 2.649999999999999900 ) ) ;
#10449 = LINE ( 'NONE', #10448, #10447 ) ;
#10450 = CARTESIAN_POINT ( 'NONE',  ( -6.495870200275280800, -2.900000000000001700, 2.793218014815730400 ) ) ;
#10451 = DIRECTION ( 'NONE',  ( 0.0000000000000000000, -1.000000000000000000, 0.0000000000000000000 ) ) ;
#10452 = VECTOR ( 'NONE', #10451, 1000.000000000000000 ) ;
#10453 = CARTESIAN_POINT ( 'NONE',  ( -6.495870200275280800, -2.900000000000001700, 2.793218014815730400 ) ) ;
#10454 = LINE ( 'NONE', #10453, #10452 ) ;
#10455 = CARTESIAN_POINT ( 'NONE',  ( -6.495870200275280800, -2.180000000000001500, 2.793218014815730400 ) ) ;
#10456 = DIRECTION ( 'NONE',  ( -0.7135639703685390200, 0.0000000000000000000, 0.7005900799982016600 ) ) ;
#10457 = VECTOR ( 'NONE', #10456, 1000.000000000000100 ) ;
#10458 = CARTESIAN_POINT ( 'NONE',  ( -6.349999999999999600, -2.180000000000001500, 2.649999999999999900 ) ) ;
#10459 = LINE ( 'NONE', #10458, #10457 ) ;
#10460 = CARTESIAN_POINT ( 'NONE',  ( -6.145575160276179900, -2.180000000000001500, 2.649999999999999900 ) ) ;
#10461 = DIRECTION ( 'NONE',  ( -1.000000000000000000, 0.0000000000000000000, 0.0000000000000000000 ) ) ;
#10462 = DIRECTION ( 'NONE',  ( -0.0000000000000000000, 0.0000000000000000000, -1.000000000000000000 ) ) ;
#10463 = CARTESIAN_POINT ( 'NONE',  ( -8.958849679447640200, -4.720000000000002400, 5.330000000000001000 ) ) ;
#10464 = AXIS2_PLACEMENT_3D ( 'NONE', #10463, #10462, #10461 ) ;
#10465 = PLANE ( 'NONE',  #10464 ) ;
#10466 = FACE_OUTER_BOUND ( 'NONE', #6269, .T. ) ;
#10467 = DIRECTION ( 'NONE',  ( 2.220446049250313100E-016, 0.0000000000000000000, 1.000000000000000000 ) ) ;
#10468 = VECTOR ( 'NONE', #10467, 1000.000000000000000 ) ;
#10469 = CARTESIAN_POINT ( 'NONE',  ( -12.85000000000000000, -2.648270110646817600, 5.330000000000000100 ) ) ;
#10470 = LINE ( 'NONE', #10469, #10468 ) ;
#10471 = DIRECTION ( 'NONE',  ( -2.220446049250313100E-016, 0.0000000000000000000, -1.000000000000000000 ) ) ;
#10472 = VECTOR ( 'NONE', #10471, 1000.000000000000000 ) ;
#10473 = CARTESIAN_POINT ( 'NONE',  ( -12.85000000000000000, -2.431729889353182000, 4.809999999999999600 ) ) ;
#10474 = LINE ( 'NONE', #10473, #10472 ) ;
#10475 = DIRECTION ( 'NONE',  ( 2.220446049250313100E-016, 0.0000000000000000000, 1.000000000000000000 ) ) ;
#10476 = DIRECTION ( 'NONE',  ( -1.000000000000000000, 0.0000000000000000000, 2.220446049250313100E-016 ) ) ;
#10477 = CARTESIAN_POINT ( 'NONE',  ( -12.85000000000000000, -2.540000000000001400, 5.070000000000000300 ) ) ;
#10478 = AXIS2_PLACEMENT_3D ( 'NONE', #10477, #10476, #10475 ) ;
#10479 = PLANE ( 'NONE',  #10478 ) ;
#10480 = FACE_OUTER_BOUND ( 'NONE', #6253, .T. ) ;
#10481 = CARTESIAN_POINT ( 'NONE',  ( -8.958849679447642000, -5.440000000000002200, 5.330000000000000100 ) ) ;
#10482 = DIRECTION ( 'NONE',  ( -1.000000000000000000, 0.0000000000000000000, 0.0000000000000000000 ) ) ;
#10483 = VECTOR ( 'NONE', #10482, 1000.000000000000000 ) ;
#10484 = CARTESIAN_POINT ( 'NONE',  ( -8.958849679447642000, -5.440000000000002200, 5.330000000000000100 ) ) ;
#10485 = LINE ( 'NONE', #10484, #10483 ) ;
#10486 = CARTESIAN_POINT ( 'NONE',  ( -12.54999999999999500, -5.440000000000002200, 5.330000000000000100 ) ) ;
#10487 = DIRECTION ( 'NONE',  ( 0.7660444431189840100, -0.6427876096865322600, 0.0000000000000000000 ) ) ;
#10488 = VECTOR ( 'NONE', #10487, 999.9999999999998900 ) ;
#10489 = CARTESIAN_POINT ( 'NONE',  ( -12.54999999999999500, -5.440000000000002200, 5.330000000000001000 ) ) ;
#10490 = LINE ( 'NONE', #10489, #10488 ) ;
#10491 = CARTESIAN_POINT ( 'NONE',  ( -12.85000000000000000, -5.188270110646819000, 5.330000000000001000 ) ) ;
#10492 = DIRECTION ( 'NONE',  ( 0.0000000000000000000, -1.000000000000000000, 0.0000000000000000000 ) ) ;
#10493 = CARTESIAN_POINT ( 'NONE',  ( -8.258259599449440100, -4.720000000000002400, 4.523563970368541300 ) ) ;
#10494 = CARTESIAN_POINT ( 'NONE',  ( -8.258259599449440100, -5.440000000000002200, 4.523563970368540400 ) ) ;
#10495 = DIRECTION ( 'NONE',  ( 0.0000000000000000000, 1.000000000000000000, 0.0000000000000000000 ) ) ;
#10496 = VECTOR ( 'NONE', #10495, 1000.000000000000000 ) ;
#10497 = CARTESIAN_POINT ( 'NONE',  ( -8.258259599449440100, -4.720000000000002400, 4.523563970368540400 ) ) ;
#10498 = LINE ( 'NONE', #10497, #10496 ) ;
#10499 = DIRECTION ( 'NONE',  ( 0.0000000000000000000, 0.0000000000000000000, -1.000000000000000000 ) ) ;
#10500 = DIRECTION ( 'NONE',  ( -0.0000000000000000000, -1.000000000000000000, -0.0000000000000000000 ) ) ;
#10501 = AXIS2_PLACEMENT_3D ( 'NONE', #10507, #10500, #10499 ) ;
#10502 = CYLINDRICAL_SURFACE ( 'NONE', #10501, 1.000000000000000000 ) ;
#10503 = FACE_OUTER_BOUND ( 'NONE', #6291, .T. ) ;
#10504 = DIRECTION ( 'NONE',  ( 0.0000000000000000000, 0.0000000000000000000, 1.000000000000000000 ) ) ;
#10505 = DIRECTION ( 'NONE',  ( 0.0000000000000000000, 1.000000000000000000, -0.0000000000000000000 ) ) ;
#10506 = AXIS2_PLACEMENT_3D ( 'NONE', #10508, #10505, #10504 ) ;
#10507 = CARTESIAN_POINT ( 'NONE',  ( -8.958849679447640200, -5.080000000000001000, 3.810000000000000100 ) ) ;
#10508 = CARTESIAN_POINT ( 'NONE',  ( -7.131843215790594200, -2.900000000000001700, 2.649999999999999900 ) ) ;
#10509 = PLANE ( 'NONE',  #10506 ) ;
#10510 = DIRECTION ( 'NONE',  ( 1.000000000000000000, 0.0000000000000000000, -0.0000000000000000000 ) ) ;
#10511 = DIRECTION ( 'NONE',  ( 0.0000000000000000000, 0.0000000000000000000, 1.000000000000000000 ) ) ;
#10512 = AXIS2_PLACEMENT_3D ( 'NONE', #10514, #10511, #10510 ) ;
#10513 = FACE_OUTER_BOUND ( 'NONE', #6288, .T. ) ;
#10514 = CARTESIAN_POINT ( 'NONE',  ( -7.131843215790594200, -2.180000000000001500, 2.649999999999999900 ) ) ;
#10515 = PLANE ( 'NONE',  #10512 ) ;
#10516 = FACE_OUTER_BOUND ( 'NONE', #6281, .T. ) ;
#10517 = DIRECTION ( 'NONE',  ( 0.0000000000000000000, 0.0000000000000000000, 1.000000000000000000 ) ) ;
#10518 = DIRECTION ( 'NONE',  ( 0.0000000000000000000, 1.000000000000000000, -0.0000000000000000000 ) ) ;
#10519 = CARTESIAN_POINT ( 'NONE',  ( -5.932973326963407100, -2.900000000000001700, 3.669999999999999900 ) ) ;
#10520 = AXIS2_PLACEMENT_3D ( 'NONE', #10519, #10518, #10517 ) ;
#10521 = CIRCLE ( 'NONE', #10520, 0.5000000000000000000 ) ;
#10522 = DIRECTION ( 'NONE',  ( 1.000000000000000000, -0.0000000000000000000, -0.0000000000000000000 ) ) ;
#10523 = VECTOR ( 'NONE', #10522, 1000.000000000000000 ) ;
#10524 = CARTESIAN_POINT ( 'NONE',  ( -7.131843215790594200, -2.900000000000001700, 2.649999999999999900 ) ) ;
#10525 = LINE ( 'NONE', #10524, #10523 ) ;
#10526 = CARTESIAN_POINT ( 'NONE',  ( -7.893952757850375000, -5.440000000000002200, 4.894617234960180400 ) ) ;
#10527 = CARTESIAN_POINT ( 'NONE',  ( -7.893952757850374100, -4.720000000000002400, 4.894617234960180400 ) ) ;
#10528 = DIRECTION ( 'NONE',  ( 0.0000000000000000000, -1.000000000000000000, 0.0000000000000000000 ) ) ;
#10529 = VECTOR ( 'NONE', #10528, 1000.000000000000000 ) ;
#10530 = CARTESIAN_POINT ( 'NONE',  ( -7.893952757850374100, -4.720000000000002400, 4.894617234960180400 ) ) ;
#10531 = LINE ( 'NONE', #10530, #10529 ) ;
#10532 = DIRECTION ( 'NONE',  ( 0.0000000000000000000, 0.0000000000000000000, -1.000000000000000000 ) ) ;
#10533 = DIRECTION ( 'NONE',  ( -0.0000000000000000000, -1.000000000000000000, -0.0000000000000000000 ) ) ;
#10534 = CARTESIAN_POINT ( 'NONE',  ( -8.958849679447640200, -5.080000000000001000, 3.810000000000000100 ) ) ;
#10535 = AXIS2_PLACEMENT_3D ( 'NONE', #10534, #10533, #10532 ) ;
#10536 = CYLINDRICAL_SURFACE ( 'NONE', #10535, 1.519999999999999600 ) ;
#10537 = FACE_OUTER_BOUND ( 'NONE', #6323, .T. ) ;
#10538 = DIRECTION ( 'NONE',  ( -0.7660444431189840100, 0.6427876096865322600, 0.0000000000000000000 ) ) ;
#10539 = VECTOR ( 'NONE', #10538, 999.9999999999998900 ) ;
#10540 = CARTESIAN_POINT ( 'NONE',  ( -12.54999999999999500, -5.440000000000002200, 4.809999999999999600 ) ) ;
#10541 = LINE ( 'NONE', #10540, #10539 ) ;
#10542 = CARTESIAN_POINT ( 'NONE',  ( -12.54999999999999500, -5.440000000000002200, 4.809999999999999600 ) ) ;
#10543 = DIRECTION ( 'NONE',  ( -1.000000000000000000, 0.0000000000000000000, 0.0000000000000000000 ) ) ;
#10544 = VECTOR ( 'NONE', #10543, 1000.000000000000000 ) ;
#10545 = CARTESIAN_POINT ( 'NONE',  ( -8.958849679447642000, -5.440000000000002200, 4.809999999999999600 ) ) ;
#10546 = LINE ( 'NONE', #10545, #10544 ) ;
#10547 = CARTESIAN_POINT ( 'NONE',  ( -8.958849679447642000, -5.440000000000002200, 4.809999999999999600 ) ) ;
#10548 = DIRECTION ( 'NONE',  ( 0.0000000000000000000, 1.000000000000000000, 0.0000000000000000000 ) ) ;
#10549 = VECTOR ( 'NONE', #10548, 1000.000000000000000 ) ;
#10550 = CARTESIAN_POINT ( 'NONE',  ( -8.958849679447642000, -4.720000000000002400, 4.809999999999999600 ) ) ;
#10551 = DIRECTION ( 'NONE',  ( 0.0000000000000000000, 0.0000000000000000000, -1.000000000000000000 ) ) ;
#10552 = DIRECTION ( 'NONE',  ( -0.0000000000000000000, -1.000000000000000000, -0.0000000000000000000 ) ) ;
#10553 = CARTESIAN_POINT ( 'NONE',  ( -8.958849679447640200, -5.440000000000002200, 3.810000000000000100 ) ) ;
#10554 = AXIS2_PLACEMENT_3D ( 'NONE', #10553, #10552, #10551 ) ;
#10555 = CIRCLE ( 'NONE', #10554, 0.9999999999999995600 ) ;
#10556 = LINE ( 'NONE', #10550, #10549 ) ;
#10557 = CARTESIAN_POINT ( 'NONE',  ( -8.958849679447642000, -4.720000000000002400, 4.809999999999999600 ) ) ;
#10558 = DIRECTION ( 'NONE',  ( -1.000000000000000000, 0.0000000000000000000, 0.0000000000000000000 ) ) ;
#10559 = VECTOR ( 'NONE', #10558, 1000.000000000000000 ) ;
#10560 = CARTESIAN_POINT ( 'NONE',  ( -8.958849679447642000, -4.720000000000002400, 4.809999999999999600 ) ) ;
#10561 = LINE ( 'NONE', #10560, #10559 ) ;
#10562 = CARTESIAN_POINT ( 'NONE',  ( -12.55000000000000100, -4.720000000000002400, 4.809999999999999600 ) ) ;
#10563 = DIRECTION ( 'NONE',  ( 0.7660444431189811200, 0.6427876096865355900, 0.0000000000000000000 ) ) ;
#10564 = VECTOR ( 'NONE', #10563, 1000.000000000000100 ) ;
#10565 = CARTESIAN_POINT ( 'NONE',  ( -12.55000000000000200, -4.720000000000002400, 4.809999999999999600 ) ) ;
#10566 = LINE ( 'NONE', #10565, #10564 ) ;
#10567 = CARTESIAN_POINT ( 'NONE',  ( -12.85000000000000100, -4.971729889353182900, 4.809999999999999600 ) ) ;
#10568 = CARTESIAN_POINT ( 'NONE',  ( -12.85000000000000100, -5.188270110646818100, 4.809999999999999600 ) ) ;
#10569 = DIRECTION ( 'NONE',  ( 0.0000000000000000000, 1.000000000000000000, 0.0000000000000000000 ) ) ;
#10570 = VECTOR ( 'NONE', #10569, 1000.000000000000000 ) ;
#10571 = CARTESIAN_POINT ( 'NONE',  ( -12.85000000000000100, -4.720000000000002400, 4.809999999999999600 ) ) ;
#10572 = DIRECTION ( 'NONE',  ( 1.000000000000000000, 0.0000000000000000000, -0.0000000000000000000 ) ) ;
#10573 = DIRECTION ( 'NONE',  ( 0.0000000000000000000, -0.0000000000000000000, 1.000000000000000000 ) ) ;
#10574 = CARTESIAN_POINT ( 'NONE',  ( -8.958849679447642000, -4.720000000000002400, 4.809999999999999600 ) ) ;
#10575 = AXIS2_PLACEMENT_3D ( 'NONE', #10574, #10573, #10572 ) ;
#10576 = PLANE ( 'NONE',  #10575 ) ;
#10577 = LINE ( 'NONE', #10571, #10570 ) ;
#10578 = FACE_OUTER_BOUND ( 'NONE', #6341, .T. ) ;
#10579 = DIRECTION ( 'NONE',  ( 0.0000000000000000000, -1.000000000000000000, 0.0000000000000000000 ) ) ;
#10580 = VECTOR ( 'NONE', #10579, 1000.000000000000000 ) ;
#10581 = CARTESIAN_POINT ( 'NONE',  ( -8.958849679447640200, -4.720000000000002400, 5.330000000000001000 ) ) ;
#10582 = DIRECTION ( 'NONE',  ( 0.0000000000000000000, 0.0000000000000000000, -1.000000000000000000 ) ) ;
#10583 = DIRECTION ( 'NONE',  ( -0.0000000000000000000, -1.000000000000000000, -0.0000000000000000000 ) ) ;
#10584 = CARTESIAN_POINT ( 'NONE',  ( -8.958849679447640200, -4.720000000000002400, 3.810000000000000100 ) ) ;
#10585 = AXIS2_PLACEMENT_3D ( 'NONE', #10584, #10583, #10582 ) ;
#10586 = CIRCLE ( 'NONE', #10585, 1.520000000000000500 ) ;
#10587 = LINE ( 'NONE', #10581, #10580 ) ;
#10588 = LINE ( 'NONE', #10651, #10650 ) ;
#10589 = CARTESIAN_POINT ( 'NONE',  ( -6.495870200275280800, -5.440000000000002200, 2.793218014815730400 ) ) ;
#10590 = DIRECTION ( 'NONE',  ( 0.0000000000000000000, -1.000000000000000000, 0.0000000000000000000 ) ) ;
#10591 = VECTOR ( 'NONE', #10590, 1000.000000000000000 ) ;
#10592 = CARTESIAN_POINT ( 'NONE',  ( -6.495870200275280800, -5.440000000000002200, 2.793218014815730400 ) ) ;
#10593 = LINE ( 'NONE', #10592, #10591 ) ;
#10594 = DIRECTION ( 'NONE',  ( -0.7135639703685390200, 0.0000000000000000000, 0.7005900799982016600 ) ) ;
#10595 = VECTOR ( 'NONE', #10594, 1000.000000000000100 ) ;
#10596 = CARTESIAN_POINT ( 'NONE',  ( -6.349999999999999600, -4.720000000000002400, 2.649999999999999900 ) ) ;
#10597 = LINE ( 'NONE', #10596, #10595 ) ;
#10598 = CARTESIAN_POINT ( 'NONE',  ( -6.145575160276179900, -4.720000000000002400, 2.649999999999999900 ) ) ;
#10599 = DIRECTION ( 'NONE',  ( 1.000000000000000000, -0.0000000000000000000, -0.0000000000000000000 ) ) ;
#10600 = VECTOR ( 'NONE', #10599, 1000.000000000000000 ) ;
#10601 = CARTESIAN_POINT ( 'NONE',  ( -7.131843215790594200, -4.720000000000002400, 2.649999999999999900 ) ) ;
#10602 = LINE ( 'NONE', #10601, #10600 ) ;
#10603 = DIRECTION ( 'NONE',  ( 1.000000000000000000, -0.0000000000000000000, -0.0000000000000000000 ) ) ;
#10604 = VECTOR ( 'NONE', #10603, 1000.000000000000000 ) ;
#10605 = CARTESIAN_POINT ( 'NONE',  ( -7.131843215790594200, -4.720000000000002400, 3.169999999999999900 ) ) ;
#10606 = LINE ( 'NONE', #10605, #10604 ) ;
#10607 = CARTESIAN_POINT ( 'NONE',  ( -5.932973326963407100, -4.720000000000002400, 3.169999999999999900 ) ) ;
#10608 = DIRECTION ( 'NONE',  ( 0.0000000000000000000, 0.0000000000000000000, -1.000000000000000000 ) ) ;
#10609 = DIRECTION ( 'NONE',  ( 0.0000000000000000000, -1.000000000000000000, 0.0000000000000000000 ) ) ;
#10610 = CARTESIAN_POINT ( 'NONE',  ( -5.932973326963407100, -4.720000000000002400, 3.669999999999999900 ) ) ;
#10611 = AXIS2_PLACEMENT_3D ( 'NONE', #10610, #10609, #10608 ) ;
#10612 = CIRCLE ( 'NONE', #10611, 0.5000000000000000000 ) ;
#10613 = CARTESIAN_POINT ( 'NONE',  ( -8.958849679447640200, -4.720000000000002400, 5.330000000000001000 ) ) ;
#10614 = DIRECTION ( 'NONE',  ( -1.000000000000000000, 0.0000000000000000000, 0.0000000000000000000 ) ) ;
#10615 = VECTOR ( 'NONE', #10614, 1000.000000000000000 ) ;
#10616 = CARTESIAN_POINT ( 'NONE',  ( -8.958849679447640200, -4.720000000000002400, 5.330000000000001000 ) ) ;
#10617 = LINE ( 'NONE', #10616, #10615 ) ;
#10618 = CARTESIAN_POINT ( 'NONE',  ( -6.283268366962508000, -4.720000000000002400, 3.313218014815730400 ) ) ;
#10619 = DIRECTION ( 'NONE',  ( 0.0000000000000000000, 1.000000000000000000, 0.0000000000000000000 ) ) ;
#10620 = VECTOR ( 'NONE', #10619, 1000.000000000000000 ) ;
#10621 = CARTESIAN_POINT ( 'NONE',  ( -6.283268366962508000, -4.720000000000002400, 3.313218014815730400 ) ) ;
#10622 = LINE ( 'NONE', #10621, #10620 ) ;
#10623 = CARTESIAN_POINT ( 'NONE',  ( -6.283268366962508000, -5.440000000000002200, 3.313218014815730400 ) ) ;
#10624 = DIRECTION ( 'NONE',  ( -0.7135639703685390200, 0.0000000000000000000, 0.7005900799982016600 ) ) ;
#10625 = VECTOR ( 'NONE', #10624, 1000.000000000000100 ) ;
#10626 = CARTESIAN_POINT ( 'NONE',  ( -6.137398166687226800, -5.440000000000002200, 3.169999999999999900 ) ) ;
#10627 = DIRECTION ( 'NONE',  ( 0.7135639703685390200, 0.0000000000000000000, -0.7005900799982016600 ) ) ;
#10628 = DIRECTION ( 'NONE',  ( 0.7005900799982017800, -0.0000000000000000000, 0.7135639703685391400 ) ) ;
#10629 = AXIS2_PLACEMENT_3D ( 'NONE', #10631, #10628, #10627 ) ;
#10630 = LINE ( 'NONE', #10626, #10625 ) ;
#10631 = CARTESIAN_POINT ( 'NONE',  ( -6.137398166687226800, -4.720000000000002400, 3.169999999999999900 ) ) ;
#10632 = PLANE ( 'NONE',  #10629 ) ;
#10633 = FACE_OUTER_BOUND ( 'NONE', #6402, .T. ) ;
#10634 = DIRECTION ( 'NONE',  ( 0.0000000000000000000, 0.0000000000000000000, -1.000000000000000000 ) ) ;
#10635 = DIRECTION ( 'NONE',  ( -0.0000000000000000000, -1.000000000000000000, -0.0000000000000000000 ) ) ;
#10636 = CARTESIAN_POINT ( 'NONE',  ( -8.958849679447640200, -4.720000000000002400, 3.810000000000000100 ) ) ;
#10637 = AXIS2_PLACEMENT_3D ( 'NONE', #10636, #10635, #10634 ) ;
#10638 = CIRCLE ( 'NONE', #10637, 1.000000000000000000 ) ;
#10639 = DIRECTION ( 'NONE',  ( 2.220446049250313100E-016, 0.0000000000000000000, 1.000000000000000000 ) ) ;
#10640 = VECTOR ( 'NONE', #10639, 1000.000000000000000 ) ;
#10641 = CARTESIAN_POINT ( 'NONE',  ( -12.55000000000000200, -4.720000000000002400, 5.330000000000001000 ) ) ;
#10642 = LINE ( 'NONE', #10641, #10640 ) ;
#10643 = DIRECTION ( 'NONE',  ( 0.0000000000000000000, -0.0000000000000000000, -1.000000000000000000 ) ) ;
#10644 = DIRECTION ( 'NONE',  ( 0.0000000000000000000, -1.000000000000000000, 0.0000000000000000000 ) ) ;
#10645 = AXIS2_PLACEMENT_3D ( 'NONE', #10646, #10644, #10643 ) ;
#10646 = CARTESIAN_POINT ( 'NONE',  ( -7.131843215790594200, -4.720000000000002400, 2.649999999999999900 ) ) ;
#10647 = PLANE ( 'NONE',  #10645 ) ;
#10648 = FACE_OUTER_BOUND ( 'NONE', #6389, .T. ) ;
#10649 = DIRECTION ( 'NONE',  ( -0.7135639703685390200, 0.0000000000000000000, 0.7005900799982016600 ) ) ;
#10650 = VECTOR ( 'NONE', #10649, 1000.000000000000100 ) ;
#10651 = CARTESIAN_POINT ( 'NONE',  ( -6.349999999999999600, -5.440000000000002200, 2.649999999999999900 ) ) ;
#10652 = DIRECTION ( 'NONE',  ( 0.0000000000000000000, 0.0000000000000000000, 1.000000000000000000 ) ) ;
#10653 = DIRECTION ( 'NONE',  ( 0.0000000000000000000, 1.000000000000000000, -0.0000000000000000000 ) ) ;
#10654 = CARTESIAN_POINT ( 'NONE',  ( -5.932973326963407100, -5.440000000000002200, 3.669999999999999900 ) ) ;
#10655 = AXIS2_PLACEMENT_3D ( 'NONE', #10654, #10653, #10652 ) ;
#10656 = CIRCLE ( 'NONE', #10655, 0.5000000000000000000 ) ;
#10657 =( NAMED_UNIT ( * ) PLANE_ANGLE_UNIT ( ) SI_UNIT ( $, .RADIAN. ) );
#10658 = DIRECTION ( 'NONE',  ( 1.000000000000000000, -0.0000000000000000000, -0.0000000000000000000 ) ) ;
#10659 = VECTOR ( 'NONE', #10658, 1000.000000000000000 ) ;
#10660 = CARTESIAN_POINT ( 'NONE',  ( -7.131843215790594200, -5.440000000000002200, 2.649999999999999900 ) ) ;
#10661 = DIRECTION ( 'NONE',  ( -1.000000000000000000, 0.0000000000000000000, 0.0000000000000000000 ) ) ;
#10662 = DIRECTION ( 'NONE',  ( -0.0000000000000000000, 0.0000000000000000000, -1.000000000000000000 ) ) ;
#10663 = AXIS2_PLACEMENT_3D ( 'NONE', #10665, #10662, #10661 ) ;
#10664 = LINE ( 'NONE', #10660, #10659 ) ;
#10665 = CARTESIAN_POINT ( 'NONE',  ( -8.958849679447640200, -7.260000000000000700, 5.330000000000001000 ) ) ;
#10666 = PLANE ( 'NONE',  #10663 ) ;
#10667 = FACE_OUTER_BOUND ( 'NONE', #6428, .T. ) ;
#10668 = DIRECTION ( 'NONE',  ( 0.0000000000000000000, 0.0000000000000000000, -1.000000000000000000 ) ) ;
#10669 = DIRECTION ( 'NONE',  ( -0.0000000000000000000, -1.000000000000000000, -0.0000000000000000000 ) ) ;
#10670 = CARTESIAN_POINT ( 'NONE',  ( -8.958849679447640200, -5.440000000000002200, 3.810000000000000100 ) ) ;
#10671 = AXIS2_PLACEMENT_3D ( 'NONE', #10670, #10669, #10668 ) ;
#10672 = CIRCLE ( 'NONE', #10671, 1.519999999999999100 ) ;
#10673 = CARTESIAN_POINT ( 'NONE',  ( -6.495870200275280800, -4.720000000000002400, 2.793218014815730400 ) ) ;
#10674 = DIRECTION ( 'NONE',  ( -0.7135639703685390200, 0.0000000000000000000, 0.7005900799982016600 ) ) ;
#10675 = DIRECTION ( 'NONE',  ( -0.7005900799982017800, 0.0000000000000000000, -0.7135639703685391400 ) ) ;
#10676 = AXIS2_PLACEMENT_3D ( 'NONE', #10677, #10675, #10674 ) ;
#10677 = CARTESIAN_POINT ( 'NONE',  ( -6.349999999999999600, -4.720000000000002400, 2.649999999999999900 ) ) ;
#10678 = PLANE ( 'NONE',  #10676 ) ;
#10679 = FACE_OUTER_BOUND ( 'NONE', #6420, .T. ) ;
#10680 = DIRECTION ( 'NONE',  ( -0.7135639703685390200, 0.0000000000000000000, 0.7005900799982016600 ) ) ;
#10681 = VECTOR ( 'NONE', #10680, 1000.000000000000100 ) ;
#10682 = CARTESIAN_POINT ( 'NONE',  ( -6.137398166687226800, -4.720000000000002400, 3.169999999999999900 ) ) ;
#10683 = LINE ( 'NONE', #10682, #10681 ) ;
#10684 = PLANE ( 'NONE',  #10685 ) ;
#10685 = AXIS2_PLACEMENT_3D ( 'NONE', #10746, #10745, #10744 ) ;
#10686 = FACE_OUTER_BOUND ( 'NONE', #6481, .T. ) ;
#10687 = DIRECTION ( 'NONE',  ( 0.0000000000000000000, 0.0000000000000000000, -1.000000000000000000 ) ) ;
#10688 = DIRECTION ( 'NONE',  ( -0.0000000000000000000, 1.000000000000000000, -0.0000000000000000000 ) ) ;
#10689 = CARTESIAN_POINT ( 'NONE',  ( -6.145575160276179900, -4.720000000000002400, 3.149999999999999900 ) ) ;
#10690 = AXIS2_PLACEMENT_3D ( 'NONE', #10689, #10688, #10687 ) ;
#10691 = CIRCLE ( 'NONE', #10690, 0.5000000000000000000 ) ;
#10692 = CARTESIAN_POINT ( 'NONE',  ( -6.145575160276179900, -5.440000000000002200, 2.649999999999999900 ) ) ;
#10693 = DIRECTION ( 'NONE',  ( 0.0000000000000000000, 0.0000000000000000000, 1.000000000000000000 ) ) ;
#10694 = DIRECTION ( 'NONE',  ( -0.0000000000000000000, -1.000000000000000000, 0.0000000000000000000 ) ) ;
#10695 = CARTESIAN_POINT ( 'NONE',  ( -6.145575160276179900, -5.440000000000002200, 3.149999999999999900 ) ) ;
#10696 = AXIS2_PLACEMENT_3D ( 'NONE', #10695, #10694, #10693 ) ;
#10697 = CIRCLE ( 'NONE', #10696, 0.5000000000000000000 ) ;
#10698 = DIRECTION ( 'NONE',  ( -2.220446049250313100E-016, 0.0000000000000000000, -1.000000000000000000 ) ) ;
#10699 = VECTOR ( 'NONE', #10698, 1000.000000000000000 ) ;
#10700 = CARTESIAN_POINT ( 'NONE',  ( -12.54999999999999500, -5.440000000000002200, 4.809999999999999600 ) ) ;
#10701 = DIRECTION ( 'NONE',  ( 0.0000000000000000000, 0.0000000000000000000, 1.000000000000000000 ) ) ;
#10702 = DIRECTION ( 'NONE',  ( 0.0000000000000000000, 1.000000000000000000, -0.0000000000000000000 ) ) ;
#10703 = CARTESIAN_POINT ( 'NONE',  ( -7.131843215790594200, -5.440000000000002200, 2.649999999999999900 ) ) ;
#10704 = LINE ( 'NONE', #10700, #10699 ) ;
#10705 = AXIS2_PLACEMENT_3D ( 'NONE', #10703, #10702, #10701 ) ;
#10706 = FACE_OUTER_BOUND ( 'NONE', #6456, .T. ) ;
#10707 = DIRECTION ( 'NONE',  ( 1.000000000000000000, 0.0000000000000000000, -0.0000000000000000000 ) ) ;
#10708 = DIRECTION ( 'NONE',  ( 0.0000000000000000000, 0.0000000000000000000, 1.000000000000000000 ) ) ;
#10709 = CARTESIAN_POINT ( 'NONE',  ( -7.131843215790594200, -4.720000000000002400, 2.649999999999999900 ) ) ;
#10710 = PLANE ( 'NONE',  #10705 ) ;
#10711 = AXIS2_PLACEMENT_3D ( 'NONE', #10709, #10708, #10707 ) ;
#10712 = PLANE ( 'NONE',  #10711 ) ;
#10713 = FACE_OUTER_BOUND ( 'NONE', #6446, .T. ) ;
#10714 = DIRECTION ( 'NONE',  ( 0.0000000000000000000, 1.000000000000000000, 0.0000000000000000000 ) ) ;
#10715 = VECTOR ( 'NONE', #10714, 1000.000000000000000 ) ;
#10716 = CARTESIAN_POINT ( 'NONE',  ( -12.85000000000000100, -7.260000000000000700, 4.809999999999999600 ) ) ;
#10717 = DIRECTION ( 'NONE',  ( 1.000000000000000000, 0.0000000000000000000, -0.0000000000000000000 ) ) ;
#10718 = DIRECTION ( 'NONE',  ( 0.0000000000000000000, -0.0000000000000000000, 1.000000000000000000 ) ) ;
#10719 = AXIS2_PLACEMENT_3D ( 'NONE', #10721, #10718, #10717 ) ;
#10720 = LINE ( 'NONE', #10716, #10715 ) ;
#10721 = CARTESIAN_POINT ( 'NONE',  ( -8.958849679447642000, -7.260000000000000700, 4.809999999999999600 ) ) ;
#10722 = PLANE ( 'NONE',  #10719 ) ;
#10723 = FACE_OUTER_BOUND ( 'NONE', #6503, .T. ) ;
#10724 = DIRECTION ( 'NONE',  ( 0.0000000000000000000, -1.000000000000000000, 0.0000000000000000000 ) ) ;
#10725 = VECTOR ( 'NONE', #10724, 1000.000000000000000 ) ;
#10726 = CARTESIAN_POINT ( 'NONE',  ( -8.958849679447640200, -7.260000000000000700, 5.330000000000001000 ) ) ;
#10727 = LINE ( 'NONE', #10726, #10725 ) ;
#10728 = CARTESIAN_POINT ( 'NONE',  ( -8.958849679447642000, -7.980000000000001300, 5.330000000000000100 ) ) ;
#10729 = CARTESIAN_POINT ( 'NONE',  ( -7.893952757850375000, -7.980000000000001300, 4.894617234960180400 ) ) ;
#10730 = CARTESIAN_POINT ( 'NONE',  ( -7.893952757850374100, -7.260000000000000700, 4.894617234960180400 ) ) ;
#10731 = DIRECTION ( 'NONE',  ( 0.0000000000000000000, -1.000000000000000000, 0.0000000000000000000 ) ) ;
#10732 = VECTOR ( 'NONE', #10731, 1000.000000000000000 ) ;
#10733 = CARTESIAN_POINT ( 'NONE',  ( -7.893952757850374100, -7.260000000000000700, 4.894617234960180400 ) ) ;
#10734 = LINE ( 'NONE', #10733, #10732 ) ;
#10735 = DIRECTION ( 'NONE',  ( 1.000000000000000000, -0.0000000000000000000, -0.0000000000000000000 ) ) ;
#10736 = VECTOR ( 'NONE', #10735, 1000.000000000000000 ) ;
#10737 = CARTESIAN_POINT ( 'NONE',  ( -7.131843215790594200, -5.440000000000002200, 3.169999999999999900 ) ) ;
#10738 = LINE ( 'NONE', #10737, #10736 ) ;
#10739 = CARTESIAN_POINT ( 'NONE',  ( -5.932973326963407100, -5.440000000000002200, 3.169999999999999900 ) ) ;
#10740 = DIRECTION ( 'NONE',  ( -0.0000000000000000000, -1.000000000000000000, -0.0000000000000000000 ) ) ;
#10741 = VECTOR ( 'NONE', #10740, 1000.000000000000000 ) ;
#10742 = CARTESIAN_POINT ( 'NONE',  ( -5.932973326963407100, -4.720000000000002400, 3.169999999999999900 ) ) ;
#10743 = LINE ( 'NONE', #10742, #10741 ) ;
#10744 = DIRECTION ( 'NONE',  ( -1.000000000000000000, 0.0000000000000000000, 0.0000000000000000000 ) ) ;
#10745 = DIRECTION ( 'NONE',  ( -0.0000000000000000000, 0.0000000000000000000, -1.000000000000000000 ) ) ;
#10746 = CARTESIAN_POINT ( 'NONE',  ( -7.131843215790594200, -4.720000000000002400, 3.169999999999999900 ) ) ;
#10747 = DIRECTION ( 'NONE',  ( 0.7660444431189840100, -0.6427876096865322600, 0.0000000000000000000 ) ) ;
#10748 = VECTOR ( 'NONE', #10747, 999.9999999999998900 ) ;
#10749 = CARTESIAN_POINT ( 'NONE',  ( -12.54999999999999500, -7.980000000000001300, 5.330000000000001000 ) ) ;
#10750 = LINE ( 'NONE', #10749, #10748 ) ;
#10751 = CARTESIAN_POINT ( 'NONE',  ( -12.85000000000000000, -7.728270110646818100, 5.330000000000001000 ) ) ;
#10752 = DIRECTION ( 'NONE',  ( 0.0000000000000000000, -1.000000000000000000, 0.0000000000000000000 ) ) ;
#10753 = VECTOR ( 'NONE', #10752, 1000.000000000000000 ) ;
#10754 = CARTESIAN_POINT ( 'NONE',  ( -12.85000000000000000, -7.260000000000000700, 5.330000000000001000 ) ) ;
#10755 = LINE ( 'NONE', #10754, #10753 ) ;
#10756 = CARTESIAN_POINT ( 'NONE',  ( -12.85000000000000000, -7.511729889353184800, 5.330000000000001000 ) ) ;
#10757 = DIRECTION ( 'NONE',  ( -0.7660444431189840100, -0.6427876096865322600, 0.0000000000000000000 ) ) ;
#10758 = VECTOR ( 'NONE', #10757, 999.9999999999998900 ) ;
#10759 = CARTESIAN_POINT ( 'NONE',  ( -12.54999999999999500, -7.260000000000000700, 5.330000000000001000 ) ) ;
#10760 = LINE ( 'NONE', #10759, #10758 ) ;
#10761 = CARTESIAN_POINT ( 'NONE',  ( -12.54999999999999700, -7.260000000000000700, 5.330000000000001000 ) ) ;
#10762 = CARTESIAN_POINT ( 'NONE',  ( -8.958849679447640200, -7.260000000000000700, 5.330000000000001000 ) ) ;
#10763 = DIRECTION ( 'NONE',  ( -1.000000000000000000, 0.0000000000000000000, 0.0000000000000000000 ) ) ;
#10764 = VECTOR ( 'NONE', #10763, 1000.000000000000000 ) ;
#10765 = CARTESIAN_POINT ( 'NONE',  ( -8.958849679447640200, -7.260000000000000700, 5.330000000000001000 ) ) ;
#10766 = LINE ( 'NONE', #10765, #10764 ) ;
#10767 = CARTESIAN_POINT ( 'NONE',  ( -8.958849679447642000, -7.260000000000000700, 4.809999999999999600 ) ) ;
#10768 = DIRECTION ( 'NONE',  ( -1.000000000000000000, 0.0000000000000000000, 0.0000000000000000000 ) ) ;
#10769 = VECTOR ( 'NONE', #10768, 1000.000000000000000 ) ;
#10770 = CARTESIAN_POINT ( 'NONE',  ( -8.958849679447642000, -7.260000000000000700, 4.809999999999999600 ) ) ;
#10771 = LINE ( 'NONE', #10770, #10769 ) ;
#10772 = CARTESIAN_POINT ( 'NONE',  ( -12.54999999999999500, -7.260000000000000700, 4.809999999999999600 ) ) ;
#10773 = DIRECTION ( 'NONE',  ( 0.7660444431189840100, 0.6427876096865322600, 0.0000000000000000000 ) ) ;
#10774 = VECTOR ( 'NONE', #10773, 999.9999999999998900 ) ;
#10775 = CARTESIAN_POINT ( 'NONE',  ( -12.54999999999999500, -7.260000000000000700, 4.809999999999999600 ) ) ;
#10776 = LINE ( 'NONE', #10775, #10774 ) ;
#10777 = CARTESIAN_POINT ( 'NONE',  ( -12.85000000000000100, -7.511729889353185600, 4.809999999999999600 ) ) ;
#10778 = CARTESIAN_POINT ( 'NONE',  ( -12.85000000000000100, -7.728270110646817200, 4.809999999999999600 ) ) ;
#10779 = PLANE ( 'NONE',  #10780 ) ;
#10780 = AXIS2_PLACEMENT_3D ( 'NONE', #10840, #10839, #10838 ) ;
#10781 = FACE_OUTER_BOUND ( 'NONE', #6560, .T. ) ;
#10782 = DIRECTION ( 'NONE',  ( 0.0000000000000000000, 0.0000000000000000000, -1.000000000000000000 ) ) ;
#10783 = DIRECTION ( 'NONE',  ( -0.0000000000000000000, -1.000000000000000000, -0.0000000000000000000 ) ) ;
#10784 = CARTESIAN_POINT ( 'NONE',  ( -8.958849679447640200, -7.260000000000000700, 3.810000000000000100 ) ) ;
#10785 = AXIS2_PLACEMENT_3D ( 'NONE', #10784, #10783, #10782 ) ;
#10786 = CIRCLE ( 'NONE', #10785, 1.000000000000000000 ) ;
#10787 = DIRECTION ( 'NONE',  ( 2.220446049250313100E-016, 0.0000000000000000000, 1.000000000000000000 ) ) ;
#10788 = VECTOR ( 'NONE', #10787, 1000.000000000000000 ) ;
#10789 = CARTESIAN_POINT ( 'NONE',  ( -12.85000000000000000, -5.188270110646818100, 5.330000000000000100 ) ) ;
#10790 = LINE ( 'NONE', #10789, #10788 ) ;
#10791 = DIRECTION ( 'NONE',  ( -2.220446049250313100E-016, 0.0000000000000000000, -1.000000000000000000 ) ) ;
#10792 = VECTOR ( 'NONE', #10791, 1000.000000000000000 ) ;
#10793 = CARTESIAN_POINT ( 'NONE',  ( -12.85000000000000000, -4.971729889353182900, 4.809999999999999600 ) ) ;
#10794 = LINE ( 'NONE', #10793, #10792 ) ;
#10795 = DIRECTION ( 'NONE',  ( 2.220446049250313100E-016, 0.0000000000000000000, 1.000000000000000000 ) ) ;
#10796 = DIRECTION ( 'NONE',  ( -1.000000000000000000, 0.0000000000000000000, 2.220446049250313100E-016 ) ) ;
#10797 = AXIS2_PLACEMENT_3D ( 'NONE', #10798, #10796, #10795 ) ;
#10798 = CARTESIAN_POINT ( 'NONE',  ( -12.85000000000000000, -5.080000000000001800, 5.070000000000000300 ) ) ;
#10799 = PLANE ( 'NONE',  #10797 ) ;
#10800 = FACE_OUTER_BOUND ( 'NONE', #6546, .T. ) ;
#10801 = DIRECTION ( 'NONE',  ( -0.0000000000000000000, 1.000000000000000000, -0.0000000000000000000 ) ) ;
#10802 = VECTOR ( 'NONE', #10801, 1000.000000000000000 ) ;
#10803 = CARTESIAN_POINT ( 'NONE',  ( -6.145575160276179900, -4.720000000000002400, 2.649999999999999900 ) ) ;
#10804 = LINE ( 'NONE', #10803, #10802 ) ;
#10805 = DIRECTION ( 'NONE',  ( -1.000000000000000000, 0.0000000000000000000, 0.0000000000000000000 ) ) ;
#10806 = VECTOR ( 'NONE', #10805, 1000.000000000000000 ) ;
#10807 = CARTESIAN_POINT ( 'NONE',  ( -8.958849679447642000, -7.980000000000001300, 5.330000000000000100 ) ) ;
#10808 = LINE ( 'NONE', #10807, #10806 ) ;
#10809 = CARTESIAN_POINT ( 'NONE',  ( -12.54999999999999500, -7.980000000000001300, 5.330000000000000100 ) ) ;
#10810 = CARTESIAN_POINT ( 'NONE',  ( -8.958849679447640200, -7.980000000000001300, 3.810000000000000100 ) ) ;
#10811 = AXIS2_PLACEMENT_3D ( 'NONE', #10810, #10870, #10869 ) ;
#10812 = CIRCLE ( 'NONE', #10811, 1.519999999999999100 ) ;
#10813 = FACE_OUTER_BOUND ( 'NONE', #6586, .T. ) ;
#10814 = DIRECTION ( 'NONE',  ( 0.0000000000000000000, 0.0000000000000000000, -1.000000000000000000 ) ) ;
#10815 = DIRECTION ( 'NONE',  ( -0.0000000000000000000, -1.000000000000000000, -0.0000000000000000000 ) ) ;
#10816 = AXIS2_PLACEMENT_3D ( 'NONE', #10821, #10815, #10814 ) ;
#10817 = CIRCLE ( 'NONE', #10816, 1.520000000000000500 ) ;
#10818 = DIRECTION ( 'NONE',  ( -0.7135639703685390200, 0.0000000000000000000, 0.7005900799982016600 ) ) ;
#10819 = DIRECTION ( 'NONE',  ( -0.7005900799982017800, 0.0000000000000000000, -0.7135639703685391400 ) ) ;
#10820 = AXIS2_PLACEMENT_3D ( 'NONE', #10822, #10819, #10818 ) ;
#10821 = CARTESIAN_POINT ( 'NONE',  ( -8.958849679447640200, -7.260000000000000700, 3.810000000000000100 ) ) ;
#10822 = CARTESIAN_POINT ( 'NONE',  ( -6.349999999999999600, -7.260000000000000700, 2.649999999999999900 ) ) ;
#10823 = PLANE ( 'NONE',  #10820 ) ;
#10824 = FACE_OUTER_BOUND ( 'NONE', #6575, .T. ) ;
#10825 = DIRECTION ( 'NONE',  ( -0.7135639703685390200, 0.0000000000000000000, 0.7005900799982016600 ) ) ;
#10826 = VECTOR ( 'NONE', #10825, 1000.000000000000100 ) ;
#10827 = CARTESIAN_POINT ( 'NONE',  ( -6.137398166687226800, -7.260000000000000700, 3.169999999999999900 ) ) ;
#10828 = LINE ( 'NONE', #10827, #10826 ) ;
#10829 = CARTESIAN_POINT ( 'NONE',  ( -6.283268366962508000, -7.260000000000000700, 3.313218014815730400 ) ) ;
#10830 = DIRECTION ( 'NONE',  ( 0.0000000000000000000, 1.000000000000000000, 0.0000000000000000000 ) ) ;
#10831 = VECTOR ( 'NONE', #10830, 1000.000000000000000 ) ;
#10832 = CARTESIAN_POINT ( 'NONE',  ( -6.283268366962508000, -7.260000000000000700, 3.313218014815730400 ) ) ;
#10833 = LINE ( 'NONE', #10832, #10831 ) ;
#10834 = CARTESIAN_POINT ( 'NONE',  ( -6.283268366962508000, -7.980000000000001300, 3.313218014815730400 ) ) ;
#10835 = DIRECTION ( 'NONE',  ( -0.7135639703685390200, 0.0000000000000000000, 0.7005900799982016600 ) ) ;
#10836 = VECTOR ( 'NONE', #10835, 1000.000000000000100 ) ;
#10837 = CARTESIAN_POINT ( 'NONE',  ( -6.137398166687226800, -7.980000000000001300, 3.169999999999999900 ) ) ;
#10838 = DIRECTION ( 'NONE',  ( 0.7135639703685390200, 0.0000000000000000000, -0.7005900799982016600 ) ) ;
#10839 = DIRECTION ( 'NONE',  ( 0.7005900799982017800, -0.0000000000000000000, 0.7135639703685391400 ) ) ;
#10840 = CARTESIAN_POINT ( 'NONE',  ( -6.137398166687226800, -7.260000000000000700, 3.169999999999999900 ) ) ;
#10841 = LINE ( 'NONE', #10837, #10836 ) ;
#10842 = LINE ( 'NONE', #10902, #10901 ) ;
#10843 = CARTESIAN_POINT ( 'NONE',  ( -12.54999999999999500, -7.980000000000001300, 4.809999999999999600 ) ) ;
#10844 = DIRECTION ( 'NONE',  ( -1.000000000000000000, 0.0000000000000000000, 0.0000000000000000000 ) ) ;
#10845 = VECTOR ( 'NONE', #10844, 1000.000000000000000 ) ;
#10846 = CARTESIAN_POINT ( 'NONE',  ( -8.958849679447642000, -7.980000000000001300, 4.809999999999999600 ) ) ;
#10847 = LINE ( 'NONE', #10846, #10845 ) ;
#10848 = CARTESIAN_POINT ( 'NONE',  ( -8.958849679447642000, -7.980000000000001300, 4.809999999999999600 ) ) ;
#10849 = DIRECTION ( 'NONE',  ( 0.0000000000000000000, 1.000000000000000000, 0.0000000000000000000 ) ) ;
#10850 = VECTOR ( 'NONE', #10849, 1000.000000000000000 ) ;
#10851 = CARTESIAN_POINT ( 'NONE',  ( -8.958849679447642000, -7.260000000000000700, 4.809999999999999600 ) ) ;
#10852 = LINE ( 'NONE', #10851, #10850 ) ;
#10853 = DIRECTION ( 'NONE',  ( 0.0000000000000000000, 0.0000000000000000000, -1.000000000000000000 ) ) ;
#10854 = DIRECTION ( 'NONE',  ( -0.0000000000000000000, -1.000000000000000000, -0.0000000000000000000 ) ) ;
#10855 = CARTESIAN_POINT ( 'NONE',  ( -8.958849679447640200, -7.980000000000001300, 3.810000000000000100 ) ) ;
#10856 = AXIS2_PLACEMENT_3D ( 'NONE', #10855, #10854, #10853 ) ;
#10857 = CIRCLE ( 'NONE', #10856, 0.9999999999999995600 ) ;
#10858 = CARTESIAN_POINT ( 'NONE',  ( -8.258259599449440100, -7.260000000000000700, 4.523563970368541300 ) ) ;
#10859 = CARTESIAN_POINT ( 'NONE',  ( -8.258259599449440100, -7.980000000000001300, 4.523563970368540400 ) ) ;
#10860 = DIRECTION ( 'NONE',  ( 0.0000000000000000000, 1.000000000000000000, 0.0000000000000000000 ) ) ;
#10861 = VECTOR ( 'NONE', #10860, 1000.000000000000000 ) ;
#10862 = CARTESIAN_POINT ( 'NONE',  ( -8.258259599449440100, -7.260000000000000700, 4.523563970368540400 ) ) ;
#10863 = LINE ( 'NONE', #10862, #10861 ) ;
#10864 = DIRECTION ( 'NONE',  ( 0.0000000000000000000, 0.0000000000000000000, -1.000000000000000000 ) ) ;
#10865 = DIRECTION ( 'NONE',  ( -0.0000000000000000000, -1.000000000000000000, -0.0000000000000000000 ) ) ;
#10866 = AXIS2_PLACEMENT_3D ( 'NONE', #10868, #10865, #10864 ) ;
#10867 = CYLINDRICAL_SURFACE ( 'NONE', #10866, 1.000000000000000000 ) ;
#10868 = CARTESIAN_POINT ( 'NONE',  ( -8.958849679447640200, -7.620000000000000100, 3.810000000000000100 ) ) ;
#10869 = DIRECTION ( 'NONE',  ( 0.0000000000000000000, 0.0000000000000000000, -1.000000000000000000 ) ) ;
#10870 = DIRECTION ( 'NONE',  ( -0.0000000000000000000, -1.000000000000000000, -0.0000000000000000000 ) ) ;
#10871 = LINE ( 'NONE', #10934, #10933 ) ;
#10872 = CARTESIAN_POINT ( 'NONE',  ( -5.932973326963407100, -7.980000000000001300, 3.169999999999999900 ) ) ;
#10873 = DIRECTION ( 'NONE',  ( -0.0000000000000000000, -1.000000000000000000, -0.0000000000000000000 ) ) ;
#10874 = VECTOR ( 'NONE', #10873, 1000.000000000000000 ) ;
#10875 = CARTESIAN_POINT ( 'NONE',  ( -5.932973326963407100, -7.260000000000000700, 3.169999999999999900 ) ) ;
#10876 = LINE ( 'NONE', #10875, #10874 ) ;
#10877 = DIRECTION ( 'NONE',  ( -1.000000000000000000, 0.0000000000000000000, 0.0000000000000000000 ) ) ;
#10878 = DIRECTION ( 'NONE',  ( -0.0000000000000000000, 0.0000000000000000000, -1.000000000000000000 ) ) ;
#10879 = AXIS2_PLACEMENT_3D ( 'NONE', #10880, #10878, #10877 ) ;
#10880 = CARTESIAN_POINT ( 'NONE',  ( -7.131843215790594200, -7.260000000000000700, 3.169999999999999900 ) ) ;
#10881 = PLANE ( 'NONE',  #10879 ) ;
#10882 = FACE_OUTER_BOUND ( 'NONE', #6632, .T. ) ;
#10883 = DIRECTION ( 'NONE',  ( 0.0000000000000000000, 0.0000000000000000000, -1.000000000000000000 ) ) ;
#10884 = DIRECTION ( 'NONE',  ( -0.0000000000000000000, 1.000000000000000000, -0.0000000000000000000 ) ) ;
#10885 = CARTESIAN_POINT ( 'NONE',  ( -6.145575160276179900, -7.260000000000000700, 3.149999999999999900 ) ) ;
#10886 = AXIS2_PLACEMENT_3D ( 'NONE', #10885, #10884, #10883 ) ;
#10887 = CIRCLE ( 'NONE', #10886, 0.5000000000000000000 ) ;
#10888 = CARTESIAN_POINT ( 'NONE',  ( -6.145575160276179900, -7.980000000000001300, 2.649999999999999900 ) ) ;
#10889 = DIRECTION ( 'NONE',  ( 0.0000000000000000000, 0.0000000000000000000, 1.000000000000000000 ) ) ;
#10890 = DIRECTION ( 'NONE',  ( -0.0000000000000000000, -1.000000000000000000, 0.0000000000000000000 ) ) ;
#10891 = CARTESIAN_POINT ( 'NONE',  ( -6.145575160276179900, -7.980000000000001300, 3.149999999999999900 ) ) ;
#10892 = AXIS2_PLACEMENT_3D ( 'NONE', #10891, #10890, #10889 ) ;
#10893 = DIRECTION ( 'NONE',  ( 0.0000000000000000000, 0.0000000000000000000, -1.000000000000000000 ) ) ;
#10894 = DIRECTION ( 'NONE',  ( -0.0000000000000000000, -1.000000000000000000, -0.0000000000000000000 ) ) ;
#10895 = CARTESIAN_POINT ( 'NONE',  ( -8.958849679447640200, -7.620000000000000100, 3.810000000000000100 ) ) ;
#10896 = AXIS2_PLACEMENT_3D ( 'NONE', #10895, #10894, #10893 ) ;
#10897 = CIRCLE ( 'NONE', #10892, 0.5000000000000000000 ) ;
#10898 = CYLINDRICAL_SURFACE ( 'NONE', #10896, 1.519999999999999600 ) ;
#10899 = FACE_OUTER_BOUND ( 'NONE', #6617, .T. ) ;
#10900 = DIRECTION ( 'NONE',  ( -0.7660444431189840100, 0.6427876096865322600, 0.0000000000000000000 ) ) ;
#10901 = VECTOR ( 'NONE', #10900, 999.9999999999998900 ) ;
#10902 = CARTESIAN_POINT ( 'NONE',  ( -12.54999999999999500, -7.980000000000001300, 4.809999999999999600 ) ) ;
#10903 = DIRECTION ( 'NONE',  ( -0.7135639703685390200, 0.0000000000000000000, 0.7005900799982016600 ) ) ;
#10904 = VECTOR ( 'NONE', #10903, 1000.000000000000100 ) ;
#10905 = CARTESIAN_POINT ( 'NONE',  ( -6.349999999999999600, -7.980000000000001300, 2.649999999999999900 ) ) ;
#10906 = LINE ( 'NONE', #10905, #10904 ) ;
#10907 = CARTESIAN_POINT ( 'NONE',  ( -6.495870200275280800, -7.980000000000001300, 2.793218014815730400 ) ) ;
#10908 = DIRECTION ( 'NONE',  ( 0.0000000000000000000, -1.000000000000000000, 0.0000000000000000000 ) ) ;
#10909 = VECTOR ( 'NONE', #10908, 1000.000000000000000 ) ;
#10910 = CARTESIAN_POINT ( 'NONE',  ( -6.495870200275280800, -7.980000000000001300, 2.793218014815730400 ) ) ;
#10911 = LINE ( 'NONE', #10910, #10909 ) ;
#10912 = CARTESIAN_POINT ( 'NONE',  ( -6.495870200275280800, -7.260000000000000700, 2.793218014815730400 ) ) ;
#10913 = DIRECTION ( 'NONE',  ( -0.7135639703685390200, 0.0000000000000000000, 0.7005900799982016600 ) ) ;
#10914 = VECTOR ( 'NONE', #10913, 1000.000000000000100 ) ;
#10915 = CARTESIAN_POINT ( 'NONE',  ( -6.349999999999999600, -7.260000000000000700, 2.649999999999999900 ) ) ;
#10916 = LINE ( 'NONE', #10915, #10914 ) ;
#10917 = CARTESIAN_POINT ( 'NONE',  ( -6.145575160276179900, -7.260000000000000700, 2.649999999999999900 ) ) ;
#10918 = DIRECTION ( 'NONE',  ( 1.000000000000000000, -0.0000000000000000000, -0.0000000000000000000 ) ) ;
#10919 = VECTOR ( 'NONE', #10918, 1000.000000000000000 ) ;
#10920 = CARTESIAN_POINT ( 'NONE',  ( -7.131843215790594200, -7.260000000000000700, 2.649999999999999900 ) ) ;
#10921 = LINE ( 'NONE', #10920, #10919 ) ;
#10922 = DIRECTION ( 'NONE',  ( 1.000000000000000000, -0.0000000000000000000, -0.0000000000000000000 ) ) ;
#10923 = VECTOR ( 'NONE', #10922, 1000.000000000000000 ) ;
#10924 = CARTESIAN_POINT ( 'NONE',  ( -7.131843215790594200, -7.260000000000000700, 3.169999999999999900 ) ) ;
#10925 = LINE ( 'NONE', #10924, #10923 ) ;
#10926 = CARTESIAN_POINT ( 'NONE',  ( -5.932973326963407100, -7.260000000000000700, 3.169999999999999900 ) ) ;
#10927 = DIRECTION ( 'NONE',  ( 0.0000000000000000000, 0.0000000000000000000, -1.000000000000000000 ) ) ;
#10928 = DIRECTION ( 'NONE',  ( 0.0000000000000000000, -1.000000000000000000, 0.0000000000000000000 ) ) ;
#10929 = CARTESIAN_POINT ( 'NONE',  ( -5.932973326963407100, -7.260000000000000700, 3.669999999999999900 ) ) ;
#10930 = AXIS2_PLACEMENT_3D ( 'NONE', #10929, #10928, #10927 ) ;
#10931 = CIRCLE ( 'NONE', #10930, 0.5000000000000000000 ) ;
#10932 = DIRECTION ( 'NONE',  ( 1.000000000000000000, -0.0000000000000000000, -0.0000000000000000000 ) ) ;
#10933 = VECTOR ( 'NONE', #10932, 1000.000000000000000 ) ;
#10934 = CARTESIAN_POINT ( 'NONE',  ( -7.131843215790594200, -7.980000000000001300, 3.169999999999999900 ) ) ;
#10935 = FACE_OUTER_BOUND ( 'NONE', #6715, .T. ) ;
#10936 = DIRECTION ( 'NONE',  ( 2.220446049250313100E-016, 0.0000000000000000000, 1.000000000000000000 ) ) ;
#10937 = VECTOR ( 'NONE', #10936, 1000.000000000000000 ) ;
#10938 = CARTESIAN_POINT ( 'NONE',  ( -12.85000000000000000, -7.728270110646817200, 5.330000000000000100 ) ) ;
#10939 = LINE ( 'NONE', #10938, #10937 ) ;
#10940 = DIRECTION ( 'NONE',  ( -2.220446049250313100E-016, 0.0000000000000000000, -1.000000000000000000 ) ) ;
#10941 = VECTOR ( 'NONE', #10940, 1000.000000000000000 ) ;
#10942 = CARTESIAN_POINT ( 'NONE',  ( -12.85000000000000000, -7.511729889353184800, 4.809999999999999600 ) ) ;
#10943 = LINE ( 'NONE', #10942, #10941 ) ;
#10944 = DIRECTION ( 'NONE',  ( 2.220446049250313100E-016, 0.0000000000000000000, 1.000000000000000000 ) ) ;
#10945 = DIRECTION ( 'NONE',  ( -1.000000000000000000, 0.0000000000000000000, 2.220446049250313100E-016 ) ) ;
#10946 = AXIS2_PLACEMENT_3D ( 'NONE', #10947, #10945, #10944 ) ;
#10947 = CARTESIAN_POINT ( 'NONE',  ( -12.85000000000000000, -7.620000000000001000, 5.070000000000000300 ) ) ;
#10948 = PLANE ( 'NONE',  #10946 ) ;
#10949 = DIRECTION ( 'NONE',  ( 0.0000000000000000000, 0.0000000000000000000, 1.000000000000000000 ) ) ;
#10950 = DIRECTION ( 'NONE',  ( 0.0000000000000000000, 1.000000000000000000, 0.0000000000000000000 ) ) ;
#10951 = CARTESIAN_POINT ( 'NONE',  ( -5.932973326963407100, 2.899999999999999000, 3.669999999999999900 ) ) ;
#10952 = AXIS2_PLACEMENT_3D ( 'NONE', #10951, #10950, #10949 ) ;
#10953 = CYLINDRICAL_SURFACE ( 'NONE', #10952, 0.5000000000000000000 ) ;
#10954 = FACE_OUTER_BOUND ( 'NONE', #6705, .T. ) ;
#10955 = FACE_OUTER_BOUND ( 'NONE', #6698, .T. ) ;
#10956 = DIRECTION ( 'NONE',  ( 2.220446049250313100E-016, 0.0000000000000000000, 1.000000000000000000 ) ) ;
#10957 = VECTOR ( 'NONE', #10956, 1000.000000000000000 ) ;
#10958 = CARTESIAN_POINT ( 'NONE',  ( -12.54999999999999500, -7.260000000000000700, 5.330000000000001000 ) ) ;
#10959 = DIRECTION ( 'NONE',  ( 0.0000000000000000000, -0.0000000000000000000, -1.000000000000000000 ) ) ;
#10960 = DIRECTION ( 'NONE',  ( 0.0000000000000000000, -1.000000000000000000, 0.0000000000000000000 ) ) ;
#10961 = CARTESIAN_POINT ( 'NONE',  ( -7.131843215790594200, -7.260000000000000700, 2.649999999999999900 ) ) ;
#10962 = LINE ( 'NONE', #10958, #10957 ) ;
#10963 = AXIS2_PLACEMENT_3D ( 'NONE', #10961, #10960, #10959 ) ;
#10964 = PLANE ( 'NONE',  #10963 ) ;
#10965 = FACE_OUTER_BOUND ( 'NONE', #6684, .T. ) ;
#10966 = CARTESIAN_POINT ( 'NONE',  ( -12.54999999999999500, -7.980000000000001300, 4.809999999999999600 ) ) ;
#10967 = DIRECTION ( 'NONE',  ( 0.0000000000000000000, 0.0000000000000000000, 1.000000000000000000 ) ) ;
#10968 = DIRECTION ( 'NONE',  ( 0.0000000000000000000, 1.000000000000000000, -0.0000000000000000000 ) ) ;
#10969 = CARTESIAN_POINT ( 'NONE',  ( -7.131843215790594200, -7.980000000000001300, 2.649999999999999900 ) ) ;
#10970 = AXIS2_PLACEMENT_3D ( 'NONE', #10969, #10968, #10967 ) ;
#10971 = PLANE ( 'NONE',  #10970 ) ;
#10972 = LINE ( 'NONE', #10966, #11030 ) ;
#10973 = FACE_OUTER_BOUND ( 'NONE', #6738, .T. ) ;
#10974 = DIRECTION ( 'NONE',  ( -0.0000000000000000000, 1.000000000000000000, -0.0000000000000000000 ) ) ;
#10975 = VECTOR ( 'NONE', #10974, 1000.000000000000000 ) ;
#10976 = CARTESIAN_POINT ( 'NONE',  ( -6.145575160276179900, -7.260000000000000700, 2.649999999999999900 ) ) ;
#10977 = LINE ( 'NONE', #10976, #10975 ) ;
#10978 = DIRECTION ( 'NONE',  ( 1.000000000000000000, 0.0000000000000000000, -0.0000000000000000000 ) ) ;
#10979 = DIRECTION ( 'NONE',  ( 0.0000000000000000000, 0.0000000000000000000, 1.000000000000000000 ) ) ;
#10980 = AXIS2_PLACEMENT_3D ( 'NONE', #10981, #10979, #10978 ) ;
#10981 = CARTESIAN_POINT ( 'NONE',  ( -7.131843215790594200, -7.260000000000000700, 2.649999999999999900 ) ) ;
#10982 = PLANE ( 'NONE',  #10980 ) ;
#10983 = FACE_OUTER_BOUND ( 'NONE', #6728, .T. ) ;
#10984 = DIRECTION ( 'NONE',  ( 0.0000000000000000000, 0.0000000000000000000, 1.000000000000000000 ) ) ;
#10985 = DIRECTION ( 'NONE',  ( 0.0000000000000000000, 1.000000000000000000, -0.0000000000000000000 ) ) ;
#10986 = CARTESIAN_POINT ( 'NONE',  ( -5.932973326963407100, -7.980000000000001300, 3.669999999999999900 ) ) ;
#10987 = AXIS2_PLACEMENT_3D ( 'NONE', #10986, #10985, #10984 ) ;
#10988 = CIRCLE ( 'NONE', #10987, 0.5000000000000000000 ) ;
#10989 = DIRECTION ( 'NONE',  ( 1.000000000000000000, -0.0000000000000000000, -0.0000000000000000000 ) ) ;
#10990 = VECTOR ( 'NONE', #10989, 1000.000000000000000 ) ;
#10991 = CARTESIAN_POINT ( 'NONE',  ( -7.131843215790594200, -7.980000000000001300, 2.649999999999999900 ) ) ;
#10992 = LINE ( 'NONE', #10991, #10990 ) ;
#10993 = DIRECTION ( 'NONE',  ( 0.0000000000000000000, 0.0000000000000000000, 1.000000000000000000 ) ) ;
#10994 = DIRECTION ( 'NONE',  ( 0.0000000000000000000, 1.000000000000000000, 0.0000000000000000000 ) ) ;
#10995 = CARTESIAN_POINT ( 'NONE',  ( -5.932973326963407100, 5.439999999999998600, 3.669999999999999900 ) ) ;
#10996 = AXIS2_PLACEMENT_3D ( 'NONE', #10995, #10994, #10993 ) ;
#10997 = CYLINDRICAL_SURFACE ( 'NONE', #10996, 0.5000000000000000000 ) ;
#10998 = DIRECTION ( 'NONE',  ( 0.0000000000000000000, 0.0000000000000000000, 1.000000000000000000 ) ) ;
#10999 = DIRECTION ( 'NONE',  ( 0.0000000000000000000, 1.000000000000000000, 0.0000000000000000000 ) ) ;
#11000 = CARTESIAN_POINT ( 'NONE',  ( -6.145575160276179900, 2.899999999999999000, 3.149999999999999900 ) ) ;
#11001 = AXIS2_PLACEMENT_3D ( 'NONE', #11000, #10999, #10998 ) ;
#11002 = FACE_OUTER_BOUND ( 'NONE', #6795, .T. ) ;
#11003 = CYLINDRICAL_SURFACE ( 'NONE', #11001, 0.5000000000000000000 ) ;
#11004 = DIRECTION ( 'NONE',  ( 0.0000000000000000000, 0.0000000000000000000, 1.000000000000000000 ) ) ;
#11005 = DIRECTION ( 'NONE',  ( 0.0000000000000000000, 1.000000000000000000, 0.0000000000000000000 ) ) ;
#11006 = CARTESIAN_POINT ( 'NONE',  ( -5.932973326963407100, -2.180000000000001500, 3.669999999999999900 ) ) ;
#11007 = AXIS2_PLACEMENT_3D ( 'NONE', #11006, #11005, #11004 ) ;
#11008 = FACE_OUTER_BOUND ( 'NONE', #6783, .T. ) ;
#11009 = CYLINDRICAL_SURFACE ( 'NONE', #11007, 0.5000000000000000000 ) ;
#11010 = DIRECTION ( 'NONE',  ( 0.0000000000000000000, 0.0000000000000000000, 1.000000000000000000 ) ) ;
#11011 = DIRECTION ( 'NONE',  ( 0.0000000000000000000, 1.000000000000000000, 0.0000000000000000000 ) ) ;
#11012 = CARTESIAN_POINT ( 'NONE',  ( -6.145575160276179900, 0.3599999999999992100, 3.149999999999999900 ) ) ;
#11013 = AXIS2_PLACEMENT_3D ( 'NONE', #11012, #11011, #11010 ) ;
#11014 = FACE_OUTER_BOUND ( 'NONE', #6877, .T. ) ;
#11015 = CYLINDRICAL_SURFACE ( 'NONE', #11013, 0.5000000000000000000 ) ;
#11016 = DIRECTION ( 'NONE',  ( 0.0000000000000000000, 0.0000000000000000000, 1.000000000000000000 ) ) ;
#11017 = DIRECTION ( 'NONE',  ( 0.0000000000000000000, 1.000000000000000000, 0.0000000000000000000 ) ) ;
#11018 = CARTESIAN_POINT ( 'NONE',  ( -5.932973326963407100, -4.720000000000002400, 3.669999999999999900 ) ) ;
#11019 = AXIS2_PLACEMENT_3D ( 'NONE', #11018, #11017, #11016 ) ;
#11020 = FACE_OUTER_BOUND ( 'NONE', #6769, .T. ) ;
#11021 = CYLINDRICAL_SURFACE ( 'NONE', #11019, 0.5000000000000000000 ) ;
#11022 = DIRECTION ( 'NONE',  ( 0.0000000000000000000, 0.0000000000000000000, 1.000000000000000000 ) ) ;
#11023 = DIRECTION ( 'NONE',  ( 0.0000000000000000000, 1.000000000000000000, 0.0000000000000000000 ) ) ;
#11024 = CARTESIAN_POINT ( 'NONE',  ( -6.145575160276179900, -2.180000000000001500, 3.149999999999999900 ) ) ;
#11025 = AXIS2_PLACEMENT_3D ( 'NONE', #11024, #11023, #11022 ) ;
#11026 = CYLINDRICAL_SURFACE ( 'NONE', #11025, 0.5000000000000000000 ) ;
#11027 = FACE_OUTER_BOUND ( 'NONE', #6856, .T. ) ;
#11028 = FACE_OUTER_BOUND ( 'NONE', #6752, .T. ) ;
#11029 = DIRECTION ( 'NONE',  ( -2.220446049250313100E-016, 0.0000000000000000000, -1.000000000000000000 ) ) ;
#11030 = VECTOR ( 'NONE', #11029, 1000.000000000000000 ) ;
#11031 = FACE_OUTER_BOUND ( 'NONE', #6847, .T. ) ;
#11032 = CYLINDRICAL_SURFACE ( 'NONE', #11094, 0.5000000000000000000 ) ;
#11033 = DIRECTION ( 'NONE',  ( 0.0000000000000000000, 0.0000000000000000000, 1.000000000000000000 ) ) ;
#11034 = DIRECTION ( 'NONE',  ( 0.0000000000000000000, 1.000000000000000000, 0.0000000000000000000 ) ) ;
#11035 = AXIS2_PLACEMENT_3D ( 'NONE', #11041, #11034, #11033 ) ;
#11036 = CYLINDRICAL_SURFACE ( 'NONE', #11035, 0.5000000000000000000 ) ;
#11037 = FACE_OUTER_BOUND ( 'NONE', #6876, .T. ) ;
#11038 = DIRECTION ( 'NONE',  ( 0.7660444431189811200, -0.6427876096865357000, 0.0000000000000000000 ) ) ;
#11039 = DIRECTION ( 'NONE',  ( -0.6427876096865357000, -0.7660444431189811200, 1.427275208435520500E-016 ) ) ;
#11040 = AXIS2_PLACEMENT_3D ( 'NONE', #11042, #11039, #11038 ) ;
#11041 = CARTESIAN_POINT ( 'NONE',  ( -5.932973326963407100, -7.260000000000000700, 3.669999999999999900 ) ) ;
#11042 = CARTESIAN_POINT ( 'NONE',  ( -12.55000000000000200, 4.719999999999998900, 2.650000000000001200 ) ) ;
#11043 = PLANE ( 'NONE',  #11040 ) ;
#11044 = DIRECTION ( 'NONE',  ( -0.7660444431189840100, -0.6427876096865322600, 0.0000000000000000000 ) ) ;
#11045 = DIRECTION ( 'NONE',  ( -0.6427876096865322600, 0.7660444431189840100, 1.427275208435512800E-016 ) ) ;
#11046 = AXIS2_PLACEMENT_3D ( 'NONE', #11048, #11045, #11044 ) ;
#11047 = FACE_OUTER_BOUND ( 'NONE', #6821, .T. ) ;
#11048 = CARTESIAN_POINT ( 'NONE',  ( -12.54999999999999500, 5.439999999999998600, 2.650000000000001200 ) ) ;
#11049 = PLANE ( 'NONE',  #11046 ) ;
#11050 = DIRECTION ( 'NONE',  ( 0.0000000000000000000, 0.0000000000000000000, 1.000000000000000000 ) ) ;
#11051 = DIRECTION ( 'NONE',  ( 0.0000000000000000000, 1.000000000000000000, 0.0000000000000000000 ) ) ;
#11052 = CARTESIAN_POINT ( 'NONE',  ( -6.145575160276179900, 5.439999999999998600, 3.149999999999999900 ) ) ;
#11053 = AXIS2_PLACEMENT_3D ( 'NONE', #11052, #11051, #11050 ) ;
#11054 = FACE_OUTER_BOUND ( 'NONE', #6813, .T. ) ;
#11055 = CYLINDRICAL_SURFACE ( 'NONE', #11053, 0.5000000000000000000 ) ;
#11056 = DIRECTION ( 'NONE',  ( 0.0000000000000000000, 0.0000000000000000000, 1.000000000000000000 ) ) ;
#11057 = DIRECTION ( 'NONE',  ( 0.0000000000000000000, 1.000000000000000000, 0.0000000000000000000 ) ) ;
#11058 = CARTESIAN_POINT ( 'NONE',  ( -5.932973326963407100, 0.3599999999999992100, 3.669999999999999900 ) ) ;
#11059 = AXIS2_PLACEMENT_3D ( 'NONE', #11058, #11057, #11056 ) ;
#11060 = FACE_OUTER_BOUND ( 'NONE', #6689, .T. ) ;
#11061 = CYLINDRICAL_SURFACE ( 'NONE', #11059, 0.5000000000000000000 ) ;
#11062 = DIRECTION ( 'NONE',  ( 0.7660444431189811200, -0.6427876096865357000, 0.0000000000000000000 ) ) ;
#11063 = DIRECTION ( 'NONE',  ( -0.6427876096865357000, -0.7660444431189811200, 1.427275208435520500E-016 ) ) ;
#11064 = CARTESIAN_POINT ( 'NONE',  ( -12.55000000000000200, -0.3600000000000009300, 2.650000000000001200 ) ) ;
#11065 = FACE_OUTER_BOUND ( 'NONE', #6932, .T. ) ;
#11066 = AXIS2_PLACEMENT_3D ( 'NONE', #11064, #11063, #11062 ) ;
#11067 = FACE_OUTER_BOUND ( 'NONE', #6922, .T. ) ;
#11068 = DIRECTION ( 'NONE',  ( -0.7660444431189811200, -0.6427876096865357000, 0.0000000000000000000 ) ) ;
#11069 = DIRECTION ( 'NONE',  ( -0.6427876096865357000, 0.7660444431189811200, 1.427275208435520500E-016 ) ) ;
#11070 = CARTESIAN_POINT ( 'NONE',  ( -12.55000000000000200, 0.3599999999999992100, 2.650000000000001200 ) ) ;
#11071 = PLANE ( 'NONE',  #11066 ) ;
#11072 = AXIS2_PLACEMENT_3D ( 'NONE', #11070, #11069, #11068 ) ;
#11073 = FACE_OUTER_BOUND ( 'NONE', #6912, .T. ) ;
#11074 = DIRECTION ( 'NONE',  ( 0.7660444431189840100, -0.6427876096865322600, 0.0000000000000000000 ) ) ;
#11075 = DIRECTION ( 'NONE',  ( -0.6427876096865322600, -0.7660444431189840100, 1.427275208435512800E-016 ) ) ;
#11076 = AXIS2_PLACEMENT_3D ( 'NONE', #11078, #11075, #11074 ) ;
#11077 = PLANE ( 'NONE',  #11072 ) ;
#11078 = CARTESIAN_POINT ( 'NONE',  ( -12.54999999999999500, -2.900000000000001700, 2.650000000000001200 ) ) ;
#11079 = PLANE ( 'NONE',  #11076 ) ;
#11080 = DIRECTION ( 'NONE',  ( -0.7660444431189811200, -0.6427876096865357000, 0.0000000000000000000 ) ) ;
#11081 = DIRECTION ( 'NONE',  ( -0.6427876096865357000, 0.7660444431189811200, 1.427275208435520500E-016 ) ) ;
#11082 = AXIS2_PLACEMENT_3D ( 'NONE', #11084, #11081, #11080 ) ;
#11083 = FACE_OUTER_BOUND ( 'NONE', #6902, .T. ) ;
#11084 = CARTESIAN_POINT ( 'NONE',  ( -12.55000000000000200, -2.180000000000001500, 2.650000000000001200 ) ) ;
#11085 = PLANE ( 'NONE',  #11082 ) ;
#11086 = DIRECTION ( 'NONE',  ( 0.0000000000000000000, 0.0000000000000000000, 1.000000000000000000 ) ) ;
#11087 = DIRECTION ( 'NONE',  ( 0.0000000000000000000, 1.000000000000000000, 0.0000000000000000000 ) ) ;
#11088 = AXIS2_PLACEMENT_3D ( 'NONE', #11095, #11087, #11086 ) ;
#11089 = CYLINDRICAL_SURFACE ( 'NONE', #11088, 0.5000000000000000000 ) ;
#11090 = FACE_OUTER_BOUND ( 'NONE', #6890, .T. ) ;
#11091 = DIRECTION ( 'NONE',  ( 0.0000000000000000000, 0.0000000000000000000, 1.000000000000000000 ) ) ;
#11092 = DIRECTION ( 'NONE',  ( 0.0000000000000000000, 1.000000000000000000, 0.0000000000000000000 ) ) ;
#11093 = CARTESIAN_POINT ( 'NONE',  ( -6.145575160276179900, -7.260000000000000700, 3.149999999999999900 ) ) ;
#11094 = AXIS2_PLACEMENT_3D ( 'NONE', #11093, #11092, #11091 ) ;
#11095 = CARTESIAN_POINT ( 'NONE',  ( -6.145575160276179900, -4.720000000000002400, 3.149999999999999900 ) ) ;
#11096 = FACE_OUTER_BOUND ( 'NONE', #6867, .T. ) ;
#11097 = DIRECTION ( 'NONE',  ( 0.0000000000000000000, 1.000000000000000000, 0.0000000000000000000 ) ) ;
#11098 = VECTOR ( 'NONE', #11097, 1000.000000000000000 ) ;
#11099 = CARTESIAN_POINT ( 'NONE',  ( -5.349999999999992500, -6.709999999999999100, 2.649999999999999900 ) ) ;
#11100 = LINE ( 'NONE', #11099, #11098 ) ;
#11101 = CARTESIAN_POINT ( 'NONE',  ( -5.086096391207659600, 9.972999999999999000, 0.1391248851650085400 ) ) ;
#11102 = DIRECTION ( 'NONE',  ( 0.1045284632676501800, -0.0000000000000000000, -0.9945218953682737300 ) ) ;
#11103 = VECTOR ( 'NONE', #11102, 1000.000000000000000 ) ;
#11104 = CARTESIAN_POINT ( 'NONE',  ( -5.349999999999999600, 9.972999999999999000, 2.649999999999999900 ) ) ;
#11105 = LINE ( 'NONE', #11104, #11103 ) ;
#11106 = CARTESIAN_POINT ( 'NONE',  ( -5.187895630127981900, 9.972999999999999000, 1.107679945415468200 ) ) ;
#11107 = DIRECTION ( 'NONE',  ( 0.1041350224314032400, 0.08668189170242486500, -0.9907785558610461300 ) ) ;
#11108 = VECTOR ( 'NONE', #11107, 1000.000000000000100 ) ;
#11109 = CARTESIAN_POINT ( 'NONE',  ( -5.188712454034195800, 9.972320076572460200, 1.115451505754115000 ) ) ;
#11110 = LINE ( 'NONE', #11109, #11108 ) ;
#11111 = DIRECTION ( 'NONE',  ( 0.0000000000000000000, -1.000000000000000000, 0.0000000000000000000 ) ) ;
#11112 = VECTOR ( 'NONE', #11111, 1000.000000000000000 ) ;
#11113 = CARTESIAN_POINT ( 'NONE',  ( -5.349999999999999600, -4.720000000000002400, 2.649999999999999900 ) ) ;
#11114 = DIRECTION ( 'NONE',  ( 0.7660444431189811200, -0.6427876096865357000, 0.0000000000000000000 ) ) ;
#11115 = DIRECTION ( 'NONE',  ( -0.6427876096865357000, -0.7660444431189811200, 1.427275208435520500E-016 ) ) ;
#11116 = AXIS2_PLACEMENT_3D ( 'NONE', #11118, #11115, #11114 ) ;
#11117 = LINE ( 'NONE', #11113, #11112 ) ;
#11118 = CARTESIAN_POINT ( 'NONE',  ( -12.55000000000000200, 2.179999999999998800, 2.650000000000001200 ) ) ;
#11119 = PLANE ( 'NONE',  #11116 ) ;
#11120 = DIRECTION ( 'NONE',  ( -0.7660444431189840100, -0.6427876096865322600, 0.0000000000000000000 ) ) ;
#11121 = DIRECTION ( 'NONE',  ( -0.6427876096865322600, 0.7660444431189840100, 1.427275208435512800E-016 ) ) ;
#11122 = AXIS2_PLACEMENT_3D ( 'NONE', #11124, #11121, #11120 ) ;
#11123 = FACE_OUTER_BOUND ( 'NONE', #6940, .T. ) ;
#11124 = CARTESIAN_POINT ( 'NONE',  ( -12.54999999999999500, 2.899999999999999000, 2.650000000000001200 ) ) ;
#11125 = PLANE ( 'NONE',  #11122 ) ;
#11126 = AXIS2_PLACEMENT_3D ( 'NONE', #11127, #11186, #11185 ) ;
#11127 = CARTESIAN_POINT ( 'NONE',  ( -12.54999999999999500, -5.440000000000002200, 2.650000000000001200 ) ) ;
#11128 = FACE_OUTER_BOUND ( 'NONE', #7006, .T. ) ;
#11129 = DIRECTION ( 'NONE',  ( -0.7660444431189811200, -0.6427876096865357000, 0.0000000000000000000 ) ) ;
#11130 = DIRECTION ( 'NONE',  ( -0.6427876096865357000, 0.7660444431189811200, 1.427275208435520500E-016 ) ) ;
#11131 = CARTESIAN_POINT ( 'NONE',  ( -12.55000000000000200, -4.720000000000002400, 2.650000000000001200 ) ) ;
#11132 = PLANE ( 'NONE',  #11126 ) ;
#11133 = AXIS2_PLACEMENT_3D ( 'NONE', #11131, #11130, #11129 ) ;
#11134 = FACE_OUTER_BOUND ( 'NONE', #6991, .T. ) ;
#11135 = DIRECTION ( 'NONE',  ( 0.7660444431189840100, -0.6427876096865322600, 0.0000000000000000000 ) ) ;
#11136 = DIRECTION ( 'NONE',  ( -0.6427876096865322600, -0.7660444431189840100, 1.427275208435512800E-016 ) ) ;
#11137 = AXIS2_PLACEMENT_3D ( 'NONE', #11139, #11136, #11135 ) ;
#11138 = PLANE ( 'NONE',  #11133 ) ;
#11139 = CARTESIAN_POINT ( 'NONE',  ( -12.54999999999999500, -7.980000000000001300, 2.650000000000001200 ) ) ;
#11140 = PLANE ( 'NONE',  #11137 ) ;
#11141 = DIRECTION ( 'NONE',  ( -0.7660444431189840100, -0.6427876096865322600, 0.0000000000000000000 ) ) ;
#11142 = DIRECTION ( 'NONE',  ( -0.6427876096865322600, 0.7660444431189840100, 1.427275208435512800E-016 ) ) ;
#11143 = CARTESIAN_POINT ( 'NONE',  ( -12.54999999999999500, -7.260000000000000700, 2.650000000000001200 ) ) ;
#11144 = AXIS2_PLACEMENT_3D ( 'NONE', #11143, #11142, #11141 ) ;
#11145 = FACE_OUTER_BOUND ( 'NONE', #6983, .T. ) ;
#11146 = PLANE ( 'NONE',  #11144 ) ;
#11147 = FACE_OUTER_BOUND ( 'NONE', #6885, .T. ) ;
#11148 = DIRECTION ( 'NONE',  ( 0.1041350224314033100, -0.08668189170242443500, -0.9907785558610462400 ) ) ;
#11149 = VECTOR ( 'NONE', #11148, 1000.000000000000100 ) ;
#11150 = CARTESIAN_POINT ( 'NONE',  ( 4.995315247672459200, -9.761112661832331800, 4.999999999999999100 ) ) ;
#11151 = LINE ( 'NONE', #11150, #11149 ) ;
#11152 = DIRECTION ( 'NONE',  ( 0.0000000000000000000, -1.000000000000000000, 0.0000000000000000000 ) ) ;
#11153 = VECTOR ( 'NONE', #11152, 1000.000000000000000 ) ;
#11154 = CARTESIAN_POINT ( 'NONE',  ( -5.086096391207659600, 10.10000000000000000, 0.1391248851650090100 ) ) ;
#11155 = LINE ( 'NONE', #11154, #11153 ) ;
#11156 = VECTOR ( 'NONE', #10147, 1000.000000000000000 ) ;
#11157 = CARTESIAN_POINT ( 'NONE',  ( -5.349999999999992500, -1.629999999999999400, 2.649999999999999900 ) ) ;
#11158 = LINE ( 'NONE', #11157, #11156 ) ;
#11159 = DIRECTION ( 'NONE',  ( 0.0000000000000000000, -1.000000000000000000, 0.0000000000000000000 ) ) ;
#11160 = VECTOR ( 'NONE', #11159, 1000.000000000000000 ) ;
#11161 = CARTESIAN_POINT ( 'NONE',  ( -5.349999999999999600, -2.180000000000001500, 2.649999999999999900 ) ) ;
#11162 = LINE ( 'NONE', #11161, #11160 ) ;
#11163 = DIRECTION ( 'NONE',  ( 0.0000000000000000000, 1.000000000000000000, 0.0000000000000000000 ) ) ;
#11164 = VECTOR ( 'NONE', #11163, 1000.000000000000000 ) ;
#11165 = CARTESIAN_POINT ( 'NONE',  ( -5.349999999999992500, -4.169999999999999900, 2.649999999999999900 ) ) ;
#11166 = LINE ( 'NONE', #11165, #11164 ) ;
#11167 = DIRECTION ( 'NONE',  ( 0.0000000000000000000, -1.000000000000000000, 0.0000000000000000000 ) ) ;
#11168 = VECTOR ( 'NONE', #11167, 1000.000000000000000 ) ;
#11169 = CARTESIAN_POINT ( 'NONE',  ( -5.349999999999999600, -7.260000000000000700, 2.649999999999999900 ) ) ;
#11170 = LINE ( 'NONE', #11169, #11168 ) ;
#11171 = DIRECTION ( 'NONE',  ( 0.0000000000000000000, 1.000000000000000000, 0.0000000000000000000 ) ) ;
#11172 = VECTOR ( 'NONE', #11171, 1000.000000000000000 ) ;
#11173 = CARTESIAN_POINT ( 'NONE',  ( -5.349999999999992500, -9.250000000000000000, 2.649999999999999900 ) ) ;
#11174 = LINE ( 'NONE', #11173, #11172 ) ;
#11175 = CARTESIAN_POINT ( 'NONE',  ( -5.061010770481470200, -10.10000000000000000, 1.126499999999839500 ) ) ;
#11176 = DIRECTION ( 'NONE',  ( -1.000000000000000000, 0.0000000000000000000, -1.867474214418926800E-017 ) ) ;
#11177 = VECTOR ( 'NONE', #11176, 1000.000000000000000 ) ;
#11178 = CARTESIAN_POINT ( 'NONE',  ( 5.349999999999999600, -10.10000000000000000, 1.355252715606880500E-016 ) ) ;
#11179 = LINE ( 'NONE', #11178, #11177 ) ;
#11180 = CARTESIAN_POINT ( 'NONE',  ( 4.079999999999997400, -10.10000000000000000, 1.118083490375676400E-016 ) ) ;
#11181 = DIRECTION ( 'NONE',  ( 0.1045284632676501800, -0.0000000000000000000, -0.9945218953682737300 ) ) ;
#11182 = VECTOR ( 'NONE', #11181, 1000.000000000000000 ) ;
#11183 = CARTESIAN_POINT ( 'NONE',  ( -4.947839143409943600, -10.10000000000000000, 0.03867511483499107300 ) ) ;
#11184 = LINE ( 'NONE', #11183, #11182 ) ;
#11185 = DIRECTION ( 'NONE',  ( 0.7660444431189840100, -0.6427876096865322600, 0.0000000000000000000 ) ) ;
#11186 = DIRECTION ( 'NONE',  ( -0.6427876096865322600, -0.7660444431189840100, 1.427275208435512800E-016 ) ) ;
#11187 =( LENGTH_UNIT ( ) NAMED_UNIT ( * ) SI_UNIT ( .MILLI., .METRE. ) );
#11188 = MECHANICAL_DESIGN_GEOMETRIC_PRESENTATION_REPRESENTATION (  '', ( #11190 ), #11232 ) ;
#11189 = PRESENTATION_LAYER_ASSIGNMENT (  '', '', ( #11190 ) ) ;
#11190 = STYLED_ITEM ( 'NONE', ( #11191 ), #7053 ) ;
#11191 = PRESENTATION_STYLE_ASSIGNMENT (( #11192 ) ) ;
#11192 = SURFACE_STYLE_USAGE ( .BOTH. , #11193 ) ;
#11193 = SURFACE_SIDE_STYLE ('',( #11194 ) ) ;
#11194 = SURFACE_STYLE_FILL_AREA ( #11195 ) ;
#11195 = FILL_AREA_STYLE ('',( #11200 ) ) ;
#11196 = CARTESIAN_POINT ( 'NONE',  ( 5.007268214758404700, 9.771042883443888300, 4.886275114834989900 ) ) ;
#11197 = CARTESIAN_POINT ( 'NONE',  ( 5.007345447226157400, 9.771120115911642800, 4.885540296989097100 ) ) ;
#11198 = CARTESIAN_POINT ( 'NONE',  ( 5.007422747590431400, 9.771190933024598700, 4.884804833150944600 ) ) ;
#11199 = CARTESIAN_POINT ( 'NONE',  ( 5.007500109964506200, 9.771255329389770600, 4.884068779328951700 ) ) ;
#11200 = FILL_AREA_STYLE_COLOUR ( '', #11202 ) ;
#11201 =( BOUNDED_CURVE ( )  B_SPLINE_CURVE ( 3, ( #11199, #11198, #11197, #11196 ),
 .UNSPECIFIED., .F., .T. ) 
 B_SPLINE_CURVE_WITH_KNOTS ( ( 4, 4 ),
 ( 4.799655442984405200, 4.817108735504344700 ),
 .UNSPECIFIED. ) 
 CURVE ( )  GEOMETRIC_REPRESENTATION_ITEM ( )  RATIONAL_B_SPLINE_CURVE ( ( 1.000000000000000000, 0.9999746153761141000, 0.9999746153761141000, 1.000000000000000000 ) ) 
 REPRESENTATION_ITEM ( '' )  );
#11202 = COLOUR_RGB ( '',0.1254901960784313700, 0.1254901960784313700, 0.1254901960784313700 ) ;
#11203 = FACE_OUTER_BOUND ( 'NONE', #7054, .T. ) ;
#11204 = DIRECTION ( 'NONE',  ( 0.0000000000000000000, 1.000000000000000000, 0.0000000000000000000 ) ) ;
#11205 = VECTOR ( 'NONE', #11204, 1000.000000000000000 ) ;
#11206 = CARTESIAN_POINT ( 'NONE',  ( -5.349999999999992500, 0.9100000000000010300, 2.649999999999999900 ) ) ;
#11207 = LINE ( 'NONE', #11206, #11205 ) ;
#11208 = DIRECTION ( 'NONE',  ( 0.0000000000000000000, -1.000000000000000000, 0.0000000000000000000 ) ) ;
#11209 = VECTOR ( 'NONE', #11208, 1000.000000000000000 ) ;
#11210 = CARTESIAN_POINT ( 'NONE',  ( -5.349999999999999600, 0.3599999999999992100, 2.649999999999999900 ) ) ;
#11211 = LINE ( 'NONE', #11210, #11209 ) ;
#11212 = DIRECTION ( 'NONE',  ( -0.0000000000000000000, -1.000000000000000000, -0.0000000000000000000 ) ) ;
#11213 = VECTOR ( 'NONE', #11212, 1000.000000000000000 ) ;
#11214 = CARTESIAN_POINT ( 'NONE',  ( -5.349999999999999600, 10.10000000000000000, 2.649999999999999900 ) ) ;
#11215 = LINE ( 'NONE', #11214, #11213 ) ;
#11216 = CARTESIAN_POINT ( 'NONE',  ( -5.349999999999999600, -9.838064479695178800, 2.649999999999999900 ) ) ;
#11217 = DIRECTION ( 'NONE',  ( -0.1041350224314032500, 0.08668189170242443500, 0.9907785558610462400 ) ) ;
#11218 = VECTOR ( 'NONE', #11217, 1000.000000000000000 ) ;
#11219 = CARTESIAN_POINT ( 'NONE',  ( -5.348838756461469200, -9.839031097690707400, 2.638951505754307800 ) ) ;
#11220 = LINE ( 'NONE', #11219, #11218 ) ;
#11221 = CARTESIAN_POINT ( 'NONE',  ( -5.187895630127984600, -9.973000000000000800, 1.107679945415499500 ) ) ;
#11222 = DIRECTION ( 'NONE',  ( -0.1045284632676501800, 0.0000000000000000000, 0.9945218953682737300 ) ) ;
#11223 = VECTOR ( 'NONE', #11222, 1000.000000000000000 ) ;
#11224 = CARTESIAN_POINT ( 'NONE',  ( -5.189873697572730600, -9.973000000000000800, 1.126499999999850000 ) ) ;
#11225 = LINE ( 'NONE', #11224, #11223 ) ;
#11226 = CARTESIAN_POINT ( 'NONE',  ( -5.086096391207659600, -9.973000000000000800, 0.1391248851650085400 ) ) ;
#11227 = DIRECTION ( 'NONE',  ( 0.1045284632676501800, 0.0000000000000000000, -0.9945218953682737300 ) ) ;
#11228 = DIRECTION ( 'NONE',  ( 0.9945218953682737300, -0.0000000000000000000, 0.1045284632676501800 ) ) ;
#11229 = CARTESIAN_POINT ( 'NONE',  ( -5.349999999999999600, 10.10000000000000000, 2.649999999999999900 ) ) ;
#11230 = AXIS2_PLACEMENT_3D ( 'NONE', #11229, #11228, #11227 ) ;
#11231 = PLANE ( 'NONE',  #11230 ) ;
#11232 =( GEOMETRIC_REPRESENTATION_CONTEXT ( 3 ) GLOBAL_UNCERTAINTY_ASSIGNED_CONTEXT ( ( #11233 ) ) GLOBAL_UNIT_ASSIGNED_CONTEXT ( ( #11187, #11235, #11234 ) ) REPRESENTATION_CONTEXT ( 'NONE', 'WORKASPACE' ) );
#11233 = UNCERTAINTY_MEASURE_WITH_UNIT (LENGTH_MEASURE( 1.000000000000000100E-005 ), #11187, 'distance_accuracy_value', 'NONE');
#11234 =( NAMED_UNIT ( * ) SI_UNIT ( $, .STERADIAN. ) SOLID_ANGLE_UNIT ( ) );
#11235 =( NAMED_UNIT ( * ) PLANE_ANGLE_UNIT ( ) SI_UNIT ( $, .RADIAN. ) );
#11236 = AXIS2_PLACEMENT_3D ( 'NONE', #11285, #11284, #11283 ) ;
#11237 = PLANE ( 'NONE',  #11236 ) ;
#11238 =( GEOMETRIC_REPRESENTATION_CONTEXT ( 3 ) GLOBAL_UNCERTAINTY_ASSIGNED_CONTEXT ( ( #11239 ) ) GLOBAL_UNIT_ASSIGNED_CONTEXT ( ( #11242, #11241, #11240 ) ) REPRESENTATION_CONTEXT ( 'NONE', 'WORKASPACE' ) );
#11239 = UNCERTAINTY_MEASURE_WITH_UNIT (LENGTH_MEASURE( 1.000000000000000100E-005 ), #11242, 'distance_accuracy_value', 'NONE');
#11240 =( NAMED_UNIT ( * ) SI_UNIT ( $, .STERADIAN. ) SOLID_ANGLE_UNIT ( ) );
#11241 =( NAMED_UNIT ( * ) PLANE_ANGLE_UNIT ( ) SI_UNIT ( $, .RADIAN. ) );
#11242 =( LENGTH_UNIT ( ) NAMED_UNIT ( * ) SI_UNIT ( .MILLI., .METRE. ) );
#11243 = MECHANICAL_DESIGN_GEOMETRIC_PRESENTATION_REPRESENTATION (  '', ( #11245 ), #11238 ) ;
#11244 = PRESENTATION_LAYER_ASSIGNMENT (  '', '', ( #11245 ) ) ;
#11245 = STYLED_ITEM ( 'NONE', ( #11246 ), #7089 ) ;
#11246 = PRESENTATION_STYLE_ASSIGNMENT (( #11247 ) ) ;
#11247 = SURFACE_STYLE_USAGE ( .BOTH. , #11248 ) ;
#11248 = SURFACE_SIDE_STYLE ('',( #11249 ) ) ;
#11249 = SURFACE_STYLE_FILL_AREA ( #11250 ) ;
#11250 = FILL_AREA_STYLE ('',( #11257 ) ) ;
#11251 = COLOUR_RGB ( '',0.1254901960784313700, 0.1254901960784313700, 0.1254901960784313700 ) ;
#11252 = FACE_OUTER_BOUND ( 'NONE', #7093, .T. ) ;
#11253 = DIRECTION ( 'NONE',  ( 0.0000000000000000000, 1.000000000000000000, 0.0000000000000000000 ) ) ;
#11254 = VECTOR ( 'NONE', #11253, 1000.000000000000000 ) ;
#11255 = CARTESIAN_POINT ( 'NONE',  ( -5.349999999999992500, 8.530000000000001100, 2.649999999999999900 ) ) ;
#11256 = LINE ( 'NONE', #11255, #11254 ) ;
#11257 = FILL_AREA_STYLE_COLOUR ( '', #11251 ) ;
#11258 = CARTESIAN_POINT ( 'NONE',  ( -5.062167790299328700, 10.10000000000000000, 1.126439528898760300 ) ) ;
#11259 = DIRECTION ( 'NONE',  ( -0.1045284632676501800, 0.0000000000000000000, 0.9945218953682737300 ) ) ;
#11260 = VECTOR ( 'NONE', #11259, 1000.000000000000000 ) ;
#11261 = CARTESIAN_POINT ( 'NONE',  ( -5.465890402561150600, 10.10000000000000000, 4.967603600368648600 ) ) ;
#11262 = LINE ( 'NONE', #11261, #11260 ) ;
#11263 = CARTESIAN_POINT ( 'NONE',  ( -5.349999999999999600, -9.250000000000000000, 2.649999999999999900 ) ) ;
#11264 = DIRECTION ( 'NONE',  ( -1.000000000000000000, 0.0000000000000000000, 5.015508710847692100E-016 ) ) ;
#11265 = DIRECTION ( 'NONE',  ( -5.015508710847692100E-016, 0.0000000000000000000, -1.000000000000000000 ) ) ;
#11266 = AXIS2_PLACEMENT_3D ( 'NONE', #11267, #11265, #11264 ) ;
#11267 = CARTESIAN_POINT ( 'NONE',  ( -9.291281102303948100, 8.530000000000001100, 9.889999999999998800 ) ) ;
#11268 = PLANE ( 'NONE',  #11266 ) ;
#11269 = FACE_OUTER_BOUND ( 'NONE', #7014, .T. ) ;
#11270 = DIRECTION ( 'NONE',  ( 0.0000000000000000000, -1.000000000000000000, 0.0000000000000000000 ) ) ;
#11271 = VECTOR ( 'NONE', #11270, 1000.000000000000000 ) ;
#11272 = CARTESIAN_POINT ( 'NONE',  ( -5.349999999999999600, 7.979999999999999500, 2.649999999999999900 ) ) ;
#11273 = LINE ( 'NONE', #11272, #11271 ) ;
#11274 = CARTESIAN_POINT ( 'NONE',  ( -5.349999999999999600, -9.894688835134173700, 2.916842487140837400 ) ) ;
#11275 = CARTESIAN_POINT ( 'NONE',  ( -5.349999999999999600, -9.886943420204950400, 2.742429183510307000 ) ) ;
#11276 = CARTESIAN_POINT ( 'NONE',  ( -5.349999999999999600, -9.867329815954359900, 2.649999999999997700 ) ) ;
#11277 = CARTESIAN_POINT ( 'NONE',  ( -5.349999999999999600, -9.838064479695178800, 2.649999999999999900 ) ) ;
#11278 =( BOUNDED_CURVE ( )  B_SPLINE_CURVE ( 3, ( #11277, #11276, #11275, #11274 ),
 .UNSPECIFIED., .F., .T. ) 
 B_SPLINE_CURVE_WITH_KNOTS ( ( 4, 4 ),
 ( 6.274074925300228100, 6.949609233660216200 ),
 .UNSPECIFIED. ) 
 CURVE ( )  GEOMETRIC_REPRESENTATION_ITEM ( )  RATIONAL_B_SPLINE_CURVE ( ( 1.000000000000000000, 0.9623312933808373400, 0.9623312933808373400, 1.000000000000000000 ) ) 
 REPRESENTATION_ITEM ( '' )  );
#11279 = DIRECTION ( 'NONE',  ( -3.336006684570782500E-015, -0.0000000000000000000, -1.000000000000000000 ) ) ;
#11280 = VECTOR ( 'NONE', #11279, 1000.000000000000000 ) ;
#11281 = CARTESIAN_POINT ( 'NONE',  ( -5.349999999999992500, -9.250000000000000000, 2.649999999999999900 ) ) ;
#11282 = LINE ( 'NONE', #11281, #11280 ) ;
#11283 = DIRECTION ( 'NONE',  ( 0.0000000000000000000, 0.0000000000000000000, -1.000000000000000000 ) ) ;
#11284 = DIRECTION ( 'NONE',  ( 1.000000000000000000, -0.0000000000000000000, 0.0000000000000000000 ) ) ;
#11285 = CARTESIAN_POINT ( 'NONE',  ( -5.349999999999999600, 10.10000000000000000, 3.169999999999999900 ) ) ;
#11286 = CARTESIAN_POINT ( 'NONE',  ( -9.291281102303948100, 8.530000000000001100, 10.40999999999999800 ) ) ;
#11287 = DIRECTION ( 'NONE',  ( -1.000000000000000000, 0.0000000000000000000, 5.015508710847692100E-016 ) ) ;
#11288 = VECTOR ( 'NONE', #11287, 1000.000000000000000 ) ;
#11289 = CARTESIAN_POINT ( 'NONE',  ( -9.291281102303948100, 8.530000000000001100, 10.40999999999999800 ) ) ;
#11290 = LINE ( 'NONE', #11289, #11288 ) ;
#11291 = CARTESIAN_POINT ( 'NONE',  ( -12.45000000000000100, 8.530000000000001100, 10.41000000000000000 ) ) ;
#11292 = DIRECTION ( 'NONE',  ( 0.7660444431189811200, -0.6427876096865354800, -3.842102577359719500E-016 ) ) ;
#11293 = VECTOR ( 'NONE', #11292, 1000.000000000000100 ) ;
#11294 = CARTESIAN_POINT ( 'NONE',  ( -10.59638766097845100, 6.974634569981380300, 10.40999999999999800 ) ) ;
#11295 = LINE ( 'NONE', #11294, #11293 ) ;
#11296 = CARTESIAN_POINT ( 'NONE',  ( -9.291281102303948100, 8.530000000000001100, 9.889999999999998800 ) ) ;
#11297 = DIRECTION ( 'NONE',  ( 0.0000000000000000000, -1.000000000000000000, 0.0000000000000000000 ) ) ;
#11298 = VECTOR ( 'NONE', #11297, 1000.000000000000000 ) ;
#11299 = CARTESIAN_POINT ( 'NONE',  ( -9.291281102303948100, 8.530000000000001100, 9.889999999999998800 ) ) ;
#11300 = LINE ( 'NONE', #11299, #11298 ) ;
#11301 = CARTESIAN_POINT ( 'NONE',  ( -9.291281102303948100, 9.250000000000001800, 9.889999999999997000 ) ) ;
#11302 = DIRECTION ( 'NONE',  ( -1.000000000000000000, 0.0000000000000000000, 5.015508710847692100E-016 ) ) ;
#11303 = VECTOR ( 'NONE', #11302, 1000.000000000000000 ) ;
#11304 = CARTESIAN_POINT ( 'NONE',  ( -9.291281102303948100, 9.250000000000001800, 9.889999999999997000 ) ) ;
#11305 = LINE ( 'NONE', #11304, #11303 ) ;
#11306 = CARTESIAN_POINT ( 'NONE',  ( -12.45000000000000100, 9.250000000000001800, 9.889999999999998800 ) ) ;
#11307 = DIRECTION ( 'NONE',  ( 0.7660444431189811200, 0.6427876096865354800, -3.842102577359719500E-016 ) ) ;
#11308 = VECTOR ( 'NONE', #11307, 1000.000000000000100 ) ;
#11309 = CARTESIAN_POINT ( 'NONE',  ( -10.95091845206284600, 10.50787877397872100, 9.889999999999998800 ) ) ;
#11310 = LINE ( 'NONE', #11309, #11308 ) ;
#11311 = CARTESIAN_POINT ( 'NONE',  ( -12.75000000000000000, 8.781729889353181700, 9.890000000000000600 ) ) ;
#11312 = CARTESIAN_POINT ( 'NONE',  ( -12.75000000000000000, 8.998270110646821300, 9.890000000000000600 ) ) ;
#11313 = DIRECTION ( 'NONE',  ( 0.0000000000000000000, -1.000000000000000000, 0.0000000000000000000 ) ) ;
#11314 = VECTOR ( 'NONE', #11313, 1000.000000000000000 ) ;
#11315 = CARTESIAN_POINT ( 'NONE',  ( -12.75000000000000000, 8.530000000000001100, 9.890000000000000600 ) ) ;
#11316 = LINE ( 'NONE', #11315, #11314 ) ;
#11317 = CARTESIAN_POINT ( 'NONE',  ( -5.349999999999999600, 10.10000000000000000, 2.649999999999999900 ) ) ;
#11318 = LINE ( 'NONE', #11317, #11368 ) ;
#11319 = CARTESIAN_POINT ( 'NONE',  ( -5.349999999999992500, 1.630000000000001200, 2.649999999999999900 ) ) ;
#11320 = CARTESIAN_POINT ( 'NONE',  ( -5.062167790299334100, -10.10000000000000000, 1.126439528898805800 ) ) ;
#11321 = CARTESIAN_POINT ( 'NONE',  ( -5.061784228896104100, -10.10000000000000100, 1.126479842826768800 ) ) ;
#11322 = CARTESIAN_POINT ( 'NONE',  ( -5.061398552955926900, -10.10000000000000100, 1.126499999999878800 ) ) ;
#11323 = CARTESIAN_POINT ( 'NONE',  ( -5.061010770481470200, -10.10000000000000000, 1.126499999999839500 ) ) ;
#11324 = CARTESIAN_POINT ( 'NONE',  ( -5.062167790299334100, -10.10000000000000000, 1.126439528898805800 ) ) ;
#11325 =( BOUNDED_CURVE ( )  B_SPLINE_CURVE ( 3, ( #11323, #11322, #11321, #11320 ),
 .UNSPECIFIED., .F., .T. ) 
 B_SPLINE_CURVE_WITH_KNOTS ( ( 4, 4 ),
 ( 3.132482271710433700, 3.141592653589793100 ),
 .UNSPECIFIED. ) 
 CURVE ( )  GEOMETRIC_REPRESENTATION_ITEM ( )  RATIONAL_B_SPLINE_CURVE ( ( 1.000000000000000000, 0.9999930834237941200, 0.9999930834237941200, 1.000000000000000000 ) ) 
 REPRESENTATION_ITEM ( '' )  );
#11326 = DIRECTION ( 'NONE',  ( -1.000000000000000000, 0.0000000000000000000, 1.708586460515685700E-016 ) ) ;
#11327 = VECTOR ( 'NONE', #11326, 1000.000000000000000 ) ;
#11328 = CARTESIAN_POINT ( 'NONE',  ( -5.157659249463804900, -10.10000000000000000, 1.126499999999839500 ) ) ;
#11329 = LINE ( 'NONE', #11328, #11327 ) ;
#11330 = DIRECTION ( 'NONE',  ( 0.0000000000000000000, 0.0000000000000000000, -1.000000000000000000 ) ) ;
#11331 = DIRECTION ( 'NONE',  ( 0.0000000000000000000, -1.000000000000000000, -0.0000000000000000000 ) ) ;
#11332 = CARTESIAN_POINT ( 'NONE',  ( -9.291281102303948100, 8.890000000000000600, 8.889999999999998800 ) ) ;
#11333 = AXIS2_PLACEMENT_3D ( 'NONE', #11332, #11331, #11330 ) ;
#11334 = CYLINDRICAL_SURFACE ( 'NONE', #11333, 1.000000000000000900 ) ;
#11335 = FACE_OUTER_BOUND ( 'NONE', #7148, .T. ) ;
#11336 = DIRECTION ( 'NONE',  ( 0.0000000000000000000, 1.000000000000000000, 0.0000000000000000000 ) ) ;
#11337 = VECTOR ( 'NONE', #11336, 1000.000000000000000 ) ;
#11338 = CARTESIAN_POINT ( 'NONE',  ( -9.291281102303948100, 8.530000000000001100, 10.40999999999999800 ) ) ;
#11339 = LINE ( 'NONE', #11338, #11337 ) ;
#11340 = AXIS2_PLACEMENT_3D ( 'NONE', #11396, #11395, #11394 ) ;
#11341 = PLANE ( 'NONE',  #11340 ) ;
#11342 =( GEOMETRIC_REPRESENTATION_CONTEXT ( 3 ) GLOBAL_UNCERTAINTY_ASSIGNED_CONTEXT ( ( #11343 ) ) GLOBAL_UNIT_ASSIGNED_CONTEXT ( ( #11346, #11345, #11344 ) ) REPRESENTATION_CONTEXT ( 'NONE', 'WORKASPACE' ) );
#11343 = UNCERTAINTY_MEASURE_WITH_UNIT (LENGTH_MEASURE( 1.000000000000000100E-005 ), #11346, 'distance_accuracy_value', 'NONE');
#11344 =( NAMED_UNIT ( * ) SI_UNIT ( $, .STERADIAN. ) SOLID_ANGLE_UNIT ( ) );
#11345 =( NAMED_UNIT ( * ) PLANE_ANGLE_UNIT ( ) SI_UNIT ( $, .RADIAN. ) );
#11346 =( LENGTH_UNIT ( ) NAMED_UNIT ( * ) SI_UNIT ( .MILLI., .METRE. ) );
#11347 = MECHANICAL_DESIGN_GEOMETRIC_PRESENTATION_REPRESENTATION (  '', ( #11349 ), #11342 ) ;
#11348 = PRESENTATION_LAYER_ASSIGNMENT (  '', '', ( #11349 ) ) ;
#11349 = STYLED_ITEM ( 'NONE', ( #11350 ), #11431 ) ;
#11350 = PRESENTATION_STYLE_ASSIGNMENT (( #11351 ) ) ;
#11351 = SURFACE_STYLE_USAGE ( .BOTH. , #11352 ) ;
#11352 = SURFACE_SIDE_STYLE ('',( #11353 ) ) ;
#11353 = SURFACE_STYLE_FILL_AREA ( #11354 ) ;
#11354 = FILL_AREA_STYLE ('',( #11361 ) ) ;
#11355 = COLOUR_RGB ( '',0.1254901960784313700, 0.1254901960784313700, 0.1254901960784313700 ) ;
#11356 = FACE_OUTER_BOUND ( 'NONE', #11433, .T. ) ;
#11357 = DIRECTION ( 'NONE',  ( 0.0000000000000000000, 0.0000000000000000000, 1.000000000000000000 ) ) ;
#11358 = VECTOR ( 'NONE', #11357, 1000.000000000000000 ) ;
#11359 = CARTESIAN_POINT ( 'NONE',  ( -5.349999999999999600, 4.719999999999998900, 2.649999999999999900 ) ) ;
#11360 = LINE ( 'NONE', #11359, #11358 ) ;
#11361 = FILL_AREA_STYLE_COLOUR ( '', #11355 ) ;
#11362 = CARTESIAN_POINT ( 'NONE',  ( -5.349999999999999600, 4.719999999999998900, 3.169999999999999900 ) ) ;
#11363 = CARTESIAN_POINT ( 'NONE',  ( -5.349999999999999600, 4.719999999999998900, 2.649999999999999900 ) ) ;
#11364 = CARTESIAN_POINT ( 'NONE',  ( -5.593893275649970900, -1.629999999999999400, 3.169999999999999900 ) ) ;
#11365 = CARTESIAN_POINT ( 'NONE',  ( -5.349999999999999600, 8.530000000000001100, 2.649999999999999900 ) ) ;
#11366 = CARTESIAN_POINT ( 'NONE',  ( -5.349999999999999600, 7.259999999999998900, 2.649999999999999900 ) ) ;
#11367 = DIRECTION ( 'NONE',  ( -0.0000000000000000000, -1.000000000000000000, -0.0000000000000000000 ) ) ;
#11368 = VECTOR ( 'NONE', #11367, 1000.000000000000000 ) ;
#11369 =( LENGTH_UNIT ( ) NAMED_UNIT ( * ) SI_UNIT ( .MILLI., .METRE. ) );
#11370 = CARTESIAN_POINT ( 'NONE',  ( -5.349999999999999600, 7.979999999999999500, 3.169999999999999900 ) ) ;
#11371 = DIRECTION ( 'NONE',  ( -0.0000000000000000000, -1.000000000000000000, -0.0000000000000000000 ) ) ;
#11372 = VECTOR ( 'NONE', #11371, 1000.000000000000000 ) ;
#11373 = CARTESIAN_POINT ( 'NONE',  ( -5.349999999999999600, 10.10000000000000000, 2.649999999999999900 ) ) ;
#11374 = LINE ( 'NONE', #11373, #11372 ) ;
#11375 = CARTESIAN_POINT ( 'NONE',  ( 5.007500109964506200, 9.771255329389770600, 4.884068779328951700 ) ) ;
#11376 = DIRECTION ( 'NONE',  ( -0.0000000000000000000, -1.000000000000000000, -0.0000000000000000000 ) ) ;
#11377 = VECTOR ( 'NONE', #11376, 1000.000000000000000 ) ;
#11378 = CARTESIAN_POINT ( 'NONE',  ( -5.349999999999999600, 10.10000000000000000, 2.649999999999999900 ) ) ;
#11379 = LINE ( 'NONE', #11378, #11377 ) ;
#11380 = CARTESIAN_POINT ( 'NONE',  ( -5.349999999999999600, 9.894688835134170200, 2.916842487140836500 ) ) ;
#11381 = DIRECTION ( 'NONE',  ( -3.336006684570782500E-015, -0.0000000000000000000, -1.000000000000000000 ) ) ;
#11382 = VECTOR ( 'NONE', #11381, 1000.000000000000000 ) ;
#11383 = CARTESIAN_POINT ( 'NONE',  ( -5.349999999999992500, 8.530000000000001100, 2.649999999999999900 ) ) ;
#11384 = LINE ( 'NONE', #11383, #11382 ) ;
#11385 = CARTESIAN_POINT ( 'NONE',  ( -5.349999999999999600, 7.259999999999998900, 3.169999999999999900 ) ) ;
#11386 = DIRECTION ( 'NONE',  ( 3.336006684570782500E-015, 0.0000000000000000000, 1.000000000000000000 ) ) ;
#11387 = VECTOR ( 'NONE', #11386, 1000.000000000000000 ) ;
#11388 = CARTESIAN_POINT ( 'NONE',  ( -5.349999999999992500, 6.710000000000000900, 2.649999999999999900 ) ) ;
#11389 = LINE ( 'NONE', #11388, #11387 ) ;
#11390 = CARTESIAN_POINT ( 'NONE',  ( -5.349999999999992500, 6.710000000000000900, 2.649999999999999900 ) ) ;
#11391 = DIRECTION ( 'NONE',  ( -0.0000000000000000000, -1.000000000000000000, -0.0000000000000000000 ) ) ;
#11392 = VECTOR ( 'NONE', #11391, 1000.000000000000000 ) ;
#11393 = CARTESIAN_POINT ( 'NONE',  ( -5.349999999999999600, 10.10000000000000000, 3.169999999999999900 ) ) ;
#11394 = DIRECTION ( 'NONE',  ( 0.0000000000000000000, 0.0000000000000000000, -1.000000000000000000 ) ) ;
#11395 = DIRECTION ( 'NONE',  ( 1.000000000000000000, -0.0000000000000000000, 0.0000000000000000000 ) ) ;
#11396 = CARTESIAN_POINT ( 'NONE',  ( -5.349999999999999600, 10.10000000000000000, 3.169999999999999900 ) ) ;
#11397 = LINE ( 'NONE', #11393, #11392 ) ;
#11398 = APPLICATION_CONTEXT ( 'automotive_design' ) ;
#11399 = DIRECTION ( 'NONE',  ( 1.000000000000000000, 0.0000000000000000000, 0.0000000000000000000 ) ) ;
#11400 = DIRECTION ( 'NONE',  ( 0.0000000000000000000, 0.0000000000000000000, 1.000000000000000000 ) ) ;
#11401 = CARTESIAN_POINT ( 'NONE',  ( 0.0000000000000000000, 0.0000000000000000000, 0.0000000000000000000 ) ) ;
#11402 = AXIS2_PLACEMENT_3D ( 'NONE', #11401, #11400, #11399 ) ;
#11403 = SHAPE_DEFINITION_REPRESENTATION ( #11408, #11404 ) ;
#11404 = ADVANCED_BREP_SHAPE_REPRESENTATION ( 'Multiwatt15 V', ( #1478, #11402 ), #11405 ) ;
#11405 =( GEOMETRIC_REPRESENTATION_CONTEXT ( 3 ) GLOBAL_UNCERTAINTY_ASSIGNED_CONTEXT ( ( #11406 ) ) GLOBAL_UNIT_ASSIGNED_CONTEXT ( ( #11369, #10657, #11407 ) ) REPRESENTATION_CONTEXT ( 'NONE', 'WORKASPACE' ) );
#11406 = UNCERTAINTY_MEASURE_WITH_UNIT (LENGTH_MEASURE( 1.000000000000000100E-005 ), #11369, 'distance_accuracy_value', 'NONE');
#11407 =( NAMED_UNIT ( * ) SI_UNIT ( $, .STERADIAN. ) SOLID_ANGLE_UNIT ( ) );
#11408 = PRODUCT_DEFINITION_SHAPE ( 'NONE', 'NONE',  #11411 ) ;
#11409 = PRODUCT_RELATED_PRODUCT_CATEGORY ( 'part', '', ( #11415 ) ) ;
#11410 = PRODUCT_DEFINITION_FORMATION_WITH_SPECIFIED_SOURCE ( 'ANY', '', #11415, .NOT_KNOWN. ) ;
#11411 = PRODUCT_DEFINITION ( 'UNKNOWN', '', #11410, #11412 ) ;
#11412 = PRODUCT_DEFINITION_CONTEXT ( 'detailed design', #11414, 'design' ) ;
#11413 = APPLICATION_PROTOCOL_DEFINITION ( 'draft international standard', 'automotive_design', 1998, #11414 ) ;
#11414 = APPLICATION_CONTEXT ( 'automotive_design' ) ;
#11415 = PRODUCT ( 'Multiwatt15 V', 'Multiwatt15 V', '', ( #11416 ) ) ;
#11416 = PRODUCT_CONTEXT ( 'NONE', #11398, 'mechanical' ) ;
#11417 = APPLICATION_PROTOCOL_DEFINITION ( 'draft international standard', 'automotive_design', 1998, #11398 ) ;
#11418 = ORIENTED_EDGE ( 'NONE', *, *, #1606, .T. ) ;
#11419 = VERTEX_POINT ( 'NONE', #11319 ) ;
#11420 = EDGE_CURVE ( 'NONE', #978, #28, #11318, .T. ) ;
#11421 = ORIENTED_EDGE ( 'NONE', *, *, #11438, .T. ) ;
#11422 = VERTEX_POINT ( 'NONE', #11366 ) ;
#11423 = VERTEX_POINT ( 'NONE', #11365 ) ;
#11424 = ORIENTED_EDGE ( 'NONE', *, *, #3848, .T. ) ;
#11425 = VERTEX_POINT ( 'NONE', #11364 ) ;
#11426 = VERTEX_POINT ( 'NONE', #11363 ) ;
#11427 = VERTEX_POINT ( 'NONE', #11362 ) ;
#11428 = ORIENTED_EDGE ( 'NONE', *, *, #11440, .T. ) ;
#11429 = EDGE_CURVE ( 'NONE', #11426, #11427, #11360, .T. ) ;
#11430 = ORIENTED_EDGE ( 'NONE', *, *, #11429, .F. ) ;
#11431 = ADVANCED_FACE ( 'NONE', ( #11356 ), #11341, .F. ) ;
#11432 = EDGE_CURVE ( 'NONE', #8, #11447, #11397, .T. ) ;
#11433 = EDGE_LOOP ( 'NONE', ( #16, #10, #11421, #11428 ) ) ;
#11434 = VERTEX_POINT ( 'NONE', #11390 ) ;
#11435 = EDGE_CURVE ( 'NONE', #11434, #1464, #11389, .T. ) ;
#11436 = ORIENTED_EDGE ( 'NONE', *, *, #11446, .T. ) ;
#11437 = VERTEX_POINT ( 'NONE', #11385 ) ;
#11438 = EDGE_CURVE ( 'NONE', #8, #11423, #11384, .T. ) ;
#11439 = VERTEX_POINT ( 'NONE', #11380 ) ;
#11440 = EDGE_CURVE ( 'NONE', #11423, #3, #11379, .T. ) ;
#11441 = VERTEX_POINT ( 'NONE', #11375 ) ;
#11442 = ORIENTED_EDGE ( 'NONE', *, *, #2746, .T. ) ;
#11443 = ORIENTED_EDGE ( 'NONE', *, *, #1700, .T. ) ;
#11444 = EDGE_LOOP ( 'NONE', ( #26, #1715, #25, #11443, #1734, #1730, #1738, #23 ) ) ;
#11445 = ORIENTED_EDGE ( 'NONE', *, *, #4, .F. ) ;
#11446 = EDGE_CURVE ( 'NONE', #11422, #11434, #11374, .T. ) ;
#11447 = VERTEX_POINT ( 'NONE', #11370 ) ;
ENDSEC;
END-ISO-10303-21;
