ISO-10303-21;
HEADER;
FILE_DESCRIPTION (( 'STEP AP214' ),
    '1' );
FILE_NAME ('TO228P1010X240-3N_JEDEC_TO-252AA_ST_Microelectronics_DPAK.STEP',
    '2014-07-15T15:49:27',
    ( 'pomocnik' ),
    ( '' ),
    'SwSTEP 2.0',
    'SolidWorks 2012',
    '' );
FILE_SCHEMA (( 'AUTOMOTIVE_DESIGN' ));
ENDSEC;

DATA;
#1 = DIRECTION ( 'NONE',  ( 0.0000000000000000000, 1.000000000000000000, 0.0000000000000000000 ) ) ;
#2 = CARTESIAN_POINT ( 'NONE',  ( -2.995076044977108800, 3.299999999999999800, 2.295053318563701000 ) ) ;
#3 = DIRECTION ( 'NONE',  ( 0.1730072088098857900, 0.08584148278563287500, 0.9811726379862906200 ) ) ;
#4 = CARTESIAN_POINT ( 'NONE',  ( -2.907644900300079300, 3.068652421626618200, 0.009100020161062693000 ) ) ;
#5 = DIRECTION ( 'NONE',  ( -0.0000000000000000000, 1.000000000000000000, -0.0000000000000000000 ) ) ;
#6 = CARTESIAN_POINT ( 'NONE',  ( -4.599510527904728400, -2.730000000000000000, 1.231042355440948200 ) ) ;
#7 = DIRECTION ( 'NONE',  ( -0.0000000000000000000, -1.000000000000000000, -0.0000000000000000000 ) ) ;
#8 = CARTESIAN_POINT ( 'NONE',  ( -2.978435765789839700, -2.864259798371591200, 2.389425031391820400 ) ) ;
#9 = CARTESIAN_POINT ( 'NONE',  ( -3.100000000000000500, -2.922647257601935800, 1.700000000000000200 ) ) ;
#10 = CARTESIAN_POINT ( 'NONE',  ( -3.100000000000000500, -2.923290426750979200, 1.699999999999999500 ) ) ;
#11 = DIRECTION ( 'NONE',  ( 1.000000000000000000, -0.0000000000000000000, -0.0000000000000000000 ) ) ;
#12 = DIRECTION ( 'NONE',  ( 0.0000000000000000000, 1.000000000000000000, 0.0000000000000000000 ) ) ;
#13 = CARTESIAN_POINT ( 'NONE',  ( -3.099985454419004000, -2.924569455846761200, 1.700082492089060700 ) ) ;
#14 = CARTESIAN_POINT ( 'NONE',  ( -3.100000000000000100, -2.730000000000000000, 1.700000000000000200 ) ) ;
#15 = CARTESIAN_POINT ( 'NONE',  ( -3.099995151380446200, -2.923931171730411300, 1.700027497887926200 ) ) ;
#16 = DIRECTION ( 'NONE',  ( -0.0000000000000000000, -1.000000000000000000, 0.0000000000000000000 ) ) ;
#17 = CARTESIAN_POINT ( 'NONE',  ( -3.100000000000000100, -2.730000000000000000, 1.700000000000000200 ) ) ;
#18 = DIRECTION ( 'NONE',  ( 0.0000000000000000000, 0.0000000000000000000, 1.000000000000000000 ) ) ;
#19 = CARTESIAN_POINT ( 'NONE',  ( -5.015130616261423300, -1.830000000000000100, 0.7999999999999999300 ) ) ;
#20 = CARTESIAN_POINT ( 'NONE',  ( -5.015130616261423300, -1.830000000000000100, 0.5999999999999999800 ) ) ;
#21 = CARTESIAN_POINT ( 'NONE',  ( 2.199999999999999700, 2.349999999999999600, 0.5999999999999999800 ) ) ;
#22 = DIRECTION ( 'NONE',  ( -1.000000000000000000, 3.097720492815728600E-016, 0.0000000000000000000 ) ) ;
#23 = CARTESIAN_POINT ( 'NONE',  ( 3.599999999999999600, 2.699999999999999300, 0.5999999999999999800 ) ) ;
#24 = DIRECTION ( 'NONE',  ( -0.4856429311786319400, 0.8741572761215379300, 0.0000000000000000000 ) ) ;
#25 = CARTESIAN_POINT ( 'NONE',  ( 4.099999999999998800, 1.800000000000000500, 0.5999999999999999800 ) ) ;
#26 = DIRECTION ( 'NONE',  ( -1.000000000000000000, 0.0000000000000000000, 0.0000000000000000000 ) ) ;
#27 = CARTESIAN_POINT ( 'NONE',  ( 3.799999999999998900, -0.8999999999999995800, 0.5999999999999999800 ) ) ;
#28 = DIRECTION ( 'NONE',  ( -0.0000000000000000000, -1.000000000000000000, -0.0000000000000000000 ) ) ;
#29 = CARTESIAN_POINT ( 'NONE',  ( -5.015130616261423300, -2.730000000000000000, 0.7999999999999999300 ) ) ;
#30 = CARTESIAN_POINT ( 'NONE',  ( 3.094435436419809900, 2.689713120188719700, 0.5999999999999998700 ) ) ;
#31 = CARTESIAN_POINT ( 'NONE',  ( 3.089522201104110400, 2.699999999999999300, 0.5999999999999999800 ) ) ;
#32 = DIRECTION ( 'NONE',  ( 1.000000000000000000, 0.0000000000000000000, 0.0000000000000000000 ) ) ;
#33 = DIRECTION ( 'NONE',  ( 0.0000000000000000000, 0.0000000000000000000, 1.000000000000000000 ) ) ;
#34 = CARTESIAN_POINT ( 'NONE',  ( 3.999999999999999100, 1.100000000000000500, 0.5999999999999999800 ) ) ;
#35 = DIRECTION ( 'NONE',  ( -1.239088197126292200E-015, 1.000000000000000000, 0.0000000000000000000 ) ) ;
#36 = CARTESIAN_POINT ( 'NONE',  ( 4.099999999999999600, 1.100000000000001200, 0.5999999999999999800 ) ) ;
#37 = DIRECTION ( 'NONE',  ( -1.000000000000000000, 0.0000000000000000000, 0.0000000000000000000 ) ) ;
#38 = DIRECTION ( 'NONE',  ( 0.0000000000000000000, 1.000000000000000000, 0.0000000000000000000 ) ) ;
#39 = CARTESIAN_POINT ( 'NONE',  ( -3.871217345934644200, -2.730000000000000000, 0.9000000000000001300 ) ) ;
#40 = DIRECTION ( 'NONE',  ( -0.0000000000000000000, -1.000000000000000000, -0.0000000000000000000 ) ) ;
#41 = CARTESIAN_POINT ( 'NONE',  ( 3.100000000000000100, 3.299999999999999800, 0.6200000000000000000 ) ) ;
#42 = DIRECTION ( 'NONE',  ( 0.0000000000000000000, 1.000000000000000000, 0.0000000000000000000 ) ) ;
#43 = CARTESIAN_POINT ( 'NONE',  ( -5.015130616261423300, -2.730000000000000000, 4.336808689942017700E-016 ) ) ;
#44 = DIRECTION ( 'NONE',  ( -1.000000000000000000, 0.0000000000000000000, 0.0000000000000000000 ) ) ;
#45 = DIRECTION ( 'NONE',  ( -0.0000000000000000000, -0.0000000000000000000, -1.000000000000000000 ) ) ;
#46 = CARTESIAN_POINT ( 'NONE',  ( 3.799999999999998500, 0.9000000000000003600, 0.5999999999999999800 ) ) ;
#47 = DIRECTION ( 'NONE',  ( -1.000000000000000000, 0.0000000000000000000, 0.0000000000000000000 ) ) ;
#48 = DIRECTION ( 'NONE',  ( -0.0000000000000000000, -0.0000000000000000000, -1.000000000000000000 ) ) ;
#49 = DIRECTION ( 'NONE',  ( -0.4856429311786319400, 0.8741572761215379300, 0.0000000000000000000 ) ) ;
#50 = DIRECTION ( 'NONE',  ( 0.0000000000000000000, 0.0000000000000000000, -1.000000000000000000 ) ) ;
#51 = DIRECTION ( 'NONE',  ( 0.0000000000000000000, 1.000000000000000000, 0.0000000000000000000 ) ) ;
#52 = CARTESIAN_POINT ( 'NONE',  ( -6.000000000000000000, 1.829999999999999800, 0.5999999999999999800 ) ) ;
#53 = DIRECTION ( 'NONE',  ( 0.0000000000000000000, 0.0000000000000000000, -1.000000000000000000 ) ) ;
#54 = CARTESIAN_POINT ( 'NONE',  ( -5.015130616261423300, 1.829999999999999800, 0.6000000000000004200 ) ) ;
#55 = DIRECTION ( 'NONE',  ( 0.0000000000000000000, 1.000000000000000000, 0.0000000000000000000 ) ) ;
#56 = CARTESIAN_POINT ( 'NONE',  ( -3.100000000000000100, 2.730000000000000000, 1.100000000000000100 ) ) ;
#57 = DIRECTION ( 'NONE',  ( 1.000000000000000000, 0.0000000000000000000, 0.0000000000000000000 ) ) ;
#58 = CARTESIAN_POINT ( 'NONE',  ( -6.000000000000000000, 1.829999999999999800, 0.5999999999999999800 ) ) ;
#59 = DIRECTION ( 'NONE',  ( 0.0000000000000000000, 1.000000000000000000, 0.0000000000000000000 ) ) ;
#60 = CARTESIAN_POINT ( 'NONE',  ( 4.099999999999998800, 1.800000000000000500, 0.5999999999999999800 ) ) ;
#61 = CARTESIAN_POINT ( 'NONE',  ( 4.099999999999998800, 1.800000000000000500, 0.0000000000000000000 ) ) ;
#62 = DIRECTION ( 'NONE',  ( -0.0000000000000000000, -0.0000000000000000000, -1.000000000000000000 ) ) ;
#63 = DIRECTION ( 'NONE',  ( -1.239088197126292200E-015, 1.000000000000000000, 0.0000000000000000000 ) ) ;
#64 = CARTESIAN_POINT ( 'NONE',  ( -4.599510527904728400, 1.829999999999999800, 1.231042355440948200 ) ) ;
#65 = CARTESIAN_POINT ( 'NONE',  ( 2.463463730152601400, -0.8000000000000002700, 0.0000000000000000000 ) ) ;
#66 = CARTESIAN_POINT ( 'NONE',  ( 3.999999999999999100, 1.100000000000000500, 0.0000000000000000000 ) ) ;
#67 = DIRECTION ( 'NONE',  ( 0.0000000000000000000, 0.0000000000000000000, 1.000000000000000000 ) ) ;
#68 = DIRECTION ( 'NONE',  ( 1.000000000000000000, 0.0000000000000000000, 0.0000000000000000000 ) ) ;
#69 = CARTESIAN_POINT ( 'NONE',  ( 1.663463730152601200, -0.8000000000000002700, 0.0000000000000000000 ) ) ;
#70 = DIRECTION ( 'NONE',  ( 1.355252715606880300E-016, 1.000000000000000000, 0.0000000000000000000 ) ) ;
#71 = DIRECTION ( 'NONE',  ( -2.710505431213761600E-016, -1.000000000000000000, -0.0000000000000000000 ) ) ;
#72 = DIRECTION ( 'NONE',  ( 0.0000000000000000000, 1.000000000000000000, 0.0000000000000000000 ) ) ;
#73 = CARTESIAN_POINT ( 'NONE',  ( -3.871217345934643700, 1.829999999999999800, 1.700000000000000200 ) ) ;
#74 = DIRECTION ( 'NONE',  ( 0.0000000000000000000, 1.000000000000000000, 0.0000000000000000000 ) ) ;
#75 = CARTESIAN_POINT ( 'NONE',  ( -3.100000000000000100, 2.730000000000000000, 1.700000000000000200 ) ) ;
#76 = DIRECTION ( 'NONE',  ( 1.000000000000000000, -0.0000000000000000000, -0.0000000000000000000 ) ) ;
#77 = DIRECTION ( 'NONE',  ( 1.000000000000000000, -0.0000000000000000000, -0.0000000000000000000 ) ) ;
#78 = CARTESIAN_POINT ( 'NONE',  ( -3.100000000000000100, 1.829999999999999800, 1.700000000000000200 ) ) ;
#79 = CARTESIAN_POINT ( 'NONE',  ( 2.063463730152601500, -0.8000000000000002700, 0.0000000000000000000 ) ) ;
#80 = DIRECTION ( 'NONE',  ( 0.0000000000000000000, 0.0000000000000000000, -1.000000000000000000 ) ) ;
#81 = DIRECTION ( 'NONE',  ( -1.000000000000000000, 0.0000000000000000000, 0.0000000000000000000 ) ) ;
#82 = CARTESIAN_POINT ( 'NONE',  ( -2.980504900531189900, 2.927343077427309000, 1.646326533791635500 ) ) ;
#83 = CARTESIAN_POINT ( 'NONE',  ( -5.015130616261423300, 2.730000000000000000, 0.7999999999999999300 ) ) ;
#84 = DIRECTION ( 'NONE',  ( -0.0000000000000000000, -1.000000000000000000, 0.0000000000000000000 ) ) ;
#85 = DIRECTION ( 'NONE',  ( 0.0000000000000000000, 0.0000000000000000000, 1.000000000000000000 ) ) ;
#86 = DIRECTION ( 'NONE',  ( -0.1730072088098858200, 0.08584148278563287500, -0.9811726379862906200 ) ) ;
#87 = FILL_AREA_STYLE_COLOUR ( '', #3312 ) ;
#88 = FILL_AREA_STYLE_COLOUR ( '', #3309 ) ;
#89 = FILL_AREA_STYLE ('',( #87 ) ) ;
#90 = SURFACE_SIDE_STYLE ('',( #3346 ) ) ;
#91 = SURFACE_STYLE_USAGE ( .BOTH. , #90 ) ;
#92 =( LENGTH_UNIT ( ) NAMED_UNIT ( * ) SI_UNIT ( .MILLI., .METRE. ) );
#93 =( NAMED_UNIT ( * ) PLANE_ANGLE_UNIT ( ) SI_UNIT ( $, .RADIAN. ) );
#94 =( NAMED_UNIT ( * ) SI_UNIT ( $, .STERADIAN. ) SOLID_ANGLE_UNIT ( ) );
#95 = DIRECTION ( 'NONE',  ( -0.9848077530122075800, 0.0000000000000000000, 0.1736481776669334700 ) ) ;
#96 = CARTESIAN_POINT ( 'NONE',  ( 3.999999999999999100, 1.100000000000000500, 0.5999999999999999800 ) ) ;
#97 = DIRECTION ( 'NONE',  ( -0.0000000000000000000, -0.0000000000000000000, -1.000000000000000000 ) ) ;
#98 = FILL_AREA_STYLE_COLOUR ( '', #3244 ) ;
#99 = FILL_AREA_STYLE ('',( #88 ) ) ;
#100 = SURFACE_SIDE_STYLE ('',( #3479 ) ) ;
#101 = SURFACE_STYLE_USAGE ( .BOTH. , #100 ) ;
#102 =( LENGTH_UNIT ( ) NAMED_UNIT ( * ) SI_UNIT ( .MILLI., .METRE. ) );
#103 =( NAMED_UNIT ( * ) PLANE_ANGLE_UNIT ( ) SI_UNIT ( $, .RADIAN. ) );
#104 =( NAMED_UNIT ( * ) SI_UNIT ( $, .STERADIAN. ) SOLID_ANGLE_UNIT ( ) );
#105 = DIRECTION ( 'NONE',  ( -1.000000000000000000, 0.0000000000000000000, 0.0000000000000000000 ) ) ;
#106 = CARTESIAN_POINT ( 'NONE',  ( -2.909566860834862400, 3.058517152057706100, 0.1470000000000000500 ) ) ;
#107 = DIRECTION ( 'NONE',  ( 1.000000000000000000, -1.214483285911621300E-017, -8.456845228975073700E-018 ) ) ;
#108 = FILL_AREA_STYLE_COLOUR ( '', #3416 ) ;
#109 = FILL_AREA_STYLE ('',( #98 ) ) ;
#110 = SURFACE_SIDE_STYLE ('',( #3308 ) ) ;
#111 = SURFACE_STYLE_USAGE ( .BOTH. , #110 ) ;
#112 =( LENGTH_UNIT ( ) NAMED_UNIT ( * ) SI_UNIT ( .MILLI., .METRE. ) );
#113 =( NAMED_UNIT ( * ) PLANE_ANGLE_UNIT ( ) SI_UNIT ( $, .RADIAN. ) );
#114 =( NAMED_UNIT ( * ) SI_UNIT ( $, .STERADIAN. ) SOLID_ANGLE_UNIT ( ) );
#115 = DIRECTION ( 'NONE',  ( 0.0000000000000000000, 1.000000000000000000, 0.0000000000000000000 ) ) ;
#116 = CARTESIAN_POINT ( 'NONE',  ( 2.912914461227101600, 2.872516253401576700, 2.272999999999999200 ) ) ;
#117 = DIRECTION ( 'NONE',  ( -1.000000000000000000, 1.540743955509788700E-033, 1.472729200169565600E-016 ) ) ;
#118 = FILL_AREA_STYLE_COLOUR ( '', #3292 ) ;
#119 = FILL_AREA_STYLE ('',( #108 ) ) ;
#120 = SURFACE_SIDE_STYLE ('',( #3118 ) ) ;
#121 = SURFACE_STYLE_USAGE ( .BOTH. , #120 ) ;
#122 =( LENGTH_UNIT ( ) NAMED_UNIT ( * ) SI_UNIT ( .MILLI., .METRE. ) );
#123 =( NAMED_UNIT ( * ) PLANE_ANGLE_UNIT ( ) SI_UNIT ( $, .RADIAN. ) );
#124 =( NAMED_UNIT ( * ) SI_UNIT ( $, .STERADIAN. ) SOLID_ANGLE_UNIT ( ) );
#125 = DIRECTION ( 'NONE',  ( 0.0000000000000000000, 0.0000000000000000000, 1.000000000000000000 ) ) ;
#126 = PLANE ( 'NONE',  #535 ) ;
#127 = PLANE ( 'NONE',  #497 ) ;
#128 = FILL_AREA_STYLE_COLOUR ( '', #3123 ) ;
#129 = FILL_AREA_STYLE ('',( #118 ) ) ;
#130 = SURFACE_SIDE_STYLE ('',( #3604 ) ) ;
#131 = SURFACE_STYLE_USAGE ( .BOTH. , #130 ) ;
#132 =( LENGTH_UNIT ( ) NAMED_UNIT ( * ) SI_UNIT ( .MILLI., .METRE. ) );
#133 =( NAMED_UNIT ( * ) PLANE_ANGLE_UNIT ( ) SI_UNIT ( $, .RADIAN. ) );
#134 =( NAMED_UNIT ( * ) SI_UNIT ( $, .STERADIAN. ) SOLID_ANGLE_UNIT ( ) );
#135 = CARTESIAN_POINT ( 'NONE',  ( 2.199999999999999700, 2.349999999999999600, 0.5999999999999999800 ) ) ;
#136 = DIRECTION ( 'NONE',  ( -1.355252715606880300E-016, -1.000000000000000000, 0.0000000000000000000 ) ) ;
#137 = DIRECTION ( 'NONE',  ( 1.000000000000000000, -1.355252715606880300E-016, 0.0000000000000000000 ) ) ;
#138 = PLANE ( 'NONE',  #544 ) ;
#139 = FILL_AREA_STYLE_COLOUR ( '', #3661 ) ;
#140 = FILL_AREA_STYLE ('',( #128 ) ) ;
#141 = SURFACE_SIDE_STYLE ('',( #3529 ) ) ;
#142 = SURFACE_STYLE_USAGE ( .BOTH. , #141 ) ;
#143 =( LENGTH_UNIT ( ) NAMED_UNIT ( * ) SI_UNIT ( .MILLI., .METRE. ) );
#144 =( NAMED_UNIT ( * ) PLANE_ANGLE_UNIT ( ) SI_UNIT ( $, .RADIAN. ) );
#145 =( NAMED_UNIT ( * ) SI_UNIT ( $, .STERADIAN. ) SOLID_ANGLE_UNIT ( ) );
#146 = CARTESIAN_POINT ( 'NONE',  ( 2.602886668306500200, -3.197113331693505000, 2.399999999999999900 ) ) ;
#147 = DIRECTION ( 'NONE',  ( -0.7071067811865512400, 0.7071067811865439100, 0.0000000000000000000 ) ) ;
#148 = DIRECTION ( 'NONE',  ( -0.7071067811865439100, -0.7071067811865512400, 0.0000000000000000000 ) ) ;
#149 = PLANE ( 'NONE',  #581 ) ;
#150 = FILL_AREA_STYLE_COLOUR ( '', #3800 ) ;
#151 = FILL_AREA_STYLE ('',( #139 ) ) ;
#152 = SURFACE_SIDE_STYLE ('',( #3689 ) ) ;
#153 = SURFACE_STYLE_USAGE ( .BOTH. , #152 ) ;
#154 =( LENGTH_UNIT ( ) NAMED_UNIT ( * ) SI_UNIT ( .MILLI., .METRE. ) );
#155 =( NAMED_UNIT ( * ) PLANE_ANGLE_UNIT ( ) SI_UNIT ( $, .RADIAN. ) );
#156 =( NAMED_UNIT ( * ) SI_UNIT ( $, .STERADIAN. ) SOLID_ANGLE_UNIT ( ) );
#157 = CARTESIAN_POINT ( 'NONE',  ( 3.999999999999998200, -0.9999999999999995600, 0.5999999999999999800 ) ) ;
#158 = DIRECTION ( 'NONE',  ( 0.0000000000000000000, -1.000000000000000000, 0.0000000000000000000 ) ) ;
#159 = DIRECTION ( 'NONE',  ( 0.0000000000000000000, -0.0000000000000000000, -1.000000000000000000 ) ) ;
#160 = DIRECTION ( 'NONE',  ( 0.0000000000000000000, 1.000000000000000000, 0.0000000000000000000 ) ) ;
#161 = DIRECTION ( 'NONE',  ( 0.0000000000000000000, 0.0000000000000000000, 1.000000000000000000 ) ) ;
#162 = FILL_AREA_STYLE ('',( #150 ) ) ;
#163 = SURFACE_SIDE_STYLE ('',( #3801 ) ) ;
#164 = SURFACE_STYLE_USAGE ( .BOTH. , #163 ) ;
#165 =( LENGTH_UNIT ( ) NAMED_UNIT ( * ) SI_UNIT ( .MILLI., .METRE. ) );
#166 =( NAMED_UNIT ( * ) PLANE_ANGLE_UNIT ( ) SI_UNIT ( $, .RADIAN. ) );
#167 =( NAMED_UNIT ( * ) SI_UNIT ( $, .STERADIAN. ) SOLID_ANGLE_UNIT ( ) );
#168 = CARTESIAN_POINT ( 'NONE',  ( 2.200000000000000200, 2.699999999999999700, 0.5999999999999999800 ) ) ;
#169 = DIRECTION ( 'NONE',  ( 1.000000000000000000, -1.239088197126290700E-015, 0.0000000000000000000 ) ) ;
#170 = DIRECTION ( 'NONE',  ( 1.239088197126290700E-015, 1.000000000000000000, 0.0000000000000000000 ) ) ;
#171 = CARTESIAN_POINT ( 'NONE',  ( -5.015130616261423300, 1.829999999999999800, 0.7999999999999999300 ) ) ;
#172 = FILL_AREA_STYLE_COLOUR ( '', #3659 ) ;
#173 = CARTESIAN_POINT ( 'NONE',  ( -2.870005460344558400, -2.999032980059228100, 2.284068779328953800 ) ) ;
#174 = PLANE ( 'NONE',  #614 ) ;
#175 = FILL_AREA_STYLE_COLOUR ( '', #3759 ) ;
#176 = FILL_AREA_STYLE ('',( #172 ) ) ;
#177 = SURFACE_SIDE_STYLE ('',( #3773 ) ) ;
#178 = SURFACE_STYLE_USAGE ( .BOTH. , #177 ) ;
#179 =( LENGTH_UNIT ( ) NAMED_UNIT ( * ) SI_UNIT ( .MILLI., .METRE. ) );
#180 =( NAMED_UNIT ( * ) PLANE_ANGLE_UNIT ( ) SI_UNIT ( $, .RADIAN. ) );
#181 =( BOUNDED_CURVE ( )  B_SPLINE_CURVE ( 3, ( #2898, #2920, #2900, #2903 ),
 .UNSPECIFIED., .F., .F. ) 
 B_SPLINE_CURVE_WITH_KNOTS ( ( 4, 4 ),
 ( 3.130666236546711700, 3.312361235554894800 ),
 .UNSPECIFIED. ) 
 CURVE ( )  GEOMETRIC_REPRESENTATION_ITEM ( )  RATIONAL_B_SPLINE_CURVE ( ( 1.000000000000000000, 0.9972508022140275100, 0.9972508022140275100, 1.000000000000000000 ) ) 
 REPRESENTATION_ITEM ( '' )  );
#182 = MANIFOLD_SOLID_BREP ( 'Cut-Extrude3', #3558 ) ;
#183 = UNCERTAINTY_MEASURE_WITH_UNIT (LENGTH_MEASURE( 1.000000000000000100E-005 ), #2700, 'distance_accuracy_value', 'NONE');
#184 =( BOUNDED_CURVE ( )  B_SPLINE_CURVE ( 3, ( #2582, #2585, #2591, #2581 ),
 .UNSPECIFIED., .F., .T. ) 
 B_SPLINE_CURVE_WITH_KNOTS ( ( 4, 4 ),
 ( 6.268050293458693500, 6.283185307179581800 ),
 .UNSPECIFIED. ) 
 CURVE ( )  GEOMETRIC_REPRESENTATION_ITEM ( )  RATIONAL_B_SPLINE_CURVE ( ( 1.000000000000000000, 0.9999809110377367900, 0.9999809110377367900, 1.000000000000000000 ) ) 
 REPRESENTATION_ITEM ( '' )  );
#185 = UNCERTAINTY_MEASURE_WITH_UNIT (LENGTH_MEASURE( 1.000000000000000100E-005 ), #2691, 'distance_accuracy_value', 'NONE');
#186 =( BOUNDED_CURVE ( )  B_SPLINE_CURVE ( 3, ( #31, #30, #1041, #1051 ),
 .UNSPECIFIED., .F., .T. ) 
 B_SPLINE_CURVE_WITH_KNOTS ( ( 4, 4 ),
 ( 1.914057704144159500, 2.179962699705686500 ),
 .UNSPECIFIED. ) 
 CURVE ( )  GEOMETRIC_REPRESENTATION_ITEM ( )  RATIONAL_B_SPLINE_CURVE ( ( 1.000000000000000000, 0.9941165519417003400, 0.9941165519417003400, 1.000000000000000000 ) ) 
 REPRESENTATION_ITEM ( '' )  );
#187 =( BOUNDED_CURVE ( )  B_SPLINE_CURVE ( 3, ( #881, #920, #884, #889 ),
 .UNSPECIFIED., .F., .T. ) 
 B_SPLINE_CURVE_WITH_KNOTS ( ( 4, 4 ),
 ( 6.112416725214471200, 6.294111724222664100 ),
 .UNSPECIFIED. ) 
 CURVE ( )  GEOMETRIC_REPRESENTATION_ITEM ( )  RATIONAL_B_SPLINE_CURVE ( ( 1.000000000000000000, 0.9972508022140271800, 0.9972508022140271800, 1.000000000000000000 ) ) 
 REPRESENTATION_ITEM ( '' )  );
#188 = UNCERTAINTY_MEASURE_WITH_UNIT (LENGTH_MEASURE( 1.000000000000000100E-005 ), #914, 'distance_accuracy_value', 'NONE');
#189 =( BOUNDED_CURVE ( )  B_SPLINE_CURVE ( 3, ( #1033, #1035, #1084, #1081 ),
 .UNSPECIFIED., .F., .F. ) 
 B_SPLINE_CURVE_WITH_KNOTS ( ( 4, 4 ),
 ( 5.159988974954416100, 5.503250352303672000 ),
 .UNSPECIFIED. ) 
 CURVE ( )  GEOMETRIC_REPRESENTATION_ITEM ( )  RATIONAL_B_SPLINE_CURVE ( ( 1.000000000000000000, 0.9902050485899162000, 0.9902050485899162000, 1.000000000000000000 ) ) 
 REPRESENTATION_ITEM ( '' )  );
#190 =( BOUNDED_CURVE ( )  B_SPLINE_CURVE ( 3, ( #1095, #1036, #1046, #1054 ),
 .UNSPECIFIED., .F., .F. ) 
 B_SPLINE_CURVE_WITH_KNOTS ( ( 4, 4 ),
 ( 3.141592653589793100, 4.712388980384687000 ),
 .UNSPECIFIED. ) 
 CURVE ( )  GEOMETRIC_REPRESENTATION_ITEM ( )  RATIONAL_B_SPLINE_CURVE ( ( 1.000000000000000000, 0.8047378541243654900, 0.8047378541243654900, 1.000000000000000000 ) ) 
 REPRESENTATION_ITEM ( '' )  );
#191 =( BOUNDED_CURVE ( )  B_SPLINE_CURVE ( 3, ( #2178, #2177, #876, #860 ),
 .UNSPECIFIED., .F., .T. ) 
 B_SPLINE_CURVE_WITH_KNOTS ( ( 4, 4 ),
 ( 0.9616299538840967800, 1.227534949445641300 ),
 .UNSPECIFIED. ) 
 CURVE ( )  GEOMETRIC_REPRESENTATION_ITEM ( )  RATIONAL_B_SPLINE_CURVE ( ( 1.000000000000000000, 0.9941165519416994600, 0.9941165519416994600, 1.000000000000000000 ) ) 
 REPRESENTATION_ITEM ( '' )  );
#192 =( BOUNDED_CURVE ( )  B_SPLINE_CURVE ( 3, ( #2479, #2484, #2485, #2477 ),
 .UNSPECIFIED., .F., .T. ) 
 B_SPLINE_CURVE_WITH_KNOTS ( ( 4, 4 ),
 ( -2.664535259100375700E-015, 0.01513501372088629600 ),
 .UNSPECIFIED. ) 
 CURVE ( )  GEOMETRIC_REPRESENTATION_ITEM ( )  RATIONAL_B_SPLINE_CURVE ( ( 1.000000000000000000, 0.9999809110377367900, 0.9999809110377367900, 1.000000000000000000 ) ) 
 REPRESENTATION_ITEM ( '' )  );
#193 =( BOUNDED_CURVE ( )  B_SPLINE_CURVE ( 3, ( #9, #10, #15, #13 ),
 .UNSPECIFIED., .F., .T. ) 
 B_SPLINE_CURVE_WITH_KNOTS ( ( 4, 4 ),
 ( 6.267818607864566800, 6.282953621585448900 ),
 .UNSPECIFIED. ) 
 CURVE ( )  GEOMETRIC_REPRESENTATION_ITEM ( )  RATIONAL_B_SPLINE_CURVE ( ( 1.000000000000000000, 0.9999809110377369000, 0.9999809110377369000, 1.000000000000000000 ) ) 
 REPRESENTATION_ITEM ( '' )  );
#194 =( BOUNDED_CURVE ( )  B_SPLINE_CURVE ( 3, ( #2276, #2280, #2281, #2275 ),
 .UNSPECIFIED., .F., .F. ) 
 B_SPLINE_CURVE_WITH_KNOTS ( ( 4, 4 ),
 ( 0.0002316855941407764800, 0.01536669931502954700 ),
 .UNSPECIFIED. ) 
 CURVE ( )  GEOMETRIC_REPRESENTATION_ITEM ( )  RATIONAL_B_SPLINE_CURVE ( ( 1.000000000000000000, 0.9999809110377367900, 0.9999809110377367900, 1.000000000000000000 ) ) 
 REPRESENTATION_ITEM ( '' )  );
#195 =( BOUNDED_CURVE ( )  B_SPLINE_CURVE ( 3, ( #1059, #1031, #1030, #1057 ),
 .UNSPECIFIED., .F., .F. ) 
 B_SPLINE_CURVE_WITH_KNOTS ( ( 4, 4 ),
 ( 4.712388980384684300, 6.283185307179586200 ),
 .UNSPECIFIED. ) 
 CURVE ( )  GEOMETRIC_REPRESENTATION_ITEM ( )  RATIONAL_B_SPLINE_CURVE ( ( 1.000000000000000000, 0.8047378541243637200, 0.8047378541243637200, 1.000000000000000000 ) ) 
 REPRESENTATION_ITEM ( '' )  );
#196 = UNCERTAINTY_MEASURE_WITH_UNIT (LENGTH_MEASURE( 1.000000000000000100E-005 ), #92, 'distance_accuracy_value', 'NONE');
#197 =( BOUNDED_CURVE ( )  B_SPLINE_CURVE ( 3, ( #1093, #1065, #1066, #1086 ),
 .UNSPECIFIED., .F., .F. ) 
 B_SPLINE_CURVE_WITH_KNOTS ( ( 4, 4 ),
 ( 3.921527608465708200, 4.264788985814969500 ),
 .UNSPECIFIED. ) 
 CURVE ( )  GEOMETRIC_REPRESENTATION_ITEM ( )  RATIONAL_B_SPLINE_CURVE ( ( 1.000000000000000000, 0.9902050485899158700, 0.9902050485899158700, 1.000000000000000000 ) ) 
 REPRESENTATION_ITEM ( '' )  );
#198 = UNCERTAINTY_MEASURE_WITH_UNIT (LENGTH_MEASURE( 1.000000000000000100E-005 ), #102, 'distance_accuracy_value', 'NONE');
#199 = UNCERTAINTY_MEASURE_WITH_UNIT (LENGTH_MEASURE( 1.000000000000000100E-005 ), #112, 'distance_accuracy_value', 'NONE');
#200 = UNCERTAINTY_MEASURE_WITH_UNIT (LENGTH_MEASURE( 1.000000000000000100E-005 ), #122, 'distance_accuracy_value', 'NONE');
#201 = UNCERTAINTY_MEASURE_WITH_UNIT (LENGTH_MEASURE( 1.000000000000000100E-005 ), #132, 'distance_accuracy_value', 'NONE');
#202 = UNCERTAINTY_MEASURE_WITH_UNIT (LENGTH_MEASURE( 1.000000000000000100E-005 ), #143, 'distance_accuracy_value', 'NONE');
#203 = UNCERTAINTY_MEASURE_WITH_UNIT (LENGTH_MEASURE( 1.000000000000000100E-005 ), #154, 'distance_accuracy_value', 'NONE');
#204 = UNCERTAINTY_MEASURE_WITH_UNIT (LENGTH_MEASURE( 1.000000000000000100E-005 ), #2711, 'distance_accuracy_value', 'NONE');
#205 = UNCERTAINTY_MEASURE_WITH_UNIT (LENGTH_MEASURE( 1.000000000000000100E-005 ), #165, 'distance_accuracy_value', 'NONE');
#206 = UNCERTAINTY_MEASURE_WITH_UNIT (LENGTH_MEASURE( 1.000000000000000100E-005 ), #179, 'distance_accuracy_value', 'NONE');
#207 = UNCERTAINTY_MEASURE_WITH_UNIT (LENGTH_MEASURE( 1.000000000000000100E-005 ), #2606, 'distance_accuracy_value', 'NONE');
#208 = UNCERTAINTY_MEASURE_WITH_UNIT (LENGTH_MEASURE( 1.000000000000000100E-005 ), #2616, 'distance_accuracy_value', 'NONE');
#209 = UNCERTAINTY_MEASURE_WITH_UNIT (LENGTH_MEASURE( 1.000000000000000100E-005 ), #2631, 'distance_accuracy_value', 'NONE');
#210 = UNCERTAINTY_MEASURE_WITH_UNIT (LENGTH_MEASURE( 1.000000000000000100E-005 ), #2640, 'distance_accuracy_value', 'NONE');
#211 = UNCERTAINTY_MEASURE_WITH_UNIT (LENGTH_MEASURE( 1.000000000000000100E-005 ), #2725, 'distance_accuracy_value', 'NONE');
#212 = UNCERTAINTY_MEASURE_WITH_UNIT (LENGTH_MEASURE( 1.000000000000000100E-005 ), #2653, 'distance_accuracy_value', 'NONE');
#213 = UNCERTAINTY_MEASURE_WITH_UNIT (LENGTH_MEASURE( 1.000000000000000100E-005 ), #2668, 'distance_accuracy_value', 'NONE');
#214 = UNCERTAINTY_MEASURE_WITH_UNIT (LENGTH_MEASURE( 1.000000000000000100E-005 ), #2743, 'distance_accuracy_value', 'NONE');
#215 = UNCERTAINTY_MEASURE_WITH_UNIT (LENGTH_MEASURE( 1.000000000000000100E-005 ), #2678, 'distance_accuracy_value', 'NONE');
#216 = DIRECTION ( 'NONE',  ( 0.0000000000000000000, 0.0000000000000000000, 1.000000000000000000 ) ) ;
#217 = DIRECTION ( 'NONE',  ( -0.7071067811865439100, 0.7071067811865512400, 1.041376804291334800E-016 ) ) ;
#218 = PLANE ( 'NONE',  #2371 ) ;
#219 = FILL_AREA_STYLE_COLOUR ( '', #2465 ) ;
#220 = CARTESIAN_POINT ( 'NONE',  ( -5.015130616261423300, 1.829999999999999800, 0.5999999999999999800 ) ) ;
#221 = DIRECTION ( 'NONE',  ( 0.0000000000000000000, -0.0000000000000000000, 1.000000000000000000 ) ) ;
#222 = DIRECTION ( 'NONE',  ( 1.000000000000000000, 0.0000000000000000000, 0.0000000000000000000 ) ) ;
#223 = CARTESIAN_POINT ( 'NONE',  ( 2.513084107095807900, 3.107310770482813600, 2.272999999999999200 ) ) ;
#224 = DIRECTION ( 'NONE',  ( 0.0000000000000000000, 0.0000000000000000000, 1.000000000000000000 ) ) ;
#225 = FILL_AREA_STYLE ('',( #219 ) ) ;
#226 = SURFACE_SIDE_STYLE ('',( #2420 ) ) ;
#227 = SURFACE_STYLE_USAGE ( .BOTH. , #226 ) ;
#228 =( LENGTH_UNIT ( ) NAMED_UNIT ( * ) SI_UNIT ( .MILLI., .METRE. ) );
#229 =( NAMED_UNIT ( * ) PLANE_ANGLE_UNIT ( ) SI_UNIT ( $, .RADIAN. ) );
#230 =( NAMED_UNIT ( * ) SI_UNIT ( $, .STERADIAN. ) SOLID_ANGLE_UNIT ( ) );
#231 = DIRECTION ( 'NONE',  ( -0.7071067811865509000, -0.7071067811865440200, 0.0000000000000000000 ) ) ;
#232 = CARTESIAN_POINT ( 'NONE',  ( -5.015130616261423300, -2.730000000000000000, 0.7999999999999999300 ) ) ;
#233 = DIRECTION ( 'NONE',  ( 0.0000000000000000000, 1.000000000000000000, 0.0000000000000000000 ) ) ;
#234 = FILL_AREA_STYLE_COLOUR ( '', #2451 ) ;
#235 = CARTESIAN_POINT ( 'NONE',  ( -2.803001207675347200, -3.058517152057706100, 0.1470000000000000500 ) ) ;
#236 = PLANE ( 'NONE',  #2359 ) ;
#237 = FILL_AREA_STYLE_COLOUR ( '', #2402 ) ;
#238 = FILL_AREA_STYLE ('',( #234 ) ) ;
#239 = SURFACE_SIDE_STYLE ('',( #2439 ) ) ;
#240 = SURFACE_STYLE_USAGE ( .BOTH. , #239 ) ;
#241 =( LENGTH_UNIT ( ) NAMED_UNIT ( * ) SI_UNIT ( .MILLI., .METRE. ) );
#242 =( NAMED_UNIT ( * ) PLANE_ANGLE_UNIT ( ) SI_UNIT ( $, .RADIAN. ) );
#243 =( NAMED_UNIT ( * ) SI_UNIT ( $, .STERADIAN. ) SOLID_ANGLE_UNIT ( ) );
#244 = CARTESIAN_POINT ( 'NONE',  ( -3.100000000000000500, 3.299999999999999800, 1.700000000000000200 ) ) ;
#245 = DIRECTION ( 'NONE',  ( 0.9848077530122074700, 0.0000000000000000000, -0.1736481776669336900 ) ) ;
#246 = DIRECTION ( 'NONE',  ( -0.1736481776669336600, 0.0000000000000000000, -0.9848077530122073500 ) ) ;
#247 = DIRECTION ( 'NONE',  ( -1.000000000000000000, 0.0000000000000000000, 0.0000000000000000000 ) ) ;
#248 = FILL_AREA_STYLE ('',( #237 ) ) ;
#249 = SURFACE_SIDE_STYLE ('',( #2403 ) ) ;
#250 = SURFACE_STYLE_USAGE ( .BOTH. , #249 ) ;
#251 =( LENGTH_UNIT ( ) NAMED_UNIT ( * ) SI_UNIT ( .MILLI., .METRE. ) );
#252 =( NAMED_UNIT ( * ) PLANE_ANGLE_UNIT ( ) SI_UNIT ( $, .RADIAN. ) );
#253 =( NAMED_UNIT ( * ) SI_UNIT ( $, .STERADIAN. ) SOLID_ANGLE_UNIT ( ) );
#254 = DIRECTION ( 'NONE',  ( 0.0000000000000000000, 1.000000000000000000, 0.0000000000000000000 ) ) ;
#255 = DIRECTION ( 'NONE',  ( 1.000000000000000000, 0.0000000000000000000, 0.0000000000000000000 ) ) ;
#256 = CARTESIAN_POINT ( 'NONE',  ( 2.063463730152601500, -0.8000000000000002700, 0.02000000000000000000 ) ) ;
#257 = DIRECTION ( 'NONE',  ( -0.0000000000000000000, -0.0000000000000000000, -1.000000000000000000 ) ) ;
#258 = CARTESIAN_POINT ( 'NONE',  ( 1.663463730152601200, -0.8000000000000002700, 0.02000000000000000000 ) ) ;
#259 = PLANE ( 'NONE',  #2346 ) ;
#260 = DIRECTION ( 'NONE',  ( -1.000000000000000000, 1.355252715606880500E-016, 0.0000000000000000000 ) ) ;
#261 = DIRECTION ( 'NONE',  ( -1.355252715606880500E-016, -1.000000000000000000, 0.0000000000000000000 ) ) ;
#262 = DIRECTION ( 'NONE',  ( -0.7071067811865439100, -0.7071067811865512400, 1.041376804291335000E-016 ) ) ;
#263 = CARTESIAN_POINT ( 'NONE',  ( -2.803001207675347200, 3.058517152057706100, 0.1470000000000000500 ) ) ;
#264 = DIRECTION ( 'NONE',  ( 0.0000000000000000000, 1.000000000000000000, 0.0000000000000000000 ) ) ;
#265 = DIRECTION ( 'NONE',  ( 0.0000000000000000000, 0.0000000000000000000, 1.000000000000000000 ) ) ;
#266 = CARTESIAN_POINT ( 'NONE',  ( 2.561877725520918400, -3.058517152057706100, 0.1469999999999999900 ) ) ;
#267 = DIRECTION ( 'NONE',  ( -0.7071067811865560100, -0.7071067811865390200, -0.0000000000000000000 ) ) ;
#268 = DIRECTION ( 'NONE',  ( 0.7071067811865390200, -0.7071067811865560100, 0.0000000000000000000 ) ) ;
#269 = CARTESIAN_POINT ( 'NONE',  ( -2.803001207675347200, -3.058517152057705700, 0.1469999999999998500 ) ) ;
#270 = DIRECTION ( 'NONE',  ( 6.021231355966083400E-016, 1.000000000000000000, -3.414809992080333900E-015 ) ) ;
#271 = DIRECTION ( 'NONE',  ( 0.0000000000000000000, -3.414809992080328700E-015, -1.000000000000000000 ) ) ;
#272 = CARTESIAN_POINT ( 'NONE',  ( -3.899999999999999900, 0.4500000000000000100, 1.700000000000000200 ) ) ;
#273 = CARTESIAN_POINT ( 'NONE',  ( 2.602886668306500200, -3.197113331693505000, 2.272999999999999200 ) ) ;
#274 = CARTESIAN_POINT ( 'NONE',  ( 2.798563147601275300, -2.821831729977343400, 2.272999999999999200 ) ) ;
#275 = DIRECTION ( 'NONE',  ( -1.435643971180712800E-015, 1.000000000000000000, 1.365923996832132300E-014 ) ) ;
#276 = DIRECTION ( 'NONE',  ( 0.0000000000000000000, 1.365923996832132100E-014, -1.000000000000000000 ) ) ;
#277 = DIRECTION ( 'NONE',  ( 0.0000000000000000000, 0.0000000000000000000, -1.000000000000000000 ) ) ;
#278 = CARTESIAN_POINT ( 'NONE',  ( -3.099985454419004000, -2.924569455846761200, 1.700082492089060700 ) ) ;
#279 = CARTESIAN_POINT ( 'NONE',  ( -3.098872995273514800, -2.997794971577671100, 1.706391561415936600 ) ) ;
#280 = DIRECTION ( 'NONE',  ( -0.08682659386425371800, -0.08682659386425460600, -0.9924325091389658600 ) ) ;
#281 = CARTESIAN_POINT ( 'NONE',  ( 2.747878624177044800, -2.872516253401576200, 2.272999999999999200 ) ) ;
#282 = DIRECTION ( 'NONE',  ( -1.000000000000000000, 1.371141604596585000E-014, -0.0000000000000000000 ) ) ;
#283 = DIRECTION ( 'NONE',  ( 1.365923996832132100E-014, 1.000000000000000000, 3.414809992080330300E-015 ) ) ;
#284 = CARTESIAN_POINT ( 'NONE',  ( -3.046505160862318400, -3.049577689572066300, 1.706340105969373700 ) ) ;
#285 = CARTESIAN_POINT ( 'NONE',  ( -2.973000000000000300, -3.050136076072771800, 1.699957719061161000 ) ) ;
#286 = CARTESIAN_POINT ( 'NONE',  ( -2.803001207675347200, 3.058517152057706100, 0.1469999999999998500 ) ) ;
#287 = DIRECTION ( 'NONE',  ( -0.1730072088098784900, -0.08584148278563495700, 0.9811726379862917300 ) ) ;
#288 = DIRECTION ( 'NONE',  ( -0.9848077530122088000, 0.0000000000000000000, -0.1736481776669266400 ) ) ;
#289 = CARTESIAN_POINT ( 'NONE',  ( -2.803001207675347200, 3.058517152057706100, 0.1470000000000000800 ) ) ;
#290 = DIRECTION ( 'NONE',  ( 1.000000000000000000, -0.0000000000000000000, -0.0000000000000000000 ) ) ;
#291 = DIRECTION ( 'NONE',  ( 0.0000000000000000000, 4.780733988912461500E-014, 1.000000000000000000 ) ) ;
#292 = CARTESIAN_POINT ( 'NONE',  ( -3.100000000000000100, -2.975133127259120200, 1.100083764662501200 ) ) ;
#293 = CARTESIAN_POINT ( 'NONE',  ( 2.640001059598827500, -3.159998940401176800, 0.01350582301650827100 ) ) ;
#294 = CARTESIAN_POINT ( 'NONE',  ( 2.798563147601275300, -2.821831729977344800, 2.272999999999999200 ) ) ;
#295 = DIRECTION ( 'NONE',  ( 0.7071067811865372500, 0.7071067811865577900, -0.0000000000000000000 ) ) ;
#296 = DIRECTION ( 'NONE',  ( -0.7071067811865576800, 0.7071067811865372500, 0.0000000000000000000 ) ) ;
#297 = CARTESIAN_POINT ( 'NONE',  ( 2.561877725520915300, 3.058517152057706100, 0.1469999999999999900 ) ) ;
#298 = DIRECTION ( 'NONE',  ( 1.000000000000000000, 3.427854011491474000E-015, 0.0000000000000000000 ) ) ;
#299 = DIRECTION ( 'NONE',  ( -3.414809992080330300E-015, 1.000000000000000000, 0.0000000000000000000 ) ) ;
#300 = CARTESIAN_POINT ( 'NONE',  ( -3.099999999999999200, -3.049244909868123400, 1.106567705474482500 ) ) ;
#301 = CARTESIAN_POINT ( 'NONE',  ( 2.747878624177043000, -2.872516253401576700, 2.272999999999999200 ) ) ;
#302 = DIRECTION ( 'NONE',  ( -0.7071067811865441300, -0.7071067811865510100, 1.207317650931787700E-014 ) ) ;
#303 = DIRECTION ( 'NONE',  ( 0.7071067811865509000, -0.7071067811865440200, 0.0000000000000000000 ) ) ;
#304 = CARTESIAN_POINT ( 'NONE',  ( -3.047394877578616600, -3.101250235850728600, 1.115720199387458400 ) ) ;
#305 = CARTESIAN_POINT ( 'NONE',  ( -2.972999999999999900, -3.100685090561960100, 1.122179839596746200 ) ) ;
#306 = CARTESIAN_POINT ( 'NONE',  ( 2.561877725520915300, -3.058517152057706100, 0.1469999999999999900 ) ) ;
#307 = DIRECTION ( 'NONE',  ( 0.08682659386425389800, 0.08682659386425473100, 0.9924325091389660800 ) ) ;
#308 = DIRECTION ( 'NONE',  ( 0.0000000000000000000, 0.9961946980917448800, -0.08715574274766538200 ) ) ;
#309 = CARTESIAN_POINT ( 'NONE',  ( 2.561877725520914900, 3.058517152057706600, 0.1469999999999999900 ) ) ;
#310 = DIRECTION ( 'NONE',  ( -0.7071067811865441300, 0.7071067811865510100, -4.829270603727162200E-015 ) ) ;
#311 = DIRECTION ( 'NONE',  ( -0.7071067811865509000, -0.7071067811865440200, 0.0000000000000000000 ) ) ;
#312 = DIRECTION ( 'NONE',  ( 0.7071067811865439100, -0.7071067811865512400, -1.041376804291335000E-016 ) ) ;
#313 = CARTESIAN_POINT ( 'NONE',  ( 2.798563147601275300, 2.821831729977343400, 2.272999999999999200 ) ) ;
#314 = DIRECTION ( 'NONE',  ( -0.1039620511844932800, 0.1039620511844942800, 0.9891328443778548700 ) ) ;
#315 = DIRECTION ( 'NONE',  ( 0.0000000000000000000, -0.9945218953682738400, 0.1045284632676489500 ) ) ;
#316 = CARTESIAN_POINT ( 'NONE',  ( 2.798563147601275300, 2.821831729977343400, 2.272999999999999200 ) ) ;
#317 = DIRECTION ( 'NONE',  ( 0.0000000000000000000, 1.000000000000000000, 0.0000000000000000000 ) ) ;
#318 = DIRECTION ( 'NONE',  ( 0.0000000000000000000, 0.0000000000000000000, 1.000000000000000000 ) ) ;
#319 = CARTESIAN_POINT ( 'NONE',  ( -2.870005460344558400, -2.872516253401576700, 2.273000000000000600 ) ) ;
#320 = DIRECTION ( 'NONE',  ( -1.000000000000000000, 2.987571624020992200E-016, 3.414809992080341300E-015 ) ) ;
#321 = DIRECTION ( 'NONE',  ( 3.414809992080330300E-015, 0.0000000000000000000, 1.000000000000000000 ) ) ;
#322 = CARTESIAN_POINT ( 'NONE',  ( -2.972999999999999900, 3.100685090561960100, 1.122179839596747300 ) ) ;
#323 = CARTESIAN_POINT ( 'NONE',  ( -3.047394877578616600, 3.101250235850729000, 1.115720199387460800 ) ) ;
#324 = CARTESIAN_POINT ( 'NONE',  ( -2.870005460344558400, -2.872516253401576200, 2.273000000000000100 ) ) ;
#325 = DIRECTION ( 'NONE',  ( 0.1730072088098871800, 0.08584148278563434600, 0.9811726379862904000 ) ) ;
#326 = DIRECTION ( 'NONE',  ( 0.9848077530122071300, 0.0000000000000000000, -0.1736481776669350800 ) ) ;
#327 = CARTESIAN_POINT ( 'NONE',  ( -3.100000000000000100, 3.049244909868122500, 1.106567705474485100 ) ) ;
#328 = CARTESIAN_POINT ( 'NONE',  ( -3.100000000000000100, 2.975133127259120600, 1.100083764662503000 ) ) ;
#329 = CARTESIAN_POINT ( 'NONE',  ( 2.912914461227101600, 2.887085538772899500, 2.272999999999999200 ) ) ;
#330 = CARTESIAN_POINT ( 'NONE',  ( 2.561877725520914900, 3.058517152057706100, 0.1470000000000000800 ) ) ;
#331 = DIRECTION ( 'NONE',  ( 0.08682659386425499400, -0.08682659386425449500, 0.9924325091389658600 ) ) ;
#332 = DIRECTION ( 'NONE',  ( -0.9961946980917448800, 0.0000000000000000000, 0.08715574274766559000 ) ) ;
#333 = CARTESIAN_POINT ( 'NONE',  ( -2.973000000000000300, 3.050136076072771800, 1.699957719061161000 ) ) ;
#334 = CARTESIAN_POINT ( 'NONE',  ( 2.798563147601275300, 2.821831729977343400, 2.272999999999999200 ) ) ;
#335 = DIRECTION ( 'NONE',  ( -0.7071067811865441300, 0.7071067811865510100, -0.0000000000000000000 ) ) ;
#336 = DIRECTION ( 'NONE',  ( 0.7071067811865509000, 0.7071067811865440200, 0.0000000000000000000 ) ) ;
#337 = CARTESIAN_POINT ( 'NONE',  ( -3.046505160862318400, 3.049577689572066800, 1.706340105969374800 ) ) ;
#338 = CARTESIAN_POINT ( 'NONE',  ( -2.870005460344557900, -2.872516253401576200, 2.273000000000000100 ) ) ;
#339 = DIRECTION ( 'NONE',  ( -0.0000000000000000000, 1.000000000000000000, -0.0000000000000000000 ) ) ;
#340 = DIRECTION ( 'NONE',  ( 3.414809992080330300E-015, 0.0000000000000000000, -1.000000000000000000 ) ) ;
#341 = CARTESIAN_POINT ( 'NONE',  ( -3.098872995273514800, 2.997794971577671500, 1.706391561415937700 ) ) ;
#342 = CARTESIAN_POINT ( 'NONE',  ( -3.099985454419004000, 2.924569455846761600, 1.700082492089060900 ) ) ;
#343 = CARTESIAN_POINT ( 'NONE',  ( 2.747878624177042500, 2.872516253401577100, 2.272999999999999200 ) ) ;
#344 = DIRECTION ( 'NONE',  ( 0.08682659386425251000, -0.08682659386425334300, 0.9924325091389661900 ) ) ;
#345 = DIRECTION ( 'NONE',  ( 0.0000000000000000000, -0.9961946980917451000, -0.08715574274766368900 ) ) ;
#346 = CARTESIAN_POINT ( 'NONE',  ( 2.747878624177042500, 2.872516253401576700, 2.272999999999999200 ) ) ;
#347 = DIRECTION ( 'NONE',  ( -0.7071067811865458000, 0.7071067811865493500, 0.0000000000000000000 ) ) ;
#348 = DIRECTION ( 'NONE',  ( -0.7071067811865492400, -0.7071067811865458000, 0.0000000000000000000 ) ) ;
#349 = CARTESIAN_POINT ( 'NONE',  ( 1.663463730152601200, -0.8000000000000002700, 0.02000000000000000000 ) ) ;
#350 = CARTESIAN_POINT ( 'NONE',  ( -2.870005460344558400, 2.872516253401576700, 2.273000000000000100 ) ) ;
#351 = DIRECTION ( 'NONE',  ( 0.0000000000000000000, 1.000000000000000000, -0.0000000000000000000 ) ) ;
#352 = DIRECTION ( 'NONE',  ( 0.0000000000000000000, 0.0000000000000000000, 1.000000000000000000 ) ) ;
#353 = CARTESIAN_POINT ( 'NONE',  ( -2.870005460344558400, 2.872516253401576700, 2.273000000000000100 ) ) ;
#354 = DIRECTION ( 'NONE',  ( 0.1730072088098872100, -0.08584148278563127900, 0.9811726379862905100 ) ) ;
#355 = DIRECTION ( 'NONE',  ( 0.9848077530122071300, 0.0000000000000000000, -0.1736481776669350800 ) ) ;
#356 = DIRECTION ( 'NONE',  ( -0.0000000000000000000, -0.0000000000000000000, -1.000000000000000000 ) ) ;
#357 = CARTESIAN_POINT ( 'NONE',  ( 2.747878624177042500, 2.872516253401576700, 2.272999999999999200 ) ) ;
#358 = DIRECTION ( 'NONE',  ( -1.000000000000000000, -0.0000000000000000000, -0.0000000000000000000 ) ) ;
#359 = DIRECTION ( 'NONE',  ( 0.0000000000000000000, 0.0000000000000000000, -1.000000000000000000 ) ) ;
#360 = DIRECTION ( 'NONE',  ( -0.0000000000000000000, -0.0000000000000000000, -1.000000000000000000 ) ) ;
#361 = CARTESIAN_POINT ( 'NONE',  ( -2.870005460344557900, 2.872516253401576700, 2.273000000000000100 ) ) ;
#362 = DIRECTION ( 'NONE',  ( 1.000000000000000000, 3.427854011491474400E-015, -0.0000000000000000000 ) ) ;
#363 = DIRECTION ( 'NONE',  ( 3.414809992080330300E-015, -1.000000000000000000, 0.0000000000000000000 ) ) ;
#364 = CARTESIAN_POINT ( 'NONE',  ( 2.463463730152601400, -0.8000000000000002700, 0.02000000000000000000 ) ) ;
#365 = CARTESIAN_POINT ( 'NONE',  ( 2.063463730152601500, -0.8000000000000002700, 0.02000000000000000000 ) ) ;
#366 = DIRECTION ( 'NONE',  ( 0.0000000000000000000, 0.0000000000000000000, -1.000000000000000000 ) ) ;
#367 = DIRECTION ( 'NONE',  ( -1.000000000000000000, 0.0000000000000000000, 0.0000000000000000000 ) ) ;
#368 = DIRECTION ( 'NONE',  ( 1.000000000000000000, 0.0000000000000000000, 0.0000000000000000000 ) ) ;
#369 = CARTESIAN_POINT ( 'NONE',  ( 2.463463730152601400, -0.8000000000000002700, 0.02000000000000000000 ) ) ;
#370 = DIRECTION ( 'NONE',  ( -2.710505431213761600E-016, -1.000000000000000000, -0.0000000000000000000 ) ) ;
#371 = CARTESIAN_POINT ( 'NONE',  ( 2.463463730152601900, 0.7999999999999996000, 0.02000000000000000000 ) ) ;
#372 = DIRECTION ( 'NONE',  ( -0.0000000000000000000, -0.0000000000000000000, -1.000000000000000000 ) ) ;
#373 = DIRECTION ( 'NONE',  ( -0.0000000000000000000, -0.0000000000000000000, -1.000000000000000000 ) ) ;
#374 = CARTESIAN_POINT ( 'NONE',  ( 1.663463730152601600, 0.8000000000000000400, 0.02000000000000000000 ) ) ;
#375 = CARTESIAN_POINT ( 'NONE',  ( -2.803001207675347200, -3.058517152057706100, 0.1470000000000000500 ) ) ;
#376 = CARTESIAN_POINT ( 'NONE',  ( 3.799999999999999400, 1.000000000000000400, 0.5999999999999999800 ) ) ;
#377 = DIRECTION ( 'NONE',  ( -1.000000000000000000, -0.0000000000000000000, -0.0000000000000000000 ) ) ;
#378 = DIRECTION ( 'NONE',  ( 0.0000000000000000000, 0.0000000000000000000, 1.000000000000000000 ) ) ;
#379 = CARTESIAN_POINT ( 'NONE',  ( 1.663463730152601200, -0.8000000000000002700, 0.02000000000000000000 ) ) ;
#380 = DIRECTION ( 'NONE',  ( 1.355252715606880300E-016, 1.000000000000000000, 0.0000000000000000000 ) ) ;
#381 = CARTESIAN_POINT ( 'NONE',  ( 2.063463730152602000, 0.7999999999999998200, 0.02000000000000000000 ) ) ;
#382 = DIRECTION ( 'NONE',  ( 0.0000000000000000000, 0.0000000000000000000, -1.000000000000000000 ) ) ;
#383 = DIRECTION ( 'NONE',  ( -1.000000000000000000, 0.0000000000000000000, 0.0000000000000000000 ) ) ;
#384 = DIRECTION ( 'NONE',  ( -1.000000000000000000, 0.0000000000000000000, 0.0000000000000000000 ) ) ;
#385 = CARTESIAN_POINT ( 'NONE',  ( 2.845084551491512400, 2.954915448508489600, 2.357620861782667300 ) ) ;
#386 = DIRECTION ( 'NONE',  ( 0.08682659386425371800, -0.08682659386425460600, 0.9924325091389658600 ) ) ;
#387 = CARTESIAN_POINT ( 'NONE',  ( 3.999999999999998200, -0.9999999999999995600, 0.5999999999999999800 ) ) ;
#388 = CARTESIAN_POINT ( 'NONE',  ( 2.798563147601275300, -2.821831729977343400, 2.272999999999999200 ) ) ;
#389 = DIRECTION ( 'NONE',  ( -0.1039620511844932800, -0.1039620511844942800, 0.9891328443778548700 ) ) ;
#390 = DIRECTION ( 'NONE',  ( 0.0000000000000000000, -0.9945218953682738400, -0.1045284632676489500 ) ) ;
#391 = DIRECTION ( 'NONE',  ( 1.000000000000000000, 0.0000000000000000000, 0.0000000000000000000 ) ) ;
#392 = CARTESIAN_POINT ( 'NONE',  ( 2.747878624177043000, -2.872516253401576700, 2.272999999999999700 ) ) ;
#393 = DIRECTION ( 'NONE',  ( 0.08682659386425697900, 0.08682659386425302400, 0.9924325091389659700 ) ) ;
#394 = DIRECTION ( 'NONE',  ( 0.9961946980917448800, 0.0000000000000000000, -0.08715574274766708900 ) ) ;
#395 = CARTESIAN_POINT ( 'NONE',  ( 2.869135032676322100, -2.930864967323679500, 2.455967661455653200 ) ) ;
#396 = DIRECTION ( 'NONE',  ( -0.1039620511844945300, -0.1039620511844956300, 0.9891328443778544300 ) ) ;
#397 = CARTESIAN_POINT ( 'NONE',  ( -3.871217345934643700, -2.730000000000000000, 1.100000000000000100 ) ) ;
#398 = CARTESIAN_POINT ( 'NONE',  ( -3.100000000000000100, -1.830000000000000100, 1.100000000000000100 ) ) ;
#399 = DIRECTION ( 'NONE',  ( 1.000000000000000000, 0.0000000000000000000, 0.0000000000000000000 ) ) ;
#400 = DIRECTION ( 'NONE',  ( 0.0000000000000000000, 1.000000000000000000, 0.0000000000000000000 ) ) ;
#401 = DIRECTION ( 'NONE',  ( 0.0000000000000000000, 0.0000000000000000000, 1.000000000000000000 ) ) ;
#402 = DIRECTION ( 'NONE',  ( -1.000000000000000000, -0.0000000000000000000, -0.0000000000000000000 ) ) ;
#403 = CARTESIAN_POINT ( 'NONE',  ( 3.999999999999999100, -1.099999999999999600, 0.5999999999999999800 ) ) ;
#404 = CARTESIAN_POINT ( 'NONE',  ( 2.561877725520915300, -3.058517152057706100, 0.1470000000000000200 ) ) ;
#405 = DIRECTION ( 'NONE',  ( 1.000000000000000000, 2.091300136814722700E-015, 2.390366994456230100E-014 ) ) ;
#406 = DIRECTION ( 'NONE',  ( 2.390366994456230100E-014, 0.0000000000000000000, -1.000000000000000000 ) ) ;
#407 = DIRECTION ( 'NONE',  ( -2.409338161078900700E-016, 1.000000000000000000, 0.0000000000000000000 ) ) ;
#408 = CARTESIAN_POINT ( 'NONE',  ( 2.602886668306500600, 3.197113331693504500, 0.1469999999999999900 ) ) ;
#409 = DIRECTION ( 'NONE',  ( -0.7071067811865439100, 0.7071067811865512400, 5.979892608853346200E-018 ) ) ;
#410 = CARTESIAN_POINT ( 'NONE',  ( 3.699999999999999300, -0.8999999999999989100, 0.5999999999999999800 ) ) ;
#411 = CARTESIAN_POINT ( 'NONE',  ( -3.100000000000000100, -0.4500000000000000100, 1.700000000000000200 ) ) ;
#412 = DIRECTION ( 'NONE',  ( -1.000000000000000000, -0.0000000000000000000, -0.0000000000000000000 ) ) ;
#413 = CARTESIAN_POINT ( 'NONE',  ( 3.062922199240621700, 2.737077800759378100, 0.6122059322117144900 ) ) ;
#414 = CARTESIAN_POINT ( 'NONE',  ( -3.100000000000000100, -0.4500000000000000100, 1.100000000000000100 ) ) ;
#415 = CARTESIAN_POINT ( 'NONE',  ( -3.100000000000000100, 0.4500000000000000100, 1.700000000000000200 ) ) ;
#416 = CARTESIAN_POINT ( 'NONE',  ( -2.803001207675347200, -3.058517152057706100, 0.1470000000000000800 ) ) ;
#417 = DIRECTION ( 'NONE',  ( -0.1730072088098798500, 0.08584148278563286100, 0.9811726379862917300 ) ) ;
#418 = DIRECTION ( 'NONE',  ( -0.9848077530122085800, 0.0000000000000000000, -0.1736481776669278900 ) ) ;
#419 = DIRECTION ( 'NONE',  ( 1.000000000000000000, 0.0000000000000000000, 0.0000000000000000000 ) ) ;
#420 = DIRECTION ( 'NONE',  ( 0.1039620511844945300, -0.1039620511844956300, -0.9891328443778544300 ) ) ;
#421 = DIRECTION ( 'NONE',  ( -0.0000000000000000000, 1.000000000000000000, -0.0000000000000000000 ) ) ;
#422 = CARTESIAN_POINT ( 'NONE',  ( -3.899999999999999900, 0.4500000000000000100, 1.700000000000000200 ) ) ;
#423 = DIRECTION ( 'NONE',  ( -0.0000000000000000000, -1.000000000000000000, -0.0000000000000000000 ) ) ;
#424 = CARTESIAN_POINT ( 'NONE',  ( -3.899999999999999900, -0.4500000000000000100, 1.700000000000000200 ) ) ;
#425 = DIRECTION ( 'NONE',  ( 0.0000000000000000000, 0.0000000000000000000, -1.000000000000000000 ) ) ;
#426 = CARTESIAN_POINT ( 'NONE',  ( -3.100000000000000100, 0.4500000000000000100, 1.100000000000000100 ) ) ;
#427 = CARTESIAN_POINT ( 'NONE',  ( -3.100000000000000100, -2.730000000000000000, 1.100000000000000100 ) ) ;
#428 = DIRECTION ( 'NONE',  ( -1.000000000000000000, 0.0000000000000000000, 0.0000000000000000000 ) ) ;
#429 = DIRECTION ( 'NONE',  ( -1.000000000000000000, 0.0000000000000000000, 0.0000000000000000000 ) ) ;
#430 = CARTESIAN_POINT ( 'NONE',  ( -3.899999999999999900, 0.4500000000000000100, 1.100000000000000100 ) ) ;
#431 = DIRECTION ( 'NONE',  ( -0.0000000000000000000, -1.000000000000000000, -0.0000000000000000000 ) ) ;
#432 = CARTESIAN_POINT ( 'NONE',  ( -3.871217345934644200, -2.730000000000000000, 0.9000000000000001300 ) ) ;
#433 = DIRECTION ( 'NONE',  ( 0.0000000000000000000, 1.000000000000000000, 0.0000000000000000000 ) ) ;
#434 = DIRECTION ( 'NONE',  ( 0.0000000000000000000, 0.0000000000000000000, -1.000000000000000000 ) ) ;
#435 = CARTESIAN_POINT ( 'NONE',  ( 1.700000000000000000, 0.0000000000000000000, 2.379999999999999900 ) ) ;
#436 = DIRECTION ( 'NONE',  ( 0.0000000000000000000, 0.0000000000000000000, 1.000000000000000000 ) ) ;
#437 = DIRECTION ( 'NONE',  ( 1.000000000000000000, 0.0000000000000000000, 0.0000000000000000000 ) ) ;
#438 = CARTESIAN_POINT ( 'NONE',  ( 2.602886668306500200, -3.197113331693505000, 0.1469999999999999900 ) ) ;
#439 = DIRECTION ( 'NONE',  ( 0.7071067811865439100, 0.7071067811865512400, -5.979892608853346200E-018 ) ) ;
#440 =( LENGTH_UNIT ( ) NAMED_UNIT ( * ) SI_UNIT ( .MILLI., .METRE. ) );
#441 =( NAMED_UNIT ( * ) PLANE_ANGLE_UNIT ( ) SI_UNIT ( $, .RADIAN. ) );
#442 =( NAMED_UNIT ( * ) SI_UNIT ( $, .STERADIAN. ) SOLID_ANGLE_UNIT ( ) );
#443 = COLOUR_RGB ( '',0.7529411764705882200, 0.7529411764705882200, 0.7529411764705882200 ) ;
#444 = PRESENTATION_STYLE_ASSIGNMENT (( #4031 ) ) ;
#445 = FACE_OUTER_BOUND ( 'NONE', #1847, .T. ) ;
#446 = COLOUR_RGB ( '',0.7529411764705882200, 0.7529411764705882200, 0.7529411764705882200 ) ;
#447 = FACE_OUTER_BOUND ( 'NONE', #1729, .T. ) ;
#448 = COLOUR_RGB ( '',0.7529411764705882200, 0.7529411764705882200, 0.7529411764705882200 ) ;
#449 = SURFACE_STYLE_FILL_AREA ( #4007 ) ;
#450 = PRESENTATION_STYLE_ASSIGNMENT (( #4009 ) ) ;
#451 = PRESENTATION_STYLE_ASSIGNMENT (( #4065 ) ) ;
#452 = FACE_OUTER_BOUND ( 'NONE', #1664, .T. ) ;
#453 = PRESENTATION_STYLE_ASSIGNMENT (( #4041 ) ) ;
#454 = PRESENTATION_STYLE_ASSIGNMENT (( #4052 ) ) ;
#455 = SURFACE_STYLE_FILL_AREA ( #4029 ) ;
#456 = SURFACE_STYLE_FILL_AREA ( #4063 ) ;
#457 = SPHERICAL_SURFACE ( 'NONE', #1175, 0.1270000000000000000 ) ;
#458 = SURFACE_STYLE_FILL_AREA ( #4078 ) ;
#459 = PRESENTATION_STYLE_ASSIGNMENT (( #4080 ) ) ;
#460 = COLOUR_RGB ( '',0.0000000000000000000, 0.0000000000000000000, 0.0000000000000000000 ) ;
#461 = FACE_OUTER_BOUND ( 'NONE', #1669, .T. ) ;
#462 = FACE_OUTER_BOUND ( 'NONE', #2050, .T. ) ;
#463 = COLOUR_RGB ( '',0.7529411764705882200, 0.7529411764705882200, 0.7529411764705882200 ) ;
#464 = FACE_OUTER_BOUND ( 'NONE', #2149, .T. ) ;
#465 = COLOUR_RGB ( '',0.2509803921568627400, 0.2509803921568627400, 0.2509803921568627400 ) ;
#466 = COLOUR_RGB ( '',0.7529411764705882200, 0.7529411764705882200, 0.7529411764705882200 ) ;
#467 = CYLINDRICAL_SURFACE ( 'NONE', #1171, 0.8000000000000000400 ) ;
#468 = SURFACE_STYLE_FILL_AREA ( #3996 ) ;
#469 = PRESENTATION_STYLE_ASSIGNMENT (( #3998 ) ) ;
#470 = FACE_OUTER_BOUND ( 'NONE', #2045, .T. ) ;
#471 = SURFACE_STYLE_FILL_AREA ( #4050 ) ;
#472 = FACE_OUTER_BOUND ( 'NONE', #1636, .T. ) ;
#473 = SURFACE_STYLE_FILL_AREA ( #4039 ) ;
#474 = CYLINDRICAL_SURFACE ( 'NONE', #1158, 0.1000000000000002600 ) ;
#475 = FACE_OUTER_BOUND ( 'NONE', #2048, .T. ) ;
#476 = FACE_OUTER_BOUND ( 'NONE', #1785, .T. ) ;
#477 = PRESENTATION_STYLE_ASSIGNMENT (( #4020 ) ) ;
#478 = COLOUR_RGB ( '',0.7529411764705882200, 0.7529411764705882200, 0.7529411764705882200 ) ;
#479 = SURFACE_STYLE_FILL_AREA ( #4018 ) ;
#480 = FACE_OUTER_BOUND ( 'NONE', #1940, .T. ) ;
#481 = FACE_OUTER_BOUND ( 'NONE', #1993, .T. ) ;
#482 = FACE_OUTER_BOUND ( 'NONE', #1747, .T. ) ;
#483 = COLOUR_RGB ( '',0.7529411764705882200, 0.7529411764705882200, 0.7529411764705882200 ) ;
#484 = CYLINDRICAL_SURFACE ( 'NONE', #1198, 0.1270000000000002000 ) ;
#485 = PRESENTATION_STYLE_ASSIGNMENT (( #3987 ) ) ;
#486 = SURFACE_STYLE_FILL_AREA ( #3985 ) ;
#487 = FACE_OUTER_BOUND ( 'NONE', #1779, .T. ) ;
#488 = AXIS2_PLACEMENT_3D ( 'NONE', #116, #117, #125 ) ;
#489 = AXIS2_PLACEMENT_3D ( 'NONE', #2635, #2643, #2644 ) ;
#490 = EDGE_CURVE ( 'NONE', #1895, #2016, #187, .T. ) ;
#491 =( GEOMETRIC_REPRESENTATION_CONTEXT ( 3 ) GLOBAL_UNCERTAINTY_ASSIGNED_CONTEXT ( ( #201 ) ) GLOBAL_UNIT_ASSIGNED_CONTEXT ( ( #132, #133, #134 ) ) REPRESENTATION_CONTEXT ( 'NONE', 'WORKASPACE' ) );
#492 = MECHANICAL_DESIGN_GEOMETRIC_PRESENTATION_REPRESENTATION (  '', ( #605 ), #491 ) ;
#493 = EDGE_CURVE ( 'NONE', #1673, #1770, #3245, .T. ) ;
#494 = STYLED_ITEM ( 'NONE', ( #3207 ), #1104 ) ;
#495 = EDGE_CURVE ( 'NONE', #1757, #1662, #3478, .T. ) ;
#496 = PRESENTATION_LAYER_ASSIGNMENT (  '', '', ( #494 ) ) ;
#497 = AXIS2_PLACEMENT_3D ( 'NONE', #135, #136, #137 ) ;
#498 = EDGE_CURVE ( 'NONE', #1796, #1895, #3466, .T. ) ;
#499 =( GEOMETRIC_REPRESENTATION_CONTEXT ( 3 ) GLOBAL_UNCERTAINTY_ASSIGNED_CONTEXT ( ( #202 ) ) GLOBAL_UNIT_ASSIGNED_CONTEXT ( ( #143, #144, #145 ) ) REPRESENTATION_CONTEXT ( 'NONE', 'WORKASPACE' ) );
#500 = MECHANICAL_DESIGN_GEOMETRIC_PRESENTATION_REPRESENTATION (  '', ( #494 ), #499 ) ;
#501 = EDGE_CURVE ( 'NONE', #1658, #1639, #3467, .T. ) ;
#502 = AXIS2_PLACEMENT_3D ( 'NONE', #2685, #2686, #2694 ) ;
#503 = MECHANICAL_DESIGN_GEOMETRIC_PRESENTATION_REPRESENTATION (  '', ( #524 ), #507 ) ;
#504 = STYLED_ITEM ( 'NONE', ( #3697 ), #1121 ) ;
#505 = PRESENTATION_LAYER_ASSIGNMENT (  '', '', ( #524 ) ) ;
#506 = EDGE_CURVE ( 'NONE', #2016, #1867, #3456, .T. ) ;
#507 =( GEOMETRIC_REPRESENTATION_CONTEXT ( 3 ) GLOBAL_UNCERTAINTY_ASSIGNED_CONTEXT ( ( #212 ) ) GLOBAL_UNIT_ASSIGNED_CONTEXT ( ( #2653, #2654, #2655 ) ) REPRESENTATION_CONTEXT ( 'NONE', 'WORKASPACE' ) );
#508 = EDGE_CURVE ( 'NONE', #1753, #1647, #3366, .T. ) ;
#509 = STYLED_ITEM ( 'NONE', ( #3669 ), #1105 ) ;
#510 = EDGE_CURVE ( 'NONE', #1737, #1710, #3262, .T. ) ;
#511 = STYLED_ITEM ( 'NONE', ( #3794 ), #1117 ) ;
#512 = AXIS2_PLACEMENT_3D ( 'NONE', #2648, #2656, #2657 ) ;
#513 = EDGE_CURVE ( 'NONE', #1770, #1673, #3359, .T. ) ;
#514 = AXIS2_PLACEMENT_3D ( 'NONE', #1089, #1082, #1078 ) ;
#515 = PRESENTATION_LAYER_ASSIGNMENT (  '', '', ( #511 ) ) ;
#516 = AXIS2_PLACEMENT_3D ( 'NONE', #34, #33, #32 ) ;
#517 = AXIS2_PLACEMENT_3D ( 'NONE', #2645, #2646, #2636 ) ;
#518 = AXIS2_PLACEMENT_3D ( 'NONE', #2649, #2661, #2662 ) ;
#519 = EDGE_CURVE ( 'NONE', #1880, #2010, #3380, .T. ) ;
#520 =( GEOMETRIC_REPRESENTATION_CONTEXT ( 3 ) GLOBAL_UNCERTAINTY_ASSIGNED_CONTEXT ( ( #213 ) ) GLOBAL_UNIT_ASSIGNED_CONTEXT ( ( #2668, #2669, #2670 ) ) REPRESENTATION_CONTEXT ( 'NONE', 'WORKASPACE' ) );
#521 = MECHANICAL_DESIGN_GEOMETRIC_PRESENTATION_REPRESENTATION (  '', ( #511 ), #520 ) ;
#522 = EDGE_CURVE ( 'NONE', #1668, #2015, #3596, .T. ) ;
#523 = EDGE_CURVE ( 'NONE', #2010, #1781, #3638, .T. ) ;
#524 = STYLED_ITEM ( 'NONE', ( #3718 ), #1115 ) ;
#525 = AXIS2_PLACEMENT_3D ( 'NONE', #1029, #1027, #1026 ) ;
#526 = EDGE_CURVE ( 'NONE', #1817, #1808, #3160, .T. ) ;
#527 = STYLED_ITEM ( 'NONE', ( #3752 ), #1118 ) ;
#528 = PRESENTATION_LAYER_ASSIGNMENT (  '', '', ( #527 ) ) ;
#529 = EDGE_CURVE ( 'NONE', #1883, #1918, #3384, .T. ) ;
#530 = EDGE_CURVE ( 'NONE', #1793, #1805, #3450, .T. ) ;
#531 = MECHANICAL_DESIGN_GEOMETRIC_PRESENTATION_REPRESENTATION (  '', ( #527 ), #599 ) ;
#532 = AXIS2_PLACEMENT_3D ( 'NONE', #2663, #2658, #2671 ) ;
#533 = EDGE_CURVE ( 'NONE', #1958, #1790, #3474, .T. ) ;
#534 = PRESENTATION_LAYER_ASSIGNMENT (  '', '', ( #509 ) ) ;
#535 = AXIS2_PLACEMENT_3D ( 'NONE', #146, #147, #148 ) ;
#536 = EDGE_CURVE ( 'NONE', #1657, #1753, #3269, .T. ) ;
#537 =( GEOMETRIC_REPRESENTATION_CONTEXT ( 3 ) GLOBAL_UNCERTAINTY_ASSIGNED_CONTEXT ( ( #203 ) ) GLOBAL_UNIT_ASSIGNED_CONTEXT ( ( #154, #155, #156 ) ) REPRESENTATION_CONTEXT ( 'NONE', 'WORKASPACE' ) );
#538 = MECHANICAL_DESIGN_GEOMETRIC_PRESENTATION_REPRESENTATION (  '', ( #509 ), #537 ) ;
#539 = EDGE_CURVE ( 'NONE', #1781, #1657, #3383, .T. ) ;
#540 =( GEOMETRIC_REPRESENTATION_CONTEXT ( 3 ) GLOBAL_UNCERTAINTY_ASSIGNED_CONTEXT ( ( #210 ) ) GLOBAL_UNIT_ASSIGNED_CONTEXT ( ( #2640, #2641, #2642 ) ) REPRESENTATION_CONTEXT ( 'NONE', 'WORKASPACE' ) );
#541 = STYLED_ITEM ( 'NONE', ( #3790 ), #1106 ) ;
#542 = EDGE_CURVE ( 'NONE', #1805, #1790, #3420, .T. ) ;
#543 = PRESENTATION_LAYER_ASSIGNMENT (  '', '', ( #541 ) ) ;
#544 = AXIS2_PLACEMENT_3D ( 'NONE', #157, #158, #159 ) ;
#545 = EDGE_CURVE ( 'NONE', #2014, #1655, #3307, .T. ) ;
#546 = AXIS2_PLACEMENT_3D ( 'NONE', #83, #84, #85 ) ;
#547 = AXIS2_PLACEMENT_3D ( 'NONE', #66, #67, #68 ) ;
#548 = EDGE_CURVE ( 'NONE', #1918, #1796, #181, .T. ) ;
#549 = AXIS2_PLACEMENT_3D ( 'NONE', #79, #80, #81 ) ;
#550 = STYLED_ITEM ( 'NONE', ( #3398 ), #182 ) ;
#551 = EDGE_CURVE ( 'NONE', #1655, #1916, #3237, .T. ) ;
#552 = MECHANICAL_DESIGN_GEOMETRIC_PRESENTATION_REPRESENTATION (  '', ( #553 ), #559 ) ;
#553 = STYLED_ITEM ( 'NONE', ( #3583 ), #1099 ) ;
#554 = EDGE_CURVE ( 'NONE', #1757, #1673, #3458, .T. ) ;
#555 = PRESENTATION_LAYER_ASSIGNMENT (  '', '', ( #553 ) ) ;
#556 = MECHANICAL_DESIGN_GEOMETRIC_PRESENTATION_REPRESENTATION (  '', ( #550 ), #563 ) ;
#557 = PRESENTATION_LAYER_ASSIGNMENT (  '', '', ( #550 ) ) ;
#558 = STYLED_ITEM ( 'NONE', ( #3301 ), #1100 ) ;
#559 =( GEOMETRIC_REPRESENTATION_CONTEXT ( 3 ) GLOBAL_UNCERTAINTY_ASSIGNED_CONTEXT ( ( #196 ) ) GLOBAL_UNIT_ASSIGNED_CONTEXT ( ( #92, #93, #94 ) ) REPRESENTATION_CONTEXT ( 'NONE', 'WORKASPACE' ) );
#560 = EDGE_CURVE ( 'NONE', #1662, #1770, #3372, .T. ) ;
#561 = PRESENTATION_LAYER_ASSIGNMENT (  '', '', ( #558 ) ) ;
#562 = AXIS2_PLACEMENT_3D ( 'NONE', #888, #905, #919 ) ;
#563 =( GEOMETRIC_REPRESENTATION_CONTEXT ( 3 ) GLOBAL_UNCERTAINTY_ASSIGNED_CONTEXT ( ( #188 ) ) GLOBAL_UNIT_ASSIGNED_CONTEXT ( ( #914, #903, #896 ) ) REPRESENTATION_CONTEXT ( 'NONE', 'WORKASPACE' ) );
#564 =( GEOMETRIC_REPRESENTATION_CONTEXT ( 3 ) GLOBAL_UNCERTAINTY_ASSIGNED_CONTEXT ( ( #205 ) ) GLOBAL_UNIT_ASSIGNED_CONTEXT ( ( #165, #166, #167 ) ) REPRESENTATION_CONTEXT ( 'NONE', 'WORKASPACE' ) );
#565 = MECHANICAL_DESIGN_GEOMETRIC_PRESENTATION_REPRESENTATION (  '', ( #541 ), #564 ) ;
#566 = PRESENTATION_LAYER_ASSIGNMENT (  '', '', ( #580 ) ) ;
#567 =( GEOMETRIC_REPRESENTATION_CONTEXT ( 3 ) GLOBAL_UNCERTAINTY_ASSIGNED_CONTEXT ( ( #198 ) ) GLOBAL_UNIT_ASSIGNED_CONTEXT ( ( #102, #103, #104 ) ) REPRESENTATION_CONTEXT ( 'NONE', 'WORKASPACE' ) );
#568 = AXIS2_PLACEMENT_3D ( 'NONE', #82, #86, #95 ) ;
#569 = EDGE_CURVE ( 'NONE', #1793, #1958, #3455, .T. ) ;
#570 = AXIS2_PLACEMENT_3D ( 'NONE', #996, #1004, #1016 ) ;
#571 = MECHANICAL_DESIGN_GEOMETRIC_PRESENTATION_REPRESENTATION (  '', ( #558 ), #567 ) ;
#572 = AXIS2_PLACEMENT_3D ( 'NONE', #906, #912, #909 ) ;
#573 = AXIS2_PLACEMENT_3D ( 'NONE', #895, #882, #899 ) ;
#574 = AXIS2_PLACEMENT_3D ( 'NONE', #96, #97, #105 ) ;
#575 = PRESENTATION_LAYER_ASSIGNMENT (  '', '', ( #577 ) ) ;
#576 = EDGE_CURVE ( 'NONE', #1808, #1635, #3295, .T. ) ;
#577 = STYLED_ITEM ( 'NONE', ( #3550 ), #1101 ) ;
#578 = AXIS2_PLACEMENT_3D ( 'NONE', #2925, #2892, #2918 ) ;
#579 = AXIS2_PLACEMENT_3D ( 'NONE', #2916, #2921, #2913 ) ;
#580 = STYLED_ITEM ( 'NONE', ( #3693 ), #1108 ) ;
#581 = AXIS2_PLACEMENT_3D ( 'NONE', #168, #169, #170 ) ;
#582 = AXIS2_PLACEMENT_3D ( 'NONE', #2279, #2278, #2277 ) ;
#583 = PRESENTATION_LAYER_ASSIGNMENT (  '', '', ( #594 ) ) ;
#584 = MECHANICAL_DESIGN_GEOMETRIC_PRESENTATION_REPRESENTATION (  '', ( #577 ), #587 ) ;
#585 = EDGE_CURVE ( 'NONE', #1675, #1899, #3460, .T. ) ;
#586 = AXIS2_PLACEMENT_3D ( 'NONE', #3032, #3024, #3026 ) ;
#587 =( GEOMETRIC_REPRESENTATION_CONTEXT ( 3 ) GLOBAL_UNCERTAINTY_ASSIGNED_CONTEXT ( ( #199 ) ) GLOBAL_UNIT_ASSIGNED_CONTEXT ( ( #112, #113, #114 ) ) REPRESENTATION_CONTEXT ( 'NONE', 'WORKASPACE' ) );
#588 = AXIS2_PLACEMENT_3D ( 'NONE', #1002, #1000, #999 ) ;
#589 = MECHANICAL_DESIGN_GEOMETRIC_PRESENTATION_REPRESENTATION (  '', ( #580 ), #591 ) ;
#590 = AXIS2_PLACEMENT_3D ( 'NONE', #171, #160, #161 ) ;
#591 =( GEOMETRIC_REPRESENTATION_CONTEXT ( 3 ) GLOBAL_UNCERTAINTY_ASSIGNED_CONTEXT ( ( #206 ) ) GLOBAL_UNIT_ASSIGNED_CONTEXT ( ( #179, #180, #2597 ) ) REPRESENTATION_CONTEXT ( 'NONE', 'WORKASPACE' ) );
#592 = AXIS2_PLACEMENT_3D ( 'NONE', #19, #16, #18 ) ;
#593 = MECHANICAL_DESIGN_GEOMETRIC_PRESENTATION_REPRESENTATION (  '', ( #594 ), #606 ) ;
#594 = STYLED_ITEM ( 'NONE', ( #3233 ), #1102 ) ;
#595 = EDGE_CURVE ( 'NONE', #2004, #1675, #3370, .T. ) ;
#596 = AXIS2_PLACEMENT_3D ( 'NONE', #106, #107, #115 ) ;
#597 = MECHANICAL_DESIGN_GEOMETRIC_PRESENTATION_REPRESENTATION (  '', ( #642 ), #540 ) ;
#598 = STYLED_ITEM ( 'NONE', ( #3779 ), #1120 ) ;
#599 =( GEOMETRIC_REPRESENTATION_CONTEXT ( 3 ) GLOBAL_UNCERTAINTY_ASSIGNED_CONTEXT ( ( #215 ) ) GLOBAL_UNIT_ASSIGNED_CONTEXT ( ( #2678, #2679, #2680 ) ) REPRESENTATION_CONTEXT ( 'NONE', 'WORKASPACE' ) );
#600 = AXIS2_PLACEMENT_3D ( 'NONE', #2270, #2269, #2268 ) ;
#601 = AXIS2_PLACEMENT_3D ( 'NONE', #2672, #2673, #2681 ) ;
#602 = PRESENTATION_LAYER_ASSIGNMENT (  '', '', ( #598 ) ) ;
#603 = MECHANICAL_DESIGN_GEOMETRIC_PRESENTATION_REPRESENTATION (  '', ( #598 ), #612 ) ;
#604 = AXIS2_PLACEMENT_3D ( 'NONE', #2682, #2683, #2674 ) ;
#605 = STYLED_ITEM ( 'NONE', ( #3126 ), #1103 ) ;
#606 =( GEOMETRIC_REPRESENTATION_CONTEXT ( 3 ) GLOBAL_UNCERTAINTY_ASSIGNED_CONTEXT ( ( #200 ) ) GLOBAL_UNIT_ASSIGNED_CONTEXT ( ( #122, #123, #124 ) ) REPRESENTATION_CONTEXT ( 'NONE', 'WORKASPACE' ) );
#607 = EDGE_CURVE ( 'NONE', #1958, #1916, #3256, .T. ) ;
#608 = PRESENTATION_LAYER_ASSIGNMENT (  '', '', ( #605 ) ) ;
#609 = AXIS2_PLACEMENT_3D ( 'NONE', #2995, #3005, #3001 ) ;
#610 = AXIS2_PLACEMENT_3D ( 'NONE', #2482, #2481, #2480 ) ;
#611 = PRESENTATION_LAYER_ASSIGNMENT (  '', '', ( #504 ) ) ;
#612 =( GEOMETRIC_REPRESENTATION_CONTEXT ( 3 ) GLOBAL_UNCERTAINTY_ASSIGNED_CONTEXT ( ( #185 ) ) GLOBAL_UNIT_ASSIGNED_CONTEXT ( ( #2691, #2692, #2693 ) ) REPRESENTATION_CONTEXT ( 'NONE', 'WORKASPACE' ) );
#613 = AXIS2_PLACEMENT_3D ( 'NONE', #1022, #1021, #1020 ) ;
#614 = AXIS2_PLACEMENT_3D ( 'NONE', #2598, #2599, #2600 ) ;
#615 = STYLED_ITEM ( 'NONE', ( #3751 ), #1109 ) ;
#616 = AXIS2_PLACEMENT_3D ( 'NONE', #3010, #3009, #3008 ) ;
#617 = MECHANICAL_DESIGN_GEOMETRIC_PRESENTATION_REPRESENTATION (  '', ( #615 ), #621 ) ;
#618 = PRESENTATION_LAYER_ASSIGNMENT (  '', '', ( #615 ) ) ;
#619 = AXIS2_PLACEMENT_3D ( 'NONE', #2170, #2171, #878 ) ;
#620 = PRESENTATION_LAYER_ASSIGNMENT (  '', '', ( #624 ) ) ;
#621 =( GEOMETRIC_REPRESENTATION_CONTEXT ( 3 ) GLOBAL_UNCERTAINTY_ASSIGNED_CONTEXT ( ( #207 ) ) GLOBAL_UNIT_ASSIGNED_CONTEXT ( ( #2606, #2607, #2608 ) ) REPRESENTATION_CONTEXT ( 'NONE', 'WORKASPACE' ) );
#622 = AXIS2_PLACEMENT_3D ( 'NONE', #2176, #2175, #2174 ) ;
#623 = AXIS2_PLACEMENT_3D ( 'NONE', #2601, #2609, #2610 ) ;
#624 = STYLED_ITEM ( 'NONE', ( #3724 ), #1110 ) ;
#625 = AXIS2_PLACEMENT_3D ( 'NONE', #857, #854, #853 ) ;
#626 =( GEOMETRIC_REPRESENTATION_CONTEXT ( 3 ) GLOBAL_UNCERTAINTY_ASSIGNED_CONTEXT ( ( #208 ) ) GLOBAL_UNIT_ASSIGNED_CONTEXT ( ( #2616, #2617, #2618 ) ) REPRESENTATION_CONTEXT ( 'NONE', 'WORKASPACE' ) );
#627 = AXIS2_PLACEMENT_3D ( 'NONE', #29, #28, #26 ) ;
#628 = MECHANICAL_DESIGN_GEOMETRIC_PRESENTATION_REPRESENTATION (  '', ( #624 ), #626 ) ;
#629 = AXIS2_PLACEMENT_3D ( 'NONE', #2611, #2619, #2620 ) ;
#630 = AXIS2_PLACEMENT_3D ( 'NONE', #3020, #3019, #3017 ) ;
#631 = AXIS2_PLACEMENT_3D ( 'NONE', #2612, #2624, #2625 ) ;
#632 = STYLED_ITEM ( 'NONE', ( #3797 ), #1112 ) ;
#633 = AXIS2_PLACEMENT_3D ( 'NONE', #403, #401, #399 ) ;
#634 = MECHANICAL_DESIGN_GEOMETRIC_PRESENTATION_REPRESENTATION (  '', ( #632 ), #639 ) ;
#635 = AXIS2_PLACEMENT_3D ( 'NONE', #39, #38, #37 ) ;
#636 = PRESENTATION_LAYER_ASSIGNMENT (  '', '', ( #632 ) ) ;
#637 = AXIS2_PLACEMENT_3D ( 'NONE', #27, #48, #47 ) ;
#638 = PRESENTATION_LAYER_ASSIGNMENT (  '', '', ( #642 ) ) ;
#639 =( GEOMETRIC_REPRESENTATION_CONTEXT ( 3 ) GLOBAL_UNCERTAINTY_ASSIGNED_CONTEXT ( ( #209 ) ) GLOBAL_UNIT_ASSIGNED_CONTEXT ( ( #2631, #2632, #2633 ) ) REPRESENTATION_CONTEXT ( 'NONE', 'WORKASPACE' ) );
#640 = AXIS2_PLACEMENT_3D ( 'NONE', #46, #45, #44 ) ;
#641 = AXIS2_PLACEMENT_3D ( 'NONE', #2626, #2621, #2634 ) ;
#642 = STYLED_ITEM ( 'NONE', ( #3685 ), #1113 ) ;
#643 = EDGE_CURVE ( 'NONE', #1635, #2014, #3591, .T. ) ;
#644 = EDGE_CURVE ( 'NONE', #1710, #1817, #3603, .T. ) ;
#645 = EDGE_CURVE ( 'NONE', #1872, #1696, #3142, .T. ) ;
#646 = EDGE_CURVE ( 'NONE', #1839, #1658, #3297, .T. ) ;
#647 = EDGE_CURVE ( 'NONE', #1899, #1839, #3572, .T. ) ;
#648 = EDGE_CURVE ( 'NONE', #1696, #1911, #3449, .T. ) ;
#649 = EDGE_CURVE ( 'NONE', #1788, #1641, #3270, .T. ) ;
#650 = EDGE_CURVE ( 'NONE', #2015, #1793, #3337, .T. ) ;
#651 = EDGE_CURVE ( 'NONE', #1774, #1656, #3592, .T. ) ;
#652 = EDGE_CURVE ( 'NONE', #1737, #1668, #3382, .T. ) ;
#653 = EDGE_CURVE ( 'NONE', #1984, #1869, #3651, .T. ) ;
#654 = EDGE_CURVE ( 'NONE', #1774, #1864, #3578, .T. ) ;
#655 = EDGE_CURVE ( 'NONE', #1647, #1880, #3632, .T. ) ;
#656 = EDGE_CURVE ( 'NONE', #1639, #2004, #3202, .T. ) ;
#657 = EDGE_CURVE ( 'NONE', #1905, #1756, #3512, .T. ) ;
#658 = EDGE_CURVE ( 'NONE', #1872, #1784, #3495, .T. ) ;
#659 = EDGE_CURVE ( 'NONE', #1784, #1911, #3446, .T. ) ;
#660 = EDGE_CURVE ( 'NONE', #1891, #1648, #3510, .T. ) ;
#661 = EDGE_CURVE ( 'NONE', #1699, #1756, #3514, .T. ) ;
#662 = EDGE_CURVE ( 'NONE', #1864, #1699, #3607, .T. ) ;
#663 = EDGE_CURVE ( 'NONE', #1864, #1905, #3122, .T. ) ;
#664 = EDGE_CURVE ( 'NONE', #1874, #1659, #3111, .T. ) ;
#665 = EDGE_CURVE ( 'NONE', #1659, #1799, #184, .T. ) ;
#666 = EDGE_CURVE ( 'NONE', #1799, #1921, #3209, .T. ) ;
#667 = EDGE_CURVE ( 'NONE', #1922, #1921, #3062, .T. ) ;
#668 = EDGE_CURVE ( 'NONE', #1874, #1922, #3068, .T. ) ;
#669 = EDGE_CURVE ( 'NONE', #1890, #1740, #3040, .T. ) ;
#670 = EDGE_CURVE ( 'NONE', #1841, #1711, #3124, .T. ) ;
#671 = EDGE_CURVE ( 'NONE', #1644, #1841, #3112, .T. ) ;
#672 = EDGE_CURVE ( 'NONE', #1644, #1855, #3048, .T. ) ;
#673 = EDGE_CURVE ( 'NONE', #1682, #1641, #3406, .T. ) ;
#674 = EDGE_CURVE ( 'NONE', #1855, #1711, #3236, .T. ) ;
#675 = EDGE_CURVE ( 'NONE', #1834, #1984, #3589, .T. ) ;
#676 = EDGE_CURVE ( 'NONE', #1813, #1728, #3252, .T. ) ;
#677 = EDGE_CURVE ( 'NONE', #1901, #1750, #3414, .T. ) ;
#678 = EDGE_CURVE ( 'NONE', #1893, #1871, #3134, .T. ) ;
#679 = EDGE_CURVE ( 'NONE', #1750, #1718, #194, .T. ) ;
#680 = EDGE_CURVE ( 'NONE', #1718, #1824, #3132, .T. ) ;
#681 = EDGE_CURVE ( 'NONE', #1699, #1824, #3135, .T. ) ;
#682 = EDGE_CURVE ( 'NONE', #1756, #1841, #3131, .T. ) ;
#683 = EDGE_CURVE ( 'NONE', #1821, #2019, #3652, .T. ) ;
#684 = EDGE_CURVE ( 'NONE', #1922, #1711, #3136, .T. ) ;
#685 = EDGE_CURVE ( 'NONE', #1921, #1892, #193, .T. ) ;
#686 = EDGE_CURVE ( 'NONE', #1892, #1800, #3214, .T. ) ;
#687 = EDGE_CURVE ( 'NONE', #1800, #1901, #3430, .T. ) ;
#688 = EDGE_CURVE ( 'NONE', #1913, #1813, #3137, .T. ) ;
#689 = EDGE_CURVE ( 'NONE', #1879, #1922, #3427, .T. ) ;
#690 = EDGE_CURVE ( 'NONE', #1732, #1697, #3438, .T. ) ;
#691 = EDGE_CURVE ( 'NONE', #1875, #1728, #3513, .T. ) ;
#692 = EDGE_CURVE ( 'NONE', #1732, #1882, #3361, .T. ) ;
#693 = EDGE_CURVE ( 'NONE', #1882, #1801, #3248, .T. ) ;
#694 = EDGE_CURVE ( 'NONE', #1872, #2018, #3143, .T. ) ;
#695 = EDGE_CURVE ( 'NONE', #2024, #1813, #3433, .T. ) ;
#696 = EDGE_CURVE ( 'NONE', #1801, #1659, #3345, .T. ) ;
#697 = EDGE_CURVE ( 'NONE', #1874, #1855, #3375, .T. ) ;
#698 = EDGE_CURVE ( 'NONE', #1905, #1644, #3261, .T. ) ;
#699 = EDGE_CURVE ( 'NONE', #1864, #1697, #3412, .T. ) ;
#700 = EDGE_CURVE ( 'NONE', #1898, #2023, #3525, .T. ) ;
#701 = EDGE_CURVE ( 'NONE', #1718, #1845, #3454, .T. ) ;
#702 = EDGE_CURVE ( 'NONE', #1845, #1732, #192, .T. ) ;
#703 = EDGE_CURVE ( 'NONE', #1697, #1824, #3293, .T. ) ;
#704 = EDGE_CURVE ( 'NONE', #1791, #1772, #3321, .T. ) ;
#705 = EDGE_CURVE ( 'NONE', #1772, #1807, #3633, .T. ) ;
#706 = EDGE_CURVE ( 'NONE', #1706, #1715, #3419, .T. ) ;
#707 = EDGE_CURVE ( 'NONE', #2019, #1706, #3271, .T. ) ;
#708 = EDGE_CURVE ( 'NONE', #2024, #1875, #3336, .T. ) ;
#709 = EDGE_CURVE ( 'NONE', #1807, #1783, #3206, .T. ) ;
#710 = EDGE_CURVE ( 'NONE', #1848, #1788, #3208, .T. ) ;
#711 = EDGE_CURVE ( 'NONE', #1891, #2019, #3197, .T. ) ;
#712 = EDGE_CURVE ( 'NONE', #1984, #1848, #3201, .T. ) ;
#713 = EDGE_CURVE ( 'NONE', #1783, #1767, #3199, .T. ) ;
#714 = EDGE_CURVE ( 'NONE', #2000, #1891, #3224, .T. ) ;
#715 = EDGE_CURVE ( 'NONE', #1773, #1711, #3211, .T. ) ;
#716 = EDGE_CURVE ( 'NONE', #1767, #1721, #3485, .T. ) ;
#717 = EDGE_CURVE ( 'NONE', #1641, #1656, #3643, .T. ) ;
#718 = EDGE_CURVE ( 'NONE', #1721, #1791, #3106, .T. ) ;
#719 = EDGE_CURVE ( 'NONE', #1796, #1861, #191, .T. ) ;
#720 = EDGE_CURVE ( 'NONE', #1861, #1859, #3499, .T. ) ;
#721 = EDGE_CURVE ( 'NONE', #1879, #1773, #3641, .T. ) ;
#722 = EDGE_CURVE ( 'NONE', #1859, #1712, #3360, .T. ) ;
#723 = EDGE_CURVE ( 'NONE', #1788, #1774, #3042, .T. ) ;
#724 = EDGE_CURVE ( 'NONE', #1911, #1821, #3540, .T. ) ;
#725 = EDGE_CURVE ( 'NONE', #1712, #1903, #3039, .T. ) ;
#726 = EDGE_CURVE ( 'NONE', #1903, #1687, #3218, .T. ) ;
#727 = EDGE_CURVE ( 'NONE', #1648, #1706, #3102, .T. ) ;
#728 = EDGE_CURVE ( 'NONE', #1687, #1803, #3408, .T. ) ;
#729 = EDGE_CURVE ( 'NONE', #1803, #1727, #3507, .T. ) ;
#730 = EDGE_CURVE ( 'NONE', #1727, #1818, #3085, .T. ) ;
#731 = EDGE_CURVE ( 'NONE', #1818, #1741, #3544, .T. ) ;
#732 = EDGE_CURVE ( 'NONE', #1741, #1885, #3639, .T. ) ;
#733 = EDGE_CURVE ( 'NONE', #2000, #1821, #3579, .T. ) ;
#734 = EDGE_CURVE ( 'NONE', #2016, #1918, #3650, .T. ) ;
#735 = EDGE_CURVE ( 'NONE', #1875, #1879, #3172, .T. ) ;
#736 = EDGE_CURVE ( 'NONE', #1885, #1926, #3169, .T. ) ;
#737 = EDGE_CURVE ( 'NONE', #2018, #2024, #3148, .T. ) ;
#738 = EDGE_CURVE ( 'NONE', #1926, #1638, #3528, .T. ) ;
#739 = EDGE_CURVE ( 'NONE', #1638, #1759, #3556, .T. ) ;
#740 = EDGE_CURVE ( 'NONE', #1759, #1724, #3230, .T. ) ;
#741 = EDGE_CURVE ( 'NONE', #1724, #1895, #186, .T. ) ;
#742 = EDGE_CURVE ( 'NONE', #2014, #1866, #3581, .T. ) ;
#743 = EDGE_CURVE ( 'NONE', #1655, #1941, #3457, .T. ) ;
#744 = EDGE_CURVE ( 'NONE', #1941, #1866, #3580, .T. ) ;
#745 = EDGE_CURVE ( 'NONE', #1635, #1896, #3227, .T. ) ;
#746 = EDGE_CURVE ( 'NONE', #1866, #1896, #3145, .T. ) ;
#747 = EDGE_CURVE ( 'NONE', #1808, #1842, #3520, .T. ) ;
#748 = EDGE_CURVE ( 'NONE', #1896, #1842, #3547, .T. ) ;
#749 = EDGE_CURVE ( 'NONE', #1817, #1745, #3625, .T. ) ;
#750 = EDGE_CURVE ( 'NONE', #1842, #1745, #3611, .T. ) ;
#751 = EDGE_CURVE ( 'NONE', #1710, #2025, #3486, .T. ) ;
#752 = EDGE_CURVE ( 'NONE', #2018, #1913, #3523, .T. ) ;
#753 = EDGE_CURVE ( 'NONE', #1745, #2025, #3533, .T. ) ;
#754 = EDGE_CURVE ( 'NONE', #2025, #1863, #3304, .T. ) ;
#755 = EDGE_CURVE ( 'NONE', #1859, #1863, #3349, .T. ) ;
#756 = EDGE_CURVE ( 'NONE', #1696, #1913, #3565, .T. ) ;
#757 = EDGE_CURVE ( 'NONE', #1861, #1920, #189, .T. ) ;
#758 = EDGE_CURVE ( 'NONE', #1740, #1870, #3238, .T. ) ;
#759 = EDGE_CURVE ( 'NONE', #1784, #2000, #3078, .T. ) ;
#760 = EDGE_CURVE ( 'NONE', #1920, #1860, #3057, .T. ) ;
#761 = EDGE_CURVE ( 'NONE', #1860, #1737, #190, .T. ) ;
#762 = EDGE_CURVE ( 'NONE', #1728, #1773, #3114, .T. ) ;
#763 = EDGE_CURVE ( 'NONE', #1867, #1883, #3459, .T. ) ;
#764 = EDGE_CURVE ( 'NONE', #1812, #1941, #3049, .T. ) ;
#765 = EDGE_CURVE ( 'NONE', #1916, #1902, #195, .T. ) ;
#766 = EDGE_CURVE ( 'NONE', #1902, #2021, #3059, .T. ) ;
#767 = EDGE_CURVE ( 'NONE', #2021, #1724, #197, .T. ) ;
#768 = EDGE_CURVE ( 'NONE', #1759, #1812, #3559, .T. ) ;
#769 = EDGE_CURVE ( 'NONE', #1863, #1672, #3497, .T. ) ;
#770 = EDGE_CURVE ( 'NONE', #1712, #1672, #3086, .T. ) ;
#771 = EDGE_CURVE ( 'NONE', #1672, #1752, #3125, .T. ) ;
#772 = EDGE_CURVE ( 'NONE', #1903, #1752, #3598, .T. ) ;
#773 = EDGE_CURVE ( 'NONE', #1752, #1878, #3291, .T. ) ;
#774 = EDGE_CURVE ( 'NONE', #1687, #1878, #3587, .T. ) ;
#775 = EDGE_CURVE ( 'NONE', #1878, #2022, #3634, .T. ) ;
#776 = EDGE_CURVE ( 'NONE', #1803, #2022, #3551, .T. ) ;
#777 = EDGE_CURVE ( 'NONE', #2022, #2020, #3584, .T. ) ;
#778 = EDGE_CURVE ( 'NONE', #1727, #2020, #3463, .T. ) ;
#779 = EDGE_CURVE ( 'NONE', #2020, #1840, #3475, .T. ) ;
#780 = EDGE_CURVE ( 'NONE', #1818, #1840, #3413, .T. ) ;
#781 = EDGE_CURVE ( 'NONE', #1840, #1908, #3451, .T. ) ;
#782 = EDGE_CURVE ( 'NONE', #1741, #1908, #3401, .T. ) ;
#783 = EDGE_CURVE ( 'NONE', #1908, #1797, #3409, .T. ) ;
#784 = EDGE_CURVE ( 'NONE', #1926, #1910, #3388, .T. ) ;
#785 = EDGE_CURVE ( 'NONE', #1938, #1857, #3397, .T. ) ;
#786 = EDGE_CURVE ( 'NONE', #1856, #1869, #3257, .T. ) ;
#787 = EDGE_CURVE ( 'NONE', #1857, #1873, #3070, .T. ) ;
#788 = EDGE_CURVE ( 'NONE', #1873, #1890, #3053, .T. ) ;
#789 = EDGE_CURVE ( 'NONE', #1873, #1898, #3242, .T. ) ;
#790 = EDGE_CURVE ( 'NONE', #1885, #1797, #3344, .T. ) ;
#791 = EDGE_CURVE ( 'NONE', #1848, #1682, #3577, .T. ) ;
#792 = EDGE_CURVE ( 'NONE', #1862, #1890, #3377, .T. ) ;
#793 = EDGE_CURVE ( 'NONE', #1838, #1862, #3231, .T. ) ;
#794 = EDGE_CURVE ( 'NONE', #1838, #1856, #3445, .T. ) ;
#795 = EDGE_CURVE ( 'NONE', #1834, #1856, #3278, .T. ) ;
#796 = EDGE_CURVE ( 'NONE', #1938, #1834, #3217, .T. ) ;
#797 = EDGE_CURVE ( 'NONE', #1857, #1862, #3527, .T. ) ;
#798 = EDGE_CURVE ( 'NONE', #1656, #1697, #3072, .T. ) ;
#799 = EDGE_CURVE ( 'NONE', #1938, #1838, #3441, .T. ) ;
#800 = EDGE_CURVE ( 'NONE', #1638, #1907, #3362, .T. ) ;
#801 = EDGE_CURVE ( 'NONE', #1910, #1907, #3044, .T. ) ;
#802 = EDGE_CURVE ( 'NONE', #1797, #1910, #3389, .T. ) ;
#803 = EDGE_CURVE ( 'NONE', #1907, #1812, #3448, .T. ) ;
#804 = EDGE_CURVE ( 'NONE', #1703, #1893, #3343, .T. ) ;
#805 = EDGE_CURVE ( 'NONE', #1871, #1811, #3302, .T. ) ;
#806 = EDGE_CURVE ( 'NONE', #1898, #1740, #3410, .T. ) ;
#807 = EDGE_CURVE ( 'NONE', #2023, #1870, #3600, .T. ) ;
#808 = EDGE_CURVE ( 'NONE', #1870, #1824, #3194, .T. ) ;
#809 = EDGE_CURVE ( 'NONE', #1811, #1703, #3421, .T. ) ;
#810 = EDGE_CURVE ( 'NONE', #1869, #1682, #3594, .T. ) ;
#811 = EDGE_CURVE ( 'NONE', #2023, #1699, #3341, .T. ) ;
#812 = UNCERTAINTY_MEASURE_WITH_UNIT (LENGTH_MEASURE( 1.000000000000000100E-005 ), #2562, 'distance_accuracy_value', 'NONE');
#813 = ADVANCED_BREP_SHAPE_REPRESENTATION ( 'TO228P1010X240-3N_JEDEC_TO-252AA_ST_Microelectronics_DPAK', ( #182, #2315 ), #2320 ) ;
#814 = UNCERTAINTY_MEASURE_WITH_UNIT (LENGTH_MEASURE( 1.000000000000000100E-005 ), #440, 'distance_accuracy_value', 'NONE');
#815 =( BOUNDED_CURVE ( )  B_SPLINE_CURVE ( 3, ( #333, #337, #341, #342 ),
 .UNSPECIFIED., .F., .F. ) 
 B_SPLINE_CURVE_WITH_KNOTS ( ( 4, 4 ),
 ( 4.712388980384689700, 6.268050293458693500 ),
 .UNSPECIFIED. ) 
 CURVE ( )  GEOMETRIC_REPRESENTATION_ITEM ( )  RATIONAL_B_SPLINE_CURVE ( ( 1.000000000000000000, 0.8082916790861984800, 0.8082916790861984800, 1.000000000000000000 ) ) 
 REPRESENTATION_ITEM ( '' )  );
#816 =( BOUNDED_CURVE ( )  B_SPLINE_CURVE ( 3, ( #322, #323, #327, #328 ),
 .UNSPECIFIED., .F., .F. ) 
 B_SPLINE_CURVE_WITH_KNOTS ( ( 4, 4 ),
 ( 4.712388980384689700, 6.283185307179583600 ),
 .UNSPECIFIED. ) 
 CURVE ( )  GEOMETRIC_REPRESENTATION_ITEM ( )  RATIONAL_B_SPLINE_CURVE ( ( 1.000000000000000000, 0.8047378541243654900, 0.8047378541243654900, 1.000000000000000000 ) ) 
 REPRESENTATION_ITEM ( '' )  );
#817 =( BOUNDED_CURVE ( )  B_SPLINE_CURVE ( 3, ( #292, #300, #304, #305 ),
 .UNSPECIFIED., .F., .F. ) 
 B_SPLINE_CURVE_WITH_KNOTS ( ( 4, 4 ),
 ( -8.881784197001252300E-016, 1.570796326794896600 ),
 .UNSPECIFIED. ) 
 CURVE ( )  GEOMETRIC_REPRESENTATION_ITEM ( )  RATIONAL_B_SPLINE_CURVE ( ( 1.000000000000000000, 0.8047378541243648300, 0.8047378541243648300, 1.000000000000000000 ) ) 
 REPRESENTATION_ITEM ( '' )  );
#818 =( BOUNDED_CURVE ( )  B_SPLINE_CURVE ( 3, ( #278, #279, #284, #285 ),
 .UNSPECIFIED., .F., .F. ) 
 B_SPLINE_CURVE_WITH_KNOTS ( ( 4, 4 ),
 ( 0.01513501372089263000, 1.570796326794896600 ),
 .UNSPECIFIED. ) 
 CURVE ( )  GEOMETRIC_REPRESENTATION_ITEM ( )  RATIONAL_B_SPLINE_CURVE ( ( 1.000000000000000000, 0.8082916790861984800, 0.8082916790861984800, 1.000000000000000000 ) ) 
 REPRESENTATION_ITEM ( '' )  );
#819 = UNCERTAINTY_MEASURE_WITH_UNIT (LENGTH_MEASURE( 1.000000000000000100E-005 ), #251, 'distance_accuracy_value', 'NONE');
#820 = UNCERTAINTY_MEASURE_WITH_UNIT (LENGTH_MEASURE( 1.000000000000000100E-005 ), #4053, 'distance_accuracy_value', 'NONE');
#821 = UNCERTAINTY_MEASURE_WITH_UNIT (LENGTH_MEASURE( 1.000000000000000100E-005 ), #241, 'distance_accuracy_value', 'NONE');
#822 = UNCERTAINTY_MEASURE_WITH_UNIT (LENGTH_MEASURE( 1.000000000000000100E-005 ), #228, 'distance_accuracy_value', 'NONE');
#823 = UNCERTAINTY_MEASURE_WITH_UNIT (LENGTH_MEASURE( 1.000000000000000100E-005 ), #4081, 'distance_accuracy_value', 'NONE');
#824 = UNCERTAINTY_MEASURE_WITH_UNIT (LENGTH_MEASURE( 1.000000000000000100E-005 ), #4066, 'distance_accuracy_value', 'NONE');
#825 = UNCERTAINTY_MEASURE_WITH_UNIT (LENGTH_MEASURE( 1.000000000000000100E-005 ), #4032, 'distance_accuracy_value', 'NONE');
#826 = UNCERTAINTY_MEASURE_WITH_UNIT (LENGTH_MEASURE( 1.000000000000000100E-005 ), #4021, 'distance_accuracy_value', 'NONE');
#827 = UNCERTAINTY_MEASURE_WITH_UNIT (LENGTH_MEASURE( 1.000000000000000100E-005 ), #4010, 'distance_accuracy_value', 'NONE');
#828 = UNCERTAINTY_MEASURE_WITH_UNIT (LENGTH_MEASURE( 1.000000000000000100E-005 ), #3999, 'distance_accuracy_value', 'NONE');
#829 = UNCERTAINTY_MEASURE_WITH_UNIT (LENGTH_MEASURE( 1.000000000000000100E-005 ), #4042, 'distance_accuracy_value', 'NONE');
#830 = UNCERTAINTY_MEASURE_WITH_UNIT (LENGTH_MEASURE( 1.000000000000000100E-005 ), #3988, 'distance_accuracy_value', 'NONE');
#831 = UNCERTAINTY_MEASURE_WITH_UNIT (LENGTH_MEASURE( 1.000000000000000100E-005 ), #3974, 'distance_accuracy_value', 'NONE');
#832 = UNCERTAINTY_MEASURE_WITH_UNIT (LENGTH_MEASURE( 1.000000000000000100E-005 ), #3964, 'distance_accuracy_value', 'NONE');
#833 = UNCERTAINTY_MEASURE_WITH_UNIT (LENGTH_MEASURE( 1.000000000000000100E-005 ), #3954, 'distance_accuracy_value', 'NONE');
#834 = UNCERTAINTY_MEASURE_WITH_UNIT (LENGTH_MEASURE( 1.000000000000000100E-005 ), #3943, 'distance_accuracy_value', 'NONE');
#835 = UNCERTAINTY_MEASURE_WITH_UNIT (LENGTH_MEASURE( 1.000000000000000100E-005 ), #3934, 'distance_accuracy_value', 'NONE');
#836 = UNCERTAINTY_MEASURE_WITH_UNIT (LENGTH_MEASURE( 1.000000000000000100E-005 ), #3923, 'distance_accuracy_value', 'NONE');
#837 = UNCERTAINTY_MEASURE_WITH_UNIT (LENGTH_MEASURE( 1.000000000000000100E-005 ), #1537, 'distance_accuracy_value', 'NONE');
#838 = UNCERTAINTY_MEASURE_WITH_UNIT (LENGTH_MEASURE( 1.000000000000000100E-005 ), #1572, 'distance_accuracy_value', 'NONE');
#839 = UNCERTAINTY_MEASURE_WITH_UNIT (LENGTH_MEASURE( 1.000000000000000100E-005 ), #3905, 'distance_accuracy_value', 'NONE');
#840 = UNCERTAINTY_MEASURE_WITH_UNIT (LENGTH_MEASURE( 1.000000000000000100E-005 ), #1455, 'distance_accuracy_value', 'NONE');
#841 = UNCERTAINTY_MEASURE_WITH_UNIT (LENGTH_MEASURE( 1.000000000000000100E-005 ), #1466, 'distance_accuracy_value', 'NONE');
#842 = UNCERTAINTY_MEASURE_WITH_UNIT (LENGTH_MEASURE( 1.000000000000000100E-005 ), #1476, 'distance_accuracy_value', 'NONE');
#843 = UNCERTAINTY_MEASURE_WITH_UNIT (LENGTH_MEASURE( 1.000000000000000100E-005 ), #1486, 'distance_accuracy_value', 'NONE');
#844 = UNCERTAINTY_MEASURE_WITH_UNIT (LENGTH_MEASURE( 1.000000000000000100E-005 ), #2808, 'distance_accuracy_value', 'NONE');
#845 = UNCERTAINTY_MEASURE_WITH_UNIT (LENGTH_MEASURE( 1.000000000000000100E-005 ), #2818, 'distance_accuracy_value', 'NONE');
#846 = UNCERTAINTY_MEASURE_WITH_UNIT (LENGTH_MEASURE( 1.000000000000000100E-005 ), #2787, 'distance_accuracy_value', 'NONE');
#847 = UNCERTAINTY_MEASURE_WITH_UNIT (LENGTH_MEASURE( 1.000000000000000100E-005 ), #2797, 'distance_accuracy_value', 'NONE');
#848 = UNCERTAINTY_MEASURE_WITH_UNIT (LENGTH_MEASURE( 1.000000000000000100E-005 ), #1501, 'distance_accuracy_value', 'NONE');
#849 = UNCERTAINTY_MEASURE_WITH_UNIT (LENGTH_MEASURE( 1.000000000000000100E-005 ), #1522, 'distance_accuracy_value', 'NONE');
#850 = CARTESIAN_POINT ( 'NONE',  ( 2.200000000000000200, -2.700000000000000600, 0.5999999999999999800 ) ) ;
#851 = UNCERTAINTY_MEASURE_WITH_UNIT (LENGTH_MEASURE( 1.000000000000000100E-005 ), #1616, 'distance_accuracy_value', 'NONE');
#852 = UNCERTAINTY_MEASURE_WITH_UNIT (LENGTH_MEASURE( 1.000000000000000100E-005 ), #1587, 'distance_accuracy_value', 'NONE');
#853 = DIRECTION ( 'NONE',  ( 0.0000000000000000000, 0.0000000000000000000, -1.000000000000000000 ) ) ;
#854 = DIRECTION ( 'NONE',  ( 0.0000000000000000000, 1.000000000000000000, 0.0000000000000000000 ) ) ;
#855 = UNCERTAINTY_MEASURE_WITH_UNIT (LENGTH_MEASURE( 1.000000000000000100E-005 ), #1630, 'distance_accuracy_value', 'NONE');
#856 = UNCERTAINTY_MEASURE_WITH_UNIT (LENGTH_MEASURE( 1.000000000000000100E-005 ), #2829, 'distance_accuracy_value', 'NONE');
#857 = CARTESIAN_POINT ( 'NONE',  ( -3.871217345934644200, 1.829999999999999800, 0.9000000000000001300 ) ) ;
#858 = UNCERTAINTY_MEASURE_WITH_UNIT (LENGTH_MEASURE( 1.000000000000000100E-005 ), #2758, 'distance_accuracy_value', 'NONE');
#859 = DIRECTION ( 'NONE',  ( 0.0000000000000000000, 1.000000000000000000, 0.0000000000000000000 ) ) ;
#860 = CARTESIAN_POINT ( 'NONE',  ( 3.089522201104109900, -2.700000000000000600, 0.5999999999999999800 ) ) ;
#861 = UNCERTAINTY_MEASURE_WITH_UNIT (LENGTH_MEASURE( 1.000000000000000100E-005 ), #3870, 'distance_accuracy_value', 'NONE');
#862 = UNCERTAINTY_MEASURE_WITH_UNIT (LENGTH_MEASURE( 1.000000000000000100E-005 ), #3881, 'distance_accuracy_value', 'NONE');
#863 = UNCERTAINTY_MEASURE_WITH_UNIT (LENGTH_MEASURE( 1.000000000000000100E-005 ), #3823, 'distance_accuracy_value', 'NONE');
#864 = CARTESIAN_POINT ( 'NONE',  ( -4.053290641427165200, -2.730000000000000000, 0.9827605888602370900 ) ) ;
#865 = UNCERTAINTY_MEASURE_WITH_UNIT (LENGTH_MEASURE( 1.000000000000000100E-005 ), #3834, 'distance_accuracy_value', 'NONE');
#866 = UNCERTAINTY_MEASURE_WITH_UNIT (LENGTH_MEASURE( 1.000000000000000100E-005 ), #1562, 'distance_accuracy_value', 'NONE');
#867 = UNCERTAINTY_MEASURE_WITH_UNIT (LENGTH_MEASURE( 1.000000000000000100E-005 ), #1605, 'distance_accuracy_value', 'NONE');
#868 = UNCERTAINTY_MEASURE_WITH_UNIT (LENGTH_MEASURE( 1.000000000000000100E-005 ), #2773, 'distance_accuracy_value', 'NONE');
#869 = DIRECTION ( 'NONE',  ( 0.4856429311786316600, 0.8741572761215380400, -0.0000000000000000000 ) ) ;
#870 = UNCERTAINTY_MEASURE_WITH_UNIT (LENGTH_MEASURE( 1.000000000000000100E-005 ), #3895, 'distance_accuracy_value', 'NONE');
#871 = UNCERTAINTY_MEASURE_WITH_UNIT (LENGTH_MEASURE( 1.000000000000000100E-005 ), #3844, 'distance_accuracy_value', 'NONE');
#872 = UNCERTAINTY_MEASURE_WITH_UNIT (LENGTH_MEASURE( 1.000000000000000100E-005 ), #3859, 'distance_accuracy_value', 'NONE');
#873 = DIRECTION ( 'NONE',  ( 0.0000000000000000000, 1.000000000000000000, 0.0000000000000000000 ) ) ;
#874 = UNCERTAINTY_MEASURE_WITH_UNIT (LENGTH_MEASURE( 1.000000000000000100E-005 ), #1512, 'distance_accuracy_value', 'NONE');
#875 = UNCERTAINTY_MEASURE_WITH_UNIT (LENGTH_MEASURE( 1.000000000000000100E-005 ), #1548, 'distance_accuracy_value', 'NONE');
#876 = CARTESIAN_POINT ( 'NONE',  ( 3.094435436419809900, -2.689713120188720100, 0.5999999999999999800 ) ) ;
#877 = CARTESIAN_POINT ( 'NONE',  ( -5.015130616261423300, -1.830000000000000100, 0.0000000000000000000 ) ) ;
#878 = DIRECTION ( 'NONE',  ( 0.0000000000000000000, 0.0000000000000000000, 1.000000000000000000 ) ) ;
#879 = CARTESIAN_POINT ( 'NONE',  ( -3.871217345934643700, -2.730000000000000000, 1.700000000000000200 ) ) ;
#880 = DIRECTION ( 'NONE',  ( 1.000000000000000000, 0.0000000000000000000, 0.0000000000000000000 ) ) ;
#881 = CARTESIAN_POINT ( 'NONE',  ( 3.100000000000000100, 2.667693580837710700, 0.5999999999999999800 ) ) ;
#882 = DIRECTION ( 'NONE',  ( 0.0000000000000000000, 0.0000000000000000000, 1.000000000000000000 ) ) ;
#883 = DIRECTION ( 'NONE',  ( 0.1039620511844945300, 0.1039620511844956100, -0.9891328443778544300 ) ) ;
#884 = CARTESIAN_POINT ( 'NONE',  ( 3.100000000000000100, 2.654443476969938300, 0.6199999999999977800 ) ) ;
#885 = DIRECTION ( 'NONE',  ( 1.000000000000000000, 0.0000000000000000000, 0.0000000000000000000 ) ) ;
#886 = SURFACE_SIDE_STYLE ('',( #1951 ) ) ;
#887 = DIRECTION ( 'NONE',  ( -1.000000000000000000, -1.214483285911621300E-017, 8.456845228975073700E-018 ) ) ;
#888 = CARTESIAN_POINT ( 'NONE',  ( 1.700000000000000000, 0.0000000000000000000, 2.399999999999999900 ) ) ;
#889 = CARTESIAN_POINT ( 'NONE',  ( 3.100000000000000100, 2.646699158290387400, 0.6200000000000000000 ) ) ;
#890 = CARTESIAN_POINT ( 'NONE',  ( 2.912338379968803200, 2.834360778321586100, 2.405481047046696300 ) ) ;
#891 = CARTESIAN_POINT ( 'NONE',  ( -2.909566860834862400, -2.350000000000000500, 0.02000000000000005200 ) ) ;
#892 = CARTESIAN_POINT ( 'NONE',  ( 3.100000000000000100, 3.299999999999999800, 0.5999999999999999800 ) ) ;
#893 = DIRECTION ( 'NONE',  ( -1.000000000000000000, 0.0000000000000000000, 8.456845228975073700E-018 ) ) ;
#894 = FILL_AREA_STYLE ('',( #902 ) ) ;
#895 = CARTESIAN_POINT ( 'NONE',  ( 1.700000000000000000, 0.0000000000000000000, 2.379999999999999900 ) ) ;
#896 =( NAMED_UNIT ( * ) SI_UNIT ( $, .STERADIAN. ) SOLID_ANGLE_UNIT ( ) );
#897 = DIRECTION ( 'NONE',  ( 0.0000000000000000000, 1.000000000000000000, 0.0000000000000000000 ) ) ;
#898 = CARTESIAN_POINT ( 'NONE',  ( -2.976571113504072200, 2.872516253401576700, 2.400000000000000400 ) ) ;
#899 = DIRECTION ( 'NONE',  ( 1.000000000000000000, 0.0000000000000000000, 0.0000000000000000000 ) ) ;
#900 = DIRECTION ( 'NONE',  ( -1.000000000000000000, 0.0000000000000000000, 8.456845228975073700E-018 ) ) ;
#901 = CARTESIAN_POINT ( 'NONE',  ( -2.909566860834862400, -3.058517152057706100, 0.02000000000000005200 ) ) ;
#902 = FILL_AREA_STYLE_COLOUR ( '', #3277 ) ;
#903 =( NAMED_UNIT ( * ) PLANE_ANGLE_UNIT ( ) SI_UNIT ( $, .RADIAN. ) );
#904 = DIRECTION ( 'NONE',  ( -1.000000000000000000, 1.540743955509788700E-033, 1.472729200169565600E-016 ) ) ;
#905 = DIRECTION ( 'NONE',  ( 0.0000000000000000000, 0.0000000000000000000, 1.000000000000000000 ) ) ;
#906 = CARTESIAN_POINT ( 'NONE',  ( 1.700000000000000000, 0.0000000000000000000, 2.399999999999999900 ) ) ;
#907 = CARTESIAN_POINT ( 'NONE',  ( -2.973007454832666200, 3.100681391676264100, 1.122222118053714900 ) ) ;
#908 = CARTESIAN_POINT ( 'NONE',  ( 2.811109687498214000, -2.872516253401576200, 2.399999999999999500 ) ) ;
#909 = DIRECTION ( 'NONE',  ( 1.000000000000000000, 0.0000000000000000000, 0.0000000000000000000 ) ) ;
#910 = CARTESIAN_POINT ( 'NONE',  ( 5.916654669402859700, 0.2962597918242720300, 2.399999999999999000 ) ) ;
#911 = DIRECTION ( 'NONE',  ( -0.1730072088098784400, -0.08584148278563300000, 0.9811726379862918400 ) ) ;
#912 = DIRECTION ( 'NONE',  ( 0.0000000000000000000, 0.0000000000000000000, 1.000000000000000000 ) ) ;
#913 = DIRECTION ( 'NONE',  ( -0.1039620511844945300, 0.1039620511844956100, 0.9891328443778544300 ) ) ;
#914 =( LENGTH_UNIT ( ) NAMED_UNIT ( * ) SI_UNIT ( .MILLI., .METRE. ) );
#915 = DIRECTION ( 'NONE',  ( 1.000000000000000000, 1.540743955509788700E-033, -1.472729200169565600E-016 ) ) ;
#916 = SURFACE_STYLE_USAGE ( .BOTH. , #886 ) ;
#917 = CARTESIAN_POINT ( 'NONE',  ( 3.164272567260626900, -2.582426591029761000, 0.008487370673839336000 ) ) ;
#918 = DIRECTION ( 'NONE',  ( 0.7071067811865439100, 0.7071067811865512400, -1.041376804291334800E-016 ) ) ;
#919 = DIRECTION ( 'NONE',  ( 1.000000000000000000, 0.0000000000000000000, 0.0000000000000000000 ) ) ;
#920 = CARTESIAN_POINT ( 'NONE',  ( 3.100000000000000100, 2.661460910130755600, 0.6133149548219293300 ) ) ;
#921 = CARTESIAN_POINT ( 'NONE',  ( -2.909566860834862400, -2.700000000000000200, 0.02000000000000005200 ) ) ;
#922 = CARTESIAN_POINT ( 'NONE',  ( -2.973000000000000300, 3.050132376969940200, 1.700000000000000800 ) ) ;
#923 = DIRECTION ( 'NONE',  ( 0.0000000000000000000, -1.000000000000000000, 0.0000000000000000000 ) ) ;
#924 = CARTESIAN_POINT ( 'NONE',  ( -6.000000000000000000, -2.730000000000000000, 0.0000000000000000000 ) ) ;
#925 = DIRECTION ( 'NONE',  ( 1.000000000000000000, 0.0000000000000000000, 0.0000000000000000000 ) ) ;
#926 = DIRECTION ( 'NONE',  ( 0.0000000000000000000, 0.0000000000000000000, -1.000000000000000000 ) ) ;
#927 = DIRECTION ( 'NONE',  ( 0.0000000000000000000, 1.000000000000000000, 0.0000000000000000000 ) ) ;
#928 = CARTESIAN_POINT ( 'NONE',  ( -6.000000000000000000, -2.730000000000000000, 0.5999999999999999800 ) ) ;
#929 = CARTESIAN_POINT ( 'NONE',  ( -5.015130616261423300, 1.829999999999999800, 4.336808689942017700E-016 ) ) ;
#930 = DIRECTION ( 'NONE',  ( -7.200509705930738700E-016, -0.08715574274766527100, 0.9961946980917448800 ) ) ;
#931 = DIRECTION ( 'NONE',  ( -0.7071067811865439100, -0.7071067811865512400, 5.979892608853345400E-018 ) ) ;
#932 = DIRECTION ( 'NONE',  ( 0.0000000000000000000, 1.000000000000000000, 0.0000000000000000000 ) ) ;
#933 = CARTESIAN_POINT ( 'NONE',  ( -2.870005460344557900, 3.299999999999999800, 2.400000000000000400 ) ) ;
#934 = DIRECTION ( 'NONE',  ( 0.0000000000000000000, 0.0000000000000000000, 1.000000000000000000 ) ) ;
#935 = CARTESIAN_POINT ( 'NONE',  ( -3.871217345934643700, 1.829999999999999800, 1.100000000000000100 ) ) ;
#936 = DIRECTION ( 'NONE',  ( -0.0000000000000000000, 1.000000000000000000, -0.0000000000000000000 ) ) ;
#937 = DIRECTION ( 'NONE',  ( 0.0000000000000000000, 1.000000000000000000, 0.0000000000000000000 ) ) ;
#938 = CARTESIAN_POINT ( 'NONE',  ( -3.100000000000000100, 1.829999999999999800, 1.100000000000000100 ) ) ;
#939 = CARTESIAN_POINT ( 'NONE',  ( -4.053290641427165200, 1.829999999999999800, 0.9827605888602370900 ) ) ;
#940 = DIRECTION ( 'NONE',  ( 0.0000000000000000000, 0.0000000000000000000, -1.000000000000000000 ) ) ;
#941 = CARTESIAN_POINT ( 'NONE',  ( -6.000000000000000000, -1.830000000000000100, 0.5999999999999999800 ) ) ;
#942 = DIRECTION ( 'NONE',  ( -0.08682659386425373200, 0.08682659386425460600, -0.9924325091389658600 ) ) ;
#943 = CARTESIAN_POINT ( 'NONE',  ( 2.406024741404648700, 3.340886862831625500, -1.623338980661271500 ) ) ;
#944 = CARTESIAN_POINT ( 'NONE',  ( -4.053290641427165200, -2.730000000000000000, 0.9827605888602370900 ) ) ;
#945 = DIRECTION ( 'NONE',  ( -1.000000000000000000, 1.214483285911621300E-017, 8.456845228975073700E-018 ) ) ;
#946 = CARTESIAN_POINT ( 'NONE',  ( 3.005414008371909400, -2.614980869206710200, 0.02000000000000000000 ) ) ;
#947 = CARTESIAN_POINT ( 'NONE',  ( -3.100000000000000100, 0.4500000000000000100, 1.100000000000000100 ) ) ;
#948 = DIRECTION ( 'NONE',  ( 0.0000000000000000000, 1.000000000000000000, 0.0000000000000000000 ) ) ;
#949 = CARTESIAN_POINT ( 'NONE',  ( -2.803001207675347200, 3.299999999999999800, 0.02000000000000005200 ) ) ;
#950 = COLOUR_RGB ( '',0.0000000000000000000, 0.0000000000000000000, 0.0000000000000000000 ) ;
#951 = SURFACE_STYLE_FILL_AREA ( #3931 ) ;
#952 = COLOUR_RGB ( '',0.2509803921568627400, 0.2509803921568627400, 0.2509803921568627400 ) ;
#953 = CYLINDRICAL_SURFACE ( 'NONE', #1231, 0.1999999999999996500 ) ;
#954 = PRESENTATION_STYLE_ASSIGNMENT (( #3942 ) ) ;
#955 = PRESENTATION_STYLE_ASSIGNMENT (( #3922 ) ) ;
#956 = SURFACE_STYLE_FILL_AREA ( #3951 ) ;
#957 = FACE_OUTER_BOUND ( 'NONE', #1979, .T. ) ;
#958 = PRESENTATION_STYLE_ASSIGNMENT (( #3933 ) ) ;
#959 = FACE_OUTER_BOUND ( 'NONE', #1725, .T. ) ;
#960 = PRESENTATION_STYLE_ASSIGNMENT (( #3963 ) ) ;
#961 = SURFACE_STYLE_FILL_AREA ( #3920 ) ;
#962 = FACE_OUTER_BOUND ( 'NONE', #2109, .T. ) ;
#963 = COLOUR_RGB ( '',0.0000000000000000000, 0.0000000000000000000, 0.0000000000000000000 ) ;
#964 = PRESENTATION_STYLE_ASSIGNMENT (( #3953 ) ) ;
#965 = FACE_OUTER_BOUND ( 'NONE', #1722, .T. ) ;
#966 = FACE_OUTER_BOUND ( 'NONE', #1653, .T. ) ;
#967 = CYLINDRICAL_SURFACE ( 'NONE', #1283, 0.1269999999999999500 ) ;
#968 = SURFACE_STYLE_FILL_AREA ( #3902 ) ;
#969 = PRESENTATION_STYLE_ASSIGNMENT (( #3904 ) ) ;
#970 = FACE_OUTER_BOUND ( 'NONE', #1960, .T. ) ;
#971 = SURFACE_STYLE_FILL_AREA ( #3961 ) ;
#972 = SPHERICAL_SURFACE ( 'NONE', #1240, 0.1270000000000000000 ) ;
#973 = COLOUR_RGB ( '',0.7529411764705882200, 0.7529411764705882200, 0.7529411764705882200 ) ;
#974 = FACE_OUTER_BOUND ( 'NONE', #1849, .T. ) ;
#975 = PRESENTATION_STYLE_ASSIGNMENT (( #3973 ) ) ;
#976 = FACE_OUTER_BOUND ( 'NONE', #1777, .T. ) ;
#977 = COLOUR_RGB ( '',0.0000000000000000000, 0.0000000000000000000, 0.0000000000000000000 ) ;
#978 = CYLINDRICAL_SURFACE ( 'NONE', #1304, 0.4999999999999997800 ) ;
#979 = PRESENTATION_STYLE_ASSIGNMENT (( #3894 ) ) ;
#980 = SURFACE_STYLE_FILL_AREA ( #3940 ) ;
#981 = SURFACE_STYLE_FILL_AREA ( #3892 ) ;
#982 = FACE_OUTER_BOUND ( 'NONE', #1881, .T. ) ;
#983 = FACE_OUTER_BOUND ( 'NONE', #1996, .T. ) ;
#984 = COLOUR_RGB ( '',0.0000000000000000000, 0.0000000000000000000, 0.0000000000000000000 ) ;
#985 = SURFACE_STYLE_FILL_AREA ( #3971 ) ;
#986 = COLOUR_RGB ( '',0.0000000000000000000, 0.0000000000000000000, 0.0000000000000000000 ) ;
#987 = COLOUR_RGB ( '',0.2509803921568627400, 0.2509803921568627400, 0.2509803921568627400 ) ;
#988 = SURFACE_STYLE_FILL_AREA ( #3878 ) ;
#989 = PRESENTATION_STYLE_ASSIGNMENT (( #3880 ) ) ;
#990 = FACE_OUTER_BOUND ( 'NONE', #2052, .T. ) ;
#991 = COLOUR_RGB ( '',0.0000000000000000000, 0.0000000000000000000, 0.0000000000000000000 ) ;
#992 = FACE_OUTER_BOUND ( 'NONE', #1684, .T. ) ;
#993 = CYLINDRICAL_SURFACE ( 'NONE', #1239, 0.1269999999999998900 ) ;
#994 = CYLINDRICAL_SURFACE ( 'NONE', #1237, 0.1269999999999999500 ) ;
#995 = CYLINDRICAL_SURFACE ( 'NONE', #1267, 0.1269999999999999500 ) ;
#996 = CARTESIAN_POINT ( 'NONE',  ( 3.799999999999998500, 0.9000000000000003600, 0.0000000000000000000 ) ) ;
#997 = DIRECTION ( 'NONE',  ( -2.409338161078900700E-016, 1.000000000000000000, 0.0000000000000000000 ) ) ;
#998 = DIRECTION ( 'NONE',  ( -0.0000000000000000000, -0.0000000000000000000, -1.000000000000000000 ) ) ;
#999 = DIRECTION ( 'NONE',  ( -1.000000000000000000, 0.0000000000000000000, 0.0000000000000000000 ) ) ;
#1000 = DIRECTION ( 'NONE',  ( -0.0000000000000000000, -0.0000000000000000000, -1.000000000000000000 ) ) ;
#1001 = CARTESIAN_POINT ( 'NONE',  ( -5.015130616261423300, 2.730000000000000000, 0.0000000000000000000 ) ) ;
#1002 = CARTESIAN_POINT ( 'NONE',  ( 3.799999999999998900, -0.8999999999999995800, 0.0000000000000000000 ) ) ;
#1003 = CARTESIAN_POINT ( 'NONE',  ( 3.699999999999999300, -0.8999999999999989100, 0.0000000000000000000 ) ) ;
#1004 = DIRECTION ( 'NONE',  ( -0.0000000000000000000, -0.0000000000000000000, -1.000000000000000000 ) ) ;
#1005 = CARTESIAN_POINT ( 'NONE',  ( 3.799999999999999400, 1.000000000000000400, 0.5999999999999999800 ) ) ;
#1006 = DIRECTION ( 'NONE',  ( -0.0000000000000000000, -0.0000000000000000000, -1.000000000000000000 ) ) ;
#1007 = DIRECTION ( 'NONE',  ( -0.0000000000000000000, -0.0000000000000000000, -1.000000000000000000 ) ) ;
#1008 = DIRECTION ( 'NONE',  ( -0.0000000000000000000, -0.0000000000000000000, -1.000000000000000000 ) ) ;
#1009 = DIRECTION ( 'NONE',  ( 1.000000000000000000, 0.0000000000000000000, 0.0000000000000000000 ) ) ;
#1010 = CARTESIAN_POINT ( 'NONE',  ( -5.015130616261423300, 1.829999999999999800, 0.5999999999999999800 ) ) ;
#1011 = CARTESIAN_POINT ( 'NONE',  ( 3.799999999999999400, 1.000000000000000400, 0.0000000000000000000 ) ) ;
#1012 = CARTESIAN_POINT ( 'NONE',  ( 3.699999999999999300, -0.8999999999999989100, 0.5999999999999999800 ) ) ;
#1013 = CARTESIAN_POINT ( 'NONE',  ( 3.699999999999998800, 0.8999999999999998000, 0.5999999999999999800 ) ) ;
#1014 = CARTESIAN_POINT ( 'NONE',  ( 3.799999999999999800, -0.9999999999999995600, 0.5999999999999999800 ) ) ;
#1015 = DIRECTION ( 'NONE',  ( 1.000000000000000000, -0.0000000000000000000, -0.0000000000000000000 ) ) ;
#1016 = DIRECTION ( 'NONE',  ( -1.000000000000000000, 0.0000000000000000000, 0.0000000000000000000 ) ) ;
#1017 = CARTESIAN_POINT ( 'NONE',  ( -6.000000000000000000, 2.730000000000000000, 0.5999999999999999800 ) ) ;
#1018 = DIRECTION ( 'NONE',  ( -1.000000000000000000, 0.0000000000000000000, 0.0000000000000000000 ) ) ;
#1019 = DIRECTION ( 'NONE',  ( -0.0000000000000000000, -0.0000000000000000000, -1.000000000000000000 ) ) ;
#1020 = DIRECTION ( 'NONE',  ( 1.000000000000000000, 0.0000000000000000000, 0.0000000000000000000 ) ) ;
#1021 = DIRECTION ( 'NONE',  ( 0.0000000000000000000, 0.0000000000000000000, 1.000000000000000000 ) ) ;
#1022 = CARTESIAN_POINT ( 'NONE',  ( 3.999999999999999100, -1.099999999999999600, 0.0000000000000000000 ) ) ;
#1023 = CARTESIAN_POINT ( 'NONE',  ( 3.999999999999998200, -0.9999999999999995600, 0.0000000000000000000 ) ) ;
#1024 = CARTESIAN_POINT ( 'NONE',  ( 4.099999999999999600, 1.100000000000001200, 0.5999999999999999800 ) ) ;
#1025 = CARTESIAN_POINT ( 'NONE',  ( 4.099999999999999600, -1.100000000000000300, 0.0000000000000000000 ) ) ;
#1026 = DIRECTION ( 'NONE',  ( -1.000000000000000000, 0.0000000000000000000, 0.0000000000000000000 ) ) ;
#1027 = DIRECTION ( 'NONE',  ( 0.0000000000000000000, 1.000000000000000000, 0.0000000000000000000 ) ) ;
#1028 = DIRECTION ( 'NONE',  ( -0.0000000000000000000, -0.0000000000000000000, -1.000000000000000000 ) ) ;
#1029 = CARTESIAN_POINT ( 'NONE',  ( -3.871217345934644200, -1.830000000000000100, 0.9000000000000001300 ) ) ;
#1030 = CARTESIAN_POINT ( 'NONE',  ( 3.100000000000000500, 2.699999999999999300, 0.07260512242138275600 ) ) ;
#1031 = CARTESIAN_POINT ( 'NONE',  ( 3.025605122421383400, 2.699999999999999300, 0.01999999999999959100 ) ) ;
#1032 = CARTESIAN_POINT ( 'NONE',  ( 2.200000000000000200, 2.699999999999999700, 0.5999999999999999800 ) ) ;
#1033 = CARTESIAN_POINT ( 'NONE',  ( 3.089522201104109900, -2.700000000000000600, 0.5999999999999999800 ) ) ;
#1034 = CARTESIAN_POINT ( 'NONE',  ( 2.200000000000000200, 2.699999999999999700, 0.0000000000000000000 ) ) ;
#1035 = CARTESIAN_POINT ( 'NONE',  ( 3.096472852125994500, -2.700000000000000600, 0.4734039947612939100 ) ) ;
#1036 = CARTESIAN_POINT ( 'NONE',  ( 3.100000000000001900, -2.700000000000001100, 0.07260512242138325600 ) ) ;
#1037 = CARTESIAN_POINT ( 'NONE',  ( 3.999999999999998200, -0.9999999999999995600, 0.5999999999999999800 ) ) ;
#1038 = DIRECTION ( 'NONE',  ( 1.000000000000000000, 0.0000000000000000000, 0.0000000000000000000 ) ) ;
#1039 = CARTESIAN_POINT ( 'NONE',  ( -1.000000000000000400, 2.350000000000000100, 0.0000000000000000000 ) ) ;
#1040 = DIRECTION ( 'NONE',  ( -1.239088197126290700E-015, -1.000000000000000000, 0.0000000000000000000 ) ) ;
#1041 = CARTESIAN_POINT ( 'NONE',  ( 3.097948706191993000, 2.678880581120341600, 0.5999999999999998700 ) ) ;
#1042 = DIRECTION ( 'NONE',  ( 0.0000000000000000000, -1.000000000000000000, 0.0000000000000000000 ) ) ;
#1043 = CARTESIAN_POINT ( 'NONE',  ( -5.015130616261423300, -2.730000000000000000, 0.0000000000000000000 ) ) ;
#1044 = DIRECTION ( 'NONE',  ( -0.0000000000000000000, -0.0000000000000000000, -1.000000000000000000 ) ) ;
#1045 = DIRECTION ( 'NONE',  ( -0.0000000000000000000, -0.0000000000000000000, -1.000000000000000000 ) ) ;
#1046 = CARTESIAN_POINT ( 'NONE',  ( 3.025605122421386000, -2.700000000000001100, 0.02000000000000020900 ) ) ;
#1047 = DIRECTION ( 'NONE',  ( -0.0000000000000000000, -0.0000000000000000000, -1.000000000000000000 ) ) ;
#1048 = DIRECTION ( 'NONE',  ( -0.0000000000000000000, -0.0000000000000000000, -1.000000000000000000 ) ) ;
#1049 = CARTESIAN_POINT ( 'NONE',  ( 2.200000000000000200, -2.700000000000000600, 0.0000000000000000000 ) ) ;
#1050 = CARTESIAN_POINT ( 'NONE',  ( 2.924867428313046200, 3.299999999999999800, 2.286275114834990700 ) ) ;
#1051 = CARTESIAN_POINT ( 'NONE',  ( 3.100000000000000100, 2.667693580837710700, 0.5999999999999999800 ) ) ;
#1052 = CARTESIAN_POINT ( 'NONE',  ( 2.199999999999999700, 2.349999999999999600, 0.0000000000000000000 ) ) ;
#1053 = DIRECTION ( 'NONE',  ( -0.0000000000000000000, -0.0000000000000000000, -1.000000000000000000 ) ) ;
#1054 = CARTESIAN_POINT ( 'NONE',  ( 2.920394877578620800, -2.700000000000000200, 0.02000000000000000000 ) ) ;
#1055 = DIRECTION ( 'NONE',  ( 1.000000000000000000, -0.0000000000000000000, -0.0000000000000000000 ) ) ;
#1056 = DIRECTION ( 'NONE',  ( -0.0000000000000000000, -0.0000000000000000000, -1.000000000000000000 ) ) ;
#1057 = CARTESIAN_POINT ( 'NONE',  ( 3.100000000000000100, 2.699999999999999300, 0.1469999999999999900 ) ) ;
#1058 = DIRECTION ( 'NONE',  ( 0.0000000000000000000, 0.0000000000000000000, 1.000000000000000000 ) ) ;
#1059 = CARTESIAN_POINT ( 'NONE',  ( 2.920394877578617300, 2.699999999999999700, 0.02000000000000000000 ) ) ;
#1060 = CARTESIAN_POINT ( 'NONE',  ( -1.000000000000000400, 2.350000000000000100, 0.5999999999999999800 ) ) ;
#1061 = DIRECTION ( 'NONE',  ( 0.4856429311786316600, 0.8741572761215380400, -0.0000000000000000000 ) ) ;
#1062 = DIRECTION ( 'NONE',  ( 0.0000000000000000000, 0.0000000000000000000, -1.000000000000000000 ) ) ;
#1063 = DIRECTION ( 'NONE',  ( -0.0000000000000000000, -0.0000000000000000000, -1.000000000000000000 ) ) ;
#1064 = CARTESIAN_POINT ( 'NONE',  ( 3.599999999999999600, 2.699999999999999300, 0.5999999999999999800 ) ) ;
#1065 = CARTESIAN_POINT ( 'NONE',  ( 3.100000000000000100, 2.699999999999998800, 0.3587591280712906800 ) ) ;
#1066 = CARTESIAN_POINT ( 'NONE',  ( 3.096472852125994100, 2.699999999999998800, 0.4734039947612920200 ) ) ;
#1067 = CARTESIAN_POINT ( 'NONE',  ( 2.200000000000000200, -2.700000000000000600, 0.5999999999999999800 ) ) ;
#1068 = CARTESIAN_POINT ( 'NONE',  ( 4.099999999999999600, -1.800000000000000500, 0.5999999999999999800 ) ) ;
#1069 = DIRECTION ( 'NONE',  ( -1.000000000000000000, 1.355252715606880500E-016, 0.0000000000000000000 ) ) ;
#1070 = DIRECTION ( 'NONE',  ( 0.0000000000000000000, -1.000000000000000000, 0.0000000000000000000 ) ) ;
#1071 = DIRECTION ( 'NONE',  ( -0.0000000000000000000, 1.000000000000000000, -0.0000000000000000000 ) ) ;
#1072 = DIRECTION ( 'NONE',  ( 0.0000000000000000000, 1.000000000000000000, 0.0000000000000000000 ) ) ;
#1073 = CARTESIAN_POINT ( 'NONE',  ( -0.9999999999999997800, -2.350000000000000100, 0.5999999999999999800 ) ) ;
#1074 = CARTESIAN_POINT ( 'NONE',  ( 3.100000000000000100, 2.699999999999999300, 0.02000000000000000000 ) ) ;
#1075 = CARTESIAN_POINT ( 'NONE',  ( 4.099999999999999600, -1.100000000000000300, 0.5999999999999999800 ) ) ;
#1076 = DIRECTION ( 'NONE',  ( -1.000000000000000000, 3.097720492815728600E-016, 0.0000000000000000000 ) ) ;
#1077 = CARTESIAN_POINT ( 'NONE',  ( 3.599999999999999600, 2.699999999999999300, 0.0000000000000000000 ) ) ;
#1078 = DIRECTION ( 'NONE',  ( -1.000000000000000000, 0.0000000000000000000, 0.0000000000000000000 ) ) ;
#1079 = DIRECTION ( 'NONE',  ( 1.000000000000000000, 0.0000000000000000000, 0.0000000000000000000 ) ) ;
#1080 = CARTESIAN_POINT ( 'NONE',  ( -0.9999999999999997800, -2.350000000000000100, 0.0000000000000000000 ) ) ;
#1081 = CARTESIAN_POINT ( 'NONE',  ( 3.100000000000000100, -2.700000000000000200, 0.2594342226259309700 ) ) ;
#1082 = DIRECTION ( 'NONE',  ( 0.0000000000000000000, 1.000000000000000000, 0.0000000000000000000 ) ) ;
#1083 = CARTESIAN_POINT ( 'NONE',  ( 2.200000000000000200, -2.350000000000000100, 0.5999999999999999800 ) ) ;
#1084 = CARTESIAN_POINT ( 'NONE',  ( 3.099999999999999600, -2.700000000000000600, 0.3587591280712944500 ) ) ;
#1085 = DIRECTION ( 'NONE',  ( -0.0000000000000000000, -0.0000000000000000000, -1.000000000000000000 ) ) ;
#1086 = CARTESIAN_POINT ( 'NONE',  ( 3.089522201104110400, 2.699999999999999300, 0.5999999999999999800 ) ) ;
#1087 = DIRECTION ( 'NONE',  ( 1.000000000000000000, 0.0000000000000000000, 0.0000000000000000000 ) ) ;
#1088 = CARTESIAN_POINT ( 'NONE',  ( 2.200000000000000200, -2.350000000000000100, 0.0000000000000000000 ) ) ;
#1089 = CARTESIAN_POINT ( 'NONE',  ( -3.871217345934644200, 2.730000000000000000, 0.9000000000000001300 ) ) ;
#1090 = DIRECTION ( 'NONE',  ( -0.0000000000000000000, -0.0000000000000000000, -1.000000000000000000 ) ) ;
#1091 = DIRECTION ( 'NONE',  ( 1.384087879768729100E-016, -1.000000000000000000, 0.0000000000000000000 ) ) ;
#1092 = CARTESIAN_POINT ( 'NONE',  ( -5.015130616261423300, -2.730000000000000000, 0.6000000000000004200 ) ) ;
#1093 = CARTESIAN_POINT ( 'NONE',  ( 3.100000000000000100, 2.699999999999999300, 0.2594342226259278600 ) ) ;
#1094 = DIRECTION ( 'NONE',  ( -0.0000000000000000000, -0.0000000000000000000, -1.000000000000000000 ) ) ;
#1095 = CARTESIAN_POINT ( 'NONE',  ( 3.100000000000000100, -2.700000000000000200, 0.1469999999999999900 ) ) ;
#1096 = CARTESIAN_POINT ( 'NONE',  ( 3.600000000000000100, -2.700000000000000600, 0.5999999999999999800 ) ) ;
#1097 = CARTESIAN_POINT ( 'NONE',  ( 3.100000000000000100, -2.700000000000000200, 0.02000000000000000000 ) ) ;
#1098 = CARTESIAN_POINT ( 'NONE',  ( 4.099999999999999600, -1.800000000000000500, 0.0000000000000000000 ) ) ;
#1099 = ADVANCED_FACE ( 'NONE', ( #3253 ), #3561, .T. ) ;
#1100 = ADVANCED_FACE ( 'NONE', ( #3299 ), #3097, .T. ) ;
#1101 = ADVANCED_FACE ( 'NONE', ( #3316 ), #3630, .T. ) ;
#1102 = ADVANCED_FACE ( 'NONE', ( #3060 ), #3535, .T. ) ;
#1103 = ADVANCED_FACE ( 'NONE', ( #3646 ), #127, .F. ) ;
#1104 = ADVANCED_FACE ( 'NONE', ( #3170 ), #126, .F. ) ;
#1105 = ADVANCED_FACE ( 'NONE', ( #3717 ), #138, .F. ) ;
#1106 = ADVANCED_FACE ( 'NONE', ( #3775 ), #149, .F. ) ;
#1107 = ADVANCED_FACE ( 'NONE', ( #3799 ), #3714, .T. ) ;
#1108 = ADVANCED_FACE ( 'NONE', ( #3748 ), #174, .F. ) ;
#1109 = ADVANCED_FACE ( 'NONE', ( #3665 ), #3660, .T. ) ;
#1110 = ADVANCED_FACE ( 'NONE', ( #3753 ), #3787, .T. ) ;
#1111 = ADVANCED_FACE ( 'NONE', ( #3721 ), #2622, .T. ) ;
#1112 = ADVANCED_FACE ( 'NONE', ( #3666 ), #3783, .T. ) ;
#1113 = ADVANCED_FACE ( 'NONE', ( #3687 ), #3741, .T. ) ;
#1114 = ADVANCED_FACE ( 'NONE', ( #3814 ), #3768, .T. ) ;
#1115 = ADVANCED_FACE ( 'NONE', ( #3712 ), #3760, .T. ) ;
#1116 = ADVANCED_FACE ( 'NONE', ( #3744 ), #2659, .T. ) ;
#1117 = ADVANCED_FACE ( 'NONE', ( #3688 ), #3815, .T. ) ;
#1118 = ADVANCED_FACE ( 'NONE', ( #3764 ), #3676, .T. ) ;
#1119 = ADVANCED_FACE ( 'NONE', ( #3667 ), #3807, .T. ) ;
#1120 = ADVANCED_FACE ( 'NONE', ( #3694 ), #3679, .T. ) ;
#1121 = ADVANCED_FACE ( 'NONE', ( #3806 ), #3678, .T. ) ;
#1122 = ADVANCED_FACE ( 'NONE', ( #3750 ), #3707, .T. ) ;
#1123 = ADVANCED_FACE ( 'NONE', ( #3715 ), #2716, .T. ) ;
#1124 = ADVANCED_FACE ( 'NONE', ( #3809 ), #3762, .T. ) ;
#1125 = ADVANCED_FACE ( 'NONE', ( #3791 ), #2730, .F. ) ;
#1126 = ADVANCED_FACE ( 'NONE', ( #3736 ), #2729, .T. ) ;
#1127 = ADVANCED_FACE ( 'NONE', ( #3795 ), #2734, .F. ) ;
#1128 = ADVANCED_FACE ( 'NONE', ( #3802 ), #2738, .F. ) ;
#1129 = ADVANCED_FACE ( 'NONE', ( #3755 ), #2749, .F. ) ;
#1130 = ADVANCED_FACE ( 'NONE', ( #3699 ), #2753, .T. ) ;
#1131 = ADVANCED_FACE ( 'NONE', ( #3682 ), #3785, .T. ) ;
#1132 = ADVANCED_FACE ( 'NONE', ( #3703 ), #2778, .F. ) ;
#1133 = ADVANCED_FACE ( 'NONE', ( #3681 ), #3746, .T. ) ;
#1134 = ADVANCED_FACE ( 'NONE', ( #3673 ), #2792, .F. ) ;
#1135 = ADVANCED_FACE ( 'NONE', ( #3716 ), #2791, .F. ) ;
#1136 = ADVANCED_FACE ( 'NONE', ( #3698 ), #3757, .T. ) ;
#1137 = ADVANCED_FACE ( 'NONE', ( #3731 ), #2824, .F. ) ;
#1138 = STYLED_ITEM ( 'NONE', ( #450 ), #2536 ) ;
#1139 = AXIS2_PLACEMENT_3D ( 'NONE', #4002, #4003, #4004 ) ;
#1140 = PRESENTATION_LAYER_ASSIGNMENT (  '', '', ( #1138 ) ) ;
#1141 = MECHANICAL_DESIGN_GEOMETRIC_PRESENTATION_REPRESENTATION (  '', ( #1138 ), #1143 ) ;
#1142 =( GEOMETRIC_REPRESENTATION_CONTEXT ( 3 ) GLOBAL_UNCERTAINTY_ASSIGNED_CONTEXT ( ( #863 ) ) GLOBAL_UNIT_ASSIGNED_CONTEXT ( ( #3823, #3824, #3825 ) ) REPRESENTATION_CONTEXT ( 'NONE', 'WORKASPACE' ) );
#1143 =( GEOMETRIC_REPRESENTATION_CONTEXT ( 3 ) GLOBAL_UNCERTAINTY_ASSIGNED_CONTEXT ( ( #827 ) ) GLOBAL_UNIT_ASSIGNED_CONTEXT ( ( #4010, #4011, #4012 ) ) REPRESENTATION_CONTEXT ( 'NONE', 'WORKASPACE' ) );
#1144 = STYLED_ITEM ( 'NONE', ( #477 ), #2537 ) ;
#1145 = AXIS2_PLACEMENT_3D ( 'NONE', #4013, #4014, #4015 ) ;
#1146 = STYLED_ITEM ( 'NONE', ( #2979 ), #2505 ) ;
#1147 = PRESENTATION_LAYER_ASSIGNMENT (  '', '', ( #1144 ) ) ;
#1148 = MECHANICAL_DESIGN_GEOMETRIC_PRESENTATION_REPRESENTATION (  '', ( #1144 ), #1149 ) ;
#1149 =( GEOMETRIC_REPRESENTATION_CONTEXT ( 3 ) GLOBAL_UNCERTAINTY_ASSIGNED_CONTEXT ( ( #826 ) ) GLOBAL_UNIT_ASSIGNED_CONTEXT ( ( #4021, #4022, #4023 ) ) REPRESENTATION_CONTEXT ( 'NONE', 'WORKASPACE' ) );
#1150 = STYLED_ITEM ( 'NONE', ( #444 ), #2538 ) ;
#1151 = AXIS2_PLACEMENT_3D ( 'NONE', #4024, #4025, #4026 ) ;
#1152 = PRESENTATION_LAYER_ASSIGNMENT (  '', '', ( #1150 ) ) ;
#1153 = MECHANICAL_DESIGN_GEOMETRIC_PRESENTATION_REPRESENTATION (  '', ( #1150 ), #1155 ) ;
#1154 = STYLED_ITEM ( 'NONE', ( #2957 ), #2515 ) ;
#1155 =( GEOMETRIC_REPRESENTATION_CONTEXT ( 3 ) GLOBAL_UNCERTAINTY_ASSIGNED_CONTEXT ( ( #825 ) ) GLOBAL_UNIT_ASSIGNED_CONTEXT ( ( #4032, #4033, #4034 ) ) REPRESENTATION_CONTEXT ( 'NONE', 'WORKASPACE' ) );
#1156 = PRESENTATION_LAYER_ASSIGNMENT (  '', '', ( #1157 ) ) ;
#1157 = STYLED_ITEM ( 'NONE', ( #453 ), #2539 ) ;
#1158 = AXIS2_PLACEMENT_3D ( 'NONE', #4027, #4016, #4035 ) ;
#1159 = MECHANICAL_DESIGN_GEOMETRIC_PRESENTATION_REPRESENTATION (  '', ( #1157 ), #1160 ) ;
#1160 =( GEOMETRIC_REPRESENTATION_CONTEXT ( 3 ) GLOBAL_UNCERTAINTY_ASSIGNED_CONTEXT ( ( #829 ) ) GLOBAL_UNIT_ASSIGNED_CONTEXT ( ( #4042, #4043, #4044 ) ) REPRESENTATION_CONTEXT ( 'NONE', 'WORKASPACE' ) );
#1161 = STYLED_ITEM ( 'NONE', ( #454 ), #2540 ) ;
#1162 = AXIS2_PLACEMENT_3D ( 'NONE', #4045, #4046, #4047 ) ;
#1163 = AXIS2_PLACEMENT_3D ( 'NONE', #3847, #3848, #3849 ) ;
#1164 = PRESENTATION_LAYER_ASSIGNMENT (  '', '', ( #1161 ) ) ;
#1165 = MECHANICAL_DESIGN_GEOMETRIC_PRESENTATION_REPRESENTATION (  '', ( #1161 ), #1166 ) ;
#1166 =( GEOMETRIC_REPRESENTATION_CONTEXT ( 3 ) GLOBAL_UNCERTAINTY_ASSIGNED_CONTEXT ( ( #820 ) ) GLOBAL_UNIT_ASSIGNED_CONTEXT ( ( #4053, #4054, #4055 ) ) REPRESENTATION_CONTEXT ( 'NONE', 'WORKASPACE' ) );
#1167 = STYLED_ITEM ( 'NONE', ( #3784 ), #2499 ) ;
#1168 = PRESENTATION_LAYER_ASSIGNMENT (  '', '', ( #1170 ) ) ;
#1169 = AXIS2_PLACEMENT_3D ( 'NONE', #4056, #4057, #4058 ) ;
#1170 = STYLED_ITEM ( 'NONE', ( #451 ), #2542 ) ;
#1171 = AXIS2_PLACEMENT_3D ( 'NONE', #4059, #4048, #4049 ) ;
#1172 = MECHANICAL_DESIGN_GEOMETRIC_PRESENTATION_REPRESENTATION (  '', ( #1170 ), #1173 ) ;
#1173 =( GEOMETRIC_REPRESENTATION_CONTEXT ( 3 ) GLOBAL_UNCERTAINTY_ASSIGNED_CONTEXT ( ( #824 ) ) GLOBAL_UNIT_ASSIGNED_CONTEXT ( ( #4066, #4067, #4068 ) ) REPRESENTATION_CONTEXT ( 'NONE', 'WORKASPACE' ) );
#1174 = PRESENTATION_LAYER_ASSIGNMENT (  '', '', ( #1250 ) ) ;
#1175 = AXIS2_PLACEMENT_3D ( 'NONE', #4061, #4069, #4070 ) ;
#1176 = STYLED_ITEM ( 'NONE', ( #459 ), #2544 ) ;
#1177 =( GEOMETRIC_REPRESENTATION_CONTEXT ( 3 ) GLOBAL_UNCERTAINTY_ASSIGNED_CONTEXT ( ( #843 ) ) GLOBAL_UNIT_ASSIGNED_CONTEXT ( ( #1486, #1487, #1488 ) ) REPRESENTATION_CONTEXT ( 'NONE', 'WORKASPACE' ) );
#1178 = MECHANICAL_DESIGN_GEOMETRIC_PRESENTATION_REPRESENTATION (  '', ( #1288 ), #1320 ) ;
#1179 = AXIS2_PLACEMENT_3D ( 'NONE', #1557, #1552, #1565 ) ;
#1180 = PRESENTATION_LAYER_ASSIGNMENT (  '', '', ( #1154 ) ) ;
#1181 = AXIS2_PLACEMENT_3D ( 'NONE', #1540, #1541, #1542 ) ;
#1182 =( GEOMETRIC_REPRESENTATION_CONTEXT ( 3 ) GLOBAL_UNCERTAINTY_ASSIGNED_CONTEXT ( ( #871 ) ) GLOBAL_UNIT_ASSIGNED_CONTEXT ( ( #3844, #3845, #3846 ) ) REPRESENTATION_CONTEXT ( 'NONE', 'WORKASPACE' ) );
#1183 = PRESENTATION_LAYER_ASSIGNMENT (  '', '', ( #1223 ) ) ;
#1184 = STYLED_ITEM ( 'NONE', ( #2987 ), #2520 ) ;
#1185 =( GEOMETRIC_REPRESENTATION_CONTEXT ( 3 ) GLOBAL_UNCERTAINTY_ASSIGNED_CONTEXT ( ( #872 ) ) GLOBAL_UNIT_ASSIGNED_CONTEXT ( ( #3859, #3860, #3861 ) ) REPRESENTATION_CONTEXT ( 'NONE', 'WORKASPACE' ) );
#1186 = STYLED_ITEM ( 'NONE', ( #2986 ), #2519 ) ;
#1187 = AXIS2_PLACEMENT_3D ( 'NONE', #3840, #3852, #3853 ) ;
#1188 = PRESENTATION_LAYER_ASSIGNMENT (  '', '', ( #1276 ) ) ;
#1189 = STYLED_ITEM ( 'NONE', ( #2966 ), #2506 ) ;
#1190 = AXIS2_PLACEMENT_3D ( 'NONE', #3873, #3874, #3875 ) ;
#1191 = AXIS2_PLACEMENT_3D ( 'NONE', #3826, #3827, #3828 ) ;
#1192 = AXIS2_PLACEMENT_3D ( 'NONE', #1544, #1555, #1556 ) ;
#1193 = MECHANICAL_DESIGN_GEOMETRIC_PRESENTATION_REPRESENTATION (  '', ( #1329 ), #1218 ) ;
#1194 = STYLED_ITEM ( 'NONE', ( #975 ), #2532 ) ;
#1195 = MECHANICAL_DESIGN_GEOMETRIC_PRESENTATION_REPRESENTATION (  '', ( #1224 ), #1212 ) ;
#1196 = MECHANICAL_DESIGN_GEOMETRIC_PRESENTATION_REPRESENTATION (  '', ( #1154 ), #1142 ) ;
#1197 =( GEOMETRIC_REPRESENTATION_CONTEXT ( 3 ) GLOBAL_UNCERTAINTY_ASSIGNED_CONTEXT ( ( #874 ) ) GLOBAL_UNIT_ASSIGNED_CONTEXT ( ( #1512, #1513, #1514 ) ) REPRESENTATION_CONTEXT ( 'NONE', 'WORKASPACE' ) );
#1198 = AXIS2_PLACEMENT_3D ( 'NONE', #3968, #3969, #3977 ) ;
#1199 = STYLED_ITEM ( 'NONE', ( #2937 ), #2514 ) ;
#1200 =( GEOMETRIC_REPRESENTATION_CONTEXT ( 3 ) GLOBAL_UNCERTAINTY_ASSIGNED_CONTEXT ( ( #835 ) ) GLOBAL_UNIT_ASSIGNED_CONTEXT ( ( #3934, #3935, #3936 ) ) REPRESENTATION_CONTEXT ( 'NONE', 'WORKASPACE' ) );
#1201 =( GEOMETRIC_REPRESENTATION_CONTEXT ( 3 ) GLOBAL_UNCERTAINTY_ASSIGNED_CONTEXT ( ( #831 ) ) GLOBAL_UNIT_ASSIGNED_CONTEXT ( ( #3974, #3975, #3976 ) ) REPRESENTATION_CONTEXT ( 'NONE', 'WORKASPACE' ) );
#1202 = AXIS2_PLACEMENT_3D ( 'NONE', #1482, #1494, #1495 ) ;
#1203 =( GEOMETRIC_REPRESENTATION_CONTEXT ( 3 ) GLOBAL_UNCERTAINTY_ASSIGNED_CONTEXT ( ( #836 ) ) GLOBAL_UNIT_ASSIGNED_CONTEXT ( ( #3923, #3924, #3925 ) ) REPRESENTATION_CONTEXT ( 'NONE', 'WORKASPACE' ) );
#1204 = MECHANICAL_DESIGN_GEOMETRIC_PRESENTATION_REPRESENTATION (  '', ( #1194 ), #1201 ) ;
#1205 = MECHANICAL_DESIGN_GEOMETRIC_PRESENTATION_REPRESENTATION (  '', ( #1186 ), #1185 ) ;
#1206 = STYLED_ITEM ( 'NONE', ( #3722 ), #2500 ) ;
#1207 =( GEOMETRIC_REPRESENTATION_CONTEXT ( 3 ) GLOBAL_UNCERTAINTY_ASSIGNED_CONTEXT ( ( #832 ) ) GLOBAL_UNIT_ASSIGNED_CONTEXT ( ( #3964, #3965, #3966 ) ) REPRESENTATION_CONTEXT ( 'NONE', 'WORKASPACE' ) );
#1208 = MECHANICAL_DESIGN_GEOMETRIC_PRESENTATION_REPRESENTATION (  '', ( #1189 ), #1256 ) ;
#1209 = MECHANICAL_DESIGN_GEOMETRIC_PRESENTATION_REPRESENTATION (  '', ( #1146 ), #1216 ) ;
#1210 =( GEOMETRIC_REPRESENTATION_CONTEXT ( 3 ) GLOBAL_UNCERTAINTY_ASSIGNED_CONTEXT ( ( #842 ) ) GLOBAL_UNIT_ASSIGNED_CONTEXT ( ( #1476, #1477, #1478 ) ) REPRESENTATION_CONTEXT ( 'NONE', 'WORKASPACE' ) );
#1211 = MECHANICAL_DESIGN_GEOMETRIC_PRESENTATION_REPRESENTATION (  '', ( #1223 ), #1241 ) ;
#1212 =( GEOMETRIC_REPRESENTATION_CONTEXT ( 3 ) GLOBAL_UNCERTAINTY_ASSIGNED_CONTEXT ( ( #870 ) ) GLOBAL_UNIT_ASSIGNED_CONTEXT ( ( #3895, #3896, #3897 ) ) REPRESENTATION_CONTEXT ( 'NONE', 'WORKASPACE' ) );
#1213 = MECHANICAL_DESIGN_GEOMETRIC_PRESENTATION_REPRESENTATION (  '', ( #1217 ), #1313 ) ;
#1214 = STYLED_ITEM ( 'NONE', ( #969 ), #2524 ) ;
#1215 = AXIS2_PLACEMENT_3D ( 'NONE', #1507, #1525, #1526 ) ;
#1216 =( GEOMETRIC_REPRESENTATION_CONTEXT ( 3 ) GLOBAL_UNCERTAINTY_ASSIGNED_CONTEXT ( ( #866 ) ) GLOBAL_UNIT_ASSIGNED_CONTEXT ( ( #1562, #1563, #1564 ) ) REPRESENTATION_CONTEXT ( 'NONE', 'WORKASPACE' ) );
#1217 = STYLED_ITEM ( 'NONE', ( #954 ), #2529 ) ;
#1218 =( GEOMETRIC_REPRESENTATION_CONTEXT ( 3 ) GLOBAL_UNCERTAINTY_ASSIGNED_CONTEXT ( ( #875 ) ) GLOBAL_UNIT_ASSIGNED_CONTEXT ( ( #1548, #1549, #1550 ) ) REPRESENTATION_CONTEXT ( 'NONE', 'WORKASPACE' ) );
#1219 = MECHANICAL_DESIGN_GEOMETRIC_PRESENTATION_REPRESENTATION (  '', ( #1291 ), #1243 ) ;
#1220 = PRESENTATION_LAYER_ASSIGNMENT (  '', '', ( #1214 ) ) ;
#1221 = AXIS2_PLACEMENT_3D ( 'NONE', #1612, #1623, #1624 ) ;
#1222 = MECHANICAL_DESIGN_GEOMETRIC_PRESENTATION_REPRESENTATION (  '', ( #1271 ), #1182 ) ;
#1223 = STYLED_ITEM ( 'NONE', ( #3803 ), #2502 ) ;
#1224 = STYLED_ITEM ( 'NONE', ( #979 ), #2523 ) ;
#1225 = MECHANICAL_DESIGN_GEOMETRIC_PRESENTATION_REPRESENTATION (  '', ( #1285 ), #1227 ) ;
#1226 =( GEOMETRIC_REPRESENTATION_CONTEXT ( 3 ) GLOBAL_UNCERTAINTY_ASSIGNED_CONTEXT ( ( #830 ) ) GLOBAL_UNIT_ASSIGNED_CONTEXT ( ( #3988, #3989, #3990 ) ) REPRESENTATION_CONTEXT ( 'NONE', 'WORKASPACE' ) );
#1227 =( GEOMETRIC_REPRESENTATION_CONTEXT ( 3 ) GLOBAL_UNCERTAINTY_ASSIGNED_CONTEXT ( ( #828 ) ) GLOBAL_UNIT_ASSIGNED_CONTEXT ( ( #3999, #4000, #4001 ) ) REPRESENTATION_CONTEXT ( 'NONE', 'WORKASPACE' ) );
#1228 = PRESENTATION_LAYER_ASSIGNMENT (  '', '', ( #1194 ) ) ;
#1229 = PRESENTATION_LAYER_ASSIGNMENT (  '', '', ( #1307 ) ) ;
#1230 = PRESENTATION_LAYER_ASSIGNMENT (  '', '', ( #1316 ) ) ;
#1231 = AXIS2_PLACEMENT_3D ( 'NONE', #3911, #3899, #3901 ) ;
#1232 = PRESENTATION_LAYER_ASSIGNMENT (  '', '', ( #1167 ) ) ;
#1233 = PRESENTATION_LAYER_ASSIGNMENT (  '', '', ( #1244 ) ) ;
#1234 = PRESENTATION_LAYER_ASSIGNMENT (  '', '', ( #1285 ) ) ;
#1235 = MECHANICAL_DESIGN_GEOMETRIC_PRESENTATION_REPRESENTATION (  '', ( #1284 ), #1210 ) ;
#1236 = PRESENTATION_LAYER_ASSIGNMENT (  '', '', ( #1217 ) ) ;
#1237 = AXIS2_PLACEMENT_3D ( 'NONE', #3948, #3949, #3957 ) ;
#1238 = PRESENTATION_LAYER_ASSIGNMENT (  '', '', ( #1262 ) ) ;
#1239 = AXIS2_PLACEMENT_3D ( 'NONE', #3958, #3959, #3967 ) ;
#1240 = AXIS2_PLACEMENT_3D ( 'NONE', #3938, #3946, #3947 ) ;
#1241 =( GEOMETRIC_REPRESENTATION_CONTEXT ( 3 ) GLOBAL_UNCERTAINTY_ASSIGNED_CONTEXT ( ( #837 ) ) GLOBAL_UNIT_ASSIGNED_CONTEXT ( ( #1537, #1538, #1539 ) ) REPRESENTATION_CONTEXT ( 'NONE', 'WORKASPACE' ) );
#1242 = MECHANICAL_DESIGN_GEOMETRIC_PRESENTATION_REPRESENTATION (  '', ( #1327 ), #1296 ) ;
#1243 =( GEOMETRIC_REPRESENTATION_CONTEXT ( 3 ) GLOBAL_UNCERTAINTY_ASSIGNED_CONTEXT ( ( #833 ) ) GLOBAL_UNIT_ASSIGNED_CONTEXT ( ( #3954, #3955, #3956 ) ) REPRESENTATION_CONTEXT ( 'NONE', 'WORKASPACE' ) );
#1244 = STYLED_ITEM ( 'NONE', ( #958 ), #2528 ) ;
#1245 = MECHANICAL_DESIGN_GEOMETRIC_PRESENTATION_REPRESENTATION (  '', ( #1176 ), #1246 ) ;
#1246 =( GEOMETRIC_REPRESENTATION_CONTEXT ( 3 ) GLOBAL_UNCERTAINTY_ASSIGNED_CONTEXT ( ( #823 ) ) GLOBAL_UNIT_ASSIGNED_CONTEXT ( ( #4081, #4082, #4083 ) ) REPRESENTATION_CONTEXT ( 'NONE', 'WORKASPACE' ) );
#1247 = PRESENTATION_LAYER_ASSIGNMENT (  '', '', ( #1176 ) ) ;
#1248 = AXIS2_PLACEMENT_3D ( 'NONE', #4062, #4074, #4075 ) ;
#1249 = AXIS2_PLACEMENT_3D ( 'NONE', #1625, #1620, #3816 ) ;
#1250 = STYLED_ITEM ( 'NONE', ( #2955 ), #2508 ) ;
#1251 = PRESENTATION_LAYER_ASSIGNMENT (  '', '', ( #1314 ) ) ;
#1252 = PRESENTATION_LAYER_ASSIGNMENT (  '', '', ( #1199 ) ) ;
#1253 = AXIS2_PLACEMENT_3D ( 'NONE', #1584, #1595, #1596 ) ;
#1254 = AXIS2_PLACEMENT_3D ( 'NONE', #1461, #1449, #1469 ) ;
#1255 = PRESENTATION_LAYER_ASSIGNMENT (  '', '', ( #1206 ) ) ;
#1256 =( GEOMETRIC_REPRESENTATION_CONTEXT ( 3 ) GLOBAL_UNCERTAINTY_ASSIGNED_CONTEXT ( ( #838 ) ) GLOBAL_UNIT_ASSIGNED_CONTEXT ( ( #1572, #1573, #1574 ) ) REPRESENTATION_CONTEXT ( 'NONE', 'WORKASPACE' ) );
#1257 = AXIS2_PLACEMENT_3D ( 'NONE', #3926, #3927, #3928 ) ;
#1258 =( GEOMETRIC_REPRESENTATION_CONTEXT ( 3 ) GLOBAL_UNCERTAINTY_ASSIGNED_CONTEXT ( ( #867 ) ) GLOBAL_UNIT_ASSIGNED_CONTEXT ( ( #1605, #1606, #1607 ) ) REPRESENTATION_CONTEXT ( 'NONE', 'WORKASPACE' ) );
#1259 = AXIS2_PLACEMENT_3D ( 'NONE', #1575, #1576, #1577 ) ;
#1260 = MECHANICAL_DESIGN_GEOMETRIC_PRESENTATION_REPRESENTATION (  '', ( #1214 ), #1265 ) ;
#1261 = MECHANICAL_DESIGN_GEOMETRIC_PRESENTATION_REPRESENTATION (  '', ( #1244 ), #1200 ) ;
#1262 = STYLED_ITEM ( 'NONE', ( #955 ), #2527 ) ;
#1263 = STYLED_ITEM ( 'NONE', ( #989 ), #2521 ) ;
#1264 = AXIS2_PLACEMENT_3D ( 'NONE', #3829, #3817, #3837 ) ;
#1265 =( GEOMETRIC_REPRESENTATION_CONTEXT ( 3 ) GLOBAL_UNCERTAINTY_ASSIGNED_CONTEXT ( ( #839 ) ) GLOBAL_UNIT_ASSIGNED_CONTEXT ( ( #3905, #3906, #3907 ) ) REPRESENTATION_CONTEXT ( 'NONE', 'WORKASPACE' ) );
#1266 = AXIS2_PLACEMENT_3D ( 'NONE', #3908, #3909, #3910 ) ;
#1267 = AXIS2_PLACEMENT_3D ( 'NONE', #3929, #3918, #3937 ) ;
#1268 = MECHANICAL_DESIGN_GEOMETRIC_PRESENTATION_REPRESENTATION (  '', ( #1314 ), #1258 ) ;
#1269 = PRESENTATION_LAYER_ASSIGNMENT (  '', '', ( #1186 ) ) ;
#1270 = MECHANICAL_DESIGN_GEOMETRIC_PRESENTATION_REPRESENTATION (  '', ( #1263 ), #1305 ) ;
#1271 = STYLED_ITEM ( 'NONE', ( #2939 ), #2517 ) ;
#1272 = PRESENTATION_LAYER_ASSIGNMENT (  '', '', ( #1291 ) ) ;
#1273 =( GEOMETRIC_REPRESENTATION_CONTEXT ( 3 ) GLOBAL_UNCERTAINTY_ASSIGNED_CONTEXT ( ( #852 ) ) GLOBAL_UNIT_ASSIGNED_CONTEXT ( ( #1587, #1588, #1589 ) ) REPRESENTATION_CONTEXT ( 'NONE', 'WORKASPACE' ) );
#1274 = AXIS2_PLACEMENT_3D ( 'NONE', #1518, #1530, #1531 ) ;
#1275 = MECHANICAL_DESIGN_GEOMETRIC_PRESENTATION_REPRESENTATION (  '', ( #1206 ), #1331 ) ;
#1276 = STYLED_ITEM ( 'NONE', ( #3749 ), #2496 ) ;
#1277 = PRESENTATION_LAYER_ASSIGNMENT (  '', '', ( #1288 ) ) ;
#1278 = PRESENTATION_LAYER_ASSIGNMENT (  '', '', ( #1189 ) ) ;
#1279 = AXIS2_PLACEMENT_3D ( 'NONE', #3862, #3863, #3864 ) ;
#1280 = PRESENTATION_LAYER_ASSIGNMENT (  '', '', ( #1284 ) ) ;
#1281 = AXIS2_PLACEMENT_3D ( 'NONE', #3970, #3981, #3982 ) ;
#1282 = PRESENTATION_LAYER_ASSIGNMENT (  '', '', ( #1329 ) ) ;
#1283 = AXIS2_PLACEMENT_3D ( 'NONE', #3890, #3885, #3898 ) ;
#1284 = STYLED_ITEM ( 'NONE', ( #3763 ), #2495 ) ;
#1285 = STYLED_ITEM ( 'NONE', ( #469 ), #2535 ) ;
#1286 = MECHANICAL_DESIGN_GEOMETRIC_PRESENTATION_REPRESENTATION (  '', ( #1276 ), #1177 ) ;
#1287 = STYLED_ITEM ( 'NONE', ( #485 ), #2534 ) ;
#1288 = STYLED_ITEM ( 'NONE', ( #2935 ), #2512 ) ;
#1289 = MECHANICAL_DESIGN_GEOMETRIC_PRESENTATION_REPRESENTATION (  '', ( #1199 ), #1302 ) ;
#1290 = AXIS2_PLACEMENT_3D ( 'NONE', #1470, #1489, #1490 ) ;
#1291 = STYLED_ITEM ( 'NONE', ( #964 ), #2530 ) ;
#1292 =( GEOMETRIC_REPRESENTATION_CONTEXT ( 3 ) GLOBAL_UNCERTAINTY_ASSIGNED_CONTEXT ( ( #865 ) ) GLOBAL_UNIT_ASSIGNED_CONTEXT ( ( #3834, #3835, #3836 ) ) REPRESENTATION_CONTEXT ( 'NONE', 'WORKASPACE' ) );
#1293 = AXIS2_PLACEMENT_3D ( 'NONE', #1479, #1480, #1481 ) ;
#1294 =( GEOMETRIC_REPRESENTATION_CONTEXT ( 3 ) GLOBAL_UNCERTAINTY_ASSIGNED_CONTEXT ( ( #861 ) ) GLOBAL_UNIT_ASSIGNED_CONTEXT ( ( #3870, #3871, #3872 ) ) REPRESENTATION_CONTEXT ( 'NONE', 'WORKASPACE' ) );
#1295 = PRESENTATION_LAYER_ASSIGNMENT (  '', '', ( #1327 ) ) ;
#1296 =( GEOMETRIC_REPRESENTATION_CONTEXT ( 3 ) GLOBAL_UNCERTAINTY_ASSIGNED_CONTEXT ( ( #848 ) ) GLOBAL_UNIT_ASSIGNED_CONTEXT ( ( #1501, #1502, #1503 ) ) REPRESENTATION_CONTEXT ( 'NONE', 'WORKASPACE' ) );
#1297 = MECHANICAL_DESIGN_GEOMETRIC_PRESENTATION_REPRESENTATION (  '', ( #1262 ), #1203 ) ;
#1298 = AXIS2_PLACEMENT_3D ( 'NONE', #3912, #3916, #3917 ) ;
#1299 = MECHANICAL_DESIGN_GEOMETRIC_PRESENTATION_REPRESENTATION (  '', ( #1316 ), #1207 ) ;
#1300 = AXIS2_PLACEMENT_3D ( 'NONE', #1608, #1609, #1610 ) ;
#1301 = AXIS2_PLACEMENT_3D ( 'NONE', #1568, #1579, #1580 ) ;
#1302 =( GEOMETRIC_REPRESENTATION_CONTEXT ( 3 ) GLOBAL_UNCERTAINTY_ASSIGNED_CONTEXT ( ( #855 ) ) GLOBAL_UNIT_ASSIGNED_CONTEXT ( ( #1630, #1631, #1632 ) ) REPRESENTATION_CONTEXT ( 'NONE', 'WORKASPACE' ) );
#1303 = PRESENTATION_LAYER_ASSIGNMENT (  '', '', ( #1263 ) ) ;
#1304 = AXIS2_PLACEMENT_3D ( 'NONE', #3876, #3865, #3884 ) ;
#1305 =( GEOMETRIC_REPRESENTATION_CONTEXT ( 3 ) GLOBAL_UNCERTAINTY_ASSIGNED_CONTEXT ( ( #862 ) ) GLOBAL_UNIT_ASSIGNED_CONTEXT ( ( #3881, #3882, #3883 ) ) REPRESENTATION_CONTEXT ( 'NONE', 'WORKASPACE' ) );
#1306 = MECHANICAL_DESIGN_GEOMETRIC_PRESENTATION_REPRESENTATION (  '', ( #1184 ), #1294 ) ;
#1307 = STYLED_ITEM ( 'NONE', ( #2961 ), #2516 ) ;
#1308 = MECHANICAL_DESIGN_GEOMETRIC_PRESENTATION_REPRESENTATION (  '', ( #1307 ), #1292 ) ;
#1309 = AXIS2_PLACEMENT_3D ( 'NONE', #3877, #3888, #3889 ) ;
#1310 = MECHANICAL_DESIGN_GEOMETRIC_PRESENTATION_REPRESENTATION (  '', ( #1167 ), #1197 ) ;
#1311 = AXIS2_PLACEMENT_3D ( 'NONE', #1515, #1516, #1517 ) ;
#1312 = PRESENTATION_LAYER_ASSIGNMENT (  '', '', ( #1287 ) ) ;
#1313 =( GEOMETRIC_REPRESENTATION_CONTEXT ( 3 ) GLOBAL_UNCERTAINTY_ASSIGNED_CONTEXT ( ( #834 ) ) GLOBAL_UNIT_ASSIGNED_CONTEXT ( ( #3943, #3944, #3945 ) ) REPRESENTATION_CONTEXT ( 'NONE', 'WORKASPACE' ) );
#1314 = STYLED_ITEM ( 'NONE', ( #2947 ), #2511 ) ;
#1315 = AXIS2_PLACEMENT_3D ( 'NONE', #1590, #1591, #1592 ) ;
#1316 = STYLED_ITEM ( 'NONE', ( #960 ), #2531 ) ;
#1317 = PRESENTATION_LAYER_ASSIGNMENT (  '', '', ( #1184 ) ) ;
#1318 = AXIS2_PLACEMENT_3D ( 'NONE', #3991, #3992, #3993 ) ;
#1319 = AXIS2_PLACEMENT_3D ( 'NONE', #1611, #1600, #1619 ) ;
#1320 =( GEOMETRIC_REPRESENTATION_CONTEXT ( 3 ) GLOBAL_UNCERTAINTY_ASSIGNED_CONTEXT ( ( #851 ) ) GLOBAL_UNIT_ASSIGNED_CONTEXT ( ( #1616, #1617, #1618 ) ) REPRESENTATION_CONTEXT ( 'NONE', 'WORKASPACE' ) );
#1321 = MECHANICAL_DESIGN_GEOMETRIC_PRESENTATION_REPRESENTATION (  '', ( #1287 ), #1226 ) ;
#1322 = AXIS2_PLACEMENT_3D ( 'NONE', #1543, #1532, #1551 ) ;
#1323 = PRESENTATION_LAYER_ASSIGNMENT (  '', '', ( #1224 ) ) ;
#1324 = AXIS2_PLACEMENT_3D ( 'NONE', #1597, #1593, #1594 ) ;
#1325 = MECHANICAL_DESIGN_GEOMETRIC_PRESENTATION_REPRESENTATION (  '', ( #1250 ), #1273 ) ;
#1326 = PRESENTATION_LAYER_ASSIGNMENT (  '', '', ( #1146 ) ) ;
#1327 = STYLED_ITEM ( 'NONE', ( #3805 ), #2498 ) ;
#1328 = AXIS2_PLACEMENT_3D ( 'NONE', #1504, #1505, #1506 ) ;
#1329 = STYLED_ITEM ( 'NONE', ( #2992 ), #2503 ) ;
#1330 = PRESENTATION_LAYER_ASSIGNMENT (  '', '', ( #1271 ) ) ;
#1331 =( GEOMETRIC_REPRESENTATION_CONTEXT ( 3 ) GLOBAL_UNCERTAINTY_ASSIGNED_CONTEXT ( ( #849 ) ) GLOBAL_UNIT_ASSIGNED_CONTEXT ( ( #1522, #1523, #1524 ) ) REPRESENTATION_CONTEXT ( 'NONE', 'WORKASPACE' ) );
#1332 = CARTESIAN_POINT ( 'NONE',  ( -4.053290641427165200, 1.829999999999999800, 0.9827605888602370900 ) ) ;
#1333 = CARTESIAN_POINT ( 'NONE',  ( 2.561877725520914900, 3.185517152057705900, 0.1470000000000000200 ) ) ;
#1334 = CARTESIAN_POINT ( 'NONE',  ( -6.000000000000000000, -2.730000000000000000, 0.0000000000000000000 ) ) ;
#1335 = CARTESIAN_POINT ( 'NONE',  ( -2.803001207675347200, 3.058517152057706100, 0.02000000000000005200 ) ) ;
#1336 = CARTESIAN_POINT ( 'NONE',  ( 3.100000000000000100, -2.667693580837710200, 0.5999999999999999800 ) ) ;
#1337 = CARTESIAN_POINT ( 'NONE',  ( -2.803001207675347200, -3.185033878715357600, 0.1580687793289535500 ) ) ;
#1338 = CARTESIAN_POINT ( 'NONE',  ( -2.928071792307897600, -3.058517152057705700, 0.1249466814363002400 ) ) ;
#1339 = CARTESIAN_POINT ( 'NONE',  ( -2.803001207675347200, 3.185517152057705900, 0.1470000000000000200 ) ) ;
#1340 = CARTESIAN_POINT ( 'NONE',  ( 2.747878624177043000, -2.999032980059228100, 2.284068779328953400 ) ) ;
#1341 = CARTESIAN_POINT ( 'NONE',  ( 3.999999999999998200, 1.000000000000000400, 0.0000000000000000000 ) ) ;
#1342 = CARTESIAN_POINT ( 'NONE',  ( -3.100000000000000100, -2.975133127259120200, 1.100083764662501200 ) ) ;
#1343 = CARTESIAN_POINT ( 'NONE',  ( -2.995076044977108800, -2.872516253401576200, 2.295053318563701000 ) ) ;
#1344 = CARTESIAN_POINT ( 'NONE',  ( 3.799999999999999800, -0.9999999999999995600, 0.5999999999999999800 ) ) ;
#1345 = CARTESIAN_POINT ( 'NONE',  ( 2.463463730152601400, -0.8000000000000002700, 0.0000000000000000000 ) ) ;
#1346 = CARTESIAN_POINT ( 'NONE',  ( 3.599999999999999600, 2.699999999999999300, 0.0000000000000000000 ) ) ;
#1347 = CARTESIAN_POINT ( 'NONE',  ( -0.9999999999999997800, -2.350000000000000100, 0.02000000000000003500 ) ) ;
#1348 = CARTESIAN_POINT ( 'NONE',  ( 3.699999999999998800, 0.8999999999999998000, 0.5999999999999999800 ) ) ;
#1349 = CARTESIAN_POINT ( 'NONE',  ( 2.200000000000000600, -2.350000000000000500, 0.02000000000000000700 ) ) ;
#1350 = CARTESIAN_POINT ( 'NONE',  ( -4.833057320768903200, -1.830000000000000100, 0.7172394111397638600 ) ) ;
#1351 = CARTESIAN_POINT ( 'NONE',  ( -5.015130616261423300, -1.830000000000000100, 4.336808689942017700E-016 ) ) ;
#1352 = CARTESIAN_POINT ( 'NONE',  ( -6.000000000000000000, 2.730000000000000000, 0.5999999999999999800 ) ) ;
#1353 = CARTESIAN_POINT ( 'NONE',  ( -3.100000000000000500, 2.730000000000000000, 1.700000000000000200 ) ) ;
#1354 = CARTESIAN_POINT ( 'NONE',  ( -3.899999999999999900, 0.4500000000000000100, 1.100000000000000100 ) ) ;
#1355 = CARTESIAN_POINT ( 'NONE',  ( 2.561877725520914900, 3.185033878715357600, 0.1580687793289535200 ) ) ;
#1356 = CARTESIAN_POINT ( 'NONE',  ( -0.9999999999999997800, -2.350000000000000100, 0.0000000000000000000 ) ) ;
#1357 = CARTESIAN_POINT ( 'NONE',  ( -6.000000000000000000, 1.829999999999999800, 0.0000000000000000000 ) ) ;
#1358 = CARTESIAN_POINT ( 'NONE',  ( 3.699999999999998800, 0.8999999999999998000, 0.0000000000000000000 ) ) ;
#1359 = CARTESIAN_POINT ( 'NONE',  ( -3.100000000000000100, 2.975133127259120600, 1.100083764662503000 ) ) ;
#1360 = CARTESIAN_POINT ( 'NONE',  ( -3.100000000000000500, -0.4499999999999999000, 1.700000000000000200 ) ) ;
#1361 = CARTESIAN_POINT ( 'NONE',  ( -3.100000000000000100, -1.830000000000000100, 1.100000000000000100 ) ) ;
#1362 = CARTESIAN_POINT ( 'NONE',  ( -3.899999999999999900, 0.4500000000000000100, 1.700000000000000200 ) ) ;
#1363 = CARTESIAN_POINT ( 'NONE',  ( -3.871217345934643700, -2.730000000000000000, 1.100000000000000100 ) ) ;
#1364 = CARTESIAN_POINT ( 'NONE',  ( -4.286837434291340900, 1.829999999999999800, 0.4689576445590528100 ) ) ;
#1365 = CARTESIAN_POINT ( 'NONE',  ( 2.463463730152601900, 0.7999999999999996000, 0.02000000000000000000 ) ) ;
#1366 = CARTESIAN_POINT ( 'NONE',  ( 3.600000000000000100, -2.700000000000000600, 0.5999999999999999800 ) ) ;
#1367 = CARTESIAN_POINT ( 'NONE',  ( -5.015130616261423300, 2.730000000000000000, 0.6000000000000004200 ) ) ;
#1368 = CARTESIAN_POINT ( 'NONE',  ( -6.000000000000000000, 2.730000000000000000, 0.0000000000000000000 ) ) ;
#1369 = CARTESIAN_POINT ( 'NONE',  ( -5.015130616261423300, 1.829999999999999800, 0.6000000000000004200 ) ) ;
#1370 = CARTESIAN_POINT ( 'NONE',  ( 2.924867428313046200, 2.821831729977343400, 2.286275114834990700 ) ) ;
#1371 = CARTESIAN_POINT ( 'NONE',  ( 3.100000000000000100, -2.700000000000000200, 0.1469999999999999900 ) ) ;
#1372 = CARTESIAN_POINT ( 'NONE',  ( 3.089522201104109900, -2.700000000000000600, 0.5999999999999999800 ) ) ;
#1373 = CARTESIAN_POINT ( 'NONE',  ( 3.600000000000000100, -2.700000000000000600, 0.0000000000000000000 ) ) ;
#1374 = CARTESIAN_POINT ( 'NONE',  ( -3.100000000000000100, 1.829999999999999800, 1.100000000000000100 ) ) ;
#1375 = CARTESIAN_POINT ( 'NONE',  ( -6.000000000000000000, -2.730000000000000000, 0.5999999999999999800 ) ) ;
#1376 = CARTESIAN_POINT ( 'NONE',  ( 2.199999999999999700, 2.349999999999999600, 0.0000000000000000000 ) ) ;
#1377 = CARTESIAN_POINT ( 'NONE',  ( 3.999999999999998200, -0.9999999999999995600, 0.0000000000000000000 ) ) ;
#1378 = CARTESIAN_POINT ( 'NONE',  ( -5.015130616261423300, 2.730000000000000000, 4.336808689942017700E-016 ) ) ;
#1379 = CARTESIAN_POINT ( 'NONE',  ( -3.871217345934643700, 2.730000000000000000, 1.700000000000000200 ) ) ;
#1380 = CARTESIAN_POINT ( 'NONE',  ( 2.463463730152601900, 0.7999999999999996000, 0.0000000000000000000 ) ) ;
#1381 = CARTESIAN_POINT ( 'NONE',  ( -4.833057320768903200, 1.829999999999999800, 0.7172394111397638600 ) ) ;
#1382 = CARTESIAN_POINT ( 'NONE',  ( -3.100000000000000100, -2.730000000000000000, 1.100000000000000100 ) ) ;
#1383 = CARTESIAN_POINT ( 'NONE',  ( -4.599510527904728400, -2.730000000000000000, 1.231042355440948200 ) ) ;
#1384 = CARTESIAN_POINT ( 'NONE',  ( -3.899999999999999900, -0.4500000000000000100, 1.100000000000000100 ) ) ;
#1385 = CARTESIAN_POINT ( 'NONE',  ( -3.871217345934643700, -2.730000000000000000, 1.700000000000000200 ) ) ;
#1386 = CARTESIAN_POINT ( 'NONE',  ( -2.870005460344557900, -2.872516253401576200, 2.400000000000000400 ) ) ;
#1387 = CARTESIAN_POINT ( 'NONE',  ( -2.928071792307897600, 3.058517152057706100, 0.1249466814363002400 ) ) ;
#1388 = CARTESIAN_POINT ( 'NONE',  ( 2.924867428313046200, -2.821831729977343400, 2.286275114834990700 ) ) ;
#1389 = CARTESIAN_POINT ( 'NONE',  ( 2.837681185387734400, 2.962318814612268100, 2.272999999999999200 ) ) ;
#1390 = CARTESIAN_POINT ( 'NONE',  ( 3.999999999999998200, 1.000000000000000400, 0.5999999999999999800 ) ) ;
#1391 = CARTESIAN_POINT ( 'NONE',  ( 3.100000000000000100, 2.667693580837710700, 0.5999999999999999800 ) ) ;
#1392 = CARTESIAN_POINT ( 'NONE',  ( 2.888365708811967200, 2.911634291188034400, 2.272999999999999200 ) ) ;
#1393 = CARTESIAN_POINT ( 'NONE',  ( -4.833057320768903200, 2.730000000000000000, 0.7172394111397638600 ) ) ;
#1394 = CARTESIAN_POINT ( 'NONE',  ( -4.286837434291340900, -2.730000000000000000, 0.4689576445590528100 ) ) ;
#1395 = CARTESIAN_POINT ( 'NONE',  ( -3.099985454419004000, -2.924569455846761200, 1.700082492089060700 ) ) ;
#1396 = CARTESIAN_POINT ( 'NONE',  ( 1.663463730152601600, 0.8000000000000000400, 0.0000000000000000000 ) ) ;
#1397 = CARTESIAN_POINT ( 'NONE',  ( 4.099999999999999600, -1.100000000000000300, 0.5999999999999999800 ) ) ;
#1398 = CARTESIAN_POINT ( 'NONE',  ( -1.000000000000000400, 2.350000000000000100, 0.0000000000000000000 ) ) ;
#1399 = CARTESIAN_POINT ( 'NONE',  ( -4.599510527904728400, 1.829999999999999800, 1.231042355440948200 ) ) ;
#1400 = CARTESIAN_POINT ( 'NONE',  ( 2.747878624177042500, 2.999032980059228100, 2.284068779328952900 ) ) ;
#1401 = CARTESIAN_POINT ( 'NONE',  ( 3.799999999999999400, 1.000000000000000400, 0.0000000000000000000 ) ) ;
#1402 = CARTESIAN_POINT ( 'NONE',  ( -2.995076044977108800, 2.872516253401576700, 2.295053318563701000 ) ) ;
#1403 = CARTESIAN_POINT ( 'NONE',  ( 3.100000000000000100, 2.699999999999999300, 0.1469999999999999900 ) ) ;
#1404 = CARTESIAN_POINT ( 'NONE',  ( 2.888365708811967200, -2.911634291188034400, 2.272999999999999200 ) ) ;
#1405 = CARTESIAN_POINT ( 'NONE',  ( -3.100000000000000100, 0.4499999999999999000, 1.100000000000000100 ) ) ;
#1406 = CARTESIAN_POINT ( 'NONE',  ( 4.099999999999999600, 1.100000000000001200, 0.5999999999999999800 ) ) ;
#1407 = CARTESIAN_POINT ( 'NONE',  ( 4.099999999999998800, 1.800000000000000500, 0.0000000000000000000 ) ) ;
#1408 = CARTESIAN_POINT ( 'NONE',  ( 4.099999999999999600, 1.100000000000001200, 0.0000000000000000000 ) ) ;
#1409 = CARTESIAN_POINT ( 'NONE',  ( -6.000000000000000000, -1.830000000000000100, 0.0000000000000000000 ) ) ;
#1410 = CARTESIAN_POINT ( 'NONE',  ( 3.100000000000000100, -2.700000000000000200, 0.2594342226259309700 ) ) ;
#1411 = CARTESIAN_POINT ( 'NONE',  ( -5.015130616261423300, -1.830000000000000100, 0.6000000000000004200 ) ) ;
#1412 = CARTESIAN_POINT ( 'NONE',  ( 2.463463730152601400, -0.8000000000000002700, 0.02000000000000000000 ) ) ;
#1413 = CARTESIAN_POINT ( 'NONE',  ( 2.920394877578617300, 2.699999999999999700, 0.02000000000000000000 ) ) ;
#1414 = CARTESIAN_POINT ( 'NONE',  ( -2.973000000000000300, 3.050136076072771800, 1.699957719061161000 ) ) ;
#1415 = CARTESIAN_POINT ( 'NONE',  ( 3.100000000000000100, -2.646699158290387400, 0.6200000000000000000 ) ) ;
#1416 = CARTESIAN_POINT ( 'NONE',  ( -2.803001207675347200, -3.058517152057706100, 0.02000000000000005200 ) ) ;
#1417 = CARTESIAN_POINT ( 'NONE',  ( -3.100000000000000500, -2.922647257601935800, 1.700000000000000200 ) ) ;
#1418 = CARTESIAN_POINT ( 'NONE',  ( -3.100000000000000500, -2.730000000000000000, 1.700000000000000200 ) ) ;
#1419 = CARTESIAN_POINT ( 'NONE',  ( -6.000000000000000000, 1.829999999999999800, 0.5999999999999999800 ) ) ;
#1420 = CARTESIAN_POINT ( 'NONE',  ( 2.200000000000000200, 2.699999999999999700, 0.0000000000000000000 ) ) ;
#1421 = CARTESIAN_POINT ( 'NONE',  ( 1.663463730152601600, 0.8000000000000000400, 0.02000000000000000000 ) ) ;
#1422 = CARTESIAN_POINT ( 'NONE',  ( 2.561877725520915300, 3.058517152057706100, 0.02000000000000000400 ) ) ;
#1423 = CARTESIAN_POINT ( 'NONE',  ( -5.015130616261423300, 1.829999999999999800, 4.336808689942017700E-016 ) ) ;
#1424 = CARTESIAN_POINT ( 'NONE',  ( -5.015130616261423300, -2.730000000000000000, 4.336808689942017700E-016 ) ) ;
#1425 = CARTESIAN_POINT ( 'NONE',  ( -3.899999999999999900, -0.4500000000000000100, 1.700000000000000200 ) ) ;
#1426 = CARTESIAN_POINT ( 'NONE',  ( -4.833057320768903200, -2.730000000000000000, 0.7172394111397638600 ) ) ;
#1427 = CARTESIAN_POINT ( 'NONE',  ( 2.747878624177044800, -2.872516253401576200, 2.399999999999999500 ) ) ;
#1428 = CARTESIAN_POINT ( 'NONE',  ( -5.015130616261423300, -2.730000000000000000, 0.6000000000000004200 ) ) ;
#1429 = CARTESIAN_POINT ( 'NONE',  ( 2.200000000000000200, 2.349999999999999600, 0.02000000000000000700 ) ) ;
#1430 = CARTESIAN_POINT ( 'NONE',  ( 3.799999999999999800, -0.9999999999999995600, 0.0000000000000000000 ) ) ;
#1431 = CARTESIAN_POINT ( 'NONE',  ( 3.100000000000000100, 2.646699158290387400, 0.6200000000000000000 ) ) ;
#1432 = CARTESIAN_POINT ( 'NONE',  ( -4.286837434291340900, -1.830000000000000100, 0.4689576445590528100 ) ) ;
#1433 = CARTESIAN_POINT ( 'NONE',  ( 3.699999999999999300, -0.8999999999999989100, 0.0000000000000000000 ) ) ;
#1434 = CARTESIAN_POINT ( 'NONE',  ( 3.100000000000000100, 2.699999999999999300, 0.2594342226259278600 ) ) ;
#1435 = CARTESIAN_POINT ( 'NONE',  ( -3.871217345934643700, 1.829999999999999800, 1.700000000000000200 ) ) ;
#1436 = CARTESIAN_POINT ( 'NONE',  ( 2.200000000000000200, -2.700000000000000600, 0.0000000000000000000 ) ) ;
#1437 = PLANE ( 'NONE',  #2248 ) ;
#1438 = CARTESIAN_POINT ( 'NONE',  ( -4.053290641427165200, -2.730000000000000000, 0.9827605888602370900 ) ) ;
#1439 = CARTESIAN_POINT ( 'NONE',  ( -3.871217345934644200, -1.830000000000000100, 0.9000000000000001300 ) ) ;
#1440 = PLANE ( 'NONE',  #2205 ) ;
#1441 = DIRECTION ( 'NONE',  ( 0.0000000000000000000, 1.000000000000000000, 0.0000000000000000000 ) ) ;
#1442 = DIRECTION ( 'NONE',  ( -1.000000000000000000, 0.0000000000000000000, 0.0000000000000000000 ) ) ;
#1443 = DIRECTION ( 'NONE',  ( 0.0000000000000000000, 1.000000000000000000, 0.0000000000000000000 ) ) ;
#1444 = DIRECTION ( 'NONE',  ( 0.0000000000000000000, 0.0000000000000000000, 1.000000000000000000 ) ) ;
#1445 = DIRECTION ( 'NONE',  ( -0.9103664774626041300, 0.0000000000000000000, 0.4138029443011854200 ) ) ;
#1446 = DIRECTION ( 'NONE',  ( 0.4138029443011853600, 0.0000000000000000000, 0.9103664774626040200 ) ) ;
#1447 = CARTESIAN_POINT ( 'NONE',  ( -3.871217345934644200, -2.730000000000000000, 0.9000000000000001300 ) ) ;
#1448 = FILL_AREA_STYLE_COLOUR ( '', #3686 ) ;
#1449 = DIRECTION ( 'NONE',  ( 1.000000000000000000, -1.214483285911621300E-017, -8.456845228975073700E-018 ) ) ;
#1450 = PLANE ( 'NONE',  #2236 ) ;
#1451 = FILL_AREA_STYLE_COLOUR ( '', #3691 ) ;
#1452 = FILL_AREA_STYLE ('',( #1448 ) ) ;
#1453 = SURFACE_SIDE_STYLE ('',( #3740 ) ) ;
#1454 = SURFACE_STYLE_USAGE ( .BOTH. , #1453 ) ;
#1455 =( LENGTH_UNIT ( ) NAMED_UNIT ( * ) SI_UNIT ( .MILLI., .METRE. ) );
#1456 =( NAMED_UNIT ( * ) PLANE_ANGLE_UNIT ( ) SI_UNIT ( $, .RADIAN. ) );
#1457 =( NAMED_UNIT ( * ) SI_UNIT ( $, .STERADIAN. ) SOLID_ANGLE_UNIT ( ) );
#1458 = CARTESIAN_POINT ( 'NONE',  ( -3.100000000000000100, 3.299999999999999800, 1.100000000000000100 ) ) ;
#1459 = DIRECTION ( 'NONE',  ( 0.9848077530122088000, -0.0000000000000000000, 0.1736481776669263100 ) ) ;
#1460 = DIRECTION ( 'NONE',  ( 0.1736481776669263100, 0.0000000000000000000, -0.9848077530122088000 ) ) ;
#1461 = CARTESIAN_POINT ( 'NONE',  ( -2.909566860834862400, 3.058517152057706100, 0.1470000000000000500 ) ) ;
#1462 = FILL_AREA_STYLE_COLOUR ( '', #3772 ) ;
#1463 = FILL_AREA_STYLE ('',( #1451 ) ) ;
#1464 = SURFACE_SIDE_STYLE ('',( #3720 ) ) ;
#1465 = SURFACE_STYLE_USAGE ( .BOTH. , #1464 ) ;
#1466 =( LENGTH_UNIT ( ) NAMED_UNIT ( * ) SI_UNIT ( .MILLI., .METRE. ) );
#1467 =( NAMED_UNIT ( * ) PLANE_ANGLE_UNIT ( ) SI_UNIT ( $, .RADIAN. ) );
#1468 =( NAMED_UNIT ( * ) SI_UNIT ( $, .STERADIAN. ) SOLID_ANGLE_UNIT ( ) );
#1469 = DIRECTION ( 'NONE',  ( 0.0000000000000000000, 1.000000000000000000, 0.0000000000000000000 ) ) ;
#1470 = CARTESIAN_POINT ( 'NONE',  ( 2.798563147601275300, 2.821831729977343400, 2.272999999999999200 ) ) ;
#1471 = PLANE ( 'NONE',  #1293 ) ;
#1472 = FILL_AREA_STYLE_COLOUR ( '', #3758 ) ;
#1473 = FILL_AREA_STYLE ('',( #1462 ) ) ;
#1474 = SURFACE_SIDE_STYLE ('',( #3677 ) ) ;
#1475 = SURFACE_STYLE_USAGE ( .BOTH. , #1474 ) ;
#1476 =( LENGTH_UNIT ( ) NAMED_UNIT ( * ) SI_UNIT ( .MILLI., .METRE. ) );
#1477 =( NAMED_UNIT ( * ) PLANE_ANGLE_UNIT ( ) SI_UNIT ( $, .RADIAN. ) );
#1478 =( NAMED_UNIT ( * ) SI_UNIT ( $, .STERADIAN. ) SOLID_ANGLE_UNIT ( ) );
#1479 = CARTESIAN_POINT ( 'NONE',  ( 3.100000000000000100, 3.299999999999999800, 0.6200000000000000000 ) ) ;
#1480 = DIRECTION ( 'NONE',  ( -0.9945218953682737300, 0.0000000000000000000, -0.1045284632676502800 ) ) ;
#1481 = DIRECTION ( 'NONE',  ( -0.1045284632676502800, 0.0000000000000000000, 0.9945218953682737300 ) ) ;
#1482 = CARTESIAN_POINT ( 'NONE',  ( -3.871217345934644200, 1.829999999999999800, 0.9000000000000001300 ) ) ;
#1483 = FILL_AREA_STYLE ('',( #1472 ) ) ;
#1484 = SURFACE_SIDE_STYLE ('',( #3774 ) ) ;
#1485 = SURFACE_STYLE_USAGE ( .BOTH. , #1484 ) ;
#1486 =( LENGTH_UNIT ( ) NAMED_UNIT ( * ) SI_UNIT ( .MILLI., .METRE. ) );
#1487 =( NAMED_UNIT ( * ) PLANE_ANGLE_UNIT ( ) SI_UNIT ( $, .RADIAN. ) );
#1488 =( NAMED_UNIT ( * ) SI_UNIT ( $, .STERADIAN. ) SOLID_ANGLE_UNIT ( ) );
#1489 = DIRECTION ( 'NONE',  ( 0.0000000000000000000, 1.000000000000000000, 0.0000000000000000000 ) ) ;
#1490 = DIRECTION ( 'NONE',  ( 1.000000000000000000, 0.0000000000000000000, 0.0000000000000000000 ) ) ;
#1491 = PLANE ( 'NONE',  #1328 ) ;
#1492 = PLANE ( 'NONE',  #1202 ) ;
#1493 = FILL_AREA_STYLE_COLOUR ( '', #3706 ) ;
#1494 = DIRECTION ( 'NONE',  ( 0.0000000000000000000, 1.000000000000000000, 0.0000000000000000000 ) ) ;
#1495 = DIRECTION ( 'NONE',  ( -1.000000000000000000, 0.0000000000000000000, 0.0000000000000000000 ) ) ;
#1496 = PLANE ( 'NONE',  #1311 ) ;
#1497 = FILL_AREA_STYLE_COLOUR ( '', #3767 ) ;
#1498 = FILL_AREA_STYLE ('',( #1493 ) ) ;
#1499 = SURFACE_SIDE_STYLE ('',( #3696 ) ) ;
#1500 = SURFACE_STYLE_USAGE ( .BOTH. , #1499 ) ;
#1501 =( LENGTH_UNIT ( ) NAMED_UNIT ( * ) SI_UNIT ( .MILLI., .METRE. ) );
#1502 =( NAMED_UNIT ( * ) PLANE_ANGLE_UNIT ( ) SI_UNIT ( $, .RADIAN. ) );
#1503 =( NAMED_UNIT ( * ) SI_UNIT ( $, .STERADIAN. ) SOLID_ANGLE_UNIT ( ) );
#1504 = CARTESIAN_POINT ( 'NONE',  ( 2.912914461227101600, -2.988890312501788500, 2.399999999999999500 ) ) ;
#1505 = DIRECTION ( 'NONE',  ( 1.283568073069535200E-017, -0.9961946980917449900, 0.08715574274766528500 ) ) ;
#1506 = DIRECTION ( 'NONE',  ( 0.0000000000000000000, -0.08715574274766527100, -0.9961946980917448800 ) ) ;
#1507 = CARTESIAN_POINT ( 'NONE',  ( -2.870005460344558400, 2.872516253401576700, 2.273000000000000100 ) ) ;
#1508 = FILL_AREA_STYLE_COLOUR ( '', #3723 ) ;
#1509 = FILL_AREA_STYLE ('',( #1497 ) ) ;
#1510 = SURFACE_SIDE_STYLE ('',( #3710 ) ) ;
#1511 = SURFACE_STYLE_USAGE ( .BOTH. , #1510 ) ;
#1512 =( LENGTH_UNIT ( ) NAMED_UNIT ( * ) SI_UNIT ( .MILLI., .METRE. ) );
#1513 =( NAMED_UNIT ( * ) PLANE_ANGLE_UNIT ( ) SI_UNIT ( $, .RADIAN. ) );
#1514 =( NAMED_UNIT ( * ) SI_UNIT ( $, .STERADIAN. ) SOLID_ANGLE_UNIT ( ) );
#1515 = CARTESIAN_POINT ( 'NONE',  ( 4.099999999999998800, 1.800000000000000500, 0.5999999999999999800 ) ) ;
#1516 = DIRECTION ( 'NONE',  ( -0.8741572761215379300, -0.4856429311786320000, 0.0000000000000000000 ) ) ;
#1517 = DIRECTION ( 'NONE',  ( 0.4856429311786319400, -0.8741572761215378200, 0.0000000000000000000 ) ) ;
#1518 = CARTESIAN_POINT ( 'NONE',  ( -3.899999999999999900, 0.4500000000000000100, 1.700000000000000200 ) ) ;
#1519 = FILL_AREA_STYLE ('',( #1508 ) ) ;
#1520 = SURFACE_SIDE_STYLE ('',( #3761 ) ) ;
#1521 = SURFACE_STYLE_USAGE ( .BOTH. , #1520 ) ;
#1522 =( LENGTH_UNIT ( ) NAMED_UNIT ( * ) SI_UNIT ( .MILLI., .METRE. ) );
#1523 =( NAMED_UNIT ( * ) PLANE_ANGLE_UNIT ( ) SI_UNIT ( $, .RADIAN. ) );
#1524 =( NAMED_UNIT ( * ) SI_UNIT ( $, .STERADIAN. ) SOLID_ANGLE_UNIT ( ) );
#1525 = DIRECTION ( 'NONE',  ( 0.0000000000000000000, 1.000000000000000000, 0.0000000000000000000 ) ) ;
#1526 = DIRECTION ( 'NONE',  ( 1.000000000000000000, 0.0000000000000000000, 0.0000000000000000000 ) ) ;
#1527 = PLANE ( 'NONE',  #1181 ) ;
#1528 = PLANE ( 'NONE',  #1274 ) ;
#1529 = FILL_AREA_STYLE_COLOUR ( '', #3670 ) ;
#1530 = DIRECTION ( 'NONE',  ( -1.000000000000000000, 0.0000000000000000000, 0.0000000000000000000 ) ) ;
#1531 = DIRECTION ( 'NONE',  ( 0.0000000000000000000, 0.0000000000000000000, 1.000000000000000000 ) ) ;
#1532 = DIRECTION ( 'NONE',  ( -0.7071067811865439100, -0.7071067811865512400, 5.979892608853345400E-018 ) ) ;
#1533 = FILL_AREA_STYLE_COLOUR ( '', #2990 ) ;
#1534 = FILL_AREA_STYLE ('',( #1529 ) ) ;
#1535 = SURFACE_SIDE_STYLE ('',( #3702 ) ) ;
#1536 = SURFACE_STYLE_USAGE ( .BOTH. , #1535 ) ;
#1537 =( LENGTH_UNIT ( ) NAMED_UNIT ( * ) SI_UNIT ( .MILLI., .METRE. ) );
#1538 =( NAMED_UNIT ( * ) PLANE_ANGLE_UNIT ( ) SI_UNIT ( $, .RADIAN. ) );
#1539 =( NAMED_UNIT ( * ) SI_UNIT ( $, .STERADIAN. ) SOLID_ANGLE_UNIT ( ) );
#1540 = CARTESIAN_POINT ( 'NONE',  ( -2.976571113504072700, 3.299999999999999800, -1.156000000000002100 ) ) ;
#1541 = DIRECTION ( 'NONE',  ( -1.283568073069535200E-017, -0.9961946980917449900, -0.08715574274766528500 ) ) ;
#1542 = DIRECTION ( 'NONE',  ( 0.0000000000000000000, 0.08715574274766527100, -0.9961946980917448800 ) ) ;
#1543 = CARTESIAN_POINT ( 'NONE',  ( 3.005414008371909400, -2.614980869206710200, 0.1469999999999999900 ) ) ;
#1544 = CARTESIAN_POINT ( 'NONE',  ( 2.463463730152601400, -0.8000000000000002700, 0.02000000000000000000 ) ) ;
#1545 = FILL_AREA_STYLE ('',( #1533 ) ) ;
#1546 = SURFACE_SIDE_STYLE ('',( #2991 ) ) ;
#1547 = SURFACE_STYLE_USAGE ( .BOTH. , #1546 ) ;
#1548 =( LENGTH_UNIT ( ) NAMED_UNIT ( * ) SI_UNIT ( .MILLI., .METRE. ) );
#1549 =( NAMED_UNIT ( * ) PLANE_ANGLE_UNIT ( ) SI_UNIT ( $, .RADIAN. ) );
#1550 =( NAMED_UNIT ( * ) SI_UNIT ( $, .STERADIAN. ) SOLID_ANGLE_UNIT ( ) );
#1551 = DIRECTION ( 'NONE',  ( 0.7071067811865509000, -0.7071067811865440200, 0.0000000000000000000 ) ) ;
#1552 = DIRECTION ( 'NONE',  ( 7.200509705930739700E-016, 0.08715574274766528500, -0.9961946980917449900 ) ) ;
#1553 = PLANE ( 'NONE',  #1192 ) ;
#1554 = FILL_AREA_STYLE_COLOUR ( '', #2977 ) ;
#1555 = DIRECTION ( 'NONE',  ( 1.000000000000000000, -2.710505431213761600E-016, 0.0000000000000000000 ) ) ;
#1556 = DIRECTION ( 'NONE',  ( 2.710505431213761600E-016, 1.000000000000000000, 0.0000000000000000000 ) ) ;
#1557 = CARTESIAN_POINT ( 'NONE',  ( -2.973000000000000300, 2.925513675633951500, 1.667236691972476100 ) ) ;
#1558 = FILL_AREA_STYLE_COLOUR ( '', #2968 ) ;
#1559 = FILL_AREA_STYLE ('',( #1554 ) ) ;
#1560 = SURFACE_SIDE_STYLE ('',( #2980 ) ) ;
#1561 = SURFACE_STYLE_USAGE ( .BOTH. , #1560 ) ;
#1562 =( LENGTH_UNIT ( ) NAMED_UNIT ( * ) SI_UNIT ( .MILLI., .METRE. ) );
#1563 =( NAMED_UNIT ( * ) PLANE_ANGLE_UNIT ( ) SI_UNIT ( $, .RADIAN. ) );
#1564 =( NAMED_UNIT ( * ) SI_UNIT ( $, .STERADIAN. ) SOLID_ANGLE_UNIT ( ) );
#1565 = DIRECTION ( 'NONE',  ( 0.0000000000000000000, 0.9961946980917448800, 0.08715574274766538200 ) ) ;
#1566 = PLANE ( 'NONE',  #1301 ) ;
#1567 = PLANE ( 'NONE',  #1259 ) ;
#1568 = CARTESIAN_POINT ( 'NONE',  ( -6.000000000000000000, 1.829999999999999800, 0.5999999999999999800 ) ) ;
#1569 = FILL_AREA_STYLE ('',( #1558 ) ) ;
#1570 = SURFACE_SIDE_STYLE ('',( #2964 ) ) ;
#1571 = SURFACE_STYLE_USAGE ( .BOTH. , #1570 ) ;
#1572 =( LENGTH_UNIT ( ) NAMED_UNIT ( * ) SI_UNIT ( .MILLI., .METRE. ) );
#1573 =( NAMED_UNIT ( * ) PLANE_ANGLE_UNIT ( ) SI_UNIT ( $, .RADIAN. ) );
#1574 =( NAMED_UNIT ( * ) SI_UNIT ( $, .STERADIAN. ) SOLID_ANGLE_UNIT ( ) );
#1575 = CARTESIAN_POINT ( 'NONE',  ( 3.799999999999999400, 1.000000000000000400, 0.5999999999999999800 ) ) ;
#1576 = DIRECTION ( 'NONE',  ( 0.0000000000000000000, 1.000000000000000000, 0.0000000000000000000 ) ) ;
#1577 = DIRECTION ( 'NONE',  ( 0.0000000000000000000, -0.0000000000000000000, 1.000000000000000000 ) ) ;
#1578 = FILL_AREA_STYLE ('',( #1581 ) ) ;
#1579 = DIRECTION ( 'NONE',  ( 1.000000000000000000, -0.0000000000000000000, 0.0000000000000000000 ) ) ;
#1580 = DIRECTION ( 'NONE',  ( 0.0000000000000000000, 0.0000000000000000000, -1.000000000000000000 ) ) ;
#1581 = FILL_AREA_STYLE_COLOUR ( '', #2953 ) ;
#1582 = PLANE ( 'NONE',  #1253 ) ;
#1583 = PLANE ( 'NONE',  #1315 ) ;
#1584 = CARTESIAN_POINT ( 'NONE',  ( -3.871217345934644200, -2.730000000000000000, 0.9000000000000001300 ) ) ;
#1585 = SURFACE_SIDE_STYLE ('',( #2956 ) ) ;
#1586 = SURFACE_STYLE_USAGE ( .BOTH. , #1585 ) ;
#1587 =( LENGTH_UNIT ( ) NAMED_UNIT ( * ) SI_UNIT ( .MILLI., .METRE. ) );
#1588 =( NAMED_UNIT ( * ) PLANE_ANGLE_UNIT ( ) SI_UNIT ( $, .RADIAN. ) );
#1589 =( NAMED_UNIT ( * ) SI_UNIT ( $, .STERADIAN. ) SOLID_ANGLE_UNIT ( ) );
#1590 = CARTESIAN_POINT ( 'NONE',  ( 2.912914461227101600, 3.299999999999999800, 2.399999999999999500 ) ) ;
#1591 = DIRECTION ( 'NONE',  ( -1.472729200169565600E-016, 0.0000000000000000000, -1.000000000000000000 ) ) ;
#1592 = DIRECTION ( 'NONE',  ( -1.000000000000000000, 0.0000000000000000000, 1.472729200169565600E-016 ) ) ;
#1593 = DIRECTION ( 'NONE',  ( -0.0000000000000000000, -0.0000000000000000000, -1.000000000000000000 ) ) ;
#1594 = DIRECTION ( 'NONE',  ( -1.000000000000000000, 0.0000000000000000000, 0.0000000000000000000 ) ) ;
#1595 = DIRECTION ( 'NONE',  ( 0.0000000000000000000, 1.000000000000000000, 0.0000000000000000000 ) ) ;
#1596 = DIRECTION ( 'NONE',  ( -1.000000000000000000, 0.0000000000000000000, 0.0000000000000000000 ) ) ;
#1597 = CARTESIAN_POINT ( 'NONE',  ( 2.063463730152602000, 0.7999999999999998200, 0.02000000000000000000 ) ) ;
#1598 = FILL_AREA_STYLE ('',( #1599 ) ) ;
#1599 = FILL_AREA_STYLE_COLOUR ( '', #2945 ) ;
#1600 = DIRECTION ( 'NONE',  ( 0.7071067811865439100, -0.7071067811865512400, -5.979892608853345400E-018 ) ) ;
#1601 = PLANE ( 'NONE',  #1300 ) ;
#1602 = FILL_AREA_STYLE_COLOUR ( '', #2933 ) ;
#1603 = SURFACE_SIDE_STYLE ('',( #2944 ) ) ;
#1604 = SURFACE_STYLE_USAGE ( .BOTH. , #1603 ) ;
#1605 =( LENGTH_UNIT ( ) NAMED_UNIT ( * ) SI_UNIT ( .MILLI., .METRE. ) );
#1606 =( NAMED_UNIT ( * ) PLANE_ANGLE_UNIT ( ) SI_UNIT ( $, .RADIAN. ) );
#1607 =( NAMED_UNIT ( * ) SI_UNIT ( $, .STERADIAN. ) SOLID_ANGLE_UNIT ( ) );
#1608 = CARTESIAN_POINT ( 'NONE',  ( 3.999999999999999100, -1.099999999999999600, 0.0000000000000000000 ) ) ;
#1609 = DIRECTION ( 'NONE',  ( 0.0000000000000000000, 0.0000000000000000000, 1.000000000000000000 ) ) ;
#1610 = DIRECTION ( 'NONE',  ( 1.000000000000000000, 0.0000000000000000000, -0.0000000000000000000 ) ) ;
#1611 = CARTESIAN_POINT ( 'NONE',  ( 2.513084107095807900, 3.107310770482813600, 0.1469999999999999900 ) ) ;
#1612 = CARTESIAN_POINT ( 'NONE',  ( 0.0000000000000000000, 0.4500000000000000100, 0.0000000000000000000 ) ) ;
#1613 = FILL_AREA_STYLE ('',( #1602 ) ) ;
#1614 = SURFACE_SIDE_STYLE ('',( #2934 ) ) ;
#1615 = SURFACE_STYLE_USAGE ( .BOTH. , #1614 ) ;
#1616 =( LENGTH_UNIT ( ) NAMED_UNIT ( * ) SI_UNIT ( .MILLI., .METRE. ) );
#1617 =( NAMED_UNIT ( * ) PLANE_ANGLE_UNIT ( ) SI_UNIT ( $, .RADIAN. ) );
#1618 =( NAMED_UNIT ( * ) SI_UNIT ( $, .STERADIAN. ) SOLID_ANGLE_UNIT ( ) );
#1619 = DIRECTION ( 'NONE',  ( 0.7071067811865509000, 0.7071067811865440200, 0.0000000000000000000 ) ) ;
#1620 = DIRECTION ( 'NONE',  ( -0.0000000000000000000, -0.0000000000000000000, -1.000000000000000000 ) ) ;
#1621 = PLANE ( 'NONE',  #1221 ) ;
#1622 = FILL_AREA_STYLE_COLOUR ( '', #2940 ) ;
#1623 = DIRECTION ( 'NONE',  ( 0.0000000000000000000, -1.000000000000000000, -0.0000000000000000000 ) ) ;
#1624 = DIRECTION ( 'NONE',  ( -1.000000000000000000, 0.0000000000000000000, -0.0000000000000000000 ) ) ;
#1625 = CARTESIAN_POINT ( 'NONE',  ( 3.799999999999998500, 0.9000000000000003600, 0.5999999999999999800 ) ) ;
#1626 = FILL_AREA_STYLE_COLOUR ( '', #2973 ) ;
#1627 = FILL_AREA_STYLE ('',( #1622 ) ) ;
#1628 = SURFACE_SIDE_STYLE ('',( #2941 ) ) ;
#1629 = SURFACE_STYLE_USAGE ( .BOTH. , #1628 ) ;
#1630 =( LENGTH_UNIT ( ) NAMED_UNIT ( * ) SI_UNIT ( .MILLI., .METRE. ) );
#1631 =( NAMED_UNIT ( * ) PLANE_ANGLE_UNIT ( ) SI_UNIT ( $, .RADIAN. ) );
#1632 =( NAMED_UNIT ( * ) SI_UNIT ( $, .STERADIAN. ) SOLID_ANGLE_UNIT ( ) );
#1633 = EDGE_LOOP ( 'NONE', ( #3619, #3128, #3509, #3079 ) ) ;
#1634 = ORIENTED_EDGE ( 'NONE', *, *, #653, .F. ) ;
#1635 = VERTEX_POINT ( 'NONE', #2823 ) ;
#1636 = EDGE_LOOP ( 'NONE', ( #3054, #3548, #3334, #3043 ) ) ;
#1637 = ORIENTED_EDGE ( 'NONE', *, *, #595, .T. ) ;
#1638 = VERTEX_POINT ( 'NONE', #2838 ) ;
#1639 = VERTEX_POINT ( 'NONE', #2825 ) ;
#1640 = ORIENTED_EDGE ( 'NONE', *, *, #490, .T. ) ;
#1641 = VERTEX_POINT ( 'NONE', #2836 ) ;
#1642 = ORIENTED_EDGE ( 'NONE', *, *, #676, .F. ) ;
#1643 = ORIENTED_EDGE ( 'NONE', *, *, #495, .F. ) ;
#1644 = VERTEX_POINT ( 'NONE', #2837 ) ;
#1645 = ORIENTED_EDGE ( 'NONE', *, *, #686, .T. ) ;
#1646 = ORIENTED_EDGE ( 'NONE', *, *, #653, .T. ) ;
#1647 = VERTEX_POINT ( 'NONE', #2835 ) ;
#1648 = VERTEX_POINT ( 'NONE', #2842 ) ;
#1649 = EDGE_LOOP ( 'NONE', ( #1795, #1936, #2165, #1981 ) ) ;
#1650 = ORIENTED_EDGE ( 'NONE', *, *, #644, .T. ) ;
#1651 = VERTEX_POINT ( 'NONE', #2840 ) ;
#1652 = EDGE_LOOP ( 'NONE', ( #3175, #3228, #3298 ) ) ;
#1653 = EDGE_LOOP ( 'NONE', ( #3333, #3276, #3294, #3066 ) ) ;
#1654 = EDGE_LOOP ( 'NONE', ( #1642, #1746, #1925, #1949 ) ) ;
#1655 = VERTEX_POINT ( 'NONE', #2841 ) ;
#1656 = VERTEX_POINT ( 'NONE', #2844 ) ;
#1657 = VERTEX_POINT ( 'NONE', #2839 ) ;
#1658 = VERTEX_POINT ( 'NONE', #2845 ) ;
#1659 = VERTEX_POINT ( 'NONE', #2846 ) ;
#1660 = ORIENTED_EDGE ( 'NONE', *, *, #690, .F. ) ;
#1661 = ORIENTED_EDGE ( 'NONE', *, *, #811, .F. ) ;
#1662 = VERTEX_POINT ( 'NONE', #2843 ) ;
#1663 = ORIENTED_EDGE ( 'NONE', *, *, #793, .T. ) ;
#1664 = EDGE_LOOP ( 'NONE', ( #3140, #3093, #3417, #3177, #3390, #3546, #3394, #3092 ) ) ;
#1665 = ORIENTED_EDGE ( 'NONE', *, *, #791, .T. ) ;
#1666 = EDGE_LOOP ( 'NONE', ( #3654, #3167, #3631, #3088 ) ) ;
#1667 = EDGE_LOOP ( 'NONE', ( #2145, #2057, #2124, #2096, #1929, #2097, #2125, #2076, #2056, #2061, #2054, #2066 ) ) ;
#1668 = VERTEX_POINT ( 'NONE', #2847 ) ;
#1669 = EDGE_LOOP ( 'NONE', ( #1990, #1888, #1825, #1704 ) ) ;
#1670 = ORIENTED_EDGE ( 'NONE', *, *, #699, .T. ) ;
#1671 = EDGE_LOOP ( 'NONE', ( #3609, #3549, #3063, #3067, #3052, #3200 ) ) ;
#1672 = VERTEX_POINT ( 'NONE', #2848 ) ;
#1673 = VERTEX_POINT ( 'NONE', #2852 ) ;
#1674 = EDGE_LOOP ( 'NONE', ( #3129, #3279, #3491, #3073 ) ) ;
#1675 = VERTEX_POINT ( 'NONE', #2849 ) ;
#1676 = ORIENTED_EDGE ( 'NONE', *, *, #745, .T. ) ;
#1677 = EDGE_LOOP ( 'NONE', ( #3363, #3282, #3387, #3626 ) ) ;
#1678 = ORIENTED_EDGE ( 'NONE', *, *, #519, .T. ) ;
#1679 = EDGE_LOOP ( 'NONE', ( #3050, #3324, #3273, #3225, #3195 ) ) ;
#1680 = ORIENTED_EDGE ( 'NONE', *, *, #533, .F. ) ;
#1681 = ORIENTED_EDGE ( 'NONE', *, *, #645, .T. ) ;
#1682 = VERTEX_POINT ( 'NONE', #2855 ) ;
#1683 = ORIENTED_EDGE ( 'NONE', *, *, #733, .T. ) ;
#1684 = EDGE_LOOP ( 'NONE', ( #3325, #3515, #3328, #3568, #3624 ) ) ;
#1685 = ORIENTED_EDGE ( 'NONE', *, *, #723, .F. ) ;
#1686 = ORIENTED_EDGE ( 'NONE', *, *, #643, .F. ) ;
#1687 = VERTEX_POINT ( 'NONE', #2851 ) ;
#1688 = ORIENTED_EDGE ( 'NONE', *, *, #671, .F. ) ;
#1689 = ORIENTED_EDGE ( 'NONE', *, *, #703, .F. ) ;
#1690 = ORIENTED_EDGE ( 'NONE', *, *, #703, .T. ) ;
#1691 = ORIENTED_EDGE ( 'NONE', *, *, #662, .F. ) ;
#1692 = ORIENTED_EDGE ( 'NONE', *, *, #4146, .T. ) ;
#1693 = EDGE_LOOP ( 'NONE', ( #1932, #1789, #1738, #1683 ) ) ;
#1694 = ORIENTED_EDGE ( 'NONE', *, *, #720, .T. ) ;
#1695 = ORIENTED_EDGE ( 'NONE', *, *, #673, .F. ) ;
#1696 = VERTEX_POINT ( 'NONE', #2856 ) ;
#1697 = VERTEX_POINT ( 'NONE', #2853 ) ;
#1698 = EDGE_LOOP ( 'NONE', ( #3415, #3432, #3185, #3571 ) ) ;
#1699 = VERTEX_POINT ( 'NONE', #2858 ) ;
#1700 = EDGE_LOOP ( 'NONE', ( #3268, #3121, #3379, #3095 ) ) ;
#1701 = ORIENTED_EDGE ( 'NONE', *, *, #705, .T. ) ;
#1702 = ORIENTED_EDGE ( 'NONE', *, *, #701, .T. ) ;
#1703 = VERTEX_POINT ( 'NONE', #2857 ) ;
#1704 = ORIENTED_EDGE ( 'NONE', *, *, #513, .T. ) ;
#1705 = ORIENTED_EDGE ( 'NONE', *, *, #791, .F. ) ;
#1706 = VERTEX_POINT ( 'NONE', #2859 ) ;
#1707 = ORIENTED_EDGE ( 'NONE', *, *, #674, .T. ) ;
#1708 = ORIENTED_EDGE ( 'NONE', *, *, #721, .F. ) ;
#1709 = EDGE_LOOP ( 'NONE', ( #3637, #3265, #3338 ) ) ;
#1710 = VERTEX_POINT ( 'NONE', #2854 ) ;
#1711 = VERTEX_POINT ( 'NONE', #2862 ) ;
#1712 = VERTEX_POINT ( 'NONE', #2860 ) ;
#1713 = EDGE_LOOP ( 'NONE', ( #1734, #1886, #1915, #1865 ) ) ;
#1714 = EDGE_LOOP ( 'NONE', ( #3647, #3501, #3347 ) ) ;
#1715 = VERTEX_POINT ( 'NONE', #2863 ) ;
#1716 = ORIENTED_EDGE ( 'NONE', *, *, #569, .F. ) ;
#1717 = ORIENTED_EDGE ( 'NONE', *, *, #747, .F. ) ;
#1718 = VERTEX_POINT ( 'NONE', #2850 ) ;
#1719 = ORIENTED_EDGE ( 'NONE', *, *, #797, .T. ) ;
#1720 = EDGE_LOOP ( 'NONE', ( #3492, #3506, #3440, #3500 ) ) ;
#1721 = VERTEX_POINT ( 'NONE', #2866 ) ;
#1722 = EDGE_LOOP ( 'NONE', ( #3539, #3187, #3371, #3146 ) ) ;
#1723 = EDGE_LOOP ( 'NONE', ( #3192, #3190, #3290, #3183 ) ) ;
#1724 = VERTEX_POINT ( 'NONE', #2867 ) ;
#1725 = EDGE_LOOP ( 'NONE', ( #3636, #3182, #3405, #3629 ) ) ;
#1726 = EDGE_LOOP ( 'NONE', ( #2075, #2062, #2073, #2072 ) ) ;
#1727 = VERTEX_POINT ( 'NONE', #2868 ) ;
#1728 = VERTEX_POINT ( 'NONE', #2869 ) ;
#1729 = EDGE_LOOP ( 'NONE', ( #3077, #3161, #3084, #3034 ) ) ;
#1730 = ORIENTED_EDGE ( 'NONE', *, *, #740, .T. ) ;
#1731 = ORIENTED_EDGE ( 'NONE', *, *, #707, .T. ) ;
#1732 = VERTEX_POINT ( 'NONE', #2861 ) ;
#1733 = EDGE_LOOP ( 'NONE', ( #3355, #3566, #3483, #3033 ) ) ;
#1734 = ORIENTED_EDGE ( 'NONE', *, *, #724, .T. ) ;
#1735 = ORIENTED_EDGE ( 'NONE', *, *, #734, .T. ) ;
#1736 = EDGE_LOOP ( 'NONE', ( #3570, #3532, #3576, #3498 ) ) ;
#1737 = VERTEX_POINT ( 'NONE', #2872 ) ;
#1738 = ORIENTED_EDGE ( 'NONE', *, *, #714, .F. ) ;
#1739 = ORIENTED_EDGE ( 'NONE', *, *, #668, .T. ) ;
#1740 = VERTEX_POINT ( 'NONE', #2864 ) ;
#1741 = VERTEX_POINT ( 'NONE', #2871 ) ;
#1742 = ORIENTED_EDGE ( 'NONE', *, *, #493, .T. ) ;
#1743 = ORIENTED_EDGE ( 'NONE', *, *, #796, .F. ) ;
#1744 = ORIENTED_EDGE ( 'NONE', *, *, #498, .T. ) ;
#1745 = VERTEX_POINT ( 'NONE', #2870 ) ;
#1746 = ORIENTED_EDGE ( 'NONE', *, *, #695, .F. ) ;
#1747 = EDGE_LOOP ( 'NONE', ( #2134, #1933, #1836, #1665 ) ) ;
#1748 = EDGE_LOOP ( 'NONE', ( #3352, #3480, #3494, #3453 ) ) ;
#1749 = ORIENTED_EDGE ( 'NONE', *, *, #759, .T. ) ;
#1750 = VERTEX_POINT ( 'NONE', #2874 ) ;
#1751 = EDGE_LOOP ( 'NONE', ( #1894, #1794, #1906, #1962 ) ) ;
#1752 = VERTEX_POINT ( 'NONE', #2865 ) ;
#1753 = VERTEX_POINT ( 'NONE', #2877 ) ;
#1754 = EDGE_LOOP ( 'NONE', ( #3154, #3103, #3303, #3162 ) ) ;
#1755 = VERTEX_POINT ( 'NONE', #2873 ) ;
#1756 = VERTEX_POINT ( 'NONE', #2878 ) ;
#1757 = VERTEX_POINT ( 'NONE', #2879 ) ;
#1758 = VERTEX_POINT ( 'NONE', #2875 ) ;
#1759 = VERTEX_POINT ( 'NONE', #2880 ) ;
#1760 = VERTEX_POINT ( 'NONE', #2876 ) ;
#1761 = ORIENTED_EDGE ( 'NONE', *, *, #717, .F. ) ;
#1762 = ORIENTED_EDGE ( 'NONE', *, *, #715, .F. ) ;
#1763 = EDGE_LOOP ( 'NONE', ( #1692, #2123, #1963, #1985 ) ) ;
#1764 = ORIENTED_EDGE ( 'NONE', *, *, #787, .F. ) ;
#1765 = ORIENTED_EDGE ( 'NONE', *, *, #526, .T. ) ;
#1766 = ORIENTED_EDGE ( 'NONE', *, *, #548, .T. ) ;
#1767 = VERTEX_POINT ( 'NONE', #2881 ) ;
#1768 = ORIENTED_EDGE ( 'NONE', *, *, #704, .T. ) ;
#1769 = ORIENTED_EDGE ( 'NONE', *, *, #666, .T. ) ;
#1770 = VERTEX_POINT ( 'NONE', #2883 ) ;
#1771 = ORIENTED_EDGE ( 'NONE', *, *, #717, .T. ) ;
#1772 = VERTEX_POINT ( 'NONE', #2884 ) ;
#1773 = VERTEX_POINT ( 'NONE', #2886 ) ;
#1774 = VERTEX_POINT ( 'NONE', #2885 ) ;
#1775 = ORIENTED_EDGE ( 'NONE', *, *, #692, .T. ) ;
#1776 = ORIENTED_EDGE ( 'NONE', *, *, #786, .T. ) ;
#1777 = EDGE_LOOP ( 'NONE', ( #3184, #3173, #3358, #3168 ) ) ;
#1778 = EDGE_LOOP ( 'NONE', ( #2168, #1705, #1973, #1646 ) ) ;
#1779 = EDGE_LOOP ( 'NONE', ( #3280, #3428, #1961, #1977 ) ) ;
#1780 = ORIENTED_EDGE ( 'NONE', *, *, #699, .F. ) ;
#1781 = VERTEX_POINT ( 'NONE', #2882 ) ;
#1782 = ORIENTED_EDGE ( 'NONE', *, *, #752, .T. ) ;
#1783 = VERTEX_POINT ( 'NONE', #173 ) ;
#1784 = VERTEX_POINT ( 'NONE', #1334 ) ;
#1785 = EDGE_LOOP ( 'NONE', ( #3560, #3524, #3119, #3614 ) ) ;
#1786 = EDGE_LOOP ( 'NONE', ( #2068, #2065, #2077, #2058 ) ) ;
#1787 = ORIENTED_EDGE ( 'NONE', *, *, #667, .T. ) ;
#1788 = VERTEX_POINT ( 'NONE', #1332 ) ;
#1789 = ORIENTED_EDGE ( 'NONE', *, *, #711, .F. ) ;
#1790 = VERTEX_POINT ( 'NONE', #1333 ) ;
#1791 = VERTEX_POINT ( 'NONE', #1337 ) ;
#1792 = ORIENTED_EDGE ( 'NONE', *, *, #684, .T. ) ;
#1793 = VERTEX_POINT ( 'NONE', #1335 ) ;
#1794 = ORIENTED_EDGE ( 'NONE', *, *, #691, .F. ) ;
#1795 = ORIENTED_EDGE ( 'NONE', *, *, #706, .T. ) ;
#1796 = VERTEX_POINT ( 'NONE', #1336 ) ;
#1797 = VERTEX_POINT ( 'NONE', #1341 ) ;
#1798 = EDGE_LOOP ( 'NONE', ( #3593, #3089, #3094, #3186, #3311, #3259, #3127, #3296, #3422, #3288, #3522, #3339, #3542, #3193, #3035, #3610, #2012, #3476 ) ) ;
#1799 = VERTEX_POINT ( 'NONE', #1342 ) ;
#1800 = VERTEX_POINT ( 'NONE', #1343 ) ;
#1801 = VERTEX_POINT ( 'NONE', #1338 ) ;
#1802 = EDGE_LOOP ( 'NONE', ( #3537, #3575, #3431 ) ) ;
#1803 = VERTEX_POINT ( 'NONE', #1344 ) ;
#1804 = ORIENTED_EDGE ( 'NONE', *, *, #523, .T. ) ;
#1805 = VERTEX_POINT ( 'NONE', #1339 ) ;
#1806 = ORIENTED_EDGE ( 'NONE', *, *, #645, .F. ) ;
#1807 = VERTEX_POINT ( 'NONE', #1340 ) ;
#1808 = VERTEX_POINT ( 'NONE', #1347 ) ;
#1809 = ORIENTED_EDGE ( 'NONE', *, *, #554, .T. ) ;
#1810 = ORIENTED_EDGE ( 'NONE', *, *, #754, .T. ) ;
#1811 = VERTEX_POINT ( 'NONE', #1345 ) ;
#1812 = VERTEX_POINT ( 'NONE', #1346 ) ;
#1813 = VERTEX_POINT ( 'NONE', #1350 ) ;
#1814 = ORIENTED_EDGE ( 'NONE', *, *, #796, .T. ) ;
#1815 = ORIENTED_EDGE ( 'NONE', *, *, #718, .T. ) ;
#1816 = EDGE_LOOP ( 'NONE', ( #3285, #3241, #3423, #3400 ) ) ;
#1817 = VERTEX_POINT ( 'NONE', #1349 ) ;
#1818 = VERTEX_POINT ( 'NONE', #1348 ) ;
#1819 = ORIENTED_EDGE ( 'NONE', *, *, #650, .T. ) ;
#1820 = ORIENTED_EDGE ( 'NONE', *, *, #694, .T. ) ;
#1821 = VERTEX_POINT ( 'NONE', #1351 ) ;
#1822 = ORIENTED_EDGE ( 'NONE', *, *, #689, .T. ) ;
#1823 = ORIENTED_EDGE ( 'NONE', *, *, #758, .T. ) ;
#1824 = VERTEX_POINT ( 'NONE', #1353 ) ;
#1825 = ORIENTED_EDGE ( 'NONE', *, *, #560, .T. ) ;
#1826 = VERTEX_POINT ( 'NONE', #1354 ) ;
#1827 = EDGE_LOOP ( 'NONE', ( #1972, #1828, #2078, #1681 ) ) ;
#1828 = ORIENTED_EDGE ( 'NONE', *, *, #659, .F. ) ;
#1829 = EDGE_LOOP ( 'NONE', ( #3109, #3329, #3330, #3644 ) ) ;
#1830 = ORIENTED_EDGE ( 'NONE', *, *, #560, .F. ) ;
#1831 = ORIENTED_EDGE ( 'NONE', *, *, #654, .F. ) ;
#1832 = ORIENTED_EDGE ( 'NONE', *, *, #709, .T. ) ;
#1833 = ORIENTED_EDGE ( 'NONE', *, *, #551, .F. ) ;
#1834 = VERTEX_POINT ( 'NONE', #1357 ) ;
#1835 = EDGE_LOOP ( 'NONE', ( #3191, #3648, #3240 ) ) ;
#1836 = ORIENTED_EDGE ( 'NONE', *, *, #710, .F. ) ;
#1837 = EDGE_LOOP ( 'NONE', ( #3156, #2143, #1917, #1719 ) ) ;
#1838 = VERTEX_POINT ( 'NONE', #1352 ) ;
#1839 = VERTEX_POINT ( 'NONE', #1355 ) ;
#1840 = VERTEX_POINT ( 'NONE', #1358 ) ;
#1841 = VERTEX_POINT ( 'NONE', #1360 ) ;
#1842 = VERTEX_POINT ( 'NONE', #1356 ) ;
#1843 = ORIENTED_EDGE ( 'NONE', *, *, #688, .F. ) ;
#1844 = ORIENTED_EDGE ( 'NONE', *, *, #731, .T. ) ;
#1845 = VERTEX_POINT ( 'NONE', #1359 ) ;
#1846 = VERTEX_POINT ( 'NONE', #1363 ) ;
#1847 = EDGE_LOOP ( 'NONE', ( #3204, #3569, #3545 ) ) ;
#1848 = VERTEX_POINT ( 'NONE', #1364 ) ;
#1849 = EDGE_LOOP ( 'NONE', ( #3348, #3080, #3342, #3656, #3655, #3373 ) ) ;
#1850 = VERTEX_POINT ( 'NONE', #1365 ) ;
#1851 = ORIENTED_EDGE ( 'NONE', *, *, #789, .F. ) ;
#1852 = EDGE_LOOP ( 'NONE', ( #1843, #2083, #1914, #2107 ) ) ;
#1853 = ORIENTED_EDGE ( 'NONE', *, *, #680, .T. ) ;
#1854 = VERTEX_POINT ( 'NONE', #1362 ) ;
#1855 = VERTEX_POINT ( 'NONE', #1361 ) ;
#1856 = VERTEX_POINT ( 'NONE', #1368 ) ;
#1857 = VERTEX_POINT ( 'NONE', #1369 ) ;
#1858 = ORIENTED_EDGE ( 'NONE', *, *, #798, .F. ) ;
#1859 = VERTEX_POINT ( 'NONE', #1366 ) ;
#1860 = VERTEX_POINT ( 'NONE', #1371 ) ;
#1861 = VERTEX_POINT ( 'NONE', #1372 ) ;
#1862 = VERTEX_POINT ( 'NONE', #1367 ) ;
#1863 = VERTEX_POINT ( 'NONE', #1373 ) ;
#1864 = VERTEX_POINT ( 'NONE', #1374 ) ;
#1865 = ORIENTED_EDGE ( 'NONE', *, *, #659, .T. ) ;
#1866 = VERTEX_POINT ( 'NONE', #1376 ) ;
#1867 = VERTEX_POINT ( 'NONE', #1370 ) ;
#1868 = ORIENTED_EDGE ( 'NONE', *, *, #728, .T. ) ;
#1869 = VERTEX_POINT ( 'NONE', #1378 ) ;
#1870 = VERTEX_POINT ( 'NONE', #1379 ) ;
#1871 = VERTEX_POINT ( 'NONE', #1380 ) ;
#1872 = VERTEX_POINT ( 'NONE', #1375 ) ;
#1873 = VERTEX_POINT ( 'NONE', #1381 ) ;
#1874 = VERTEX_POINT ( 'NONE', #1382 ) ;
#1875 = VERTEX_POINT ( 'NONE', #1383 ) ;
#1876 = EDGE_LOOP ( 'NONE', ( #3531, #3472, #3159, #3508 ) ) ;
#1877 = ORIENTED_EDGE ( 'NONE', *, *, #4157, .T. ) ;
#1878 = VERTEX_POINT ( 'NONE', #1377 ) ;
#1879 = VERTEX_POINT ( 'NONE', #1385 ) ;
#1880 = VERTEX_POINT ( 'NONE', #1386 ) ;
#1881 = EDGE_LOOP ( 'NONE', ( #3287, #3481, #3464, #3150 ) ) ;
#1882 = VERTEX_POINT ( 'NONE', #1387 ) ;
#1883 = VERTEX_POINT ( 'NONE', #1388 ) ;
#1884 = VERTEX_POINT ( 'NONE', #1389 ) ;
#1885 = VERTEX_POINT ( 'NONE', #1390 ) ;
#1886 = ORIENTED_EDGE ( 'NONE', *, *, #733, .F. ) ;
#1887 = EDGE_LOOP ( 'NONE', ( #3232, #3099, #3081, #3332 ) ) ;
#1888 = ORIENTED_EDGE ( 'NONE', *, *, #4158, .F. ) ;
#1889 = VERTEX_POINT ( 'NONE', #1392 ) ;
#1890 = VERTEX_POINT ( 'NONE', #1393 ) ;
#1891 = VERTEX_POINT ( 'NONE', #1394 ) ;
#1892 = VERTEX_POINT ( 'NONE', #1395 ) ;
#1893 = VERTEX_POINT ( 'NONE', #1396 ) ;
#1894 = ORIENTED_EDGE ( 'NONE', *, *, #762, .F. ) ;
#1895 = VERTEX_POINT ( 'NONE', #1391 ) ;
#1896 = VERTEX_POINT ( 'NONE', #1398 ) ;
#1897 = VERTEX_POINT ( 'NONE', #1384 ) ;
#1898 = VERTEX_POINT ( 'NONE', #1399 ) ;
#1899 = VERTEX_POINT ( 'NONE', #1400 ) ;
#1900 = ORIENTED_EDGE ( 'NONE', *, *, #663, .F. ) ;
#1901 = VERTEX_POINT ( 'NONE', #1402 ) ;
#1902 = VERTEX_POINT ( 'NONE', #1403 ) ;
#1903 = VERTEX_POINT ( 'NONE', #1397 ) ;
#1904 = VERTEX_POINT ( 'NONE', #1404 ) ;
#1905 = VERTEX_POINT ( 'NONE', #1405 ) ;
#1906 = ORIENTED_EDGE ( 'NONE', *, *, #735, .T. ) ;
#1907 = VERTEX_POINT ( 'NONE', #1407 ) ;
#1908 = VERTEX_POINT ( 'NONE', #1401 ) ;
#1909 = EDGE_LOOP ( 'NONE', ( #3165, #3482, #3096, #3620 ) ) ;
#1910 = VERTEX_POINT ( 'NONE', #1408 ) ;
#1911 = VERTEX_POINT ( 'NONE', #1409 ) ;
#1912 = ORIENTED_EDGE ( 'NONE', *, *, #662, .T. ) ;
#1913 = VERTEX_POINT ( 'NONE', #1411 ) ;
#1914 = ORIENTED_EDGE ( 'NONE', *, *, #737, .T. ) ;
#1915 = ORIENTED_EDGE ( 'NONE', *, *, #759, .F. ) ;
#1916 = VERTEX_POINT ( 'NONE', #1413 ) ;
#1917 = ORIENTED_EDGE ( 'NONE', *, *, #785, .T. ) ;
#1918 = VERTEX_POINT ( 'NONE', #1415 ) ;
#1919 = ORIENTED_EDGE ( 'NONE', *, *, #785, .F. ) ;
#1920 = VERTEX_POINT ( 'NONE', #1410 ) ;
#1921 = VERTEX_POINT ( 'NONE', #1417 ) ;
#1922 = VERTEX_POINT ( 'NONE', #1418 ) ;
#1923 = EDGE_LOOP ( 'NONE', ( #3166, #3305, #3107, #3606 ) ) ;
#1924 = VERTEX_POINT ( 'NONE', #1412 ) ;
#1925 = ORIENTED_EDGE ( 'NONE', *, *, #708, .T. ) ;
#1926 = VERTEX_POINT ( 'NONE', #1406 ) ;
#1927 = ORIENTED_EDGE ( 'NONE', *, *, #713, .T. ) ;
#1928 = ORIENTED_EDGE ( 'NONE', *, *, #569, .T. ) ;
#1929 = ORIENTED_EDGE ( 'NONE', *, *, #707, .F. ) ;
#1930 = EDGE_LOOP ( 'NONE', ( #3381, #3612, #3627 ) ) ;
#1931 = EDGE_LOOP ( 'NONE', ( #1991, #1689, #1858, #1761, #1695, #2139, #2069, #1974, #1663, #1995, #1944, #1823 ) ) ;
#1932 = ORIENTED_EDGE ( 'NONE', *, *, #683, .T. ) ;
#1933 = ORIENTED_EDGE ( 'NONE', *, *, #649, .F. ) ;
#1934 = ORIENTED_EDGE ( 'NONE', *, *, #735, .F. ) ;
#1935 = ORIENTED_EDGE ( 'NONE', *, *, #795, .F. ) ;
#1936 = ORIENTED_EDGE ( 'NONE', *, *, #4144, .F. ) ;
#1937 = ORIENTED_EDGE ( 'NONE', *, *, #4156, .T. ) ;
#1938 = VERTEX_POINT ( 'NONE', #1419 ) ;
#1939 = EDGE_LOOP ( 'NONE', ( #3180, #3521, #3470, #3534, #3484 ) ) ;
#1940 = EDGE_LOOP ( 'NONE', ( #3069, #3037, #3426, #3144 ) ) ;
#1941 = VERTEX_POINT ( 'NONE', #1420 ) ;
#1942 = ORIENTED_EDGE ( 'NONE', *, *, #655, .T. ) ;
#1943 = EDGE_LOOP ( 'NONE', ( #3573, #3189, #3235, #3212 ) ) ;
#1944 = ORIENTED_EDGE ( 'NONE', *, *, #669, .T. ) ;
#1945 = EDGE_LOOP ( 'NONE', ( #1762, #1708, #1822, #1792 ) ) ;
#1946 = ORIENTED_EDGE ( 'NONE', *, *, #654, .T. ) ;
#1947 = VERTEX_POINT ( 'NONE', #1421 ) ;
#1948 = ORIENTED_EDGE ( 'NONE', *, *, #643, .T. ) ;
#1949 = ORIENTED_EDGE ( 'NONE', *, *, #691, .T. ) ;
#1950 = ORIENTED_EDGE ( 'NONE', *, *, #542, .T. ) ;
#1951 = SURFACE_STYLE_FILL_AREA ( #894 ) ;
#1952 = ORIENTED_EDGE ( 'NONE', *, *, #748, .T. ) ;
#1953 = ORIENTED_EDGE ( 'NONE', *, *, #530, .T. ) ;
#1954 = ORIENTED_EDGE ( 'NONE', *, *, #649, .T. ) ;
#1955 = EDGE_LOOP ( 'NONE', ( #2074, #2067, #2071, #2064 ) ) ;
#1956 = ORIENTED_EDGE ( 'NONE', *, *, #702, .T. ) ;
#1957 = EDGE_LOOP ( 'NONE', ( #3100, #3243, #3251, #3104, #3605 ) ) ;
#1958 = VERTEX_POINT ( 'NONE', #1422 ) ;
#1959 = ORIENTED_EDGE ( 'NONE', *, *, #700, .F. ) ;
#1960 = EDGE_LOOP ( 'NONE', ( #3113, #3461, #3179, #3306 ) ) ;
#1961 = ORIENTED_EDGE ( 'NONE', *, *, #4148, .T. ) ;
#1962 = ORIENTED_EDGE ( 'NONE', *, *, #721, .T. ) ;
#1963 = ORIENTED_EDGE ( 'NONE', *, *, #4157, .F. ) ;
#1964 = ORIENTED_EDGE ( 'NONE', *, *, #798, .T. ) ;
#1965 = EDGE_LOOP ( 'NONE', ( #3267, #3101, #3045 ) ) ;
#1966 = ORIENTED_EDGE ( 'NONE', *, *, #737, .F. ) ;
#1967 = EDGE_LOOP ( 'NONE', ( #1731, #2152, #2003, #2140 ) ) ;
#1968 = ORIENTED_EDGE ( 'NONE', *, *, #749, .T. ) ;
#1969 = ORIENTED_EDGE ( 'NONE', *, *, #675, .T. ) ;
#1970 = ORIENTED_EDGE ( 'NONE', *, *, #719, .T. ) ;
#1971 = EDGE_LOOP ( 'NONE', ( #3272, #3090, #3046, #3622 ) ) ;
#1972 = ORIENTED_EDGE ( 'NONE', *, *, #648, .T. ) ;
#1973 = ORIENTED_EDGE ( 'NONE', *, *, #712, .F. ) ;
#1974 = ORIENTED_EDGE ( 'NONE', *, *, #794, .F. ) ;
#1975 = ORIENTED_EDGE ( 'NONE', *, *, #795, .T. ) ;
#1976 = ORIENTED_EDGE ( 'NONE', *, *, #712, .T. ) ;
#1977 = ORIENTED_EDGE ( 'NONE', *, *, #4153, .T. ) ;
#1978 = VERTEX_POINT ( 'NONE', #1425 ) ;
#1979 = EDGE_LOOP ( 'NONE', ( #3196, #3505 ) ) ;
#1980 = EDGE_LOOP ( 'NONE', ( #3076, #3557, #3115, #3496 ) ) ;
#1981 = ORIENTED_EDGE ( 'NONE', *, *, #727, .T. ) ;
#1982 = ORIENTED_EDGE ( 'NONE', *, *, #675, .F. ) ;
#1983 = EDGE_LOOP ( 'NONE', ( #3504, #3530, #3188, #3289 ) ) ;
#1984 = VERTEX_POINT ( 'NONE', #1423 ) ;
#1985 = ORIENTED_EDGE ( 'NONE', *, *, #4144, .T. ) ;
#1986 = ORIENTED_EDGE ( 'NONE', *, *, #756, .F. ) ;
#1987 = ORIENTED_EDGE ( 'NONE', *, *, #607, .T. ) ;
#1988 = ORIENTED_EDGE ( 'NONE', *, *, #741, .T. ) ;
#1989 = EDGE_LOOP ( 'NONE', ( #1661, #1959, #1851, #1764, #1919, #1814, #1969, #1976, #2135, #2136, #1946, #1912 ) ) ;
#1990 = ORIENTED_EDGE ( 'NONE', *, *, #554, .F. ) ;
#1991 = ORIENTED_EDGE ( 'NONE', *, *, #808, .T. ) ;
#1992 = ORIENTED_EDGE ( 'NONE', *, *, #746, .T. ) ;
#1993 = EDGE_LOOP ( 'NONE', ( #1964, #1780, #1831, #2005 ) ) ;
#1994 = EDGE_LOOP ( 'NONE', ( #3149, #3574, #3320, #3354, #3618 ) ) ;
#1995 = ORIENTED_EDGE ( 'NONE', *, *, #792, .T. ) ;
#1996 = EDGE_LOOP ( 'NONE', ( #3213, #3386, #3608, #3640 ) ) ;
#1997 = ORIENTED_EDGE ( 'NONE', *, *, #722, .T. ) ;
#1998 = ORIENTED_EDGE ( 'NONE', *, *, #799, .T. ) ;
#1999 = ORIENTED_EDGE ( 'NONE', *, *, #670, .T. ) ;
#2000 = VERTEX_POINT ( 'NONE', #1424 ) ;
#2001 = ORIENTED_EDGE ( 'NONE', *, *, #687, .T. ) ;
#2002 = EDGE_LOOP ( 'NONE', ( #1986, #1806, #1820, #1782 ) ) ;
#2003 = ORIENTED_EDGE ( 'NONE', *, *, #660, .F. ) ;
#2004 = VERTEX_POINT ( 'NONE', #1414 ) ;
#2005 = ORIENTED_EDGE ( 'NONE', *, *, #651, .T. ) ;
#2006 = ORIENTED_EDGE ( 'NONE', *, *, #696, .T. ) ;
#2007 = EDGE_LOOP ( 'NONE', ( #2094, #1934, #2120, #1966, #2049, #2121, #1749, #2122, #2115, #1937, #1877, #1739 ) ) ;
#2008 = ORIENTED_EDGE ( 'NONE', *, *, #743, .T. ) ;
#2009 = ORIENTED_EDGE ( 'NONE', *, *, #690, .T. ) ;
#2010 = VERTEX_POINT ( 'NONE', #1427 ) ;
#2011 = EDGE_LOOP ( 'NONE', ( #3216, #3396, #3563, #3313 ) ) ;
#2012 = ORIENTED_EDGE ( 'NONE', *, *, #748, .F. ) ;
#2013 = ORIENTED_EDGE ( 'NONE', *, *, #672, .F. ) ;
#2014 = VERTEX_POINT ( 'NONE', #1429 ) ;
#2015 = VERTEX_POINT ( 'NONE', #1416 ) ;
#2016 = VERTEX_POINT ( 'NONE', #1431 ) ;
#2017 = EDGE_LOOP ( 'NONE', ( #1771, #2138, #1685, #1954 ) ) ;
#2018 = VERTEX_POINT ( 'NONE', #1428 ) ;
#2019 = VERTEX_POINT ( 'NONE', #1432 ) ;
#2020 = VERTEX_POINT ( 'NONE', #1433 ) ;
#2021 = VERTEX_POINT ( 'NONE', #1434 ) ;
#2022 = VERTEX_POINT ( 'NONE', #1430 ) ;
#2023 = VERTEX_POINT ( 'NONE', #1435 ) ;
#2024 = VERTEX_POINT ( 'NONE', #1426 ) ;
#2025 = VERTEX_POINT ( 'NONE', #1436 ) ;
#2026 = EDGE_LOOP ( 'NONE', ( #2098, #1688, #2081, #1707 ) ) ;
#2027 = EDGE_LOOP ( 'NONE', ( #2085, #2082, #2131, #2079 ) ) ;
#2028 = EDGE_LOOP ( 'NONE', ( #1717, #2157, #1676, #1952 ) ) ;
#2029 = EDGE_LOOP ( 'NONE', ( #2127, #2110, #1691, #2080 ) ) ;
#2030 = EDGE_LOOP ( 'NONE', ( #1702, #1956, #2009, #1690, #2164 ) ) ;
#2031 = EDGE_LOOP ( 'NONE', ( #2166, #1970, #1694, #1997, #2162, #2154, #1868, #2132, #2155, #1844, #2130, #2153, #2160, #2113, #1730, #1988 ) ) ;
#2032 = EDGE_LOOP ( 'NONE', ( #1953, #1950, #1680, #1716 ) ) ;
#2033 = EDGE_LOOP ( 'NONE', ( #2169, #2158, #1853, #2151, #2112, #2133, #1999, #2092, #1787, #2117, #1645, #2001 ) ) ;
#2034 = EDGE_LOOP ( 'NONE', ( #3310, #3616, #3518, #3163 ) ) ;
#2035 = EDGE_LOOP ( 'NONE', ( #1660, #1775, #2150, #2006, #2090, #2055, #2013, #2163, #1900, #1670 ) ) ;
#2036 = EDGE_LOOP ( 'NONE', ( #3058, #3219, #3649, #3536 ) ) ;
#2037 = EDGE_LOOP ( 'NONE', ( #1768, #1701, #1832, #1927, #2156, #1815 ) ) ;
#2038 = EDGE_LOOP ( 'NONE', ( #3116, #3117, #3087, #3178 ) ) ;
#2039 = EDGE_LOOP ( 'NONE', ( #2089, #2084, #2100, #1942, #1678, #1804 ) ) ;
#2040 = EDGE_LOOP ( 'NONE', ( #2105, #2099, #2008, #2101 ) ) ;
#2041 = ORIENTED_EDGE ( 'NONE', *, *, #493, .F. ) ;
#2042 = EDGE_LOOP ( 'NONE', ( #2128, #2041 ) ) ;
#2043 = EDGE_LOOP ( 'NONE', ( #2129, #2126, #1769, #2148, #2093 ) ) ;
#2044 = EDGE_LOOP ( 'NONE', ( #2142, #1948, #2108, #1992 ) ) ;
#2045 = EDGE_LOOP ( 'NONE', ( #2106, #1765, #2119, #2095 ) ) ;
#2046 = EDGE_LOOP ( 'NONE', ( #2159, #2102, #2111, #1819, #1928, #1987, #1833, #2147, #1686, #2137, #2087, #2114 ) ) ;
#2047 = EDGE_LOOP ( 'NONE', ( #1637, #2088, #2091, #2144, #2116, #2103 ) ) ;
#2048 = EDGE_LOOP ( 'NONE', ( #2086, #1650, #1968, #2104 ) ) ;
#2049 = ORIENTED_EDGE ( 'NONE', *, *, #694, .F. ) ;
#2050 = EDGE_LOOP ( 'NONE', ( #1810, #2161, #2146, #2141, #3356, #3091, #3263, #3147 ) ) ;
#2051 = EDGE_LOOP ( 'NONE', ( #1744, #1640, #1735, #1766 ) ) ;
#2052 = EDGE_LOOP ( 'NONE', ( #1643, #1809, #1742, #1830 ) ) ;
#2053 = ORIENTED_EDGE ( 'NONE', *, *, #4150, .F. ) ;
#2054 = ORIENTED_EDGE ( 'NONE', *, *, #676, .T. ) ;
#2055 = ORIENTED_EDGE ( 'NONE', *, *, #697, .T. ) ;
#2056 = ORIENTED_EDGE ( 'NONE', *, *, #756, .T. ) ;
#2057 = ORIENTED_EDGE ( 'NONE', *, *, #674, .F. ) ;
#2058 = ORIENTED_EDGE ( 'NONE', *, *, #4159, .T. ) ;
#2059 = ORIENTED_EDGE ( 'NONE', *, *, #4103, .F. ) ;
#2060 = EDGE_LOOP ( 'NONE', ( #3229, #3503, #3318, #3462, #3519 ) ) ;
#2061 = ORIENTED_EDGE ( 'NONE', *, *, #688, .T. ) ;
#2062 = ORIENTED_EDGE ( 'NONE', *, *, #682, .F. ) ;
#2063 = ORIENTED_EDGE ( 'NONE', *, *, #4154, .T. ) ;
#2064 = ORIENTED_EDGE ( 'NONE', *, *, #698, .T. ) ;
#2065 = ORIENTED_EDGE ( 'NONE', *, *, #4152, .F. ) ;
#2066 = ORIENTED_EDGE ( 'NONE', *, *, #762, .T. ) ;
#2067 = ORIENTED_EDGE ( 'NONE', *, *, #4159, .F. ) ;
#2068 = ORIENTED_EDGE ( 'NONE', *, *, #4153, .F. ) ;
#2069 = ORIENTED_EDGE ( 'NONE', *, *, #786, .F. ) ;
#2070 = EDGE_LOOP ( 'NONE', ( #2063, #2059, #2053, #3621 ) ) ;
#2071 = ORIENTED_EDGE ( 'NONE', *, *, #4154, .F. ) ;
#2072 = ORIENTED_EDGE ( 'NONE', *, *, #4152, .T. ) ;
#2073 = ORIENTED_EDGE ( 'NONE', *, *, #4150, .T. ) ;
#2074 = ORIENTED_EDGE ( 'NONE', *, *, #4155, .T. ) ;
#2075 = ORIENTED_EDGE ( 'NONE', *, *, #4148, .F. ) ;
#2076 = ORIENTED_EDGE ( 'NONE', *, *, #648, .F. ) ;
#2077 = ORIENTED_EDGE ( 'NONE', *, *, #4103, .T. ) ;
#2078 = ORIENTED_EDGE ( 'NONE', *, *, #658, .F. ) ;
#2079 = ORIENTED_EDGE ( 'NONE', *, *, #529, .T. ) ;
#2080 = ORIENTED_EDGE ( 'NONE', *, *, #663, .T. ) ;
#2081 = ORIENTED_EDGE ( 'NONE', *, *, #672, .T. ) ;
#2082 = ORIENTED_EDGE ( 'NONE', *, *, #506, .T. ) ;
#2083 = ORIENTED_EDGE ( 'NONE', *, *, #752, .F. ) ;
#2084 = ORIENTED_EDGE ( 'NONE', *, *, #536, .T. ) ;
#2085 = ORIENTED_EDGE ( 'NONE', *, *, #734, .F. ) ;
#2086 = ORIENTED_EDGE ( 'NONE', *, *, #751, .F. ) ;
#2087 = ORIENTED_EDGE ( 'NONE', *, *, #526, .F. ) ;
#2088 = ORIENTED_EDGE ( 'NONE', *, *, #585, .T. ) ;
#2089 = ORIENTED_EDGE ( 'NONE', *, *, #539, .T. ) ;
#2090 = ORIENTED_EDGE ( 'NONE', *, *, #664, .F. ) ;
#2091 = ORIENTED_EDGE ( 'NONE', *, *, #647, .T. ) ;
#2092 = ORIENTED_EDGE ( 'NONE', *, *, #684, .F. ) ;
#2093 = ORIENTED_EDGE ( 'NONE', *, *, #668, .F. ) ;
#2094 = ORIENTED_EDGE ( 'NONE', *, *, #689, .F. ) ;
#2095 = ORIENTED_EDGE ( 'NONE', *, *, #750, .T. ) ;
#2096 = ORIENTED_EDGE ( 'NONE', *, *, #706, .F. ) ;
#2097 = ORIENTED_EDGE ( 'NONE', *, *, #683, .F. ) ;
#2098 = ORIENTED_EDGE ( 'NONE', *, *, #670, .F. ) ;
#2099 = ORIENTED_EDGE ( 'NONE', *, *, #545, .T. ) ;
#2100 = ORIENTED_EDGE ( 'NONE', *, *, #508, .T. ) ;
#2101 = ORIENTED_EDGE ( 'NONE', *, *, #744, .T. ) ;
#2102 = ORIENTED_EDGE ( 'NONE', *, *, #652, .T. ) ;
#2103 = ORIENTED_EDGE ( 'NONE', *, *, #656, .T. ) ;
#2104 = ORIENTED_EDGE ( 'NONE', *, *, #753, .T. ) ;
#2105 = ORIENTED_EDGE ( 'NONE', *, *, #742, .F. ) ;
#2106 = ORIENTED_EDGE ( 'NONE', *, *, #749, .F. ) ;
#2107 = ORIENTED_EDGE ( 'NONE', *, *, #695, .T. ) ;
#2108 = ORIENTED_EDGE ( 'NONE', *, *, #742, .T. ) ;
#2109 = EDGE_LOOP ( 'NONE', ( #3378, #3351, #3615, #3074 ) ) ;
#2110 = ORIENTED_EDGE ( 'NONE', *, *, #661, .F. ) ;
#2111 = ORIENTED_EDGE ( 'NONE', *, *, #522, .T. ) ;
#2112 = ORIENTED_EDGE ( 'NONE', *, *, #661, .T. ) ;
#2113 = ORIENTED_EDGE ( 'NONE', *, *, #739, .T. ) ;
#2114 = ORIENTED_EDGE ( 'NONE', *, *, #644, .F. ) ;
#2115 = ORIENTED_EDGE ( 'NONE', *, *, #660, .T. ) ;
#2116 = ORIENTED_EDGE ( 'NONE', *, *, #501, .T. ) ;
#2117 = ORIENTED_EDGE ( 'NONE', *, *, #685, .T. ) ;
#2118 = EDGE_LOOP ( 'NONE', ( #2167, #1935, #1743, #1998 ) ) ;
#2119 = ORIENTED_EDGE ( 'NONE', *, *, #747, .T. ) ;
#2120 = ORIENTED_EDGE ( 'NONE', *, *, #708, .F. ) ;
#2121 = ORIENTED_EDGE ( 'NONE', *, *, #658, .T. ) ;
#2122 = ORIENTED_EDGE ( 'NONE', *, *, #714, .T. ) ;
#2123 = ORIENTED_EDGE ( 'NONE', *, *, #697, .F. ) ;
#2124 = ORIENTED_EDGE ( 'NONE', *, *, #4146, .F. ) ;
#2125 = ORIENTED_EDGE ( 'NONE', *, *, #724, .F. ) ;
#2126 = ORIENTED_EDGE ( 'NONE', *, *, #665, .T. ) ;
#2127 = ORIENTED_EDGE ( 'NONE', *, *, #657, .T. ) ;
#2128 = ORIENTED_EDGE ( 'NONE', *, *, #513, .F. ) ;
#2129 = ORIENTED_EDGE ( 'NONE', *, *, #664, .T. ) ;
#2130 = ORIENTED_EDGE ( 'NONE', *, *, #732, .T. ) ;
#2131 = ORIENTED_EDGE ( 'NONE', *, *, #763, .T. ) ;
#2132 = ORIENTED_EDGE ( 'NONE', *, *, #729, .T. ) ;
#2133 = ORIENTED_EDGE ( 'NONE', *, *, #682, .T. ) ;
#2134 = ORIENTED_EDGE ( 'NONE', *, *, #673, .T. ) ;
#2135 = ORIENTED_EDGE ( 'NONE', *, *, #710, .T. ) ;
#2136 = ORIENTED_EDGE ( 'NONE', *, *, #723, .T. ) ;
#2137 = ORIENTED_EDGE ( 'NONE', *, *, #576, .F. ) ;
#2138 = ORIENTED_EDGE ( 'NONE', *, *, #651, .F. ) ;
#2139 = ORIENTED_EDGE ( 'NONE', *, *, #810, .F. ) ;
#2140 = ORIENTED_EDGE ( 'NONE', *, *, #711, .T. ) ;
#2141 = ORIENTED_EDGE ( 'NONE', *, *, #757, .T. ) ;
#2142 = ORIENTED_EDGE ( 'NONE', *, *, #745, .F. ) ;
#2143 = ORIENTED_EDGE ( 'NONE', *, *, #799, .F. ) ;
#2144 = ORIENTED_EDGE ( 'NONE', *, *, #646, .T. ) ;
#2145 = ORIENTED_EDGE ( 'NONE', *, *, #715, .T. ) ;
#2146 = ORIENTED_EDGE ( 'NONE', *, *, #720, .F. ) ;
#2147 = ORIENTED_EDGE ( 'NONE', *, *, #545, .F. ) ;
#2148 = ORIENTED_EDGE ( 'NONE', *, *, #667, .F. ) ;
#2149 = EDGE_LOOP ( 'NONE', ( #1776, #1634, #1982, #1975 ) ) ;
#2150 = ORIENTED_EDGE ( 'NONE', *, *, #693, .T. ) ;
#2151 = ORIENTED_EDGE ( 'NONE', *, *, #681, .F. ) ;
#2152 = ORIENTED_EDGE ( 'NONE', *, *, #727, .F. ) ;
#2153 = ORIENTED_EDGE ( 'NONE', *, *, #736, .T. ) ;
#2154 = ORIENTED_EDGE ( 'NONE', *, *, #726, .T. ) ;
#2155 = ORIENTED_EDGE ( 'NONE', *, *, #730, .T. ) ;
#2156 = ORIENTED_EDGE ( 'NONE', *, *, #716, .T. ) ;
#2157 = ORIENTED_EDGE ( 'NONE', *, *, #576, .T. ) ;
#2158 = ORIENTED_EDGE ( 'NONE', *, *, #679, .T. ) ;
#2159 = ORIENTED_EDGE ( 'NONE', *, *, #510, .F. ) ;
#2160 = ORIENTED_EDGE ( 'NONE', *, *, #738, .T. ) ;
#2161 = ORIENTED_EDGE ( 'NONE', *, *, #755, .F. ) ;
#2162 = ORIENTED_EDGE ( 'NONE', *, *, #725, .T. ) ;
#2163 = ORIENTED_EDGE ( 'NONE', *, *, #698, .F. ) ;
#2164 = ORIENTED_EDGE ( 'NONE', *, *, #680, .F. ) ;
#2165 = ORIENTED_EDGE ( 'NONE', *, *, #4156, .F. ) ;
#2166 = ORIENTED_EDGE ( 'NONE', *, *, #498, .F. ) ;
#2167 = ORIENTED_EDGE ( 'NONE', *, *, #794, .T. ) ;
#2168 = ORIENTED_EDGE ( 'NONE', *, *, #810, .T. ) ;
#2169 = ORIENTED_EDGE ( 'NONE', *, *, #677, .T. ) ;
#2170 = CARTESIAN_POINT ( 'NONE',  ( -5.015130616261423300, -2.730000000000000000, 0.7999999999999999300 ) ) ;
#2171 = DIRECTION ( 'NONE',  ( -0.0000000000000000000, -1.000000000000000000, 0.0000000000000000000 ) ) ;
#2172 = CARTESIAN_POINT ( 'NONE',  ( 4.099999999999999600, -1.100000000000000300, 0.5999999999999999800 ) ) ;
#2173 = DIRECTION ( 'NONE',  ( 0.1730072088098784400, -0.08584148278563300000, -0.9811726379862918400 ) ) ;
#2174 = DIRECTION ( 'NONE',  ( 0.0000000000000000000, 0.0000000000000000000, -1.000000000000000000 ) ) ;
#2175 = DIRECTION ( 'NONE',  ( 0.0000000000000000000, 1.000000000000000000, 0.0000000000000000000 ) ) ;
#2176 = CARTESIAN_POINT ( 'NONE',  ( -3.871217345934644200, 2.730000000000000000, 0.9000000000000001300 ) ) ;
#2177 = CARTESIAN_POINT ( 'NONE',  ( 3.097948706191993000, -2.678880581120341600, 0.5999999999999999800 ) ) ;
#2178 = CARTESIAN_POINT ( 'NONE',  ( 3.100000000000000100, -2.667693580837710200, 0.5999999999999999800 ) ) ;
#2179 = DIRECTION ( 'NONE',  ( 7.200509705930738700E-016, -0.08715574274766527100, -0.9961946980917448800 ) ) ;
#2180 = CARTESIAN_POINT ( 'NONE',  ( -2.972999999999999900, -3.102625575085499000, 1.099999999999999600 ) ) ;
#2181 = CARTESIAN_POINT ( 'NONE',  ( 4.099999999999999600, -1.800000000000000500, 0.5999999999999999800 ) ) ;
#2182 = MECHANICAL_DESIGN_GEOMETRIC_PRESENTATION_REPRESENTATION (  '', ( #2191 ), #2240 ) ;
#2183 = AXIS2_PLACEMENT_3D ( 'NONE', #2731, #2736, #2737 ) ;
#2184 =( GEOMETRIC_REPRESENTATION_CONTEXT ( 3 ) GLOBAL_UNCERTAINTY_ASSIGNED_CONTEXT ( ( #841 ) ) GLOBAL_UNIT_ASSIGNED_CONTEXT ( ( #1466, #1467, #1468 ) ) REPRESENTATION_CONTEXT ( 'NONE', 'WORKASPACE' ) );
#2185 = STYLED_ITEM ( 'NONE', ( #3704 ), #1133 ) ;
#2186 =( GEOMETRIC_REPRESENTATION_CONTEXT ( 3 ) GLOBAL_UNCERTAINTY_ASSIGNED_CONTEXT ( ( #858 ) ) GLOBAL_UNIT_ASSIGNED_CONTEXT ( ( #2758, #2759, #2760 ) ) REPRESENTATION_CONTEXT ( 'NONE', 'WORKASPACE' ) );
#2187 = MECHANICAL_DESIGN_GEOMETRIC_PRESENTATION_REPRESENTATION (  '', ( #2234 ), #2188 ) ;
#2188 =( GEOMETRIC_REPRESENTATION_CONTEXT ( 3 ) GLOBAL_UNCERTAINTY_ASSIGNED_CONTEXT ( ( #868 ) ) GLOBAL_UNIT_ASSIGNED_CONTEXT ( ( #2773, #2774, #2775 ) ) REPRESENTATION_CONTEXT ( 'NONE', 'WORKASPACE' ) );
#2189 = AXIS2_PLACEMENT_3D ( 'NONE', #2746, #2747, #2748 ) ;
#2190 = AXIS2_PLACEMENT_3D ( 'NONE', #2695, #2703, #2704 ) ;
#2191 = STYLED_ITEM ( 'NONE', ( #3663 ), #1137 ) ;
#2192 = AXIS2_PLACEMENT_3D ( 'NONE', #1447, #1443, #1444 ) ;
#2193 = AXIS2_PLACEMENT_3D ( 'NONE', #2761, #2762, #2763 ) ;
#2194 = STYLED_ITEM ( 'NONE', ( #3705 ), #1124 ) ;
#2195 = MECHANICAL_DESIGN_GEOMETRIC_PRESENTATION_REPRESENTATION (  '', ( #2241 ), #2184 ) ;
#2196 = STYLED_ITEM ( 'NONE', ( #3680 ), #2493 ) ;
#2197 = AXIS2_PLACEMENT_3D ( 'NONE', #2720, #2715, #2728 ) ;
#2198 = STYLED_ITEM ( 'NONE', ( #3695 ), #1127 ) ;
#2199 = PRESENTATION_LAYER_ASSIGNMENT (  '', '', ( #2191 ) ) ;
#2200 = STYLED_ITEM ( 'NONE', ( #3747 ), #1122 ) ;
#2201 =( GEOMETRIC_REPRESENTATION_CONTEXT ( 3 ) GLOBAL_UNCERTAINTY_ASSIGNED_CONTEXT ( ( #204 ) ) GLOBAL_UNIT_ASSIGNED_CONTEXT ( ( #2711, #2712, #2713 ) ) REPRESENTATION_CONTEXT ( 'NONE', 'WORKASPACE' ) );
#2202 =( GEOMETRIC_REPRESENTATION_CONTEXT ( 3 ) GLOBAL_UNCERTAINTY_ASSIGNED_CONTEXT ( ( #211 ) ) GLOBAL_UNIT_ASSIGNED_CONTEXT ( ( #2725, #2726, #2727 ) ) REPRESENTATION_CONTEXT ( 'NONE', 'WORKASPACE' ) );
#2203 = MECHANICAL_DESIGN_GEOMETRIC_PRESENTATION_REPRESENTATION (  '', ( #2194 ), #2202 ) ;
#2204 = PRESENTATION_LAYER_ASSIGNMENT (  '', '', ( #2194 ) ) ;
#2205 = AXIS2_PLACEMENT_3D ( 'NONE', #1438, #1445, #1446 ) ;
#2206 = MECHANICAL_DESIGN_GEOMETRIC_PRESENTATION_REPRESENTATION (  '', ( #2219 ), #2223 ) ;
#2207 = PRESENTATION_LAYER_ASSIGNMENT (  '', '', ( #2209 ) ) ;
#2208 =( GEOMETRIC_REPRESENTATION_CONTEXT ( 3 ) GLOBAL_UNCERTAINTY_ASSIGNED_CONTEXT ( ( #846 ) ) GLOBAL_UNIT_ASSIGNED_CONTEXT ( ( #2787, #2788, #2789 ) ) REPRESENTATION_CONTEXT ( 'NONE', 'WORKASPACE' ) );
#2209 = STYLED_ITEM ( 'NONE', ( #3672 ), #1134 ) ;
#2210 = PRESENTATION_LAYER_ASSIGNMENT (  '', '', ( #2219 ) ) ;
#2211 = MECHANICAL_DESIGN_GEOMETRIC_PRESENTATION_REPRESENTATION (  '', ( #2209 ), #2218 ) ;
#2212 = STYLED_ITEM ( 'NONE', ( #3770 ), #1136 ) ;
#2213 = MECHANICAL_DESIGN_GEOMETRIC_PRESENTATION_REPRESENTATION (  '', ( #2237 ), #2186 ) ;
#2214 = AXIS2_PLACEMENT_3D ( 'NONE', #2811, #2812, #2813 ) ;
#2215 = AXIS2_PLACEMENT_3D ( 'NONE', #2721, #2732, #2733 ) ;
#2216 = MECHANICAL_DESIGN_GEOMETRIC_PRESENTATION_REPRESENTATION (  '', ( #2200 ), #2201 ) ;
#2217 = MECHANICAL_DESIGN_GEOMETRIC_PRESENTATION_REPRESENTATION (  '', ( #504 ), #2230 ) ;
#2218 =( GEOMETRIC_REPRESENTATION_CONTEXT ( 3 ) GLOBAL_UNCERTAINTY_ASSIGNED_CONTEXT ( ( #847 ) ) GLOBAL_UNIT_ASSIGNED_CONTEXT ( ( #2797, #2798, #2799 ) ) REPRESENTATION_CONTEXT ( 'NONE', 'WORKASPACE' ) );
#2219 = STYLED_ITEM ( 'NONE', ( #3727 ), #1135 ) ;
#2220 = AXIS2_PLACEMENT_3D ( 'NONE', #2800, #2801, #2802 ) ;
#2221 = MECHANICAL_DESIGN_GEOMETRIC_PRESENTATION_REPRESENTATION (  '', ( #2196 ), #2250 ) ;
#2222 = AXIS2_PLACEMENT_3D ( 'NONE', #2707, #2718, #2719 ) ;
#2223 =( GEOMETRIC_REPRESENTATION_CONTEXT ( 3 ) GLOBAL_UNCERTAINTY_ASSIGNED_CONTEXT ( ( #844 ) ) GLOBAL_UNIT_ASSIGNED_CONTEXT ( ( #2808, #2809, #2810 ) ) REPRESENTATION_CONTEXT ( 'NONE', 'WORKASPACE' ) );
#2224 = MECHANICAL_DESIGN_GEOMETRIC_PRESENTATION_REPRESENTATION (  '', ( #2198 ), #2246 ) ;
#2225 = PRESENTATION_LAYER_ASSIGNMENT (  '', '', ( #2212 ) ) ;
#2226 = AXIS2_PLACEMENT_3D ( 'NONE', #2782, #2777, #2790 ) ;
#2227 = PRESENTATION_LAYER_ASSIGNMENT (  '', '', ( #2198 ) ) ;
#2228 = MECHANICAL_DESIGN_GEOMETRIC_PRESENTATION_REPRESENTATION (  '', ( #2185 ), #2208 ) ;
#2229 = AXIS2_PLACEMENT_3D ( 'NONE', #2769, #2780, #2781 ) ;
#2230 =( GEOMETRIC_REPRESENTATION_CONTEXT ( 3 ) GLOBAL_UNCERTAINTY_ASSIGNED_CONTEXT ( ( #183 ) ) GLOBAL_UNIT_ASSIGNED_CONTEXT ( ( #2700, #2701, #2702 ) ) REPRESENTATION_CONTEXT ( 'NONE', 'WORKASPACE' ) );
#2231 = AXIS2_PLACEMENT_3D ( 'NONE', #2832, #2833, #2834 ) ;
#2232 = PRESENTATION_LAYER_ASSIGNMENT (  '', '', ( #2200 ) ) ;
#2233 = PRESENTATION_LAYER_ASSIGNMENT (  '', '', ( #2185 ) ) ;
#2234 = STYLED_ITEM ( 'NONE', ( #3700 ), #1131 ) ;
#2235 = AXIS2_PLACEMENT_3D ( 'NONE', #2754, #2766, #2767 ) ;
#2236 = AXIS2_PLACEMENT_3D ( 'NONE', #1458, #1459, #1460 ) ;
#2237 = STYLED_ITEM ( 'NONE', ( #3728 ), #1129 ) ;
#2238 = PRESENTATION_LAYER_ASSIGNMENT (  '', '', ( #2196 ) ) ;
#2239 =( GEOMETRIC_REPRESENTATION_CONTEXT ( 3 ) GLOBAL_UNCERTAINTY_ASSIGNED_CONTEXT ( ( #845 ) ) GLOBAL_UNIT_ASSIGNED_CONTEXT ( ( #2818, #2819, #2820 ) ) REPRESENTATION_CONTEXT ( 'NONE', 'WORKASPACE' ) );
#2240 =( GEOMETRIC_REPRESENTATION_CONTEXT ( 3 ) GLOBAL_UNCERTAINTY_ASSIGNED_CONTEXT ( ( #856 ) ) GLOBAL_UNIT_ASSIGNED_CONTEXT ( ( #2829, #2830, #2831 ) ) REPRESENTATION_CONTEXT ( 'NONE', 'WORKASPACE' ) );
#2241 = STYLED_ITEM ( 'NONE', ( #3739 ), #2494 ) ;
#2242 = AXIS2_PLACEMENT_3D ( 'NONE', #2768, #2764, #2776 ) ;
#2243 = MECHANICAL_DESIGN_GEOMETRIC_PRESENTATION_REPRESENTATION (  '', ( #2212 ), #2239 ) ;
#2244 = AXIS2_PLACEMENT_3D ( 'NONE', #2739, #2751, #2752 ) ;
#2245 = PRESENTATION_LAYER_ASSIGNMENT (  '', '', ( #2241 ) ) ;
#2246 =( GEOMETRIC_REPRESENTATION_CONTEXT ( 3 ) GLOBAL_UNCERTAINTY_ASSIGNED_CONTEXT ( ( #214 ) ) GLOBAL_UNIT_ASSIGNED_CONTEXT ( ( #2743, #2744, #2745 ) ) REPRESENTATION_CONTEXT ( 'NONE', 'WORKASPACE' ) );
#2247 = PRESENTATION_LAYER_ASSIGNMENT (  '', '', ( #2234 ) ) ;
#2248 = AXIS2_PLACEMENT_3D ( 'NONE', #1439, #1441, #1442 ) ;
#2249 = AXIS2_PLACEMENT_3D ( 'NONE', #2705, #2706, #2714 ) ;
#2250 =( GEOMETRIC_REPRESENTATION_CONTEXT ( 3 ) GLOBAL_UNCERTAINTY_ASSIGNED_CONTEXT ( ( #840 ) ) GLOBAL_UNIT_ASSIGNED_CONTEXT ( ( #1455, #1456, #1457 ) ) REPRESENTATION_CONTEXT ( 'NONE', 'WORKASPACE' ) );
#2251 = AXIS2_PLACEMENT_3D ( 'NONE', #2803, #2821, #2822 ) ;
#2252 = PRESENTATION_LAYER_ASSIGNMENT (  '', '', ( #2237 ) ) ;
#2253 = CARTESIAN_POINT ( 'NONE',  ( -3.098078039465217000, -2.974164665018611800, 1.089100020161062300 ) ) ;
#2254 = DIRECTION ( 'NONE',  ( 0.0000000000000000000, -1.000000000000000000, 0.0000000000000000000 ) ) ;
#2255 = CARTESIAN_POINT ( 'NONE',  ( -5.015130616261423300, -2.730000000000000000, 0.5999999999999999800 ) ) ;
#2256 = DIRECTION ( 'NONE',  ( 0.0000000000000000000, 1.000000000000000000, 0.0000000000000000000 ) ) ;
#2257 = DIRECTION ( 'NONE',  ( 0.0000000000000000000, 1.000000000000000000, 0.0000000000000000000 ) ) ;
#2258 = CARTESIAN_POINT ( 'NONE',  ( -3.100000000000000100, -2.730000000000000000, 1.100000000000000100 ) ) ;
#2259 = DIRECTION ( 'NONE',  ( 0.1730072088098784400, 0.08584148278563297200, -0.9811726379862918400 ) ) ;
#2260 = CARTESIAN_POINT ( 'NONE',  ( -4.833057320768903200, -2.730000000000000000, 0.7172394111397638600 ) ) ;
#2261 = CARTESIAN_POINT ( 'NONE',  ( -3.100000000000000100, 1.829999999999999800, 1.100000000000000100 ) ) ;
#2262 = DIRECTION ( 'NONE',  ( 0.0000000000000000000, 1.000000000000000000, 0.0000000000000000000 ) ) ;
#2263 = DIRECTION ( 'NONE',  ( -0.0000000000000000000, -1.000000000000000000, -0.0000000000000000000 ) ) ;
#2264 = CARTESIAN_POINT ( 'NONE',  ( -2.928071792307897600, 3.299999999999999800, 0.1249466814363002100 ) ) ;
#2265 = CARTESIAN_POINT ( 'NONE',  ( -3.100000000000000100, 3.299999999999999800, 1.100000000000000100 ) ) ;
#2266 = DIRECTION ( 'NONE',  ( -0.1730072088098784400, 0.08584148278563297200, 0.9811726379862918400 ) ) ;
#2267 = DIRECTION ( 'NONE',  ( 1.000000000000000000, -0.0000000000000000000, -0.0000000000000000000 ) ) ;
#2268 = DIRECTION ( 'NONE',  ( -1.000000000000000000, 0.0000000000000000000, 0.0000000000000000000 ) ) ;
#2269 = DIRECTION ( 'NONE',  ( -0.0000000000000000000, -1.000000000000000000, -0.0000000000000000000 ) ) ;
#2270 = CARTESIAN_POINT ( 'NONE',  ( -5.015130616261423300, -1.830000000000000100, 0.7999999999999999300 ) ) ;
#2271 = CARTESIAN_POINT ( 'NONE',  ( -2.782574315667528900, -3.195169148284269700, 0.04222211805371607600 ) ) ;
#2272 = CARTESIAN_POINT ( 'NONE',  ( -3.100000000000000100, 1.829999999999999800, 1.700000000000000200 ) ) ;
#2273 = DIRECTION ( 'NONE',  ( -0.0000000000000000000, -1.000000000000000000, -0.0000000000000000000 ) ) ;
#2274 = CARTESIAN_POINT ( 'NONE',  ( -3.100000000000000500, 3.299999999999999800, 1.700000000000000200 ) ) ;
#2275 = CARTESIAN_POINT ( 'NONE',  ( -3.100000000000000500, 2.922647257601935300, 1.700000000000000200 ) ) ;
#2276 = CARTESIAN_POINT ( 'NONE',  ( -3.099985454419004000, 2.924569455846761600, 1.700082492089060900 ) ) ;
#2277 = DIRECTION ( 'NONE',  ( -1.000000000000000000, 0.0000000000000000000, 0.0000000000000000000 ) ) ;
#2278 = DIRECTION ( 'NONE',  ( 0.0000000000000000000, 0.0000000000000000000, -1.000000000000000000 ) ) ;
#2279 = CARTESIAN_POINT ( 'NONE',  ( 2.063463730152602000, 0.7999999999999998200, 0.0000000000000000000 ) ) ;
#2280 = CARTESIAN_POINT ( 'NONE',  ( -3.099995151380446200, 2.923931171730411300, 1.700027497887926200 ) ) ;
#2281 = CARTESIAN_POINT ( 'NONE',  ( -3.100000000000001000, 2.923290426750980100, 1.700000000000000000 ) ) ;
#2282 = DIRECTION ( 'NONE',  ( -0.1730072088098857900, 0.08584148278563287500, -0.9811726379862906200 ) ) ;
#2283 = DIRECTION ( 'NONE',  ( 0.4138029443011854200, 0.0000000000000000000, 0.9103664774626041300 ) ) ;
#2284 = CARTESIAN_POINT ( 'NONE',  ( -3.100000000000000100, 0.4500000000000000100, 1.700000000000000200 ) ) ;
#2285 = CARTESIAN_POINT ( 'NONE',  ( -4.599510527904727500, -1.830000000000000100, 1.231042355440948200 ) ) ;
#2286 = DIRECTION ( 'NONE',  ( 1.000000000000000000, 0.0000000000000000000, 0.0000000000000000000 ) ) ;
#2287 = CARTESIAN_POINT ( 'NONE',  ( -5.015130616261423300, 1.829999999999999800, 0.0000000000000000000 ) ) ;
#2288 = DIRECTION ( 'NONE',  ( 0.0000000000000000000, 0.0000000000000000000, 1.000000000000000000 ) ) ;
#2289 = DIRECTION ( 'NONE',  ( 0.4138029443011853600, 0.0000000000000000000, 0.9103664774626040200 ) ) ;
#2290 = CARTESIAN_POINT ( 'NONE',  ( -3.101864652285767600, 2.925501862839743300, 1.689425031391820400 ) ) ;
#2291 = DIRECTION ( 'NONE',  ( -0.0000000000000000000, -1.000000000000000000, -0.0000000000000000000 ) ) ;
#2292 = DIRECTION ( 'NONE',  ( 0.0000000000000000000, 0.0000000000000000000, 1.000000000000000000 ) ) ;
#2293 = CARTESIAN_POINT ( 'NONE',  ( -3.100000000000000100, -1.830000000000000100, 1.100000000000000100 ) ) ;
#2294 = CARTESIAN_POINT ( 'NONE',  ( -3.100000000000000100, -0.4500000000000000100, 1.100000000000000100 ) ) ;
#2295 = SHAPE_DEFINITION_REPRESENTATION ( #2475, #813 ) ;
#2296 = PRESENTATION_STYLE_ASSIGNMENT (( #2561 ) ) ;
#2297 = SURFACE_STYLE_FILL_AREA ( #2559 ) ;
#2298 = LINE ( 'NONE', #438, #2303 ) ;
#2299 = LINE ( 'NONE', #430, #2301 ) ;
#2300 = VECTOR ( 'NONE', #419, 1000.000000000000000 ) ;
#2301 = VECTOR ( 'NONE', #431, 1000.000000000000000 ) ;
#2302 = CIRCLE ( 'NONE', #2322, 0.4999999999999997800 ) ;
#2303 = VECTOR ( 'NONE', #439, 1000.000000000000000 ) ;
#2304 = LINE ( 'NONE', #427, #2300 ) ;
#2305 = COLOUR_RGB ( '',0.7529411764705882200, 0.7529411764705882200, 0.7529411764705882200 ) ;
#2306 = VECTOR ( 'NONE', #429, 1000.000000000000000 ) ;
#2307 = LINE ( 'NONE', #414, #2306 ) ;
#2308 = CIRCLE ( 'NONE', #2323, 0.1999999999999999800 ) ;
#2309 = VECTOR ( 'NONE', #428, 1000.000000000000000 ) ;
#2310 = LINE ( 'NONE', #426, #2309 ) ;
#2311 = VECTOR ( 'NONE', #425, 1000.000000000000000 ) ;
#2312 = PRODUCT_RELATED_PRODUCT_CATEGORY ( 'part', '', ( #3013 ) ) ;
#2313 = PRODUCT_DEFINITION_FORMATION_WITH_SPECIFIED_SOURCE ( 'ANY', '', #3013, .NOT_KNOWN. ) ;
#2314 = PRODUCT_DEFINITION ( 'UNKNOWN', '', #2313, #2474 ) ;
#2315 = AXIS2_PLACEMENT_3D ( 'NONE', #2565, #2566, #2567 ) ;
#2316 =( GEOMETRIC_REPRESENTATION_CONTEXT ( 3 ) GLOBAL_UNCERTAINTY_ASSIGNED_CONTEXT ( ( #812 ) ) GLOBAL_UNIT_ASSIGNED_CONTEXT ( ( #2562, #2563, #2564 ) ) REPRESENTATION_CONTEXT ( 'NONE', 'WORKASPACE' ) );
#2317 = MECHANICAL_DESIGN_GEOMETRIC_PRESENTATION_REPRESENTATION (  '', ( #2319 ), #2316 ) ;
#2318 = PRESENTATION_LAYER_ASSIGNMENT (  '', '', ( #2319 ) ) ;
#2319 = STYLED_ITEM ( 'NONE', ( #2296 ), #813 ) ;
#2320 =( GEOMETRIC_REPRESENTATION_CONTEXT ( 3 ) GLOBAL_UNCERTAINTY_ASSIGNED_CONTEXT ( ( #814 ) ) GLOBAL_UNIT_ASSIGNED_CONTEXT ( ( #440, #441, #442 ) ) REPRESENTATION_CONTEXT ( 'NONE', 'WORKASPACE' ) );
#2321 = AXIS2_PLACEMENT_3D ( 'NONE', #269, #270, #271 ) ;
#2322 = AXIS2_PLACEMENT_3D ( 'NONE', #435, #436, #437 ) ;
#2323 = AXIS2_PLACEMENT_3D ( 'NONE', #432, #433, #434 ) ;
#2324 = AXIS2_PLACEMENT_3D ( 'NONE', #416, #417, #418 ) ;
#2325 = AXIS2_PLACEMENT_3D ( 'NONE', #404, #405, #406 ) ;
#2326 = AXIS2_PLACEMENT_3D ( 'NONE', #392, #393, #394 ) ;
#2327 = AXIS2_PLACEMENT_3D ( 'NONE', #388, #389, #390 ) ;
#2328 = AXIS2_PLACEMENT_3D ( 'NONE', #381, #382, #383 ) ;
#2329 = AXIS2_PLACEMENT_3D ( 'NONE', #375, #377, #378 ) ;
#2330 = AXIS2_PLACEMENT_3D ( 'NONE', #365, #366, #367 ) ;
#2331 = AXIS2_PLACEMENT_3D ( 'NONE', #361, #362, #363 ) ;
#2332 = AXIS2_PLACEMENT_3D ( 'NONE', #357, #358, #359 ) ;
#2333 = AXIS2_PLACEMENT_3D ( 'NONE', #353, #354, #355 ) ;
#2334 = AXIS2_PLACEMENT_3D ( 'NONE', #350, #351, #352 ) ;
#2335 = AXIS2_PLACEMENT_3D ( 'NONE', #346, #347, #348 ) ;
#2336 = AXIS2_PLACEMENT_3D ( 'NONE', #343, #344, #345 ) ;
#2337 = AXIS2_PLACEMENT_3D ( 'NONE', #338, #339, #340 ) ;
#2338 = AXIS2_PLACEMENT_3D ( 'NONE', #334, #335, #336 ) ;
#2339 = AXIS2_PLACEMENT_3D ( 'NONE', #330, #331, #332 ) ;
#2340 = AXIS2_PLACEMENT_3D ( 'NONE', #324, #325, #326 ) ;
#2341 = AXIS2_PLACEMENT_3D ( 'NONE', #319, #320, #321 ) ;
#2342 = AXIS2_PLACEMENT_3D ( 'NONE', #316, #317, #318 ) ;
#2343 = AXIS2_PLACEMENT_3D ( 'NONE', #313, #314, #315 ) ;
#2344 = AXIS2_PLACEMENT_3D ( 'NONE', #309, #310, #311 ) ;
#2345 = AXIS2_PLACEMENT_3D ( 'NONE', #266, #267, #268 ) ;
#2346 = AXIS2_PLACEMENT_3D ( 'NONE', #258, #260, #261 ) ;
#2347 = AXIS2_PLACEMENT_3D ( 'NONE', #256, #257, #247 ) ;
#2348 = AXIS2_PLACEMENT_3D ( 'NONE', #235, #254, #255 ) ;
#2349 = AXIS2_PLACEMENT_3D ( 'NONE', #306, #307, #308 ) ;
#2350 = AXIS2_PLACEMENT_3D ( 'NONE', #301, #302, #303 ) ;
#2351 = AXIS2_PLACEMENT_3D ( 'NONE', #297, #298, #299 ) ;
#2352 = AXIS2_PLACEMENT_3D ( 'NONE', #294, #295, #296 ) ;
#2353 = AXIS2_PLACEMENT_3D ( 'NONE', #289, #290, #291 ) ;
#2354 = AXIS2_PLACEMENT_3D ( 'NONE', #286, #287, #288 ) ;
#2355 = AXIS2_PLACEMENT_3D ( 'NONE', #263, #264, #265 ) ;
#2356 =( GEOMETRIC_REPRESENTATION_CONTEXT ( 3 ) GLOBAL_UNCERTAINTY_ASSIGNED_CONTEXT ( ( #819 ) ) GLOBAL_UNIT_ASSIGNED_CONTEXT ( ( #251, #252, #253 ) ) REPRESENTATION_CONTEXT ( 'NONE', 'WORKASPACE' ) );
#2357 = MECHANICAL_DESIGN_GEOMETRIC_PRESENTATION_REPRESENTATION (  '', ( #2360 ), #2356 ) ;
#2358 = PRESENTATION_LAYER_ASSIGNMENT (  '', '', ( #2360 ) ) ;
#2359 = AXIS2_PLACEMENT_3D ( 'NONE', #244, #245, #246 ) ;
#2360 = STYLED_ITEM ( 'NONE', ( #2406 ), #2553 ) ;
#2361 =( GEOMETRIC_REPRESENTATION_CONTEXT ( 3 ) GLOBAL_UNCERTAINTY_ASSIGNED_CONTEXT ( ( #821 ) ) GLOBAL_UNIT_ASSIGNED_CONTEXT ( ( #241, #242, #243 ) ) REPRESENTATION_CONTEXT ( 'NONE', 'WORKASPACE' ) );
#2362 = MECHANICAL_DESIGN_GEOMETRIC_PRESENTATION_REPRESENTATION (  '', ( #2367 ), #2361 ) ;
#2363 = AXIS2_PLACEMENT_3D ( 'NONE', #281, #282, #283 ) ;
#2364 = AXIS2_PLACEMENT_3D ( 'NONE', #232, #233, #224 ) ;
#2365 = AXIS2_PLACEMENT_3D ( 'NONE', #223, #217, #231 ) ;
#2366 = PRESENTATION_LAYER_ASSIGNMENT (  '', '', ( #2367 ) ) ;
#2367 = STYLED_ITEM ( 'NONE', ( #2446 ), #2552 ) ;
#2368 =( GEOMETRIC_REPRESENTATION_CONTEXT ( 3 ) GLOBAL_UNCERTAINTY_ASSIGNED_CONTEXT ( ( #822 ) ) GLOBAL_UNIT_ASSIGNED_CONTEXT ( ( #228, #229, #230 ) ) REPRESENTATION_CONTEXT ( 'NONE', 'WORKASPACE' ) );
#2369 = MECHANICAL_DESIGN_GEOMETRIC_PRESENTATION_REPRESENTATION (  '', ( #2374 ), #2368 ) ;
#2370 = PRESENTATION_LAYER_ASSIGNMENT (  '', '', ( #2374 ) ) ;
#2371 = AXIS2_PLACEMENT_3D ( 'NONE', #220, #221, #222 ) ;
#2372 = AXIS2_PLACEMENT_3D ( 'NONE', #4097, #4094, #216 ) ;
#2373 = AXIS2_PLACEMENT_3D ( 'NONE', #4091, #4095, #4096 ) ;
#2374 = STYLED_ITEM ( 'NONE', ( #2436 ), #2550 ) ;
#2375 = AXIS2_PLACEMENT_3D ( 'NONE', #4087, #4092, #4093 ) ;
#2376 = AXIS2_PLACEMENT_3D ( 'NONE', #274, #275, #276 ) ;
#2377 = AXIS2_PLACEMENT_3D ( 'NONE', #4077, #4088, #4089 ) ;
#2378 = AXIS2_PLACEMENT_3D ( 'NONE', #4076, #4071, #4084 ) ;
#2379 = FACE_OUTER_BOUND ( 'NONE', #1700, .T. ) ;
#2380 = LINE ( 'NONE', #385, #2409 ) ;
#2381 = LINE ( 'NONE', #398, #2414 ) ;
#2382 = CIRCLE ( 'NONE', #2334, 0.1269999999999999500 ) ;
#2383 = CIRCLE ( 'NONE', #2321, 0.1270000000000000000 ) ;
#2384 = CIRCLE ( 'NONE', #2341, 0.1269999999999999500 ) ;
#2385 = SPHERICAL_SURFACE ( 'NONE', #2348, 0.1270000000000000000 ) ;
#2386 = CYLINDRICAL_SURFACE ( 'NONE', #2378, 0.4999999999999997800 ) ;
#2387 = VECTOR ( 'NONE', #423, 1000.000000000000000 ) ;
#2388 = CIRCLE ( 'NONE', #2355, 0.1270000000000000000 ) ;
#2389 = LINE ( 'NONE', #371, #2456 ) ;
#2390 = LINE ( 'NONE', #379, #2433 ) ;
#2391 = LINE ( 'NONE', #408, #2392 ) ;
#2392 = VECTOR ( 'NONE', #409, 1000.000000000000000 ) ;
#2393 = CIRCLE ( 'NONE', #2349, 0.1270000000000001100 ) ;
#2394 = LINE ( 'NONE', #411, #2459 ) ;
#2395 = CIRCLE ( 'NONE', #2338, 0.1270000000000000600 ) ;
#2396 = LINE ( 'NONE', #422, #2387 ) ;
#2397 = FACE_OUTER_BOUND ( 'NONE', #1943, .T. ) ;
#2398 = CIRCLE ( 'NONE', #2350, 0.1270000000000000600 ) ;
#2399 = FACE_OUTER_BOUND ( 'NONE', #2017, .T. ) ;
#2400 = VECTOR ( 'NONE', #277, 1000.000000000000000 ) ;
#2401 = VECTOR ( 'NONE', #402, 1000.000000000000000 ) ;
#2402 = COLOUR_RGB ( '',0.0000000000000000000, 0.0000000000000000000, 0.0000000000000000000 ) ;
#2403 = SURFACE_STYLE_FILL_AREA ( #248 ) ;
#2404 = CIRCLE ( 'NONE', #2328, 0.4000000000000001900 ) ;
#2405 = CIRCLE ( 'NONE', #2352, 0.1270000000000000600 ) ;
#2406 = PRESENTATION_STYLE_ASSIGNMENT (( #250 ) ) ;
#2407 = FACE_OUTER_BOUND ( 'NONE', #1802, .T. ) ;
#2408 = FACE_OUTER_BOUND ( 'NONE', #1837, .T. ) ;
#2409 = VECTOR ( 'NONE', #386, 1000.000000000000200 ) ;
#2410 = CIRCLE ( 'NONE', #2351, 0.1269999999999999500 ) ;
#2411 = VECTOR ( 'NONE', #370, 1000.000000000000000 ) ;
#2412 = CIRCLE ( 'NONE', #2343, 0.1270000000000001700 ) ;
#2413 = CIRCLE ( 'NONE', #2326, 0.1270000000000001100 ) ;
#2414 = VECTOR ( 'NONE', #391, 1000.000000000000000 ) ;
#2415 = LINE ( 'NONE', #364, #2444 ) ;
#2416 = CIRCLE ( 'NONE', #2327, 0.1270000000000001700 ) ;
#2417 = LINE ( 'NONE', #273, #2432 ) ;
#2418 = CIRCLE ( 'NONE', #2329, 0.1270000000000000000 ) ;
#2419 = LINE ( 'NONE', #395, #2471 ) ;
#2420 = SURFACE_STYLE_FILL_AREA ( #225 ) ;
#2421 = CIRCLE ( 'NONE', #2342, 0.1269999999999999500 ) ;
#2422 = FACE_OUTER_BOUND ( 'NONE', #2036, .T. ) ;
#2423 = CIRCLE ( 'NONE', #2340, 0.1270000000000000900 ) ;
#2424 = VECTOR ( 'NONE', #420, 1000.000000000000200 ) ;
#2425 = CIRCLE ( 'NONE', #2344, 0.1270000000000000600 ) ;
#2426 = CIRCLE ( 'NONE', #2345, 0.1269999999999997500 ) ;
#2427 = LINE ( 'NONE', #424, #2311 ) ;
#2428 = LINE ( 'NONE', #329, #2470 ) ;
#2429 = LINE ( 'NONE', #374, #2473 ) ;
#2430 = CIRCLE ( 'NONE', #2325, 0.1270000000000000000 ) ;
#2431 = CIRCLE ( 'NONE', #2336, 0.1270000000000000900 ) ;
#2432 = VECTOR ( 'NONE', #262, 1000.000000000000000 ) ;
#2433 = VECTOR ( 'NONE', #380, 1000.000000000000000 ) ;
#2434 = LINE ( 'NONE', #293, #2462 ) ;
#2435 = CIRCLE ( 'NONE', #2363, 0.1269999999999999500 ) ;
#2436 = PRESENTATION_STYLE_ASSIGNMENT (( #227 ) ) ;
#2437 = CIRCLE ( 'NONE', #2330, 0.4000000000000001900 ) ;
#2438 = CYLINDRICAL_SURFACE ( 'NONE', #2364, 0.1999999999999996500 ) ;
#2439 = SURFACE_STYLE_FILL_AREA ( #238 ) ;
#2440 = CIRCLE ( 'NONE', #2337, 0.1269999999999999500 ) ;
#2441 = LINE ( 'NONE', #349, #2455 ) ;
#2442 = CYLINDRICAL_SURFACE ( 'NONE', #2365, 0.1270000000000000600 ) ;
#2443 = CIRCLE ( 'NONE', #2324, 0.1269999999999998900 ) ;
#2444 = VECTOR ( 'NONE', #360, 1000.000000000000000 ) ;
#2445 = FACE_OUTER_BOUND ( 'NONE', #2033, .T. ) ;
#2446 = PRESENTATION_STYLE_ASSIGNMENT (( #240 ) ) ;
#2447 = CIRCLE ( 'NONE', #2353, 0.1269999999999999700 ) ;
#2448 = LINE ( 'NONE', #272, #2400 ) ;
#2449 = FACE_OUTER_BOUND ( 'NONE', #1852, .T. ) ;
#2450 = CIRCLE ( 'NONE', #2354, 0.1269999999999998600 ) ;
#2451 = COLOUR_RGB ( '',0.0000000000000000000, 0.0000000000000000000, 0.0000000000000000000 ) ;
#2452 = CIRCLE ( 'NONE', #2331, 0.1269999999999999500 ) ;
#2453 = CIRCLE ( 'NONE', #2333, 0.1270000000000000900 ) ;
#2454 = LINE ( 'NONE', #413, #2424 ) ;
#2455 = VECTOR ( 'NONE', #356, 1000.000000000000000 ) ;
#2456 = VECTOR ( 'NONE', #372, 1000.000000000000000 ) ;
#2457 = LINE ( 'NONE', #397, #2464 ) ;
#2458 = FACE_OUTER_BOUND ( 'NONE', #1876, .T. ) ;
#2459 = VECTOR ( 'NONE', #412, 1000.000000000000000 ) ;
#2460 = CIRCLE ( 'NONE', #2335, 0.1269999999999997500 ) ;
#2461 = CIRCLE ( 'NONE', #2376, 0.1269999999999999500 ) ;
#2462 = VECTOR ( 'NONE', #280, 1000.000000000000200 ) ;
#2463 = LINE ( 'NONE', #415, #2401 ) ;
#2464 = VECTOR ( 'NONE', #400, 1000.000000000000000 ) ;
#2465 = COLOUR_RGB ( '',0.0000000000000000000, 0.0000000000000000000, 0.0000000000000000000 ) ;
#2466 = CIRCLE ( 'NONE', #2332, 0.1269999999999999500 ) ;
#2467 = CIRCLE ( 'NONE', #2339, 0.1270000000000001100 ) ;
#2468 = LINE ( 'NONE', #369, #2411 ) ;
#2469 = CYLINDRICAL_SURFACE ( 'NONE', #2347, 0.4000000000000001900 ) ;
#2470 = VECTOR ( 'NONE', #312, 1000.000000000000000 ) ;
#2471 = VECTOR ( 'NONE', #396, 1000.000000000000200 ) ;
#2472 = CYLINDRICAL_SURFACE ( 'NONE', #2372, 0.1999999999999999800 ) ;
#2473 = VECTOR ( 'NONE', #373, 1000.000000000000000 ) ;
#2474 = PRODUCT_DEFINITION_CONTEXT ( 'detailed design', #2569, 'design' ) ;
#2475 = PRODUCT_DEFINITION_SHAPE ( 'NONE', 'NONE',  #2314 ) ;
#2476 = CARTESIAN_POINT ( 'NONE',  ( -3.100000000000000100, 2.730000000000000000, 1.100000000000000100 ) ) ;
#2477 = CARTESIAN_POINT ( 'NONE',  ( -3.100000000000000100, 2.973211040350044200, 1.100000000000000100 ) ) ;
#2478 = CARTESIAN_POINT ( 'NONE',  ( 2.758421517579849900, -2.988490086656421200, 2.404574602345464800 ) ) ;
#2479 = CARTESIAN_POINT ( 'NONE',  ( -3.100000000000000100, 2.975133127259120600, 1.100083764662503000 ) ) ;
#2480 = DIRECTION ( 'NONE',  ( -1.000000000000000000, 0.0000000000000000000, 0.0000000000000000000 ) ) ;
#2481 = DIRECTION ( 'NONE',  ( 0.0000000000000000000, 1.000000000000000000, 0.0000000000000000000 ) ) ;
#2482 = CARTESIAN_POINT ( 'NONE',  ( -3.871217345934644200, 1.829999999999999800, 0.9000000000000001300 ) ) ;
#2483 = CARTESIAN_POINT ( 'NONE',  ( -3.100000000000000100, 2.976108848427847500, 1.088931220671046000 ) ) ;
#2484 = CARTESIAN_POINT ( 'NONE',  ( -3.100000000000000500, 2.974494843702360800, 1.100027922087171200 ) ) ;
#2485 = CARTESIAN_POINT ( 'NONE',  ( -3.100000000000000500, 2.973854135835553700, 1.100000000000000100 ) ) ;
#2486 = DIRECTION ( 'NONE',  ( 0.0000000000000000000, 1.000000000000000000, 0.0000000000000000000 ) ) ;
#2487 = DIRECTION ( 'NONE',  ( -0.0000000000000000000, -1.000000000000000000, -0.0000000000000000000 ) ) ;
#2488 = DIRECTION ( 'NONE',  ( 7.200509705930738700E-016, 0.08715574274766527100, -0.9961946980917448800 ) ) ;
#2489 = CARTESIAN_POINT ( 'NONE',  ( -3.100000000000000100, 0.4500000000000000100, 1.100000000000000100 ) ) ;
#2490 = ADVANCED_FACE ( 'NONE', ( #3737 ), #1437, .T. ) ;
#2491 = ADVANCED_FACE ( 'NONE', ( #3812 ), #1440, .F. ) ;
#2492 = ADVANCED_FACE ( 'NONE', ( #3733 ), #3725, .F. ) ;
#2493 = ADVANCED_FACE ( 'NONE', ( #3713 ), #1450, .F. ) ;
#2494 = ADVANCED_FACE ( 'NONE', ( #3781 ), #3668, .T. ) ;
#2495 = ADVANCED_FACE ( 'NONE', ( #3730 ), #1471, .F. ) ;
#2496 = ADVANCED_FACE ( 'NONE', ( #3778 ), #3701, .T. ) ;
#2497 = ADVANCED_FACE ( 'NONE', ( #3738 ), #1492, .F. ) ;
#2498 = ADVANCED_FACE ( 'NONE', ( #3796 ), #1491, .T. ) ;
#2499 = ADVANCED_FACE ( 'NONE', ( #3745 ), #1496, .F. ) ;
#2500 = ADVANCED_FACE ( 'NONE', ( #3709 ), #3675, .T. ) ;
#2501 = ADVANCED_FACE ( 'NONE', ( #3743 ), #1528, .T. ) ;
#2502 = ADVANCED_FACE ( 'NONE', ( #3811 ), #1527, .F. ) ;
#2503 = ADVANCED_FACE ( 'NONE', ( #2993 ), #2978, .T. ) ;
#2504 = ADVANCED_FACE ( 'NONE', ( #2982 ), #1553, .F. ) ;
#2505 = ADVANCED_FACE ( 'NONE', ( #2984 ), #2962, .T. ) ;
#2506 = ADVANCED_FACE ( 'NONE', ( #2967 ), #1567, .F. ) ;
#2507 = ADVANCED_FACE ( 'NONE', ( #2959 ), #1566, .F. ) ;
#2508 = ADVANCED_FACE ( 'NONE', ( #2954, #2952 ), #1583, .F. ) ;
#2509 = ADVANCED_FACE ( 'NONE', ( #2949 ), #1582, .F. ) ;
#2510 = ADVANCED_FACE ( 'NONE', ( #2946 ), #2943, .F. ) ;
#2511 = ADVANCED_FACE ( 'NONE', ( #2948, #2942 ), #1601, .F. ) ;
#2512 = ADVANCED_FACE ( 'NONE', ( #2936 ), #2963, .T. ) ;
#2513 = ADVANCED_FACE ( 'NONE', ( #2951 ), #1621, .F. ) ;
#2514 = ADVANCED_FACE ( 'NONE', ( #2965 ), #2938, .F. ) ;
#2515 = ADVANCED_FACE ( 'NONE', ( #2985 ), #3818, .T. ) ;
#2516 = ADVANCED_FACE ( 'NONE', ( #2971 ), #2983, .F. ) ;
#2517 = ADVANCED_FACE ( 'NONE', ( #2988 ), #3839, .F. ) ;
#2518 = ADVANCED_FACE ( 'NONE', ( #2950 ), #3838, .F. ) ;
#2519 = ADVANCED_FACE ( 'NONE', ( #2989 ), #3850, .T. ) ;
#2520 = ADVANCED_FACE ( 'NONE', ( #2976 ), #3854, .F. ) ;
#2521 = ADVANCED_FACE ( 'NONE', ( #990 ), #978, .F. ) ;
#2522 = ADVANCED_FACE ( 'NONE', ( #982 ), #3886, .T. ) ;
#2523 = ADVANCED_FACE ( 'NONE', ( #983 ), #967, .T. ) ;
#2524 = ADVANCED_FACE ( 'NONE', ( #970 ), #3900, .F. ) ;
#2525 = ADVANCED_FACE ( 'NONE', ( #962 ), #953, .F. ) ;
#2526 = ADVANCED_FACE ( 'NONE', ( #959 ), #3914, .T. ) ;
#2527 = ADVANCED_FACE ( 'NONE', ( #957 ), #3913, .T. ) ;
#2528 = ADVANCED_FACE ( 'NONE', ( #966 ), #995, .T. ) ;
#2529 = ADVANCED_FACE ( 'NONE', ( #976 ), #972, .T. ) ;
#2530 = ADVANCED_FACE ( 'NONE', ( #965 ), #994, .T. ) ;
#2531 = ADVANCED_FACE ( 'NONE', ( #992 ), #993, .T. ) ;
#2532 = ADVANCED_FACE ( 'NONE', ( #974 ), #484, .T. ) ;
#2533 = ADVANCED_FACE ( 'NONE', ( #487 ), #3979, .T. ) ;
#2534 = ADVANCED_FACE ( 'NONE', ( #475 ), #3978, .F. ) ;
#2535 = ADVANCED_FACE ( 'NONE', ( #470 ), #3983, .F. ) ;
#2536 = ADVANCED_FACE ( 'NONE', ( #452 ), #3994, .F. ) ;
#2537 = ADVANCED_FACE ( 'NONE', ( #462 ), #4005, .F. ) ;
#2538 = ADVANCED_FACE ( 'NONE', ( #447 ), #474, .T. ) ;
#2539 = ADVANCED_FACE ( 'NONE', ( #476 ), #4037, .F. ) ;
#2540 = ADVANCED_FACE ( 'NONE', ( #472 ), #4036, .F. ) ;
#2541 = ADVANCED_FACE ( 'NONE', ( #480 ), #467, .T. ) ;
#2542 = ADVANCED_FACE ( 'NONE', ( #445 ), #457, .T. ) ;
#2543 = ADVANCED_FACE ( 'NONE', ( #464 ), #4072, .F. ) ;
#2544 = ADVANCED_FACE ( 'NONE', ( #461 ), #2386, .F. ) ;
#2545 = ADVANCED_FACE ( 'NONE', ( #482 ), #4086, .F. ) ;
#2546 = ADVANCED_FACE ( 'NONE', ( #481 ), #4085, .F. ) ;
#2547 = ADVANCED_FACE ( 'NONE', ( #2397 ), #4090, .T. ) ;
#2548 = ADVANCED_FACE ( 'NONE', ( #2399 ), #2472, .F. ) ;
#2549 = ADVANCED_FACE ( 'NONE', ( #2408 ), #218, .T. ) ;
#2550 = ADVANCED_FACE ( 'NONE', ( #2458 ), #2442, .T. ) ;
#2551 = ADVANCED_FACE ( 'NONE', ( #2449 ), #2438, .F. ) ;
#2552 = ADVANCED_FACE ( 'NONE', ( #2445 ), #236, .F. ) ;
#2553 = ADVANCED_FACE ( 'NONE', ( #2407 ), #2385, .T. ) ;
#2554 = ADVANCED_FACE ( 'NONE', ( #2422 ), #2469, .F. ) ;
#2555 = ADVANCED_FACE ( 'NONE', ( #2379 ), #259, .F. ) ;
#2556 = APPLICATION_PROTOCOL_DEFINITION ( 'draft international standard', 'automotive_design', 1998, #2557 ) ;
#2557 = APPLICATION_CONTEXT ( 'automotive_design' ) ;
#2558 = FILL_AREA_STYLE_COLOUR ( '', #2305 ) ;
#2559 = FILL_AREA_STYLE ('',( #2558 ) ) ;
#2560 = SURFACE_SIDE_STYLE ('',( #2297 ) ) ;
#2561 = SURFACE_STYLE_USAGE ( .BOTH. , #2560 ) ;
#2562 =( LENGTH_UNIT ( ) NAMED_UNIT ( * ) SI_UNIT ( .MILLI., .METRE. ) );
#2563 =( NAMED_UNIT ( * ) PLANE_ANGLE_UNIT ( ) SI_UNIT ( $, .RADIAN. ) );
#2564 =( NAMED_UNIT ( * ) SI_UNIT ( $, .STERADIAN. ) SOLID_ANGLE_UNIT ( ) );
#2565 = CARTESIAN_POINT ( 'NONE',  ( 0.0000000000000000000, 0.0000000000000000000, 0.0000000000000000000 ) ) ;
#2566 = DIRECTION ( 'NONE',  ( 0.0000000000000000000, 0.0000000000000000000, 1.000000000000000000 ) ) ;
#2567 = DIRECTION ( 'NONE',  ( 1.000000000000000000, 0.0000000000000000000, 0.0000000000000000000 ) ) ;
#2568 = PRODUCT_CONTEXT ( 'NONE', #2557, 'mechanical' ) ;
#2569 = APPLICATION_CONTEXT ( 'automotive_design' ) ;
#2570 = APPLICATION_PROTOCOL_DEFINITION ( 'draft international standard', 'automotive_design', 1998, #2569 ) ;
#2571 = DIRECTION ( 'NONE',  ( -0.0000000000000000000, -1.000000000000000000, -0.0000000000000000000 ) ) ;
#2572 = DIRECTION ( 'NONE',  ( 0.4138029443011854200, 0.0000000000000000000, 0.9103664774626041300 ) ) ;
#2573 = CARTESIAN_POINT ( 'NONE',  ( -4.053290641427165200, 2.730000000000000000, 0.9827605888602370900 ) ) ;
#2574 = CARTESIAN_POINT ( 'NONE',  ( -4.599510527904727500, 2.730000000000000000, 1.231042355440948200 ) ) ;
#2575 = DIRECTION ( 'NONE',  ( 0.0000000000000000000, 0.0000000000000000000, 1.000000000000000000 ) ) ;
#2576 = CARTESIAN_POINT ( 'NONE',  ( -3.100000000000000100, -2.730000000000000000, 1.100000000000000100 ) ) ;
#2577 = DIRECTION ( 'NONE',  ( -0.0000000000000000000, -1.000000000000000000, -0.0000000000000000000 ) ) ;
#2578 = CARTESIAN_POINT ( 'NONE',  ( -3.100000000000000500, 3.299999999999999800, 1.700000000000000200 ) ) ;
#2579 = DIRECTION ( 'NONE',  ( -7.200509705930738700E-016, 0.08715574274766527100, 0.9961946980917448800 ) ) ;
#2580 = CARTESIAN_POINT ( 'NONE',  ( -3.100000000000000500, -2.923615650312287400, 1.688931220671046500 ) ) ;
#2581 = CARTESIAN_POINT ( 'NONE',  ( -3.100000000000000100, -2.975133127259120200, 1.100083764662501200 ) ) ;
#2582 = CARTESIAN_POINT ( 'NONE',  ( -3.100000000000000100, -2.973211040350043400, 1.100000000000000100 ) ) ;
#2583 = CARTESIAN_POINT ( 'NONE',  ( -3.100000000000000500, 3.299999999999999800, 1.700000000000000200 ) ) ;
#2584 = DIRECTION ( 'NONE',  ( -0.0000000000000000000, -1.000000000000000000, -0.0000000000000000000 ) ) ;
#2585 = CARTESIAN_POINT ( 'NONE',  ( -3.100000000000000500, -2.973854135835553200, 1.099999999999998800 ) ) ;
#2586 = CARTESIAN_POINT ( 'NONE',  ( -3.100000000000000100, 3.299999999999999800, 1.100000000000000100 ) ) ;
#2587 = DIRECTION ( 'NONE',  ( -0.0000000000000000000, -1.000000000000000000, -0.0000000000000000000 ) ) ;
#2588 = CARTESIAN_POINT ( 'NONE',  ( -3.100000000000000100, 3.299999999999999800, 1.100000000000000100 ) ) ;
#2589 = DIRECTION ( 'NONE',  ( 0.0000000000000000000, 0.0000000000000000000, 1.000000000000000000 ) ) ;
#2590 = DIRECTION ( 'NONE',  ( -0.0000000000000000000, -1.000000000000000000, -0.0000000000000000000 ) ) ;
#2591 = CARTESIAN_POINT ( 'NONE',  ( -3.100000000000000500, -2.974494843702359900, 1.100027922087170000 ) ) ;
#2592 = CARTESIAN_POINT ( 'NONE',  ( -3.100000000000000500, 3.299999999999999800, 1.700000000000000200 ) ) ;
#2593 = DIRECTION ( 'NONE',  ( 0.4138029443011853600, 0.0000000000000000000, 0.9103664774626040200 ) ) ;
#2594 = CARTESIAN_POINT ( 'NONE',  ( -3.100000000000000100, 3.299999999999999800, 1.100000000000000100 ) ) ;
#2595 = DIRECTION ( 'NONE',  ( 0.0000000000000000000, 1.000000000000000000, 0.0000000000000000000 ) ) ;
#2596 = CARTESIAN_POINT ( 'NONE',  ( -3.100000000000000100, 1.829999999999999800, 1.100000000000000100 ) ) ;
#2597 =( NAMED_UNIT ( * ) SI_UNIT ( $, .STERADIAN. ) SOLID_ANGLE_UNIT ( ) );
#2598 = CARTESIAN_POINT ( 'NONE',  ( 3.100000000000000100, 3.299999999999999800, 0.02000000000000000000 ) ) ;
#2599 = DIRECTION ( 'NONE',  ( -1.000000000000000000, 0.0000000000000000000, 0.0000000000000000000 ) ) ;
#2600 = DIRECTION ( 'NONE',  ( 0.0000000000000000000, 0.0000000000000000000, 1.000000000000000000 ) ) ;
#2601 = CARTESIAN_POINT ( 'NONE',  ( 2.779332471465630200, 2.841062406112988500, 2.455967661455653200 ) ) ;
#2602 = FILL_AREA_STYLE_COLOUR ( '', #3789 ) ;
#2603 = FILL_AREA_STYLE ('',( #175 ) ) ;
#2604 = SURFACE_SIDE_STYLE ('',( #3788 ) ) ;
#2605 = SURFACE_STYLE_USAGE ( .BOTH. , #2604 ) ;
#2606 =( LENGTH_UNIT ( ) NAMED_UNIT ( * ) SI_UNIT ( .MILLI., .METRE. ) );
#2607 =( NAMED_UNIT ( * ) PLANE_ANGLE_UNIT ( ) SI_UNIT ( $, .RADIAN. ) );
#2608 =( NAMED_UNIT ( * ) SI_UNIT ( $, .STERADIAN. ) SOLID_ANGLE_UNIT ( ) );
#2609 = DIRECTION ( 'NONE',  ( -0.1039620511844945400, 0.1039620511844956300, 0.9891328443778545400 ) ) ;
#2610 = DIRECTION ( 'NONE',  ( 0.0000000000000000000, -0.9945218953682736200, 0.1045284632676523500 ) ) ;
#2611 = CARTESIAN_POINT ( 'NONE',  ( -2.870005460344558400, -2.872516253401576700, 2.273000000000000100 ) ) ;
#2612 = CARTESIAN_POINT ( 'NONE',  ( -3.871217345934644200, 2.730000000000000000, 0.9000000000000001300 ) ) ;
#2613 = FILL_AREA_STYLE ('',( #2602 ) ) ;
#2614 = SURFACE_SIDE_STYLE ('',( #3769 ) ) ;
#2615 = SURFACE_STYLE_USAGE ( .BOTH. , #2614 ) ;
#2616 =( LENGTH_UNIT ( ) NAMED_UNIT ( * ) SI_UNIT ( .MILLI., .METRE. ) );
#2617 =( NAMED_UNIT ( * ) PLANE_ANGLE_UNIT ( ) SI_UNIT ( $, .RADIAN. ) );
#2618 =( NAMED_UNIT ( * ) SI_UNIT ( $, .STERADIAN. ) SOLID_ANGLE_UNIT ( ) );
#2619 = DIRECTION ( 'NONE',  ( 0.0000000000000000000, 1.000000000000000000, 0.0000000000000000000 ) ) ;
#2620 = DIRECTION ( 'NONE',  ( 1.000000000000000000, 0.0000000000000000000, 0.0000000000000000000 ) ) ;
#2621 = DIRECTION ( 'NONE',  ( -0.1730072088098858200, -0.08584148278563287500, -0.9811726379862906200 ) ) ;
#2622 = PLANE ( 'NONE',  #631 ) ;
#2623 = FILL_AREA_STYLE_COLOUR ( '', #3742 ) ;
#2624 = DIRECTION ( 'NONE',  ( 0.0000000000000000000, 1.000000000000000000, 0.0000000000000000000 ) ) ;
#2625 = DIRECTION ( 'NONE',  ( -1.000000000000000000, 0.0000000000000000000, 0.0000000000000000000 ) ) ;
#2626 = CARTESIAN_POINT ( 'NONE',  ( -2.882487011308017900, -2.878709260326190600, 2.202213606940300700 ) ) ;
#2627 = FILL_AREA_STYLE_COLOUR ( '', #3664 ) ;
#2628 = FILL_AREA_STYLE ('',( #2623 ) ) ;
#2629 = SURFACE_SIDE_STYLE ('',( #3671 ) ) ;
#2630 = SURFACE_STYLE_USAGE ( .BOTH. , #2629 ) ;
#2631 =( LENGTH_UNIT ( ) NAMED_UNIT ( * ) SI_UNIT ( .MILLI., .METRE. ) );
#2632 =( NAMED_UNIT ( * ) PLANE_ANGLE_UNIT ( ) SI_UNIT ( $, .RADIAN. ) );
#2633 =( NAMED_UNIT ( * ) SI_UNIT ( $, .STERADIAN. ) SOLID_ANGLE_UNIT ( ) );
#2634 = DIRECTION ( 'NONE',  ( -0.9848077530122071300, 0.0000000000000000000, 0.1736481776669350800 ) ) ;
#2635 = CARTESIAN_POINT ( 'NONE',  ( 2.747878624177043000, -2.872516253401576700, 2.272999999999999200 ) ) ;
#2636 = DIRECTION ( 'NONE',  ( 0.0000000000000000000, 0.0000000000000000000, 1.000000000000000000 ) ) ;
#2637 = FILL_AREA_STYLE ('',( #2627 ) ) ;
#2638 = SURFACE_SIDE_STYLE ('',( #3777 ) ) ;
#2639 = SURFACE_STYLE_USAGE ( .BOTH. , #2638 ) ;
#2640 =( LENGTH_UNIT ( ) NAMED_UNIT ( * ) SI_UNIT ( .MILLI., .METRE. ) );
#2641 =( NAMED_UNIT ( * ) PLANE_ANGLE_UNIT ( ) SI_UNIT ( $, .RADIAN. ) );
#2642 =( NAMED_UNIT ( * ) SI_UNIT ( $, .STERADIAN. ) SOLID_ANGLE_UNIT ( ) );
#2643 = DIRECTION ( 'NONE',  ( 0.0000000000000000000, 1.000000000000000000, 0.0000000000000000000 ) ) ;
#2644 = DIRECTION ( 'NONE',  ( 1.000000000000000000, 0.0000000000000000000, 0.0000000000000000000 ) ) ;
#2645 = CARTESIAN_POINT ( 'NONE',  ( -3.871217345934644200, -2.730000000000000000, 0.9000000000000001300 ) ) ;
#2646 = DIRECTION ( 'NONE',  ( 0.0000000000000000000, 1.000000000000000000, 0.0000000000000000000 ) ) ;
#2647 = FILL_AREA_STYLE_COLOUR ( '', #3690 ) ;
#2648 = CARTESIAN_POINT ( 'NONE',  ( 2.561877725520915300, -3.058517152057706100, 0.1469999999999999900 ) ) ;
#2649 = CARTESIAN_POINT ( 'NONE',  ( -3.100000000000000100, 0.4500000000000000100, 1.700000000000000200 ) ) ;
#2650 = FILL_AREA_STYLE ('',( #2647 ) ) ;
#2651 = SURFACE_SIDE_STYLE ('',( #3662 ) ) ;
#2652 = SURFACE_STYLE_USAGE ( .BOTH. , #2651 ) ;
#2653 =( LENGTH_UNIT ( ) NAMED_UNIT ( * ) SI_UNIT ( .MILLI., .METRE. ) );
#2654 =( NAMED_UNIT ( * ) PLANE_ANGLE_UNIT ( ) SI_UNIT ( $, .RADIAN. ) );
#2655 =( NAMED_UNIT ( * ) SI_UNIT ( $, .STERADIAN. ) SOLID_ANGLE_UNIT ( ) );
#2656 = DIRECTION ( 'NONE',  ( 0.0000000000000000000, 1.000000000000000000, 0.0000000000000000000 ) ) ;
#2657 = DIRECTION ( 'NONE',  ( 1.000000000000000000, 0.0000000000000000000, 0.0000000000000000000 ) ) ;
#2658 = DIRECTION ( 'NONE',  ( 7.200509705930739700E-016, -0.08715574274766528500, -0.9961946980917449900 ) ) ;
#2659 = PLANE ( 'NONE',  #518 ) ;
#2660 = FILL_AREA_STYLE_COLOUR ( '', #3692 ) ;
#2661 = DIRECTION ( 'NONE',  ( 0.0000000000000000000, -0.0000000000000000000, 1.000000000000000000 ) ) ;
#2662 = DIRECTION ( 'NONE',  ( 1.000000000000000000, 0.0000000000000000000, 0.0000000000000000000 ) ) ;
#2663 = CARTESIAN_POINT ( 'NONE',  ( -2.973000000000000800, -2.875379260574229000, 2.240275678273392600 ) ) ;
#2664 = FILL_AREA_STYLE_COLOUR ( '', #3766 ) ;
#2665 = FILL_AREA_STYLE ('',( #2660 ) ) ;
#2666 = SURFACE_SIDE_STYLE ('',( #3726 ) ) ;
#2667 = SURFACE_STYLE_USAGE ( .BOTH. , #2666 ) ;
#2668 =( LENGTH_UNIT ( ) NAMED_UNIT ( * ) SI_UNIT ( .MILLI., .METRE. ) );
#2669 =( NAMED_UNIT ( * ) PLANE_ANGLE_UNIT ( ) SI_UNIT ( $, .RADIAN. ) );
#2670 =( NAMED_UNIT ( * ) SI_UNIT ( $, .STERADIAN. ) SOLID_ANGLE_UNIT ( ) );
#2671 = DIRECTION ( 'NONE',  ( 0.0000000000000000000, 0.9961946980917451000, -0.08715574274766368900 ) ) ;
#2672 = CARTESIAN_POINT ( 'NONE',  ( 2.755281990280821000, -2.865112887297798200, 2.357620861782666800 ) ) ;
#2673 = DIRECTION ( 'NONE',  ( 0.08682659386425373200, 0.08682659386425463400, 0.9924325091389660800 ) ) ;
#2674 = DIRECTION ( 'NONE',  ( 0.0000000000000000000, 0.0000000000000000000, 1.000000000000000000 ) ) ;
#2675 = FILL_AREA_STYLE ('',( #2664 ) ) ;
#2676 = SURFACE_SIDE_STYLE ('',( #3684 ) ) ;
#2677 = SURFACE_STYLE_USAGE ( .BOTH. , #2676 ) ;
#2678 =( LENGTH_UNIT ( ) NAMED_UNIT ( * ) SI_UNIT ( .MILLI., .METRE. ) );
#2679 =( NAMED_UNIT ( * ) PLANE_ANGLE_UNIT ( ) SI_UNIT ( $, .RADIAN. ) );
#2680 =( NAMED_UNIT ( * ) SI_UNIT ( $, .STERADIAN. ) SOLID_ANGLE_UNIT ( ) );
#2681 = DIRECTION ( 'NONE',  ( 0.0000000000000000000, -0.9961946980917451000, 0.08715574274766368900 ) ) ;
#2682 = CARTESIAN_POINT ( 'NONE',  ( -5.015130616261423300, -2.730000000000000000, 0.7999999999999999300 ) ) ;
#2683 = DIRECTION ( 'NONE',  ( 0.0000000000000000000, 1.000000000000000000, 0.0000000000000000000 ) ) ;
#2684 = FILL_AREA_STYLE_COLOUR ( '', #3792 ) ;
#2685 = CARTESIAN_POINT ( 'NONE',  ( 2.406024741404648700, 3.214370136173973600, -1.634407759990224900 ) ) ;
#2686 = DIRECTION ( 'NONE',  ( 0.08682659386425373200, -0.08682659386425463400, 0.9924325091389660800 ) ) ;
#2687 = FILL_AREA_STYLE_COLOUR ( '', #3780 ) ;
#2688 = FILL_AREA_STYLE ('',( #2684 ) ) ;
#2689 = SURFACE_SIDE_STYLE ('',( #3683 ) ) ;
#2690 = SURFACE_STYLE_USAGE ( .BOTH. , #2689 ) ;
#2691 =( LENGTH_UNIT ( ) NAMED_UNIT ( * ) SI_UNIT ( .MILLI., .METRE. ) );
#2692 =( NAMED_UNIT ( * ) PLANE_ANGLE_UNIT ( ) SI_UNIT ( $, .RADIAN. ) );
#2693 =( NAMED_UNIT ( * ) SI_UNIT ( $, .STERADIAN. ) SOLID_ANGLE_UNIT ( ) );
#2694 = DIRECTION ( 'NONE',  ( 0.0000000000000000000, -0.9961946980917448800, -0.08715574274766538200 ) ) ;
#2695 = CARTESIAN_POINT ( 'NONE',  ( 2.561877725520915300, 3.058517152057706100, 0.1469999999999999900 ) ) ;
#2696 = FILL_AREA_STYLE_COLOUR ( '', #3734 ) ;
#2697 = FILL_AREA_STYLE ('',( #2687 ) ) ;
#2698 = SURFACE_SIDE_STYLE ('',( #3798 ) ) ;
#2699 = SURFACE_STYLE_USAGE ( .BOTH. , #2698 ) ;
#2700 =( LENGTH_UNIT ( ) NAMED_UNIT ( * ) SI_UNIT ( .MILLI., .METRE. ) );
#2701 =( NAMED_UNIT ( * ) PLANE_ANGLE_UNIT ( ) SI_UNIT ( $, .RADIAN. ) );
#2702 =( NAMED_UNIT ( * ) SI_UNIT ( $, .STERADIAN. ) SOLID_ANGLE_UNIT ( ) );
#2703 = DIRECTION ( 'NONE',  ( 0.0000000000000000000, 1.000000000000000000, 0.0000000000000000000 ) ) ;
#2704 = DIRECTION ( 'NONE',  ( 1.000000000000000000, 0.0000000000000000000, 0.0000000000000000000 ) ) ;
#2705 = CARTESIAN_POINT ( 'NONE',  ( -2.970076208693763800, 2.975619069818874300, 1.094529415788379800 ) ) ;
#2706 = DIRECTION ( 'NONE',  ( 0.1730072088098784400, 0.08584148278563297200, -0.9811726379862919500 ) ) ;
#2707 = CARTESIAN_POINT ( 'NONE',  ( -4.599510527904727500, -2.730000000000000000, 1.231042355440948200 ) ) ;
#2708 = FILL_AREA_STYLE ('',( #2696 ) ) ;
#2709 = SURFACE_SIDE_STYLE ('',( #3708 ) ) ;
#2710 = SURFACE_STYLE_USAGE ( .BOTH. , #2709 ) ;
#2711 =( LENGTH_UNIT ( ) NAMED_UNIT ( * ) SI_UNIT ( .MILLI., .METRE. ) );
#2712 =( NAMED_UNIT ( * ) PLANE_ANGLE_UNIT ( ) SI_UNIT ( $, .RADIAN. ) );
#2713 =( NAMED_UNIT ( * ) SI_UNIT ( $, .STERADIAN. ) SOLID_ANGLE_UNIT ( ) );
#2714 = DIRECTION ( 'NONE',  ( -0.9848077530122085800, 0.0000000000000000000, -0.1736481776669268100 ) ) ;
#2715 = DIRECTION ( 'NONE',  ( 0.0000000000000000000, -1.000000000000000000, 0.0000000000000000000 ) ) ;
#2716 = PLANE ( 'NONE',  #2222 ) ;
#2717 = FILL_AREA_STYLE_COLOUR ( '', #3808 ) ;
#2718 = DIRECTION ( 'NONE',  ( -0.9103664774626041300, 0.0000000000000000000, 0.4138029443011855300 ) ) ;
#2719 = DIRECTION ( 'NONE',  ( 0.4138029443011854700, 0.0000000000000000000, 0.9103664774626040200 ) ) ;
#2720 = CARTESIAN_POINT ( 'NONE',  ( 2.798563147601275300, 3.299999999999999800, 2.272999999999999200 ) ) ;
#2721 = CARTESIAN_POINT ( 'NONE',  ( -6.000000000000000000, -2.730000000000000000, 0.5999999999999999800 ) ) ;
#2722 = FILL_AREA_STYLE ('',( #2717 ) ) ;
#2723 = SURFACE_SIDE_STYLE ('',( #3719 ) ) ;
#2724 = SURFACE_STYLE_USAGE ( .BOTH. , #2723 ) ;
#2725 =( LENGTH_UNIT ( ) NAMED_UNIT ( * ) SI_UNIT ( .MILLI., .METRE. ) );
#2726 =( NAMED_UNIT ( * ) PLANE_ANGLE_UNIT ( ) SI_UNIT ( $, .RADIAN. ) );
#2727 =( NAMED_UNIT ( * ) SI_UNIT ( $, .STERADIAN. ) SOLID_ANGLE_UNIT ( ) );
#2728 = DIRECTION ( 'NONE',  ( 0.0000000000000000000, 0.0000000000000000000, -1.000000000000000000 ) ) ;
#2729 = PLANE ( 'NONE',  #2183 ) ;
#2730 = PLANE ( 'NONE',  #2215 ) ;
#2731 = CARTESIAN_POINT ( 'NONE',  ( -3.100000000000000100, -2.730000000000000000, 1.700000000000000200 ) ) ;
#2732 = DIRECTION ( 'NONE',  ( 1.000000000000000000, -0.0000000000000000000, 0.0000000000000000000 ) ) ;
#2733 = DIRECTION ( 'NONE',  ( 0.0000000000000000000, 0.0000000000000000000, -1.000000000000000000 ) ) ;
#2734 = PLANE ( 'NONE',  #2189 ) ;
#2735 = FILL_AREA_STYLE_COLOUR ( '', #3771 ) ;
#2736 = DIRECTION ( 'NONE',  ( 0.0000000000000000000, -0.0000000000000000000, 1.000000000000000000 ) ) ;
#2737 = DIRECTION ( 'NONE',  ( 1.000000000000000000, 0.0000000000000000000, 0.0000000000000000000 ) ) ;
#2738 = PLANE ( 'NONE',  #2244 ) ;
#2739 = CARTESIAN_POINT ( 'NONE',  ( -3.100000000000000100, 0.4500000000000000100, 1.100000000000000100 ) ) ;
#2740 = FILL_AREA_STYLE ('',( #2735 ) ) ;
#2741 = SURFACE_SIDE_STYLE ('',( #3765 ) ) ;
#2742 = SURFACE_STYLE_USAGE ( .BOTH. , #2741 ) ;
#2743 =( LENGTH_UNIT ( ) NAMED_UNIT ( * ) SI_UNIT ( .MILLI., .METRE. ) );
#2744 =( NAMED_UNIT ( * ) PLANE_ANGLE_UNIT ( ) SI_UNIT ( $, .RADIAN. ) );
#2745 =( NAMED_UNIT ( * ) SI_UNIT ( $, .STERADIAN. ) SOLID_ANGLE_UNIT ( ) );
#2746 = CARTESIAN_POINT ( 'NONE',  ( -1.000000000000000400, 2.350000000000000100, 0.5999999999999999800 ) ) ;
#2747 = DIRECTION ( 'NONE',  ( 1.000000000000000000, 1.384087879768729100E-016, -0.0000000000000000000 ) ) ;
#2748 = DIRECTION ( 'NONE',  ( -1.384087879768729100E-016, 1.000000000000000000, 0.0000000000000000000 ) ) ;
#2749 = PLANE ( 'NONE',  #2193 ) ;
#2750 = FILL_AREA_STYLE_COLOUR ( '', #3776 ) ;
#2751 = DIRECTION ( 'NONE',  ( 0.0000000000000000000, -0.0000000000000000000, 1.000000000000000000 ) ) ;
#2752 = DIRECTION ( 'NONE',  ( 1.000000000000000000, 0.0000000000000000000, -0.0000000000000000000 ) ) ;
#2753 = PLANE ( 'NONE',  #2235 ) ;
#2754 = CARTESIAN_POINT ( 'NONE',  ( -5.015130616261423300, -2.730000000000000000, 0.5999999999999999800 ) ) ;
#2755 = FILL_AREA_STYLE ('',( #2750 ) ) ;
#2756 = SURFACE_SIDE_STYLE ('',( #3674 ) ) ;
#2757 = SURFACE_STYLE_USAGE ( .BOTH. , #2756 ) ;
#2758 =( LENGTH_UNIT ( ) NAMED_UNIT ( * ) SI_UNIT ( .MILLI., .METRE. ) );
#2759 =( NAMED_UNIT ( * ) PLANE_ANGLE_UNIT ( ) SI_UNIT ( $, .RADIAN. ) );
#2760 =( NAMED_UNIT ( * ) SI_UNIT ( $, .STERADIAN. ) SOLID_ANGLE_UNIT ( ) );
#2761 = CARTESIAN_POINT ( 'NONE',  ( -3.100000000000000500, 3.299999999999999800, 1.700000000000000200 ) ) ;
#2762 = DIRECTION ( 'NONE',  ( 1.000000000000000000, -0.0000000000000000000, 7.228014483236695600E-016 ) ) ;
#2763 = DIRECTION ( 'NONE',  ( 7.228014483236695600E-016, 0.0000000000000000000, -1.000000000000000000 ) ) ;
#2764 = DIRECTION ( 'NONE',  ( 0.0000000000000000000, -1.000000000000000000, 0.0000000000000000000 ) ) ;
#2765 = FILL_AREA_STYLE_COLOUR ( '', #3754 ) ;
#2766 = DIRECTION ( 'NONE',  ( 0.0000000000000000000, -0.0000000000000000000, 1.000000000000000000 ) ) ;
#2767 = DIRECTION ( 'NONE',  ( 1.000000000000000000, 0.0000000000000000000, 0.0000000000000000000 ) ) ;
#2768 = CARTESIAN_POINT ( 'NONE',  ( -2.803001207675347200, 3.299999999999999800, 0.1469999999999998800 ) ) ;
#2769 = CARTESIAN_POINT ( 'NONE',  ( -3.100000000000000100, -2.730000000000000000, 1.100000000000000100 ) ) ;
#2770 = FILL_AREA_STYLE ('',( #2765 ) ) ;
#2771 = SURFACE_SIDE_STYLE ('',( #3756 ) ) ;
#2772 = SURFACE_STYLE_USAGE ( .BOTH. , #2771 ) ;
#2773 =( LENGTH_UNIT ( ) NAMED_UNIT ( * ) SI_UNIT ( .MILLI., .METRE. ) );
#2774 =( NAMED_UNIT ( * ) PLANE_ANGLE_UNIT ( ) SI_UNIT ( $, .RADIAN. ) );
#2775 =( NAMED_UNIT ( * ) SI_UNIT ( $, .STERADIAN. ) SOLID_ANGLE_UNIT ( ) );
#2776 = DIRECTION ( 'NONE',  ( 0.0000000000000000000, 0.0000000000000000000, -1.000000000000000000 ) ) ;
#2777 = DIRECTION ( 'NONE',  ( 0.7071067811865439100, 0.7071067811865512400, -1.041376804291334800E-016 ) ) ;
#2778 = PLANE ( 'NONE',  #2229 ) ;
#2779 = FILL_AREA_STYLE_COLOUR ( '', #3793 ) ;
#2780 = DIRECTION ( 'NONE',  ( 0.0000000000000000000, 0.0000000000000000000, 1.000000000000000000 ) ) ;
#2781 = DIRECTION ( 'NONE',  ( 1.000000000000000000, 0.0000000000000000000, -0.0000000000000000000 ) ) ;
#2782 = CARTESIAN_POINT ( 'NONE',  ( 5.916654669402859700, 0.2962597918242720300, 2.272999999999998800 ) ) ;
#2783 = FILL_AREA_STYLE_COLOUR ( '', #3729 ) ;
#2784 = FILL_AREA_STYLE ('',( #2779 ) ) ;
#2785 = SURFACE_SIDE_STYLE ('',( #3813 ) ) ;
#2786 = SURFACE_STYLE_USAGE ( .BOTH. , #2785 ) ;
#2787 =( LENGTH_UNIT ( ) NAMED_UNIT ( * ) SI_UNIT ( .MILLI., .METRE. ) );
#2788 =( NAMED_UNIT ( * ) PLANE_ANGLE_UNIT ( ) SI_UNIT ( $, .RADIAN. ) );
#2789 =( NAMED_UNIT ( * ) SI_UNIT ( $, .STERADIAN. ) SOLID_ANGLE_UNIT ( ) );
#2790 = DIRECTION ( 'NONE',  ( -0.7071067811865529000, 0.7071067811865422400, 0.0000000000000000000 ) ) ;
#2791 = PLANE ( 'NONE',  #2214 ) ;
#2792 = PLANE ( 'NONE',  #2220 ) ;
#2793 = FILL_AREA_STYLE_COLOUR ( '', #3786 ) ;
#2794 = FILL_AREA_STYLE ('',( #2783 ) ) ;
#2795 = SURFACE_SIDE_STYLE ('',( #3810 ) ) ;
#2796 = SURFACE_STYLE_USAGE ( .BOTH. , #2795 ) ;
#2797 =( LENGTH_UNIT ( ) NAMED_UNIT ( * ) SI_UNIT ( .MILLI., .METRE. ) );
#2798 =( NAMED_UNIT ( * ) PLANE_ANGLE_UNIT ( ) SI_UNIT ( $, .RADIAN. ) );
#2799 =( NAMED_UNIT ( * ) SI_UNIT ( $, .STERADIAN. ) SOLID_ANGLE_UNIT ( ) );
#2800 = CARTESIAN_POINT ( 'NONE',  ( -2.909566860834862400, 3.299999999999999800, 0.02000000000000005200 ) ) ;
#2801 = DIRECTION ( 'NONE',  ( 8.456845228975073700E-018, -0.0000000000000000000, 1.000000000000000000 ) ) ;
#2802 = DIRECTION ( 'NONE',  ( 1.000000000000000000, 0.0000000000000000000, -8.456845228975073700E-018 ) ) ;
#2803 = CARTESIAN_POINT ( 'NONE',  ( 2.798563147601275300, -2.821831729977343400, 2.272999999999999200 ) ) ;
#2804 = FILL_AREA_STYLE_COLOUR ( '', #3804 ) ;
#2805 = FILL_AREA_STYLE ('',( #2793 ) ) ;
#2806 = SURFACE_SIDE_STYLE ('',( #3711 ) ) ;
#2807 = SURFACE_STYLE_USAGE ( .BOTH. , #2806 ) ;
#2808 =( LENGTH_UNIT ( ) NAMED_UNIT ( * ) SI_UNIT ( .MILLI., .METRE. ) );
#2809 =( NAMED_UNIT ( * ) PLANE_ANGLE_UNIT ( ) SI_UNIT ( $, .RADIAN. ) );
#2810 =( NAMED_UNIT ( * ) SI_UNIT ( $, .STERADIAN. ) SOLID_ANGLE_UNIT ( ) );
#2811 = CARTESIAN_POINT ( 'NONE',  ( -3.100000000000000500, 3.299999999999999800, 1.700000000000000200 ) ) ;
#2812 = DIRECTION ( 'NONE',  ( 1.000000000000000000, -0.0000000000000000000, 7.228014483236695600E-016 ) ) ;
#2813 = DIRECTION ( 'NONE',  ( 7.228014483236695600E-016, 0.0000000000000000000, -1.000000000000000000 ) ) ;
#2814 = FILL_AREA_STYLE_COLOUR ( '', #3735 ) ;
#2815 = FILL_AREA_STYLE ('',( #2804 ) ) ;
#2816 = SURFACE_SIDE_STYLE ('',( #3732 ) ) ;
#2817 = SURFACE_STYLE_USAGE ( .BOTH. , #2816 ) ;
#2818 =( LENGTH_UNIT ( ) NAMED_UNIT ( * ) SI_UNIT ( .MILLI., .METRE. ) );
#2819 =( NAMED_UNIT ( * ) PLANE_ANGLE_UNIT ( ) SI_UNIT ( $, .RADIAN. ) );
#2820 =( NAMED_UNIT ( * ) SI_UNIT ( $, .STERADIAN. ) SOLID_ANGLE_UNIT ( ) );
#2821 = DIRECTION ( 'NONE',  ( 0.0000000000000000000, 1.000000000000000000, 0.0000000000000000000 ) ) ;
#2822 = DIRECTION ( 'NONE',  ( 1.000000000000000000, 0.0000000000000000000, 0.0000000000000000000 ) ) ;
#2823 = CARTESIAN_POINT ( 'NONE',  ( -1.000000000000000400, 2.350000000000000100, 0.02000000000000003500 ) ) ;
#2824 = PLANE ( 'NONE',  #2231 ) ;
#2825 = CARTESIAN_POINT ( 'NONE',  ( -2.972999999999999900, 3.100685090561960100, 1.122179839596747300 ) ) ;
#2826 = FILL_AREA_STYLE ('',( #2814 ) ) ;
#2827 = SURFACE_SIDE_STYLE ('',( #3782 ) ) ;
#2828 = SURFACE_STYLE_USAGE ( .BOTH. , #2827 ) ;
#2829 =( LENGTH_UNIT ( ) NAMED_UNIT ( * ) SI_UNIT ( .MILLI., .METRE. ) );
#2830 =( NAMED_UNIT ( * ) PLANE_ANGLE_UNIT ( ) SI_UNIT ( $, .RADIAN. ) );
#2831 =( NAMED_UNIT ( * ) SI_UNIT ( $, .STERADIAN. ) SOLID_ANGLE_UNIT ( ) );
#2832 = CARTESIAN_POINT ( 'NONE',  ( 4.099999999999999600, -1.800000000000000500, 0.5999999999999999800 ) ) ;
#2833 = DIRECTION ( 'NONE',  ( -0.8741572761215380400, 0.4856429311786316100, 0.0000000000000000000 ) ) ;
#2834 = DIRECTION ( 'NONE',  ( -0.4856429311786316100, -0.8741572761215380400, 0.0000000000000000000 ) ) ;
#2835 = CARTESIAN_POINT ( 'NONE',  ( -2.870005460344557900, 2.872516253401576700, 2.400000000000000400 ) ) ;
#2836 = CARTESIAN_POINT ( 'NONE',  ( -4.053290641427165200, 2.730000000000000000, 0.9827605888602370900 ) ) ;
#2837 = CARTESIAN_POINT ( 'NONE',  ( -3.100000000000000100, -0.4500000000000000100, 1.100000000000000100 ) ) ;
#2838 = CARTESIAN_POINT ( 'NONE',  ( 4.099999999999998800, 1.800000000000000500, 0.5999999999999999800 ) ) ;
#2839 = CARTESIAN_POINT ( 'NONE',  ( 2.798563147601275300, 2.821831729977343400, 2.399999999999999500 ) ) ;
#2840 = CARTESIAN_POINT ( 'NONE',  ( 2.837681185387734800, -2.962318814612267600, 2.272999999999999200 ) ) ;
#2841 = CARTESIAN_POINT ( 'NONE',  ( 2.199999999999999700, 2.699999999999999700, 0.02000000000000000700 ) ) ;
#2842 = CARTESIAN_POINT ( 'NONE',  ( -4.053290641427165200, -2.730000000000000000, 0.9827605888602370900 ) ) ;
#2843 = CARTESIAN_POINT ( 'NONE',  ( 2.199999999999999700, 0.0000000000000000000, 2.379999999999999900 ) ) ;
#2844 = CARTESIAN_POINT ( 'NONE',  ( -3.871217345934643700, 2.730000000000000000, 1.100000000000000100 ) ) ;
#2845 = CARTESIAN_POINT ( 'NONE',  ( -2.803001207675347200, 3.185033878715357600, 0.1580687793289536100 ) ) ;
#2846 = CARTESIAN_POINT ( 'NONE',  ( -3.100000000000000100, -2.973211040350043400, 1.100000000000000100 ) ) ;
#2847 = CARTESIAN_POINT ( 'NONE',  ( 2.561877725520918400, -3.058517152057706100, 0.02000000000000000400 ) ) ;
#2848 = CARTESIAN_POINT ( 'NONE',  ( 4.099999999999999600, -1.800000000000000500, 0.0000000000000000000 ) ) ;
#2849 = CARTESIAN_POINT ( 'NONE',  ( -2.870005460344558400, 2.999032980059228100, 2.284068779328953400 ) ) ;
#2850 = CARTESIAN_POINT ( 'NONE',  ( -3.100000000000000500, 2.922647257601935300, 1.700000000000000200 ) ) ;
#2851 = CARTESIAN_POINT ( 'NONE',  ( 3.999999999999998200, -0.9999999999999995600, 0.5999999999999999800 ) ) ;
#2852 = CARTESIAN_POINT ( 'NONE',  ( 1.200000000000000200, 6.123233995736759900E-017, 2.399999999999999900 ) ) ;
#2853 = CARTESIAN_POINT ( 'NONE',  ( -3.100000000000000100, 2.730000000000000000, 1.100000000000000100 ) ) ;
#2854 = CARTESIAN_POINT ( 'NONE',  ( 2.200000000000000600, -2.700000000000001100, 0.02000000000000000700 ) ) ;
#2855 = CARTESIAN_POINT ( 'NONE',  ( -4.286837434291340900, 2.730000000000000000, 0.4689576445590528100 ) ) ;
#2856 = CARTESIAN_POINT ( 'NONE',  ( -6.000000000000000000, -1.830000000000000100, 0.5999999999999999800 ) ) ;
#2857 = CARTESIAN_POINT ( 'NONE',  ( 1.663463730152601200, -0.8000000000000003800, 0.0000000000000000000 ) ) ;
#2858 = CARTESIAN_POINT ( 'NONE',  ( -3.100000000000000100, 1.829999999999999800, 1.700000000000000200 ) ) ;
#2859 = CARTESIAN_POINT ( 'NONE',  ( -4.053290641427165200, -1.830000000000000100, 0.9827605888602370900 ) ) ;
#2860 = CARTESIAN_POINT ( 'NONE',  ( 4.099999999999999600, -1.800000000000000500, 0.5999999999999999800 ) ) ;
#2861 = CARTESIAN_POINT ( 'NONE',  ( -3.100000000000000100, 2.973211040350044200, 1.100000000000000100 ) ) ;
#2862 = CARTESIAN_POINT ( 'NONE',  ( -3.100000000000000500, -1.830000000000000100, 1.700000000000000200 ) ) ;
#2863 = CARTESIAN_POINT ( 'NONE',  ( -3.871217345934643700, -1.830000000000000100, 1.100000000000000100 ) ) ;
#2864 = CARTESIAN_POINT ( 'NONE',  ( -4.599510527904728400, 2.730000000000000000, 1.231042355440948200 ) ) ;
#2865 = CARTESIAN_POINT ( 'NONE',  ( 4.099999999999999600, -1.100000000000000300, 0.0000000000000000000 ) ) ;
#2866 = CARTESIAN_POINT ( 'NONE',  ( -2.972999999999999900, -3.100685090561960100, 1.122179839596746200 ) ) ;
#2867 = CARTESIAN_POINT ( 'NONE',  ( 3.089522201104110400, 2.699999999999999300, 0.5999999999999999800 ) ) ;
#2868 = CARTESIAN_POINT ( 'NONE',  ( 3.699999999999999300, -0.8999999999999989100, 0.5999999999999999800 ) ) ;
#2869 = CARTESIAN_POINT ( 'NONE',  ( -4.599510527904728400, -1.830000000000000100, 1.231042355440948200 ) ) ;
#2870 = CARTESIAN_POINT ( 'NONE',  ( 2.200000000000000200, -2.350000000000000100, 0.0000000000000000000 ) ) ;
#2871 = CARTESIAN_POINT ( 'NONE',  ( 3.799999999999999400, 1.000000000000000400, 0.5999999999999999800 ) ) ;
#2872 = CARTESIAN_POINT ( 'NONE',  ( 2.920394877578620800, -2.700000000000000200, 0.02000000000000000000 ) ) ;
#2873 = CARTESIAN_POINT ( 'NONE',  ( 1.663463730152601200, -0.8000000000000002700, 0.02000000000000000000 ) ) ;
#2874 = CARTESIAN_POINT ( 'NONE',  ( -3.099985454419004000, 2.924569455846761600, 1.700082492089060900 ) ) ;
#2875 = CARTESIAN_POINT ( 'NONE',  ( 2.651680286731606700, 3.148319713268397500, 0.1469999999999999900 ) ) ;
#2876 = CARTESIAN_POINT ( 'NONE',  ( 2.651680286731607200, -3.148319713268397100, 0.1469999999999999900 ) ) ;
#2877 = CARTESIAN_POINT ( 'NONE',  ( 2.747878624177042500, 2.872516253401576700, 2.399999999999999500 ) ) ;
#2878 = CARTESIAN_POINT ( 'NONE',  ( -3.100000000000000500, 0.4499999999999999000, 1.700000000000000200 ) ) ;
#2879 = CARTESIAN_POINT ( 'NONE',  ( 1.200000000000000200, 6.123233995736759900E-017, 2.379999999999999900 ) ) ;
#2880 = CARTESIAN_POINT ( 'NONE',  ( 3.599999999999999600, 2.699999999999999300, 0.5999999999999999800 ) ) ;
#2881 = CARTESIAN_POINT ( 'NONE',  ( -2.973000000000000300, -3.050136076072771800, 1.699957719061161000 ) ) ;
#2882 = CARTESIAN_POINT ( 'NONE',  ( 2.798563147601275300, -2.821831729977344800, 2.399999999999999500 ) ) ;
#2883 = CARTESIAN_POINT ( 'NONE',  ( 2.199999999999999700, 0.0000000000000000000, 2.399999999999999900 ) ) ;
#2884 = CARTESIAN_POINT ( 'NONE',  ( 2.561877725520915300, -3.185033878715357600, 0.1580687793289535000 ) ) ;
#2885 = CARTESIAN_POINT ( 'NONE',  ( -3.871217345934643700, 1.829999999999999800, 1.100000000000000100 ) ) ;
#2886 = CARTESIAN_POINT ( 'NONE',  ( -3.871217345934643700, -1.830000000000000100, 1.700000000000000200 ) ) ;
#2887 = CARTESIAN_POINT ( 'NONE',  ( -2.909566860834862400, 2.350000000000000500, 0.02000000000000005200 ) ) ;
#2888 = CARTESIAN_POINT ( 'NONE',  ( -2.909566860834862400, 2.700000000000001500, 0.02000000000000005200 ) ) ;
#2889 = CARTESIAN_POINT ( 'NONE',  ( -2.853365181157289300, 2.990776525029242600, 2.378440492157072800 ) ) ;
#2890 = DIRECTION ( 'NONE',  ( 1.000000000000000000, -1.540743955509788300E-033, -1.472729200169565600E-016 ) ) ;
#2891 = CARTESIAN_POINT ( 'NONE',  ( -1.000000000000000700, 3.300000000000000300, 0.02000000000000003500 ) ) ;
#2892 = DIRECTION ( 'NONE',  ( 1.000000000000000000, 3.427854011491474000E-015, 0.0000000000000000000 ) ) ;
#2893 = DIRECTION ( 'NONE',  ( 0.7071067811865439100, -0.7071067811865512400, -5.979892608853345400E-018 ) ) ;
#2894 = CARTESIAN_POINT ( 'NONE',  ( 2.200000000000000600, 3.299999999999999800, 0.02000000000000000700 ) ) ;
#2895 = CARTESIAN_POINT ( 'NONE',  ( 2.811109687498214000, 2.999032980059228100, 2.284068779328952900 ) ) ;
#2896 = DIRECTION ( 'NONE',  ( 1.000000000000000000, -3.097720492815728600E-016, -8.456845228975073700E-018 ) ) ;
#2897 = DIRECTION ( 'NONE',  ( 1.000000000000000000, -1.355252715606880300E-016, -8.456845228975073700E-018 ) ) ;
#2898 = CARTESIAN_POINT ( 'NONE',  ( 3.100000000000000100, -2.646699158290387400, 0.6200000000000000000 ) ) ;
#2899 = DIRECTION ( 'NONE',  ( 1.000000000000000000, -1.214483285911621300E-017, -8.456845228975073700E-018 ) ) ;
#2900 = CARTESIAN_POINT ( 'NONE',  ( 3.100000000000000100, -2.661460910130754300, 0.6133149548219309900 ) ) ;
#2901 = DIRECTION ( 'NONE',  ( 1.000000000000000000, -1.214483285911621300E-017, -8.456845228975073700E-018 ) ) ;
#2902 = CARTESIAN_POINT ( 'NONE',  ( -6.000000000000000000, -2.730000000000000000, 0.5999999999999999800 ) ) ;
#2903 = CARTESIAN_POINT ( 'NONE',  ( 3.100000000000000100, -2.667693580837710200, 0.5999999999999999800 ) ) ;
#2904 = CARTESIAN_POINT ( 'NONE',  ( 3.010197438789307800, 2.610197438789308800, 0.02000000000000000000 ) ) ;
#2905 = DIRECTION ( 'NONE',  ( -1.384087879768729100E-016, 1.000000000000000000, 1.170501698250440200E-033 ) ) ;
#2906 = DIRECTION ( 'NONE',  ( -0.0000000000000000000, -0.0000000000000000000, 1.000000000000000000 ) ) ;
#2907 = CARTESIAN_POINT ( 'NONE',  ( 1.200000000000000200, 6.123233995736761100E-017, 2.379999999999999900 ) ) ;
#2908 = CARTESIAN_POINT ( 'NONE',  ( -2.909566860834862400, 3.185517152057705900, 0.1470000000000000500 ) ) ;
#2909 = DIRECTION ( 'NONE',  ( 0.1730072088098858500, -0.08584148278563287500, 0.9811726379862906200 ) ) ;
#2910 = DIRECTION ( 'NONE',  ( 1.239088197126290700E-015, 1.000000000000000000, -1.047877710814679700E-032 ) ) ;
#2911 = DIRECTION ( 'NONE',  ( 0.0000000000000000000, 1.000000000000000000, 0.0000000000000000000 ) ) ;
#2912 = CARTESIAN_POINT ( 'NONE',  ( 2.721307126287522100, 2.899087751291097500, 2.399999999999999500 ) ) ;
#2913 = DIRECTION ( 'NONE',  ( 0.0000000000000000000, 0.0000000000000000000, 1.000000000000000000 ) ) ;
#2914 = CARTESIAN_POINT ( 'NONE',  ( 2.798563147601275300, 3.299999999999999800, 2.399999999999999500 ) ) ;
#2915 = CARTESIAN_POINT ( 'NONE',  ( -2.909566860834862400, 3.185033878715357600, 0.1580687793289535500 ) ) ;
#2916 = CARTESIAN_POINT ( 'NONE',  ( -2.803001207675347200, 3.058517152057706100, 0.1470000000000000800 ) ) ;
#2917 = CARTESIAN_POINT ( 'NONE',  ( 2.199999999999999700, 0.0000000000000000000, 2.379999999999999900 ) ) ;
#2918 = DIRECTION ( 'NONE',  ( -3.414809992080330300E-015, 1.000000000000000000, 0.0000000000000000000 ) ) ;
#2919 = DIRECTION ( 'NONE',  ( -0.0000000000000000000, -0.0000000000000000000, 1.000000000000000000 ) ) ;
#2920 = CARTESIAN_POINT ( 'NONE',  ( 3.100000000000000100, -2.654443476969937900, 0.6199999999999980000 ) ) ;
#2921 = DIRECTION ( 'NONE',  ( 1.000000000000000000, -0.0000000000000000000, -0.0000000000000000000 ) ) ;
#2922 = DIRECTION ( 'NONE',  ( -0.0000000000000000000, 1.000000000000000000, -0.0000000000000000000 ) ) ;
#2923 = CARTESIAN_POINT ( 'NONE',  ( 2.602886668306500200, 3.058517152057706100, 0.02000000000000000400 ) ) ;
#2924 = DIRECTION ( 'NONE',  ( -0.7071067811865439100, 0.7071067811865512400, 1.041376804291334800E-016 ) ) ;
#2925 = CARTESIAN_POINT ( 'NONE',  ( 2.561877725520915300, 3.058517152057706100, 0.1469999999999999900 ) ) ;
#2926 = CARTESIAN_POINT ( 'NONE',  ( 2.200000000000001500, 3.299999999999993600, 0.02000000000000000700 ) ) ;
#2927 = DIRECTION ( 'NONE',  ( 0.0000000000000000000, 1.000000000000000000, 0.0000000000000000000 ) ) ;
#2928 = CARTESIAN_POINT ( 'NONE',  ( -4.286837434291340900, -2.730000000000000000, 0.4689576445590528100 ) ) ;
#2929 = DIRECTION ( 'NONE',  ( 0.4138029443011853600, 0.0000000000000000000, 0.9103664774626040200 ) ) ;
#2930 = CARTESIAN_POINT ( 'NONE',  ( -4.053290641427165200, 1.829999999999999800, 0.9827605888602370900 ) ) ;
#2931 = DIRECTION ( 'NONE',  ( -1.000000000000000000, -1.540743955509788300E-033, 1.472729200169565600E-016 ) ) ;
#2932 = COLOUR_RGB ( '',0.0000000000000000000, 0.0000000000000000000, 0.0000000000000000000 ) ;
#2933 = COLOUR_RGB ( '',0.0000000000000000000, 0.0000000000000000000, 0.0000000000000000000 ) ;
#2934 = SURFACE_STYLE_FILL_AREA ( #1613 ) ;
#2935 = PRESENTATION_STYLE_ASSIGNMENT (( #1615 ) ) ;
#2936 = FACE_OUTER_BOUND ( 'NONE', #1923, .T. ) ;
#2937 = PRESENTATION_STYLE_ASSIGNMENT (( #1629 ) ) ;
#2938 = CYLINDRICAL_SURFACE ( 'NONE', #1249, 0.09999999999999982500 ) ;
#2939 = PRESENTATION_STYLE_ASSIGNMENT (( #3843 ) ) ;
#2940 = COLOUR_RGB ( '',0.7529411764705882200, 0.7529411764705882200, 0.7529411764705882200 ) ;
#2941 = SURFACE_STYLE_FILL_AREA ( #1627 ) ;
#2942 = FACE_OUTER_BOUND ( 'NONE', #1798, .T. ) ;
#2943 = CYLINDRICAL_SURFACE ( 'NONE', #1324, 0.4000000000000001900 ) ;
#2944 = SURFACE_STYLE_FILL_AREA ( #1598 ) ;
#2945 = COLOUR_RGB ( '',0.7529411764705882200, 0.7529411764705882200, 0.7529411764705882200 ) ;
#2946 = FACE_OUTER_BOUND ( 'NONE', #1909, .T. ) ;
#2947 = PRESENTATION_STYLE_ASSIGNMENT (( #1604 ) ) ;
#2948 = FACE_BOUND ( 'NONE', #1971, .T. ) ;
#2949 = FACE_OUTER_BOUND ( 'NONE', #2007, .T. ) ;
#2950 = FACE_OUTER_BOUND ( 'NONE', #1713, .T. ) ;
#2951 = FACE_OUTER_BOUND ( 'NONE', #2070, .T. ) ;
#2952 = FACE_BOUND ( 'NONE', #2042, .T. ) ;
#2953 = COLOUR_RGB ( '',0.0000000000000000000, 0.0000000000000000000, 0.0000000000000000000 ) ;
#2954 = FACE_OUTER_BOUND ( 'NONE', #2039, .T. ) ;
#2955 = PRESENTATION_STYLE_ASSIGNMENT (( #1586 ) ) ;
#2956 = SURFACE_STYLE_FILL_AREA ( #1578 ) ;
#2957 = PRESENTATION_STYLE_ASSIGNMENT (( #3822 ) ) ;
#2958 = COLOUR_RGB ( '',0.0000000000000000000, 0.0000000000000000000, 0.0000000000000000000 ) ;
#2959 = FACE_OUTER_BOUND ( 'NONE', #2118, .T. ) ;
#2960 = SURFACE_STYLE_FILL_AREA ( #3831 ) ;
#2961 = PRESENTATION_STYLE_ASSIGNMENT (( #3833 ) ) ;
#2962 = CYLINDRICAL_SURFACE ( 'NONE', #1179, 0.1270000000000001100 ) ;
#2963 = CYLINDRICAL_SURFACE ( 'NONE', #1319, 0.1270000000000000600 ) ;
#2964 = SURFACE_STYLE_FILL_AREA ( #1569 ) ;
#2965 = FACE_OUTER_BOUND ( 'NONE', #1633, .T. ) ;
#2966 = PRESENTATION_STYLE_ASSIGNMENT (( #1571 ) ) ;
#2967 = FACE_OUTER_BOUND ( 'NONE', #1983, .T. ) ;
#2968 = COLOUR_RGB ( '',0.7529411764705882200, 0.7529411764705882200, 0.7529411764705882200 ) ;
#2969 = COLOUR_RGB ( '',0.0000000000000000000, 0.0000000000000000000, 0.0000000000000000000 ) ;
#2970 = SURFACE_STYLE_FILL_AREA ( #3856 ) ;
#2971 = FACE_OUTER_BOUND ( 'NONE', #1980, .T. ) ;
#2972 = SURFACE_STYLE_FILL_AREA ( #3841 ) ;
#2973 = COLOUR_RGB ( '',0.7529411764705882200, 0.7529411764705882200, 0.7529411764705882200 ) ;
#2974 = SURFACE_STYLE_FILL_AREA ( #3820 ) ;
#2975 = COLOUR_RGB ( '',0.7529411764705882200, 0.7529411764705882200, 0.7529411764705882200 ) ;
#2976 = FACE_OUTER_BOUND ( 'NONE', #2029, .T. ) ;
#2977 = COLOUR_RGB ( '',0.0000000000000000000, 0.0000000000000000000, 0.0000000000000000000 ) ;
#2978 = CYLINDRICAL_SURFACE ( 'NONE', #1322, 0.1270000000000000600 ) ;
#2979 = PRESENTATION_STYLE_ASSIGNMENT (( #1561 ) ) ;
#2980 = SURFACE_STYLE_FILL_AREA ( #1559 ) ;
#2981 = SURFACE_STYLE_FILL_AREA ( #3867 ) ;
#2982 = FACE_OUTER_BOUND ( 'NONE', #2011, .T. ) ;
#2983 = CYLINDRICAL_SURFACE ( 'NONE', #1264, 0.09999999999999982500 ) ;
#2984 = FACE_OUTER_BOUND ( 'NONE', #1957, .T. ) ;
#2985 = FACE_OUTER_BOUND ( 'NONE', #2031, .T. ) ;
#2986 = PRESENTATION_STYLE_ASSIGNMENT (( #3858 ) ) ;
#2987 = PRESENTATION_STYLE_ASSIGNMENT (( #3869 ) ) ;
#2988 = FACE_OUTER_BOUND ( 'NONE', #2043, .T. ) ;
#2989 = FACE_OUTER_BOUND ( 'NONE', #2060, .T. ) ;
#2990 = COLOUR_RGB ( '',0.0000000000000000000, 0.0000000000000000000, 0.0000000000000000000 ) ;
#2991 = SURFACE_STYLE_FILL_AREA ( #1545 ) ;
#2992 = PRESENTATION_STYLE_ASSIGNMENT (( #1547 ) ) ;
#2993 = FACE_OUTER_BOUND ( 'NONE', #1720, .T. ) ;
#2994 = DIRECTION ( 'NONE',  ( 1.000000000000000000, 1.214483285911621300E-017, -8.456845228975073700E-018 ) ) ;
#2995 = CARTESIAN_POINT ( 'NONE',  ( -3.871217345934644200, -1.830000000000000100, 0.9000000000000001300 ) ) ;
#2996 = CARTESIAN_POINT ( 'NONE',  ( -2.976794067653217200, -3.052018589497394800, 1.678440492157073000 ) ) ;
#2997 = CARTESIAN_POINT ( 'NONE',  ( 2.602886668306500200, -3.185033878715357600, 0.1580687793289535000 ) ) ;
#2998 = DIRECTION ( 'NONE',  ( -0.1730072088098858500, -0.08584148278563287500, -0.9811726379862906200 ) ) ;
#2999 = CARTESIAN_POINT ( 'NONE',  ( -2.976571113504072200, -2.999032980059228100, 2.284068779328953800 ) ) ;
#3000 = DIRECTION ( 'NONE',  ( 0.08682659386425373200, 0.08682659386425460600, 0.9924325091389658600 ) ) ;
#3001 = DIRECTION ( 'NONE',  ( 0.0000000000000000000, 0.0000000000000000000, -1.000000000000000000 ) ) ;
#3002 = DIRECTION ( 'NONE',  ( 0.4138029443011854200, 0.0000000000000000000, 0.9103664774626041300 ) ) ;
#3003 = DIRECTION ( 'NONE',  ( 0.0000000000000000000, 0.0000000000000000000, 1.000000000000000000 ) ) ;
#3004 = DIRECTION ( 'NONE',  ( 0.4138029443011853600, 0.0000000000000000000, 0.9103664774626040200 ) ) ;
#3005 = DIRECTION ( 'NONE',  ( 0.0000000000000000000, 1.000000000000000000, 0.0000000000000000000 ) ) ;
#3006 = CARTESIAN_POINT ( 'NONE',  ( -4.053290641427165200, -1.830000000000000100, 0.9827605888602370900 ) ) ;
#3007 = CARTESIAN_POINT ( 'NONE',  ( -4.599510527904727500, -2.730000000000000000, 1.231042355440948200 ) ) ;
#3008 = DIRECTION ( 'NONE',  ( 0.0000000000000000000, 0.0000000000000000000, 1.000000000000000000 ) ) ;
#3009 = DIRECTION ( 'NONE',  ( -0.0000000000000000000, -1.000000000000000000, 0.0000000000000000000 ) ) ;
#3010 = CARTESIAN_POINT ( 'NONE',  ( -5.015130616261423300, 1.829999999999999800, 0.7999999999999999300 ) ) ;
#3011 = DIRECTION ( 'NONE',  ( 1.000000000000000000, -0.0000000000000000000, -0.0000000000000000000 ) ) ;
#3012 = CARTESIAN_POINT ( 'NONE',  ( -3.100000000000000100, -1.830000000000000100, 1.700000000000000200 ) ) ;
#3013 = PRODUCT ( 'TO228P1010X240-3N_JEDEC_TO-252AA_ST_Microelectronics_DPAK', 'TO228P1010X240-3N_JEDEC_TO-252AA_ST_Microelectronics_DPAK', '', ( #2568 ) ) ;
#3014 = CARTESIAN_POINT ( 'NONE',  ( -4.599510527904727500, 1.829999999999999800, 1.231042355440948200 ) ) ;
#3015 = DIRECTION ( 'NONE',  ( 1.000000000000000000, -0.0000000000000000000, -0.0000000000000000000 ) ) ;
#3016 = DIRECTION ( 'NONE',  ( 0.4138029443011854200, 0.0000000000000000000, 0.9103664774626041300 ) ) ;
#3017 = DIRECTION ( 'NONE',  ( -1.000000000000000000, 0.0000000000000000000, 0.0000000000000000000 ) ) ;
#3018 = DIRECTION ( 'NONE',  ( -0.0000000000000000000, -0.0000000000000000000, -1.000000000000000000 ) ) ;
#3019 = DIRECTION ( 'NONE',  ( -0.0000000000000000000, -1.000000000000000000, -0.0000000000000000000 ) ) ;
#3020 = CARTESIAN_POINT ( 'NONE',  ( -5.015130616261423300, 1.829999999999999800, 0.7999999999999999300 ) ) ;
#3021 = CARTESIAN_POINT ( 'NONE',  ( -5.015130616261423300, 2.730000000000000000, 0.5999999999999999800 ) ) ;
#3022 = CARTESIAN_POINT ( 'NONE',  ( -4.833057320768903200, 1.829999999999999800, 0.7172394111397638600 ) ) ;
#3023 = DIRECTION ( 'NONE',  ( 0.0000000000000000000, 1.000000000000000000, 0.0000000000000000000 ) ) ;
#3024 = DIRECTION ( 'NONE',  ( -0.0000000000000000000, -1.000000000000000000, -0.0000000000000000000 ) ) ;
#3025 = CARTESIAN_POINT ( 'NONE',  ( 3.999999999999998200, 1.000000000000000400, 0.5999999999999999800 ) ) ;
#3026 = DIRECTION ( 'NONE',  ( -1.000000000000000000, 0.0000000000000000000, 0.0000000000000000000 ) ) ;
#3027 = CARTESIAN_POINT ( 'NONE',  ( -4.286837434291340900, 1.829999999999999800, 0.4689576445590528100 ) ) ;
#3028 = DIRECTION ( 'NONE',  ( 0.0000000000000000000, 1.000000000000000000, 0.0000000000000000000 ) ) ;
#3029 = CARTESIAN_POINT ( 'NONE',  ( 4.099999999999999600, 1.100000000000001200, 0.0000000000000000000 ) ) ;
#3030 = DIRECTION ( 'NONE',  ( 1.000000000000000000, 0.0000000000000000000, 0.0000000000000000000 ) ) ;
#3031 = CARTESIAN_POINT ( 'NONE',  ( -6.000000000000000000, 1.829999999999999800, 0.0000000000000000000 ) ) ;
#3032 = CARTESIAN_POINT ( 'NONE',  ( -5.015130616261423300, 2.730000000000000000, 0.7999999999999999300 ) ) ;
#3033 = ORIENTED_EDGE ( 'NONE', *, *, #4120, .F. ) ;
#3034 = ORIENTED_EDGE ( 'NONE', *, *, #772, .T. ) ;
#3035 = ORIENTED_EDGE ( 'NONE', *, *, #753, .F. ) ;
#3036 = VECTOR ( 'NONE', #3011, 1000.000000000000000 ) ;
#3037 = ORIENTED_EDGE ( 'NONE', *, *, #806, .F. ) ;
#3038 = VECTOR ( 'NONE', #923, 1000.000000000000000 ) ;
#3039 = LINE ( 'NONE', #2172, #3181 ) ;
#3040 = LINE ( 'NONE', #2574, #3567 ) ;
#3041 = VECTOR ( 'NONE', #2173, 1000.000000000000100 ) ;
#3042 = CIRCLE ( 'NONE', #625, 0.1999999999999999800 ) ;
#3043 = ORIENTED_EDGE ( 'NONE', *, *, #784, .T. ) ;
#3044 = LINE ( 'NONE', #3029, #3323 ) ;
#3045 = ORIENTED_EDGE ( 'NONE', *, *, #4123, .F. ) ;
#3046 = ORIENTED_EDGE ( 'NONE', *, *, #805, .F. ) ;
#3047 = VECTOR ( 'NONE', #1070, 1000.000000000000000 ) ;
#3048 = LINE ( 'NONE', #2594, #3171 ) ;
#3049 = LINE ( 'NONE', #1077, #3424 ) ;
#3050 = ORIENTED_EDGE ( 'NONE', *, *, #692, .F. ) ;
#3051 = VECTOR ( 'NONE', #873, 1000.000000000000000 ) ;
#3052 = ORIENTED_EDGE ( 'NONE', *, *, #490, .F. ) ;
#3053 = LINE ( 'NONE', #3022, #3157 ) ;
#3054 = ORIENTED_EDGE ( 'NONE', *, *, #801, .T. ) ;
#3055 = VECTOR ( 'NONE', #2998, 1000.000000000000000 ) ;
#3056 = VECTOR ( 'NONE', #1028, 1000.000000000000000 ) ;
#3057 = LINE ( 'NONE', #1097, #3110 ) ;
#3058 = ORIENTED_EDGE ( 'NONE', *, *, #809, .T. ) ;
#3059 = LINE ( 'NONE', #1074, #3198 ) ;
#3060 = FACE_OUTER_BOUND ( 'NONE', #1698, .T. ) ;
#3061 = VECTOR ( 'NONE', #1087, 1000.000000000000000 ) ;
#3062 = LINE ( 'NONE', #2578, #3493 ) ;
#3063 = ORIENTED_EDGE ( 'NONE', *, *, #4115, .F. ) ;
#3064 = VECTOR ( 'NONE', #1015, 1000.000000000000000 ) ;
#3065 = VECTOR ( 'NONE', #927, 1000.000000000000000 ) ;
#3066 = ORIENTED_EDGE ( 'NONE', *, *, #709, .F. ) ;
#3067 = ORIENTED_EDGE ( 'NONE', *, *, #506, .F. ) ;
#3068 = LINE ( 'NONE', #2576, #3098 ) ;
#3069 = ORIENTED_EDGE ( 'NONE', *, *, #758, .F. ) ;
#3070 = CIRCLE ( 'NONE', #630, 0.1999999999999996500 ) ;
#3071 = VECTOR ( 'NONE', #2292, 1000.000000000000000 ) ;
#3072 = LINE ( 'NONE', #56, #3203 ) ;
#3073 = ORIENTED_EDGE ( 'NONE', *, *, #4142, .F. ) ;
#3074 = ORIENTED_EDGE ( 'NONE', *, *, #788, .T. ) ;
#3075 = VECTOR ( 'NONE', #384, 1000.000000000000000 ) ;
#3076 = ORIENTED_EDGE ( 'NONE', *, *, #777, .T. ) ;
#3077 = ORIENTED_EDGE ( 'NONE', *, *, #773, .T. ) ;
#3078 = LINE ( 'NONE', #1043, #3319 ) ;
#3079 = ORIENTED_EDGE ( 'NONE', *, *, #780, .T. ) ;
#3080 = ORIENTED_EDGE ( 'NONE', *, *, #529, .F. ) ;
#3081 = ORIENTED_EDGE ( 'NONE', *, *, #4098, .F. ) ;
#3082 = VECTOR ( 'NONE', #931, 1000.000000000000000 ) ;
#3083 = VECTOR ( 'NONE', #2590, 1000.000000000000000 ) ;
#3084 = ORIENTED_EDGE ( 'NONE', *, *, #726, .F. ) ;
#3085 = LINE ( 'NONE', #410, #3555 ) ;
#3086 = LINE ( 'NONE', #1068, #3418 ) ;
#3087 = ORIENTED_EDGE ( 'NONE', *, *, #722, .F. ) ;
#3088 = ORIENTED_EDGE ( 'NONE', *, *, #800, .T. ) ;
#3089 = ORIENTED_EDGE ( 'NONE', *, *, #764, .F. ) ;
#3090 = ORIENTED_EDGE ( 'NONE', *, *, #809, .F. ) ;
#3091 = ORIENTED_EDGE ( 'NONE', *, *, #761, .T. ) ;
#3092 = ORIENTED_EDGE ( 'NONE', *, *, #768, .T. ) ;
#3093 = ORIENTED_EDGE ( 'NONE', *, *, #743, .F. ) ;
#3094 = ORIENTED_EDGE ( 'NONE', *, *, #803, .F. ) ;
#3095 = ORIENTED_EDGE ( 'NONE', *, *, #4131, .T. ) ;
#3096 = ORIENTED_EDGE ( 'NONE', *, *, #4137, .F. ) ;
#3097 = CYLINDRICAL_SURFACE ( 'NONE', #574, 0.1000000000000002600 ) ;
#3098 = VECTOR ( 'NONE', #2575, 1000.000000000000000 ) ;
#3099 = ORIENTED_EDGE ( 'NONE', *, *, #693, .F. ) ;
#3100 = ORIENTED_EDGE ( 'NONE', *, *, #701, .F. ) ;
#3101 = ORIENTED_EDGE ( 'NONE', *, *, #4117, .T. ) ;
#3102 = LINE ( 'NONE', #864, #3642 ) ;
#3103 = ORIENTED_EDGE ( 'NONE', *, *, #763, .F. ) ;
#3104 = ORIENTED_EDGE ( 'NONE', *, *, #656, .F. ) ;
#3105 = VECTOR ( 'NONE', #880, 1000.000000000000000 ) ;
#3106 = LINE ( 'NONE', #2271, #3041 ) ;
#3107 = ORIENTED_EDGE ( 'NONE', *, *, #4114, .F. ) ;
#3108 = VECTOR ( 'NONE', #2593, 1000.000000000000100 ) ;
#3109 = ORIENTED_EDGE ( 'NONE', *, *, #775, .T. ) ;
#3110 = VECTOR ( 'NONE', #1062, 1000.000000000000000 ) ;
#3111 = LINE ( 'NONE', #2586, #3315 ) ;
#3112 = LINE ( 'NONE', #2294, #3071 ) ;
#3113 = ORIENTED_EDGE ( 'NONE', *, *, #779, .T. ) ;
#3114 = CIRCLE ( 'NONE', #525, 0.7999999999999994900 ) ;
#3115 = ORIENTED_EDGE ( 'NONE', *, *, #729, .F. ) ;
#3116 = ORIENTED_EDGE ( 'NONE', *, *, #769, .T. ) ;
#3117 = ORIENTED_EDGE ( 'NONE', *, *, #770, .F. ) ;
#3118 = SURFACE_STYLE_FILL_AREA ( #119 ) ;
#3119 = ORIENTED_EDGE ( 'NONE', *, *, #725, .F. ) ;
#3120 = VECTOR ( 'NONE', #2289, 1000.000000000000100 ) ;
#3121 = ORIENTED_EDGE ( 'NONE', *, *, #4138, .F. ) ;
#3122 = LINE ( 'NONE', #2588, #3281 ) ;
#3123 = COLOUR_RGB ( '',0.0000000000000000000, 0.0000000000000000000, 0.0000000000000000000 ) ;
#3124 = LINE ( 'NONE', #2583, #3215 ) ;
#3125 = LINE ( 'NONE', #1025, #3658 ) ;
#3126 = PRESENTATION_STYLE_ASSIGNMENT (( #131 ) ) ;
#3127 = ORIENTED_EDGE ( 'NONE', *, *, #781, .F. ) ;
#3128 = ORIENTED_EDGE ( 'NONE', *, *, #782, .F. ) ;
#3129 = ORIENTED_EDGE ( 'NONE', *, *, #4120, .T. ) ;
#3130 = VECTOR ( 'NONE', #2288, 1000.000000000000000 ) ;
#3131 = LINE ( 'NONE', #2284, #3488 ) ;
#3132 = LINE ( 'NONE', #2274, #3222 ) ;
#3133 = VECTOR ( 'NONE', #2282, 1000.000000000000000 ) ;
#3134 = CIRCLE ( 'NONE', #582, 0.4000000000000001900 ) ;
#3135 = LINE ( 'NONE', #2272, #3487 ) ;
#3136 = LINE ( 'NONE', #14, #3617 ) ;
#3137 = CIRCLE ( 'NONE', #600, 0.1999999999999996500 ) ;
#3138 = VECTOR ( 'NONE', #5, 1000.000000000000000 ) ;
#3139 = VECTOR ( 'NONE', #2286, 1000.000000000000000 ) ;
#3140 = ORIENTED_EDGE ( 'NONE', *, *, #764, .T. ) ;
#3141 = VECTOR ( 'NONE', #1038, 1000.000000000000000 ) ;
#3142 = LINE ( 'NONE', #2902, #3657 ) ;
#3143 = LINE ( 'NONE', #2255, #3266 ) ;
#3144 = ORIENTED_EDGE ( 'NONE', *, *, #807, .T. ) ;
#3145 = LINE ( 'NONE', #1052, #3526 ) ;
#3146 = ORIENTED_EDGE ( 'NONE', *, *, #687, .F. ) ;
#3147 = ORIENTED_EDGE ( 'NONE', *, *, #751, .T. ) ;
#3148 = CIRCLE ( 'NONE', #627, 0.1999999999999996500 ) ;
#3149 = ORIENTED_EDGE ( 'NONE', *, *, #4112, .T. ) ;
#3150 = ORIENTED_EDGE ( 'NONE', *, *, #4134, .T. ) ;
#3151 = VECTOR ( 'NONE', #2486, 1000.000000000000000 ) ;
#3152 = VECTOR ( 'NONE', #897, 1000.000000000000000 ) ;
#3153 = VECTOR ( 'NONE', #2897, 1000.000000000000000 ) ;
#3154 = ORIENTED_EDGE ( 'NONE', *, *, #4101, .T. ) ;
#3155 = VECTOR ( 'NONE', #3018, 1000.000000000000000 ) ;
#3156 = ORIENTED_EDGE ( 'NONE', *, *, #793, .F. ) ;
#3157 = VECTOR ( 'NONE', #3028, 1000.000000000000000 ) ;
#3158 = VECTOR ( 'NONE', #53, 1000.000000000000000 ) ;
#3159 = ORIENTED_EDGE ( 'NONE', *, *, #4126, .F. ) ;
#3160 = LINE ( 'NONE', #891, #3434 ) ;
#3161 = ORIENTED_EDGE ( 'NONE', *, *, #774, .F. ) ;
#3162 = ORIENTED_EDGE ( 'NONE', *, *, #539, .F. ) ;
#3163 = ORIENTED_EDGE ( 'NONE', *, *, #4110, .F. ) ;
#3164 = VECTOR ( 'NONE', #35, 1000.000000000000000 ) ;
#3165 = ORIENTED_EDGE ( 'NONE', *, *, #678, .T. ) ;
#3166 = ORIENTED_EDGE ( 'NONE', *, *, #765, .F. ) ;
#3167 = ORIENTED_EDGE ( 'NONE', *, *, #768, .F. ) ;
#3168 = ORIENTED_EDGE ( 'NONE', *, *, #4098, .T. ) ;
#3169 = CIRCLE ( 'NONE', #516, 0.1000000000000002600 ) ;
#3170 = FACE_OUTER_BOUND ( 'NONE', #1939, .T. ) ;
#3171 = VECTOR ( 'NONE', #2291, 1000.000000000000000 ) ;
#3172 = CIRCLE ( 'NONE', #635, 0.7999999999999994900 ) ;
#3173 = ORIENTED_EDGE ( 'NONE', *, *, #4107, .F. ) ;
#3174 = VECTOR ( 'NONE', #3030, 1000.000000000000000 ) ;
#3175 = ORIENTED_EDGE ( 'NONE', *, *, #4145, .T. ) ;
#3176 = VECTOR ( 'NONE', #3016, 999.9999999999998900 ) ;
#3177 = ORIENTED_EDGE ( 'NONE', *, *, #765, .T. ) ;
#3178 = ORIENTED_EDGE ( 'NONE', *, *, #755, .T. ) ;
#3179 = ORIENTED_EDGE ( 'NONE', *, *, #730, .F. ) ;
#3180 = ORIENTED_EDGE ( 'NONE', *, *, #4109, .T. ) ;
#3181 = VECTOR ( 'NONE', #421, 1000.000000000000000 ) ;
#3182 = ORIENTED_EDGE ( 'NONE', *, *, #807, .F. ) ;
#3183 = ORIENTED_EDGE ( 'NONE', *, *, #595, .F. ) ;
#3184 = ORIENTED_EDGE ( 'NONE', *, *, #4106, .F. ) ;
#3185 = ORIENTED_EDGE ( 'NONE', *, *, #4130, .T. ) ;
#3186 = ORIENTED_EDGE ( 'NONE', *, *, #801, .F. ) ;
#3187 = ORIENTED_EDGE ( 'NONE', *, *, #655, .F. ) ;
#3188 = ORIENTED_EDGE ( 'NONE', *, *, #732, .F. ) ;
#3189 = ORIENTED_EDGE ( 'NONE', *, *, #788, .F. ) ;
#3190 = ORIENTED_EDGE ( 'NONE', *, *, #677, .F. ) ;
#3191 = ORIENTED_EDGE ( 'NONE', *, *, #4116, .T. ) ;
#3192 = ORIENTED_EDGE ( 'NONE', *, *, #4124, .T. ) ;
#3193 = ORIENTED_EDGE ( 'NONE', *, *, #754, .F. ) ;
#3194 = LINE ( 'NONE', #75, #3314 ) ;
#3195 = ORIENTED_EDGE ( 'NONE', *, *, #4106, .T. ) ;
#3196 = ORIENTED_EDGE ( 'NONE', *, *, #4158, .T. ) ;
#3197 = LINE ( 'NONE', #2928, #3452 ) ;
#3198 = VECTOR ( 'NONE', #1058, 1000.000000000000000 ) ;
#3199 = LINE ( 'NONE', #2996, #3055 ) ;
#3200 = ORIENTED_EDGE ( 'NONE', *, *, #741, .F. ) ;
#3201 = CIRCLE ( 'NONE', #616, 0.7999999999999994900 ) ;
#3202 = LINE ( 'NONE', #922, #3365 ) ;
#3203 = VECTOR ( 'NONE', #57, 1000.000000000000000 ) ;
#3204 = ORIENTED_EDGE ( 'NONE', *, *, #4126, .T. ) ;
#3205 = VECTOR ( 'NONE', #59, 1000.000000000000000 ) ;
#3206 = LINE ( 'NONE', #2999, #3588 ) ;
#3207 = PRESENTATION_STYLE_ASSIGNMENT (( #142 ) ) ;
#3208 = LINE ( 'NONE', #2930, #3489 ) ;
#3209 = LINE ( 'NONE', #2580, #3552 ) ;
#3210 = VECTOR ( 'NONE', #3002, 999.9999999999998900 ) ;
#3211 = LINE ( 'NONE', #3012, #3036 ) ;
#3212 = ORIENTED_EDGE ( 'NONE', *, *, #806, .T. ) ;
#3213 = ORIENTED_EDGE ( 'NONE', *, *, #4136, .F. ) ;
#3214 = LINE ( 'NONE', #8, #3391 ) ;
#3215 = VECTOR ( 'NONE', #2571, 1000.000000000000000 ) ;
#3216 = ORIENTED_EDGE ( 'NONE', *, *, #805, .T. ) ;
#3217 = LINE ( 'NONE', #52, #3158 ) ;
#3218 = CIRCLE ( 'NONE', #633, 0.1000000000000002600 ) ;
#3219 = ORIENTED_EDGE ( 'NONE', *, *, #4131, .F. ) ;
#3220 = VECTOR ( 'NONE', #1094, 1000.000000000000000 ) ;
#3221 = VECTOR ( 'NONE', #2595, 1000.000000000000000 ) ;
#3222 = VECTOR ( 'NONE', #2273, 1000.000000000000000 ) ;
#3223 = VECTOR ( 'NONE', #2179, 1000.000000000000100 ) ;
#3224 = CIRCLE ( 'NONE', #619, 0.7999999999999994900 ) ;
#3225 = ORIENTED_EDGE ( 'NONE', *, *, #501, .F. ) ;
#3226 = VECTOR ( 'NONE', #918, 1000.000000000000000 ) ;
#3227 = LINE ( 'NONE', #1060, #3376 ) ;
#3228 = ORIENTED_EDGE ( 'NONE', *, *, #4099, .T. ) ;
#3229 = ORIENTED_EDGE ( 'NONE', *, *, #766, .F. ) ;
#3230 = LINE ( 'NONE', #23, #3645 ) ;
#3231 = LINE ( 'NONE', #3021, #3437 ) ;
#3232 = ORIENTED_EDGE ( 'NONE', *, *, #4100, .T. ) ;
#3233 = PRESENTATION_STYLE_ASSIGNMENT (( #121 ) ) ;
#3234 = VECTOR ( 'NONE', #1007, 1000.000000000000000 ) ;
#3235 = ORIENTED_EDGE ( 'NONE', *, *, #789, .T. ) ;
#3236 = LINE ( 'NONE', #2293, #3130 ) ;
#3237 = LINE ( 'NONE', #2888, #3367 ) ;
#3238 = CIRCLE ( 'NONE', #514, 0.7999999999999994900 ) ;
#3239 = VECTOR ( 'NONE', #869, 1000.000000000000200 ) ;
#3240 = ORIENTED_EDGE ( 'NONE', *, *, #4122, .F. ) ;
#3241 = ORIENTED_EDGE ( 'NONE', *, *, #4102, .F. ) ;
#3242 = LINE ( 'NONE', #3014, #3176 ) ;
#3243 = ORIENTED_EDGE ( 'NONE', *, *, #679, .F. ) ;
#3244 = COLOUR_RGB ( '',0.0000000000000000000, 0.0000000000000000000, 0.0000000000000000000 ) ;
#3245 = CIRCLE ( 'NONE', #562, 0.4999999999999997800 ) ;
#3246 = VECTOR ( 'NONE', #936, 1000.000000000000000 ) ;
#3247 = VECTOR ( 'NONE', #932, 1000.000000000000000 ) ;
#3248 = LINE ( 'NONE', #2264, #3399 ) ;
#3249 = VECTOR ( 'NONE', #904, 1000.000000000000000 ) ;
#3250 = VECTOR ( 'NONE', #40, 1000.000000000000000 ) ;
#3251 = ORIENTED_EDGE ( 'NONE', *, *, #4124, .F. ) ;
#3252 = LINE ( 'NONE', #2285, #3613 ) ;
#3253 = FACE_OUTER_BOUND ( 'NONE', #1723, .T. ) ;
#3254 = VECTOR ( 'NONE', #883, 1000.000000000000200 ) ;
#3255 = VECTOR ( 'NONE', #2488, 1000.000000000000100 ) ;
#3256 = LINE ( 'NONE', #2904, #3473 ) ;
#3257 = LINE ( 'NONE', #1001, #3174 ) ;
#3258 = VECTOR ( 'NONE', #1055, 1000.000000000000000 ) ;
#3259 = ORIENTED_EDGE ( 'NONE', *, *, #783, .F. ) ;
#3260 = VECTOR ( 'NONE', #2911, 1000.000000000000000 ) ;
#3261 = LINE ( 'NONE', #2489, #3469 ) ;
#3262 = LINE ( 'NONE', #921, #3327 ) ;
#3263 = ORIENTED_EDGE ( 'NONE', *, *, #510, .T. ) ;
#3264 = VECTOR ( 'NONE', #1044, 1000.000000000000000 ) ;
#3265 = ORIENTED_EDGE ( 'NONE', *, *, #4127, .T. ) ;
#3266 = VECTOR ( 'NONE', #2267, 1000.000000000000000 ) ;
#3267 = ORIENTED_EDGE ( 'NONE', *, *, #4118, .T. ) ;
#3268 = ORIENTED_EDGE ( 'NONE', *, *, #804, .T. ) ;
#3269 = LINE ( 'NONE', #2912, #3595 ) ;
#3270 = LINE ( 'NONE', #939, #3335 ) ;
#3271 = LINE ( 'NONE', #3006, #3653 ) ;
#3272 = ORIENTED_EDGE ( 'NONE', *, *, #804, .F. ) ;
#3273 = ORIENTED_EDGE ( 'NONE', *, *, #4119, .F. ) ;
#3274 = VECTOR ( 'NONE', #62, 1000.000000000000000 ) ;
#3275 = VECTOR ( 'NONE', #2890, 1000.000000000000000 ) ;
#3276 = ORIENTED_EDGE ( 'NONE', *, *, #519, .F. ) ;
#3277 = COLOUR_RGB ( '',0.7529411764705882200, 0.7529411764705882200, 0.7529411764705882200 ) ;
#3278 = LINE ( 'NONE', #3031, #3541 ) ;
#3279 = ORIENTED_EDGE ( 'NONE', *, *, #647, .F. ) ;
#3280 = ORIENTED_EDGE ( 'NONE', *, *, #4155, .F. ) ;
#3281 = VECTOR ( 'NONE', #2587, 1000.000000000000000 ) ;
#3282 = ORIENTED_EDGE ( 'NONE', *, *, #784, .F. ) ;
#3283 = VECTOR ( 'NONE', #77, 1000.000000000000000 ) ;
#3284 = VECTOR ( 'NONE', #2266, 1000.000000000000200 ) ;
#3285 = ORIENTED_EDGE ( 'NONE', *, *, #4111, .F. ) ;
#3286 = VECTOR ( 'NONE', #368, 1000.000000000000000 ) ;
#3287 = ORIENTED_EDGE ( 'NONE', *, *, #4132, .T. ) ;
#3288 = ORIENTED_EDGE ( 'NONE', *, *, #775, .F. ) ;
#3289 = ORIENTED_EDGE ( 'NONE', *, *, #782, .T. ) ;
#3290 = ORIENTED_EDGE ( 'NONE', *, *, #4128, .F. ) ;
#3291 = CIRCLE ( 'NONE', #613, 0.1000000000000002600 ) ;
#3292 = COLOUR_RGB ( '',0.7529411764705882200, 0.7529411764705882200, 0.7529411764705882200 ) ;
#3293 = LINE ( 'NONE', #2476, #3599 ) ;
#3294 = ORIENTED_EDGE ( 'NONE', *, *, #4117, .F. ) ;
#3295 = LINE ( 'NONE', #2891, #3586 ) ;
#3296 = ORIENTED_EDGE ( 'NONE', *, *, #779, .F. ) ;
#3297 = LINE ( 'NONE', #2915, #3340 ) ;
#3298 = ORIENTED_EDGE ( 'NONE', *, *, #4113, .F. ) ;
#3299 = FACE_OUTER_BOUND ( 'NONE', #1677, .T. ) ;
#3300 = VECTOR ( 'NONE', #887, 1000.000000000000000 ) ;
#3301 = PRESENTATION_STYLE_ASSIGNMENT (( #101 ) ) ;
#3302 = LINE ( 'NONE', #65, #3597 ) ;
#3303 = ORIENTED_EDGE ( 'NONE', *, *, #4116, .F. ) ;
#3304 = LINE ( 'NONE', #1049, #3061 ) ;
#3305 = ORIENTED_EDGE ( 'NONE', *, *, #607, .F. ) ;
#3306 = ORIENTED_EDGE ( 'NONE', *, *, #778, .T. ) ;
#3307 = LINE ( 'NONE', #2926, #3477 ) ;
#3308 = SURFACE_STYLE_FILL_AREA ( #109 ) ;
#3309 = COLOUR_RGB ( '',0.7529411764705882200, 0.7529411764705882200, 0.7529411764705882200 ) ;
#3310 = ORIENTED_EDGE ( 'NONE', *, *, #542, .F. ) ;
#3311 = ORIENTED_EDGE ( 'NONE', *, *, #802, .F. ) ;
#3312 = COLOUR_RGB ( '',0.0000000000000000000, 0.0000000000000000000, 0.0000000000000000000 ) ;
#3313 = ORIENTED_EDGE ( 'NONE', *, *, #4135, .T. ) ;
#3314 = VECTOR ( 'NONE', #76, 1000.000000000000000 ) ;
#3315 = VECTOR ( 'NONE', #2584, 1000.000000000000000 ) ;
#3316 = FACE_OUTER_BOUND ( 'NONE', #2034, .T. ) ;
#3317 = VECTOR ( 'NONE', #42, 1000.000000000000000 ) ;
#3318 = ORIENTED_EDGE ( 'NONE', *, *, #4142, .T. ) ;
#3319 = VECTOR ( 'NONE', #1079, 1000.000000000000000 ) ;
#3320 = ORIENTED_EDGE ( 'NONE', *, *, #4105, .F. ) ;
#3321 = LINE ( 'NONE', #2997, #3368 ) ;
#3322 = VECTOR ( 'NONE', #74, 1000.000000000000000 ) ;
#3323 = VECTOR ( 'NONE', #63, 1000.000000000000000 ) ;
#3324 = ORIENTED_EDGE ( 'NONE', *, *, #702, .F. ) ;
#3325 = ORIENTED_EDGE ( 'NONE', *, *, #4149, .T. ) ;
#3326 = VECTOR ( 'NONE', #1053, 1000.000000000000000 ) ;
#3327 = VECTOR ( 'NONE', #900, 1000.000000000000000 ) ;
#3328 = ORIENTED_EDGE ( 'NONE', *, *, #4112, .F. ) ;
#3329 = ORIENTED_EDGE ( 'NONE', *, *, #776, .F. ) ;
#3330 = ORIENTED_EDGE ( 'NONE', *, *, #728, .F. ) ;
#3331 = VECTOR ( 'NONE', #942, 1000.000000000000100 ) ;
#3332 = ORIENTED_EDGE ( 'NONE', *, *, #650, .F. ) ;
#3333 = ORIENTED_EDGE ( 'NONE', *, *, #4104, .T. ) ;
#3334 = ORIENTED_EDGE ( 'NONE', *, *, #738, .F. ) ;
#3335 = VECTOR ( 'NONE', #937, 1000.000000000000000 ) ;
#3336 = LINE ( 'NONE', #3007, #3210 ) ;
#3337 = LINE ( 'NONE', #949, #3246 ) ;
#3338 = ORIENTED_EDGE ( 'NONE', *, *, #4130, .F. ) ;
#3339 = ORIENTED_EDGE ( 'NONE', *, *, #771, .F. ) ;
#3340 = VECTOR ( 'NONE', #945, 1000.000000000000000 ) ;
#3341 = LINE ( 'NONE', #78, #3283 ) ;
#3342 = ORIENTED_EDGE ( 'NONE', *, *, #4139, .F. ) ;
#3343 = LINE ( 'NONE', #69, #3404 ) ;
#3344 = LINE ( 'NONE', #3025, #3155 ) ;
#3345 = LINE ( 'NONE', #2253, #3284 ) ;
#3346 = SURFACE_STYLE_FILL_AREA ( #89 ) ;
#3347 = ORIENTED_EDGE ( 'NONE', *, *, #4101, .F. ) ;
#3348 = ORIENTED_EDGE ( 'NONE', *, *, #548, .F. ) ;
#3349 = LINE ( 'NONE', #1096, #3220 ) ;
#3350 = VECTOR ( 'NONE', #2906, 1000.000000000000000 ) ;
#3351 = ORIENTED_EDGE ( 'NONE', *, *, #797, .F. ) ;
#3352 = ORIENTED_EDGE ( 'NONE', *, *, #4113, .T. ) ;
#3353 = VECTOR ( 'NONE', #1009, 1000.000000000000000 ) ;
#3354 = ORIENTED_EDGE ( 'NONE', *, *, #685, .F. ) ;
#3355 = ORIENTED_EDGE ( 'NONE', *, *, #4114, .T. ) ;
#3356 = ORIENTED_EDGE ( 'NONE', *, *, #760, .T. ) ;
#3357 = VECTOR ( 'NONE', #885, 1000.000000000000000 ) ;
#3358 = ORIENTED_EDGE ( 'NONE', *, *, #530, .F. ) ;
#3359 = CIRCLE ( 'NONE', #572, 0.4999999999999997800 ) ;
#3360 = LINE ( 'NONE', #2181, #3239 ) ;
#3361 = LINE ( 'NONE', #4, #3393 ) ;
#3362 = LINE ( 'NONE', #60, #3274 ) ;
#3363 = ORIENTED_EDGE ( 'NONE', *, *, #802, .T. ) ;
#3364 = VECTOR ( 'NONE', #3000, 1000.000000000000100 ) ;
#3365 = VECTOR ( 'NONE', #930, 1000.000000000000100 ) ;
#3366 = LINE ( 'NONE', #898, #3249 ) ;
#3367 = VECTOR ( 'NONE', #2896, 1000.000000000000000 ) ;
#3368 = VECTOR ( 'NONE', #2994, 1000.000000000000000 ) ;
#3369 = VECTOR ( 'NONE', #913, 1000.000000000000200 ) ;
#3370 = LINE ( 'NONE', #2889, #3439 ) ;
#3371 = ORIENTED_EDGE ( 'NONE', *, *, #4127, .F. ) ;
#3372 = LINE ( 'NONE', #2917, #3465 ) ;
#3373 = ORIENTED_EDGE ( 'NONE', *, *, #719, .F. ) ;
#3374 = VECTOR ( 'NONE', #926, 1000.000000000000000 ) ;
#3375 = LINE ( 'NONE', #2258, #3443 ) ;
#3376 = VECTOR ( 'NONE', #1085, 1000.000000000000000 ) ;
#3377 = CIRCLE ( 'NONE', #586, 0.1999999999999996500 ) ;
#3378 = ORIENTED_EDGE ( 'NONE', *, *, #792, .F. ) ;
#3379 = ORIENTED_EDGE ( 'NONE', *, *, #4140, .F. ) ;
#3380 = LINE ( 'NONE', #908, #3447 ) ;
#3381 = ORIENTED_EDGE ( 'NONE', *, *, #4141, .T. ) ;
#3382 = LINE ( 'NONE', #946, #3082 ) ;
#3383 = LINE ( 'NONE', #2914, #3442 ) ;
#3384 = LINE ( 'NONE', #917, #3254 ) ;
#3385 = VECTOR ( 'NONE', #2262, 1000.000000000000000 ) ;
#3386 = ORIENTED_EDGE ( 'NONE', *, *, #522, .F. ) ;
#3387 = ORIENTED_EDGE ( 'NONE', *, *, #736, .F. ) ;
#3388 = LINE ( 'NONE', #1024, #3234 ) ;
#3389 = CIRCLE ( 'NONE', #547, 0.1000000000000002600 ) ;
#3390 = ORIENTED_EDGE ( 'NONE', *, *, #766, .T. ) ;
#3391 = VECTOR ( 'NONE', #3, 1000.000000000000000 ) ;
#3392 = VECTOR ( 'NONE', #940, 1000.000000000000000 ) ;
#3393 = VECTOR ( 'NONE', #2259, 1000.000000000000200 ) ;
#3394 = ORIENTED_EDGE ( 'NONE', *, *, #740, .F. ) ;
#3395 = VECTOR ( 'NONE', #998, 1000.000000000000000 ) ;
#3396 = ORIENTED_EDGE ( 'NONE', *, *, #4133, .F. ) ;
#3397 = LINE ( 'NONE', #1010, #3064 ) ;
#3398 = PRESENTATION_STYLE_ASSIGNMENT (( #916 ) ) ;
#3399 = VECTOR ( 'NONE', #2254, 1000.000000000000000 ) ;
#3400 = ORIENTED_EDGE ( 'NONE', *, *, #523, .F. ) ;
#3401 = LINE ( 'NONE', #1005, #3395 ) ;
#3402 = VECTOR ( 'NONE', #49, 1000.000000000000200 ) ;
#3403 = VECTOR ( 'NONE', #1006, 1000.000000000000000 ) ;
#3404 = VECTOR ( 'NONE', #70, 1000.000000000000000 ) ;
#3405 = ORIENTED_EDGE ( 'NONE', *, *, #811, .T. ) ;
#3406 = LINE ( 'NONE', #2573, #3120 ) ;
#3407 = VECTOR ( 'NONE', #1061, 1000.000000000000200 ) ;
#3408 = LINE ( 'NONE', #387, #3075 ) ;
#3409 = LINE ( 'NONE', #1011, #3353 ) ;
#3410 = LINE ( 'NONE', #64, #3602 ) ;
#3411 = VECTOR ( 'NONE', #997, 1000.000000000000000 ) ;
#3412 = LINE ( 'NONE', #2261, #3151 ) ;
#3413 = LINE ( 'NONE', #1013, #3403 ) ;
#3414 = LINE ( 'NONE', #2290, #3133 ) ;
#3415 = ORIENTED_EDGE ( 'NONE', *, *, #4129, .T. ) ;
#3416 = COLOUR_RGB ( '',0.0000000000000000000, 0.0000000000000000000, 0.0000000000000000000 ) ;
#3417 = ORIENTED_EDGE ( 'NONE', *, *, #551, .T. ) ;
#3418 = VECTOR ( 'NONE', #1090, 1000.000000000000000 ) ;
#3419 = CIRCLE ( 'NONE', #609, 0.1999999999999999800 ) ;
#3420 = LINE ( 'NONE', #2908, #3468 ) ;
#3421 = CIRCLE ( 'NONE', #549, 0.4000000000000001900 ) ;
#3422 = ORIENTED_EDGE ( 'NONE', *, *, #777, .F. ) ;
#3423 = ORIENTED_EDGE ( 'NONE', *, *, #4108, .F. ) ;
#3424 = VECTOR ( 'NONE', #1076, 1000.000000000000000 ) ;
#3425 = VECTOR ( 'NONE', #1019, 1000.000000000000000 ) ;
#3426 = ORIENTED_EDGE ( 'NONE', *, *, #700, .T. ) ;
#3427 = LINE ( 'NONE', #17, #3554 ) ;
#3428 = ORIENTED_EDGE ( 'NONE', *, *, #671, .T. ) ;
#3429 = VECTOR ( 'NONE', #1072, 1000.000000000000000 ) ;
#3430 = LINE ( 'NONE', #2, #3138 ) ;
#3431 = ORIENTED_EDGE ( 'NONE', *, *, #4149, .F. ) ;
#3432 = ORIENTED_EDGE ( 'NONE', *, *, #585, .F. ) ;
#3433 = LINE ( 'NONE', #2260, #3590 ) ;
#3434 = VECTOR ( 'NONE', #893, 1000.000000000000000 ) ;
#3435 = VECTOR ( 'NONE', #911, 1000.000000000000100 ) ;
#3436 = VECTOR ( 'NONE', #2899, 1000.000000000000000 ) ;
#3437 = VECTOR ( 'NONE', #3015, 1000.000000000000000 ) ;
#3438 = LINE ( 'NONE', #2265, #3490 ) ;
#3439 = VECTOR ( 'NONE', #2909, 1000.000000000000000 ) ;
#3440 = ORIENTED_EDGE ( 'NONE', *, *, #4099, .F. ) ;
#3441 = LINE ( 'NONE', #58, #3205 ) ;
#3442 = VECTOR ( 'NONE', #2922, 1000.000000000000000 ) ;
#3443 = VECTOR ( 'NONE', #2256, 1000.000000000000000 ) ;
#3444 = VECTOR ( 'NONE', #925, 1000.000000000000000 ) ;
#3445 = LINE ( 'NONE', #1017, #3564 ) ;
#3446 = LINE ( 'NONE', #924, #3221 ) ;
#3447 = VECTOR ( 'NONE', #915, 1000.000000000000000 ) ;
#3448 = LINE ( 'NONE', #61, #3402 ) ;
#3449 = LINE ( 'NONE', #941, #3392 ) ;
#3450 = CIRCLE ( 'NONE', #579, 0.1269999999999999700 ) ;
#3451 = CIRCLE ( 'NONE', #570, 0.09999999999999982500 ) ;
#3452 = VECTOR ( 'NONE', #2927, 1000.000000000000000 ) ;
#3453 = ORIENTED_EDGE ( 'NONE', *, *, #705, .F. ) ;
#3454 = LINE ( 'NONE', #2483, #3255 ) ;
#3455 = LINE ( 'NONE', #2923, #3436 ) ;
#3456 = LINE ( 'NONE', #890, #3369 ) ;
#3457 = LINE ( 'NONE', #1032, #3511 ) ;
#3458 = LINE ( 'NONE', #2907, #3350 ) ;
#3459 = LINE ( 'NONE', #1050, #3543 ) ;
#3460 = LINE ( 'NONE', #2895, #3275 ) ;
#3461 = ORIENTED_EDGE ( 'NONE', *, *, #780, .F. ) ;
#3462 = ORIENTED_EDGE ( 'NONE', *, *, #4121, .T. ) ;
#3463 = LINE ( 'NONE', #1012, #3425 ) ;
#3464 = ORIENTED_EDGE ( 'NONE', *, *, #4137, .T. ) ;
#3465 = VECTOR ( 'NONE', #2919, 1000.000000000000000 ) ;
#3466 = LINE ( 'NONE', #892, #3152 ) ;
#3467 = LINE ( 'NONE', #907, #3435 ) ;
#3468 = VECTOR ( 'NONE', #2901, 1000.000000000000000 ) ;
#3469 = VECTOR ( 'NONE', #2487, 1000.000000000000000 ) ;
#3470 = ORIENTED_EDGE ( 'NONE', *, *, #760, .F. ) ;
#3471 = VECTOR ( 'NONE', #1008, 1000.000000000000000 ) ;
#3472 = ORIENTED_EDGE ( 'NONE', *, *, #4121, .F. ) ;
#3473 = VECTOR ( 'NONE', #2893, 1000.000000000000000 ) ;
#3474 = CIRCLE ( 'NONE', #578, 0.1269999999999999500 ) ;
#3475 = LINE ( 'NONE', #1003, #3411 ) ;
#3476 = ORIENTED_EDGE ( 'NONE', *, *, #746, .F. ) ;
#3477 = VECTOR ( 'NONE', #2910, 1000.000000000000000 ) ;
#3478 = CIRCLE ( 'NONE', #573, 0.4999999999999997800 ) ;
#3479 = SURFACE_STYLE_FILL_AREA ( #99 ) ;
#3480 = ORIENTED_EDGE ( 'NONE', *, *, #4109, .F. ) ;
#3481 = ORIENTED_EDGE ( 'NONE', *, *, #4140, .T. ) ;
#3482 = ORIENTED_EDGE ( 'NONE', *, *, #4135, .F. ) ;
#3483 = ORIENTED_EDGE ( 'NONE', *, *, #4110, .T. ) ;
#3484 = ORIENTED_EDGE ( 'NONE', *, *, #4102, .T. ) ;
#3485 = LINE ( 'NONE', #2180, #3223 ) ;
#3486 = LINE ( 'NONE', #1067, #3628 ) ;
#3487 = VECTOR ( 'NONE', #12, 1000.000000000000000 ) ;
#3488 = VECTOR ( 'NONE', #7, 1000.000000000000000 ) ;
#3489 = VECTOR ( 'NONE', #2929, 1000.000000000000100 ) ;
#3490 = VECTOR ( 'NONE', #2263, 1000.000000000000000 ) ;
#3491 = ORIENTED_EDGE ( 'NONE', *, *, #4125, .F. ) ;
#3492 = ORIENTED_EDGE ( 'NONE', *, *, #761, .F. ) ;
#3493 = VECTOR ( 'NONE', #2577, 1000.000000000000000 ) ;
#3494 = ORIENTED_EDGE ( 'NONE', *, *, #4141, .F. ) ;
#3495 = LINE ( 'NONE', #928, #3374 ) ;
#3496 = ORIENTED_EDGE ( 'NONE', *, *, #776, .T. ) ;
#3497 = LINE ( 'NONE', #1098, #3407 ) ;
#3498 = ORIENTED_EDGE ( 'NONE', *, *, #686, .F. ) ;
#3499 = LINE ( 'NONE', #850, #3105 ) ;
#3500 = ORIENTED_EDGE ( 'NONE', *, *, #652, .F. ) ;
#3501 = ORIENTED_EDGE ( 'NONE', *, *, #4139, .T. ) ;
#3502 = VECTOR ( 'NONE', #934, 1000.000000000000000 ) ;
#3503 = ORIENTED_EDGE ( 'NONE', *, *, #4147, .T. ) ;
#3504 = ORIENTED_EDGE ( 'NONE', *, *, #783, .T. ) ;
#3505 = ORIENTED_EDGE ( 'NONE', *, *, #495, .T. ) ;
#3506 = ORIENTED_EDGE ( 'NONE', *, *, #4160, .F. ) ;
#3507 = CIRCLE ( 'NONE', #637, 0.09999999999999982500 ) ;
#3508 = ORIENTED_EDGE ( 'NONE', *, *, #536, .F. ) ;
#3509 = ORIENTED_EDGE ( 'NONE', *, *, #731, .F. ) ;
#3510 = LINE ( 'NONE', #944, #3108 ) ;
#3511 = VECTOR ( 'NONE', #1056, 1000.000000000000000 ) ;
#3512 = LINE ( 'NONE', #947, #3502 ) ;
#3513 = LINE ( 'NONE', #6, #3385 ) ;
#3514 = LINE ( 'NONE', #2592, #3083 ) ;
#3515 = ORIENTED_EDGE ( 'NONE', *, *, #718, .F. ) ;
#3516 = VECTOR ( 'NONE', #1091, 1000.000000000000000 ) ;
#3517 = VECTOR ( 'NONE', #1018, 1000.000000000000000 ) ;
#3518 = ORIENTED_EDGE ( 'NONE', *, *, #646, .F. ) ;
#3519 = ORIENTED_EDGE ( 'NONE', *, *, #4151, .T. ) ;
#3520 = LINE ( 'NONE', #1073, #3056 ) ;
#3521 = ORIENTED_EDGE ( 'NONE', *, *, #4160, .T. ) ;
#3522 = ORIENTED_EDGE ( 'NONE', *, *, #773, .F. ) ;
#3523 = LINE ( 'NONE', #1092, #3429 ) ;
#3524 = ORIENTED_EDGE ( 'NONE', *, *, #772, .F. ) ;
#3525 = CIRCLE ( 'NONE', #610, 0.7999999999999994900 ) ;
#3526 = VECTOR ( 'NONE', #1069, 1000.000000000000000 ) ;
#3527 = LINE ( 'NONE', #54, #3585 ) ;
#3528 = LINE ( 'NONE', #36, #3164 ) ;
#3529 = SURFACE_STYLE_FILL_AREA ( #140 ) ;
#3530 = ORIENTED_EDGE ( 'NONE', *, *, #790, .F. ) ;
#3531 = ORIENTED_EDGE ( 'NONE', *, *, #4122, .T. ) ;
#3532 = ORIENTED_EDGE ( 'NONE', *, *, #713, .F. ) ;
#3533 = LINE ( 'NONE', #1088, #3047 ) ;
#3534 = ORIENTED_EDGE ( 'NONE', *, *, #4143, .T. ) ;
#3535 = CYLINDRICAL_SURFACE ( 'NONE', #488, 0.1269999999999999500 ) ;
#3536 = ORIENTED_EDGE ( 'NONE', *, *, #4133, .T. ) ;
#3537 = ORIENTED_EDGE ( 'NONE', *, *, #4100, .F. ) ;
#3538 = VECTOR ( 'NONE', #2589, 1000.000000000000000 ) ;
#3539 = ORIENTED_EDGE ( 'NONE', *, *, #4123, .T. ) ;
#3540 = LINE ( 'NONE', #877, #3357 ) ;
#3541 = VECTOR ( 'NONE', #51, 1000.000000000000000 ) ;
#3542 = ORIENTED_EDGE ( 'NONE', *, *, #769, .F. ) ;
#3543 = VECTOR ( 'NONE', #1042, 1000.000000000000000 ) ;
#3544 = CIRCLE ( 'NONE', #640, 0.09999999999999982500 ) ;
#3545 = ORIENTED_EDGE ( 'NONE', *, *, #4129, .F. ) ;
#3546 = ORIENTED_EDGE ( 'NONE', *, *, #767, .T. ) ;
#3547 = LINE ( 'NONE', #1039, #3516 ) ;
#3548 = ORIENTED_EDGE ( 'NONE', *, *, #800, .F. ) ;
#3549 = ORIENTED_EDGE ( 'NONE', *, *, #4151, .F. ) ;
#3550 = PRESENTATION_STYLE_ASSIGNMENT (( #111 ) ) ;
#3551 = LINE ( 'NONE', #1014, #3471 ) ;
#3552 = VECTOR ( 'NONE', #2579, 1000.000000000000100 ) ;
#3553 = VECTOR ( 'NONE', #1048, 1000.000000000000000 ) ;
#3554 = VECTOR ( 'NONE', #11, 1000.000000000000000 ) ;
#3555 = VECTOR ( 'NONE', #407, 1000.000000000000000 ) ;
#3556 = LINE ( 'NONE', #25, #3562 ) ;
#3557 = ORIENTED_EDGE ( 'NONE', *, *, #778, .F. ) ;
#3558 = CLOSED_SHELL ( 'NONE', ( #2494, #2521, #1108, #1134, #2508, #2495, #2502, #2520, #2517, #1129, #2552, #2493, #1135, #2498, #2515, #1106, #1103, #1127, #2535, #2534, #2537, #2536, #1137, #2539, #2538, #1105, #2516, #2524, #2514, #2506, #1100, #2540, #2499, #2511, #2526, #2541, #2547, #2525, #2549, #2507, #2543, #1107, #2545, #2548, #2546, #2497, #1111, #1126, #1114, #1123, #2551, #1130, #1125, #2518, #1119, #2491, #2492, #1132, #2509, #2490, #1128, #2501, #1116, #2513, #2533, #2544, #2527, #2519, #1104, #2503, #2523, #1115, #2553, #2532, #1133, #1118, #2531, #1131, #1136, #1113, #1117, #2529, #1101, #2512, #1109, #1124, #2528, #1112, #1122, #1121, #2496, #1110, #2505, #1120, #2550, #2530, #1099, #2542, #2500, #1102, #2554, #2504, #2510, #2555, #2522 ) ) ;
#3559 = LINE ( 'NONE', #1064, #3326 ) ;
#3560 = ORIENTED_EDGE ( 'NONE', *, *, #771, .T. ) ;
#3561 = CYLINDRICAL_SURFACE ( 'NONE', #568, 0.1270000000000000300 ) ;
#3562 = VECTOR ( 'NONE', #24, 1000.000000000000200 ) ;
#3563 = ORIENTED_EDGE ( 'NONE', *, *, #4134, .F. ) ;
#3564 = VECTOR ( 'NONE', #50, 1000.000000000000000 ) ;
#3565 = LINE ( 'NONE', #20, #3258 ) ;
#3566 = ORIENTED_EDGE ( 'NONE', *, *, #533, .T. ) ;
#3567 = VECTOR ( 'NONE', #2572, 999.9999999999998900 ) ;
#3568 = ORIENTED_EDGE ( 'NONE', *, *, #665, .F. ) ;
#3569 = ORIENTED_EDGE ( 'NONE', *, *, #4125, .T. ) ;
#3570 = ORIENTED_EDGE ( 'NONE', *, *, #4105, .T. ) ;
#3571 = ORIENTED_EDGE ( 'NONE', *, *, #508, .F. ) ;
#3572 = LINE ( 'NONE', #943, #3331 ) ;
#3573 = ORIENTED_EDGE ( 'NONE', *, *, #669, .F. ) ;
#3574 = ORIENTED_EDGE ( 'NONE', *, *, #716, .F. ) ;
#3575 = ORIENTED_EDGE ( 'NONE', *, *, #4136, .T. ) ;
#3576 = ORIENTED_EDGE ( 'NONE', *, *, #4118, .F. ) ;
#3577 = LINE ( 'NONE', #3027, #3582 ) ;
#3578 = LINE ( 'NONE', #938, #3444 ) ;
#3579 = LINE ( 'NONE', #43, #3317 ) ;
#3580 = LINE ( 'NONE', #1034, #3635 ) ;
#3581 = LINE ( 'NONE', #21, #3264 ) ;
#3582 = VECTOR ( 'NONE', #3023, 1000.000000000000000 ) ;
#3583 = PRESENTATION_STYLE_ASSIGNMENT (( #91 ) ) ;
#3584 = CIRCLE ( 'NONE', #588, 0.09999999999999982500 ) ;
#3585 = VECTOR ( 'NONE', #55, 1000.000000000000000 ) ;
#3586 = VECTOR ( 'NONE', #2905, 1000.000000000000000 ) ;
#3587 = LINE ( 'NONE', #1037, #3553 ) ;
#3588 = VECTOR ( 'NONE', #2931, 1000.000000000000000 ) ;
#3589 = LINE ( 'NONE', #2287, #3139 ) ;
#3590 = VECTOR ( 'NONE', #2257, 1000.000000000000000 ) ;
#3591 = LINE ( 'NONE', #2887, #3153 ) ;
#3592 = LINE ( 'NONE', #935, #3247 ) ;
#3593 = ORIENTED_EDGE ( 'NONE', *, *, #744, .F. ) ;
#3594 = CIRCLE ( 'NONE', #546, 0.7999999999999994900 ) ;
#3595 = VECTOR ( 'NONE', #2924, 1000.000000000000000 ) ;
#3596 = LINE ( 'NONE', #901, #3300 ) ;
#3597 = VECTOR ( 'NONE', #71, 1000.000000000000000 ) ;
#3598 = LINE ( 'NONE', #1075, #3623 ) ;
#3599 = VECTOR ( 'NONE', #3003, 1000.000000000000000 ) ;
#3600 = LINE ( 'NONE', #73, #3322 ) ;
#3601 = VECTOR ( 'NONE', #1047, 1000.000000000000000 ) ;
#3602 = VECTOR ( 'NONE', #72, 1000.000000000000000 ) ;
#3603 = LINE ( 'NONE', #2894, #3260 ) ;
#3604 = SURFACE_STYLE_FILL_AREA ( #129 ) ;
#3605 = ORIENTED_EDGE ( 'NONE', *, *, #4119, .T. ) ;
#3606 = ORIENTED_EDGE ( 'NONE', *, *, #4147, .F. ) ;
#3607 = LINE ( 'NONE', #2596, #3538 ) ;
#3608 = ORIENTED_EDGE ( 'NONE', *, *, #4145, .F. ) ;
#3609 = ORIENTED_EDGE ( 'NONE', *, *, #767, .F. ) ;
#3610 = ORIENTED_EDGE ( 'NONE', *, *, #750, .F. ) ;
#3611 = LINE ( 'NONE', #1080, #3141 ) ;
#3612 = ORIENTED_EDGE ( 'NONE', *, *, #4111, .T. ) ;
#3613 = VECTOR ( 'NONE', #2283, 999.9999999999998900 ) ;
#3614 = ORIENTED_EDGE ( 'NONE', *, *, #770, .T. ) ;
#3615 = ORIENTED_EDGE ( 'NONE', *, *, #787, .T. ) ;
#3616 = ORIENTED_EDGE ( 'NONE', *, *, #4107, .T. ) ;
#3617 = VECTOR ( 'NONE', #1, 1000.000000000000000 ) ;
#3618 = ORIENTED_EDGE ( 'NONE', *, *, #666, .F. ) ;
#3619 = ORIENTED_EDGE ( 'NONE', *, *, #781, .T. ) ;
#3620 = ORIENTED_EDGE ( 'NONE', *, *, #4138, .T. ) ;
#3621 = ORIENTED_EDGE ( 'NONE', *, *, #657, .F. ) ;
#3622 = ORIENTED_EDGE ( 'NONE', *, *, #678, .F. ) ;
#3623 = VECTOR ( 'NONE', #1063, 1000.000000000000000 ) ;
#3624 = ORIENTED_EDGE ( 'NONE', *, *, #696, .F. ) ;
#3625 = LINE ( 'NONE', #1083, #3601 ) ;
#3626 = ORIENTED_EDGE ( 'NONE', *, *, #790, .T. ) ;
#3627 = ORIENTED_EDGE ( 'NONE', *, *, #4104, .F. ) ;
#3628 = VECTOR ( 'NONE', #1045, 1000.000000000000000 ) ;
#3629 = ORIENTED_EDGE ( 'NONE', *, *, #681, .T. ) ;
#3630 = CYLINDRICAL_SURFACE ( 'NONE', #596, 0.1269999999999999500 ) ;
#3631 = ORIENTED_EDGE ( 'NONE', *, *, #739, .F. ) ;
#3632 = LINE ( 'NONE', #933, #3038 ) ;
#3633 = LINE ( 'NONE', #2478, #3364 ) ;
#3634 = LINE ( 'NONE', #1023, #3517 ) ;
#3635 = VECTOR ( 'NONE', #1040, 1000.000000000000000 ) ;
#3636 = ORIENTED_EDGE ( 'NONE', *, *, #808, .F. ) ;
#3637 = ORIENTED_EDGE ( 'NONE', *, *, #4128, .T. ) ;
#3638 = LINE ( 'NONE', #910, #3226 ) ;
#3639 = LINE ( 'NONE', #376, #3286 ) ;
#3640 = ORIENTED_EDGE ( 'NONE', *, *, #704, .F. ) ;
#3641 = LINE ( 'NONE', #879, #3051 ) ;
#3642 = VECTOR ( 'NONE', #859, 1000.000000000000000 ) ;
#3643 = CIRCLE ( 'NONE', #622, 0.1999999999999999800 ) ;
#3644 = ORIENTED_EDGE ( 'NONE', *, *, #774, .T. ) ;
#3645 = VECTOR ( 'NONE', #22, 1000.000000000000000 ) ;
#3646 = FACE_OUTER_BOUND ( 'NONE', #2044, .T. ) ;
#3647 = ORIENTED_EDGE ( 'NONE', *, *, #4108, .T. ) ;
#3648 = ORIENTED_EDGE ( 'NONE', *, *, #4115, .T. ) ;
#3649 = ORIENTED_EDGE ( 'NONE', *, *, #4132, .F. ) ;
#3650 = LINE ( 'NONE', #41, #3250 ) ;
#3651 = LINE ( 'NONE', #929, #3065 ) ;
#3652 = CIRCLE ( 'NONE', #592, 0.7999999999999994900 ) ;
#3653 = VECTOR ( 'NONE', #3004, 1000.000000000000100 ) ;
#3654 = ORIENTED_EDGE ( 'NONE', *, *, #803, .T. ) ;
#3655 = ORIENTED_EDGE ( 'NONE', *, *, #757, .F. ) ;
#3656 = ORIENTED_EDGE ( 'NONE', *, *, #4143, .F. ) ;
#3657 = VECTOR ( 'NONE', #948, 1000.000000000000000 ) ;
#3658 = VECTOR ( 'NONE', #1071, 1000.000000000000000 ) ;
#3659 = COLOUR_RGB ( '',0.0000000000000000000, 0.0000000000000000000, 0.0000000000000000000 ) ;
#3660 = CYLINDRICAL_SURFACE ( 'NONE', #623, 0.1270000000000002000 ) ;
#3661 = COLOUR_RGB ( '',0.7529411764705882200, 0.7529411764705882200, 0.7529411764705882200 ) ;
#3662 = SURFACE_STYLE_FILL_AREA ( #2650 ) ;
#3663 = PRESENTATION_STYLE_ASSIGNMENT (( #2828 ) ) ;
#3664 = COLOUR_RGB ( '',0.0000000000000000000, 0.0000000000000000000, 0.0000000000000000000 ) ;
#3665 = FACE_OUTER_BOUND ( 'NONE', #1671, .T. ) ;
#3666 = FACE_OUTER_BOUND ( 'NONE', #1736, .T. ) ;
#3667 = FACE_OUTER_BOUND ( 'NONE', #1693, .T. ) ;
#3668 = CYLINDRICAL_SURFACE ( 'NONE', #1254, 0.1269999999999999500 ) ;
#3669 = PRESENTATION_STYLE_ASSIGNMENT (( #153 ) ) ;
#3670 = COLOUR_RGB ( '',0.0000000000000000000, 0.0000000000000000000, 0.0000000000000000000 ) ;
#3671 = SURFACE_STYLE_FILL_AREA ( #2628 ) ;
#3672 = PRESENTATION_STYLE_ASSIGNMENT (( #2796 ) ) ;
#3673 = FACE_OUTER_BOUND ( 'NONE', #2046, .T. ) ;
#3674 = SURFACE_STYLE_FILL_AREA ( #2755 ) ;
#3675 = SPHERICAL_SURFACE ( 'NONE', #1215, 0.1270000000000000000 ) ;
#3676 = CYLINDRICAL_SURFACE ( 'NONE', #601, 0.1270000000000000900 ) ;
#3677 = SURFACE_STYLE_FILL_AREA ( #1473 ) ;
#3678 = SPHERICAL_SURFACE ( 'NONE', #2190, 0.1270000000000000000 ) ;
#3679 = CYLINDRICAL_SURFACE ( 'NONE', #502, 0.1270000000000001100 ) ;
#3680 = PRESENTATION_STYLE_ASSIGNMENT (( #1454 ) ) ;
#3681 = FACE_OUTER_BOUND ( 'NONE', #1816, .T. ) ;
#3682 = FACE_OUTER_BOUND ( 'NONE', #1887, .T. ) ;
#3683 = SURFACE_STYLE_FILL_AREA ( #2688 ) ;
#3684 = SURFACE_STYLE_FILL_AREA ( #2675 ) ;
#3685 = PRESENTATION_STYLE_ASSIGNMENT (( #2639 ) ) ;
#3686 = COLOUR_RGB ( '',0.0000000000000000000, 0.0000000000000000000, 0.0000000000000000000 ) ;
#3687 = FACE_OUTER_BOUND ( 'NONE', #1930, .T. ) ;
#3688 = FACE_OUTER_BOUND ( 'NONE', #1994, .T. ) ;
#3689 = SURFACE_STYLE_FILL_AREA ( #151 ) ;
#3690 = COLOUR_RGB ( '',0.0000000000000000000, 0.0000000000000000000, 0.0000000000000000000 ) ;
#3691 = COLOUR_RGB ( '',0.0000000000000000000, 0.0000000000000000000, 0.0000000000000000000 ) ;
#3692 = COLOUR_RGB ( '',0.0000000000000000000, 0.0000000000000000000, 0.0000000000000000000 ) ;
#3693 = PRESENTATION_STYLE_ASSIGNMENT (( #178 ) ) ;
#3694 = FACE_OUTER_BOUND ( 'NONE', #1674, .T. ) ;
#3695 = PRESENTATION_STYLE_ASSIGNMENT (( #2742 ) ) ;
#3696 = SURFACE_STYLE_FILL_AREA ( #1498 ) ;
#3697 = PRESENTATION_STYLE_ASSIGNMENT (( #2699 ) ) ;
#3698 = FACE_OUTER_BOUND ( 'NONE', #1714, .T. ) ;
#3699 = FACE_OUTER_BOUND ( 'NONE', #2002, .T. ) ;
#3700 = PRESENTATION_STYLE_ASSIGNMENT (( #2772 ) ) ;
#3701 = SPHERICAL_SURFACE ( 'NONE', #1290, 0.1270000000000000000 ) ;
#3702 = SURFACE_STYLE_FILL_AREA ( #1534 ) ;
#3703 = FACE_OUTER_BOUND ( 'NONE', #1763, .T. ) ;
#3704 = PRESENTATION_STYLE_ASSIGNMENT (( #2786 ) ) ;
#3705 = PRESENTATION_STYLE_ASSIGNMENT (( #2724 ) ) ;
#3706 = COLOUR_RGB ( '',0.0000000000000000000, 0.0000000000000000000, 0.0000000000000000000 ) ;
#3707 = CYLINDRICAL_SURFACE ( 'NONE', #2249, 0.1269999999999998900 ) ;
#3708 = SURFACE_STYLE_FILL_AREA ( #2708 ) ;
#3709 = FACE_OUTER_BOUND ( 'NONE', #1709, .T. ) ;
#3710 = SURFACE_STYLE_FILL_AREA ( #1509 ) ;
#3711 = SURFACE_STYLE_FILL_AREA ( #2805 ) ;
#3712 = FACE_OUTER_BOUND ( 'NONE', #1652, .T. ) ;
#3713 = FACE_OUTER_BOUND ( 'NONE', #2035, .T. ) ;
#3714 = CYLINDRICAL_SURFACE ( 'NONE', #590, 0.7999999999999994900 ) ;
#3715 = FACE_OUTER_BOUND ( 'NONE', #1654, .T. ) ;
#3716 = FACE_OUTER_BOUND ( 'NONE', #2030, .T. ) ;
#3717 = FACE_OUTER_BOUND ( 'NONE', #1829, .T. ) ;
#3718 = PRESENTATION_STYLE_ASSIGNMENT (( #2652 ) ) ;
#3719 = SURFACE_STYLE_FILL_AREA ( #2722 ) ;
#3720 = SURFACE_STYLE_FILL_AREA ( #1463 ) ;
#3721 = FACE_OUTER_BOUND ( 'NONE', #1931, .T. ) ;
#3722 = PRESENTATION_STYLE_ASSIGNMENT (( #1521 ) ) ;
#3723 = COLOUR_RGB ( '',0.0000000000000000000, 0.0000000000000000000, 0.0000000000000000000 ) ;
#3724 = PRESENTATION_STYLE_ASSIGNMENT (( #2615 ) ) ;
#3725 = CYLINDRICAL_SURFACE ( 'NONE', #2192, 0.1999999999999999800 ) ;
#3726 = SURFACE_STYLE_FILL_AREA ( #2665 ) ;
#3727 = PRESENTATION_STYLE_ASSIGNMENT (( #2807 ) ) ;
#3728 = PRESENTATION_STYLE_ASSIGNMENT (( #2757 ) ) ;
#3729 = COLOUR_RGB ( '',0.0000000000000000000, 0.0000000000000000000, 0.0000000000000000000 ) ;
#3730 = FACE_OUTER_BOUND ( 'NONE', #2027, .T. ) ;
#3731 = FACE_OUTER_BOUND ( 'NONE', #2038, .T. ) ;
#3732 = SURFACE_STYLE_FILL_AREA ( #2815 ) ;
#3733 = FACE_OUTER_BOUND ( 'NONE', #1649, .T. ) ;
#3734 = COLOUR_RGB ( '',0.0000000000000000000, 0.0000000000000000000, 0.0000000000000000000 ) ;
#3735 = COLOUR_RGB ( '',0.7529411764705882200, 0.7529411764705882200, 0.7529411764705882200 ) ;
#3736 = FACE_OUTER_BOUND ( 'NONE', #1945, .T. ) ;
#3737 = FACE_OUTER_BOUND ( 'NONE', #1667, .T. ) ;
#3738 = FACE_OUTER_BOUND ( 'NONE', #1989, .T. ) ;
#3739 = PRESENTATION_STYLE_ASSIGNMENT (( #1465 ) ) ;
#3740 = SURFACE_STYLE_FILL_AREA ( #1452 ) ;
#3741 = SPHERICAL_SURFACE ( 'NONE', #489, 0.1270000000000000000 ) ;
#3742 = COLOUR_RGB ( '',0.0000000000000000000, 0.0000000000000000000, 0.0000000000000000000 ) ;
#3743 = FACE_OUTER_BOUND ( 'NONE', #1786, .T. ) ;
#3744 = FACE_OUTER_BOUND ( 'NONE', #1726, .T. ) ;
#3745 = FACE_OUTER_BOUND ( 'NONE', #1666, .T. ) ;
#3746 = CYLINDRICAL_SURFACE ( 'NONE', #2226, 0.1270000000000003100 ) ;
#3747 = PRESENTATION_STYLE_ASSIGNMENT (( #2710 ) ) ;
#3748 = FACE_OUTER_BOUND ( 'NONE', #2051, .T. ) ;
#3749 = PRESENTATION_STYLE_ASSIGNMENT (( #1485 ) ) ;
#3750 = FACE_OUTER_BOUND ( 'NONE', #1679, .T. ) ;
#3751 = PRESENTATION_STYLE_ASSIGNMENT (( #2605 ) ) ;
#3752 = PRESENTATION_STYLE_ASSIGNMENT (( #2677 ) ) ;
#3753 = FACE_OUTER_BOUND ( 'NONE', #1965, .T. ) ;
#3754 = COLOUR_RGB ( '',0.0000000000000000000, 0.0000000000000000000, 0.0000000000000000000 ) ;
#3755 = FACE_OUTER_BOUND ( 'NONE', #2026, .T. ) ;
#3756 = SURFACE_STYLE_FILL_AREA ( #2770 ) ;
#3757 = SPHERICAL_SURFACE ( 'NONE', #2251, 0.1270000000000000000 ) ;
#3758 = COLOUR_RGB ( '',0.0000000000000000000, 0.0000000000000000000, 0.0000000000000000000 ) ;
#3759 = COLOUR_RGB ( '',0.0000000000000000000, 0.0000000000000000000, 0.0000000000000000000 ) ;
#3760 = SPHERICAL_SURFACE ( 'NONE', #512, 0.1270000000000000000 ) ;
#3761 = SURFACE_STYLE_FILL_AREA ( #1519 ) ;
#3762 = CYLINDRICAL_SURFACE ( 'NONE', #2197, 0.1269999999999999500 ) ;
#3763 = PRESENTATION_STYLE_ASSIGNMENT (( #1475 ) ) ;
#3764 = FACE_OUTER_BOUND ( 'NONE', #1748, .T. ) ;
#3765 = SURFACE_STYLE_FILL_AREA ( #2740 ) ;
#3766 = COLOUR_RGB ( '',0.0000000000000000000, 0.0000000000000000000, 0.0000000000000000000 ) ;
#3767 = COLOUR_RGB ( '',0.7529411764705882200, 0.7529411764705882200, 0.7529411764705882200 ) ;
#3768 = CYLINDRICAL_SURFACE ( 'NONE', #517, 0.8000000000000000400 ) ;
#3769 = SURFACE_STYLE_FILL_AREA ( #2613 ) ;
#3770 = PRESENTATION_STYLE_ASSIGNMENT (( #2817 ) ) ;
#3771 = COLOUR_RGB ( '',0.7529411764705882200, 0.7529411764705882200, 0.7529411764705882200 ) ;
#3772 = COLOUR_RGB ( '',0.0000000000000000000, 0.0000000000000000000, 0.0000000000000000000 ) ;
#3773 = SURFACE_STYLE_FILL_AREA ( #176 ) ;
#3774 = SURFACE_STYLE_FILL_AREA ( #1483 ) ;
#3775 = FACE_OUTER_BOUND ( 'NONE', #2040, .T. ) ;
#3776 = COLOUR_RGB ( '',0.0000000000000000000, 0.0000000000000000000, 0.0000000000000000000 ) ;
#3777 = SURFACE_STYLE_FILL_AREA ( #2637 ) ;
#3778 = FACE_OUTER_BOUND ( 'NONE', #1835, .T. ) ;
#3779 = PRESENTATION_STYLE_ASSIGNMENT (( #2690 ) ) ;
#3780 = COLOUR_RGB ( '',0.0000000000000000000, 0.0000000000000000000, 0.0000000000000000000 ) ;
#3781 = FACE_OUTER_BOUND ( 'NONE', #2032, .T. ) ;
#3782 = SURFACE_STYLE_FILL_AREA ( #2826 ) ;
#3783 = CYLINDRICAL_SURFACE ( 'NONE', #641, 0.1270000000000000900 ) ;
#3784 = PRESENTATION_STYLE_ASSIGNMENT (( #1511 ) ) ;
#3785 = CYLINDRICAL_SURFACE ( 'NONE', #2242, 0.1270000000000000000 ) ;
#3786 = COLOUR_RGB ( '',0.0000000000000000000, 0.0000000000000000000, 0.0000000000000000000 ) ;
#3787 = SPHERICAL_SURFACE ( 'NONE', #629, 0.1270000000000000000 ) ;
#3788 = SURFACE_STYLE_FILL_AREA ( #2603 ) ;
#3789 = COLOUR_RGB ( '',0.0000000000000000000, 0.0000000000000000000, 0.0000000000000000000 ) ;
#3790 = PRESENTATION_STYLE_ASSIGNMENT (( #164 ) ) ;
#3791 = FACE_OUTER_BOUND ( 'NONE', #1827, .T. ) ;
#3792 = COLOUR_RGB ( '',0.0000000000000000000, 0.0000000000000000000, 0.0000000000000000000 ) ;
#3793 = COLOUR_RGB ( '',0.0000000000000000000, 0.0000000000000000000, 0.0000000000000000000 ) ;
#3794 = PRESENTATION_STYLE_ASSIGNMENT (( #2667 ) ) ;
#3795 = FACE_OUTER_BOUND ( 'NONE', #2028, .T. ) ;
#3796 = FACE_OUTER_BOUND ( 'NONE', #2037, .T. ) ;
#3797 = PRESENTATION_STYLE_ASSIGNMENT (( #2630 ) ) ;
#3798 = SURFACE_STYLE_FILL_AREA ( #2697 ) ;
#3799 = FACE_OUTER_BOUND ( 'NONE', #1778, .T. ) ;
#3800 = COLOUR_RGB ( '',0.7529411764705882200, 0.7529411764705882200, 0.7529411764705882200 ) ;
#3801 = SURFACE_STYLE_FILL_AREA ( #162 ) ;
#3802 = FACE_OUTER_BOUND ( 'NONE', #1955, .T. ) ;
#3803 = PRESENTATION_STYLE_ASSIGNMENT (( #1536 ) ) ;
#3804 = COLOUR_RGB ( '',0.0000000000000000000, 0.0000000000000000000, 0.0000000000000000000 ) ;
#3805 = PRESENTATION_STYLE_ASSIGNMENT (( #1500 ) ) ;
#3806 = FACE_OUTER_BOUND ( 'NONE', #1733, .T. ) ;
#3807 = CYLINDRICAL_SURFACE ( 'NONE', #604, 0.7999999999999994900 ) ;
#3808 = COLOUR_RGB ( '',0.0000000000000000000, 0.0000000000000000000, 0.0000000000000000000 ) ;
#3809 = FACE_OUTER_BOUND ( 'NONE', #1754, .T. ) ;
#3810 = SURFACE_STYLE_FILL_AREA ( #2794 ) ;
#3811 = FACE_OUTER_BOUND ( 'NONE', #2047, .T. ) ;
#3812 = FACE_OUTER_BOUND ( 'NONE', #1967, .T. ) ;
#3813 = SURFACE_STYLE_FILL_AREA ( #2784 ) ;
#3814 = FACE_OUTER_BOUND ( 'NONE', #1751, .T. ) ;
#3815 = CYLINDRICAL_SURFACE ( 'NONE', #532, 0.1270000000000000900 ) ;
#3816 = DIRECTION ( 'NONE',  ( -1.000000000000000000, 0.0000000000000000000, 0.0000000000000000000 ) ) ;
#3817 = DIRECTION ( 'NONE',  ( -0.0000000000000000000, -0.0000000000000000000, -1.000000000000000000 ) ) ;
#3818 = PLANE ( 'NONE',  #1191 ) ;
#3819 = FILL_AREA_STYLE_COLOUR ( '', #2975 ) ;
#3820 = FILL_AREA_STYLE ('',( #1626 ) ) ;
#3821 = SURFACE_SIDE_STYLE ('',( #2974 ) ) ;
#3822 = SURFACE_STYLE_USAGE ( .BOTH. , #3821 ) ;
#3823 =( LENGTH_UNIT ( ) NAMED_UNIT ( * ) SI_UNIT ( .MILLI., .METRE. ) );
#3824 =( NAMED_UNIT ( * ) PLANE_ANGLE_UNIT ( ) SI_UNIT ( $, .RADIAN. ) );
#3825 =( NAMED_UNIT ( * ) SI_UNIT ( $, .STERADIAN. ) SOLID_ANGLE_UNIT ( ) );
#3826 = CARTESIAN_POINT ( 'NONE',  ( 3.999999999999999100, -1.099999999999999600, 0.5999999999999999800 ) ) ;
#3827 = DIRECTION ( 'NONE',  ( 0.0000000000000000000, 0.0000000000000000000, 1.000000000000000000 ) ) ;
#3828 = DIRECTION ( 'NONE',  ( 1.000000000000000000, 0.0000000000000000000, -0.0000000000000000000 ) ) ;
#3829 = CARTESIAN_POINT ( 'NONE',  ( 3.799999999999998900, -0.8999999999999995800, 0.5999999999999999800 ) ) ;
#3830 = FILL_AREA_STYLE_COLOUR ( '', #2969 ) ;
#3831 = FILL_AREA_STYLE ('',( #3819 ) ) ;
#3832 = SURFACE_SIDE_STYLE ('',( #2960 ) ) ;
#3833 = SURFACE_STYLE_USAGE ( .BOTH. , #3832 ) ;
#3834 =( LENGTH_UNIT ( ) NAMED_UNIT ( * ) SI_UNIT ( .MILLI., .METRE. ) );
#3835 =( NAMED_UNIT ( * ) PLANE_ANGLE_UNIT ( ) SI_UNIT ( $, .RADIAN. ) );
#3836 =( NAMED_UNIT ( * ) SI_UNIT ( $, .STERADIAN. ) SOLID_ANGLE_UNIT ( ) );
#3837 = DIRECTION ( 'NONE',  ( -1.000000000000000000, 0.0000000000000000000, 0.0000000000000000000 ) ) ;
#3838 = PLANE ( 'NONE',  #1187 ) ;
#3839 = PLANE ( 'NONE',  #1163 ) ;
#3840 = CARTESIAN_POINT ( 'NONE',  ( -5.015130616261423300, -2.730000000000000000, 0.0000000000000000000 ) ) ;
#3841 = FILL_AREA_STYLE ('',( #3830 ) ) ;
#3842 = SURFACE_SIDE_STYLE ('',( #2972 ) ) ;
#3843 = SURFACE_STYLE_USAGE ( .BOTH. , #3842 ) ;
#3844 =( LENGTH_UNIT ( ) NAMED_UNIT ( * ) SI_UNIT ( .MILLI., .METRE. ) );
#3845 =( NAMED_UNIT ( * ) PLANE_ANGLE_UNIT ( ) SI_UNIT ( $, .RADIAN. ) );
#3846 =( NAMED_UNIT ( * ) SI_UNIT ( $, .STERADIAN. ) SOLID_ANGLE_UNIT ( ) );
#3847 = CARTESIAN_POINT ( 'NONE',  ( -3.100000000000000500, 3.299999999999999800, 1.700000000000000200 ) ) ;
#3848 = DIRECTION ( 'NONE',  ( 1.000000000000000000, -0.0000000000000000000, 7.228014483236695600E-016 ) ) ;
#3849 = DIRECTION ( 'NONE',  ( 7.228014483236695600E-016, 0.0000000000000000000, -1.000000000000000000 ) ) ;
#3850 = PLANE ( 'NONE',  #1279 ) ;
#3851 = FILL_AREA_STYLE_COLOUR ( '', #2932 ) ;
#3852 = DIRECTION ( 'NONE',  ( 0.0000000000000000000, 0.0000000000000000000, 1.000000000000000000 ) ) ;
#3853 = DIRECTION ( 'NONE',  ( 1.000000000000000000, 0.0000000000000000000, -0.0000000000000000000 ) ) ;
#3854 = PLANE ( 'NONE',  #1190 ) ;
#3855 = FILL_AREA_STYLE_COLOUR ( '', #2958 ) ;
#3856 = FILL_AREA_STYLE ('',( #3851 ) ) ;
#3857 = SURFACE_SIDE_STYLE ('',( #2970 ) ) ;
#3858 = SURFACE_STYLE_USAGE ( .BOTH. , #3857 ) ;
#3859 =( LENGTH_UNIT ( ) NAMED_UNIT ( * ) SI_UNIT ( .MILLI., .METRE. ) );
#3860 =( NAMED_UNIT ( * ) PLANE_ANGLE_UNIT ( ) SI_UNIT ( $, .RADIAN. ) );
#3861 =( NAMED_UNIT ( * ) SI_UNIT ( $, .STERADIAN. ) SOLID_ANGLE_UNIT ( ) );
#3862 = CARTESIAN_POINT ( 'NONE',  ( 2.602886668306500200, 3.197113331693505000, 2.399999999999999900 ) ) ;
#3863 = DIRECTION ( 'NONE',  ( 0.7071067811865512400, 0.7071067811865439100, 0.0000000000000000000 ) ) ;
#3864 = DIRECTION ( 'NONE',  ( -0.7071067811865439100, 0.7071067811865512400, 0.0000000000000000000 ) ) ;
#3865 = DIRECTION ( 'NONE',  ( -0.0000000000000000000, -0.0000000000000000000, 1.000000000000000000 ) ) ;
#3866 = FILL_AREA_STYLE_COLOUR ( '', #987 ) ;
#3867 = FILL_AREA_STYLE ('',( #3855 ) ) ;
#3868 = SURFACE_SIDE_STYLE ('',( #2981 ) ) ;
#3869 = SURFACE_STYLE_USAGE ( .BOTH. , #3868 ) ;
#3870 =( LENGTH_UNIT ( ) NAMED_UNIT ( * ) SI_UNIT ( .MILLI., .METRE. ) );
#3871 =( NAMED_UNIT ( * ) PLANE_ANGLE_UNIT ( ) SI_UNIT ( $, .RADIAN. ) );
#3872 =( NAMED_UNIT ( * ) SI_UNIT ( $, .STERADIAN. ) SOLID_ANGLE_UNIT ( ) );
#3873 = CARTESIAN_POINT ( 'NONE',  ( -3.100000000000000500, 3.299999999999999800, 1.700000000000000200 ) ) ;
#3874 = DIRECTION ( 'NONE',  ( 1.000000000000000000, -0.0000000000000000000, 7.228014483236695600E-016 ) ) ;
#3875 = DIRECTION ( 'NONE',  ( 7.228014483236695600E-016, 0.0000000000000000000, -1.000000000000000000 ) ) ;
#3876 = CARTESIAN_POINT ( 'NONE',  ( 1.700000000000000000, 0.0000000000000000000, 2.379999999999999900 ) ) ;
#3877 = CARTESIAN_POINT ( 'NONE',  ( 2.063463730152601500, -0.8000000000000002700, 0.02000000000000000000 ) ) ;
#3878 = FILL_AREA_STYLE ('',( #3866 ) ) ;
#3879 = SURFACE_SIDE_STYLE ('',( #988 ) ) ;
#3880 = SURFACE_STYLE_USAGE ( .BOTH. , #3879 ) ;
#3881 =( LENGTH_UNIT ( ) NAMED_UNIT ( * ) SI_UNIT ( .MILLI., .METRE. ) );
#3882 =( NAMED_UNIT ( * ) PLANE_ANGLE_UNIT ( ) SI_UNIT ( $, .RADIAN. ) );
#3883 =( NAMED_UNIT ( * ) SI_UNIT ( $, .STERADIAN. ) SOLID_ANGLE_UNIT ( ) );
#3884 = DIRECTION ( 'NONE',  ( 1.000000000000000000, 0.0000000000000000000, 0.0000000000000000000 ) ) ;
#3885 = DIRECTION ( 'NONE',  ( 1.000000000000000000, 1.214483285911621300E-017, -8.456845228975073700E-018 ) ) ;
#3886 = PLANE ( 'NONE',  #1309 ) ;
#3887 = FILL_AREA_STYLE_COLOUR ( '', #977 ) ;
#3888 = DIRECTION ( 'NONE',  ( 0.0000000000000000000, 0.0000000000000000000, -1.000000000000000000 ) ) ;
#3889 = DIRECTION ( 'NONE',  ( -1.000000000000000000, 0.0000000000000000000, -0.0000000000000000000 ) ) ;
#3890 = CARTESIAN_POINT ( 'NONE',  ( -2.909566860834862400, -3.058517152057706100, 0.1470000000000000500 ) ) ;
#3891 = FILL_AREA_STYLE_COLOUR ( '', #973 ) ;
#3892 = FILL_AREA_STYLE ('',( #3887 ) ) ;
#3893 = SURFACE_SIDE_STYLE ('',( #981 ) ) ;
#3894 = SURFACE_STYLE_USAGE ( .BOTH. , #3893 ) ;
#3895 =( LENGTH_UNIT ( ) NAMED_UNIT ( * ) SI_UNIT ( .MILLI., .METRE. ) );
#3896 =( NAMED_UNIT ( * ) PLANE_ANGLE_UNIT ( ) SI_UNIT ( $, .RADIAN. ) );
#3897 =( NAMED_UNIT ( * ) SI_UNIT ( $, .STERADIAN. ) SOLID_ANGLE_UNIT ( ) );
#3898 = DIRECTION ( 'NONE',  ( 0.0000000000000000000, 1.000000000000000000, 0.0000000000000000000 ) ) ;
#3899 = DIRECTION ( 'NONE',  ( 0.0000000000000000000, 1.000000000000000000, 0.0000000000000000000 ) ) ;
#3900 = PLANE ( 'NONE',  #1266 ) ;
#3901 = DIRECTION ( 'NONE',  ( 0.0000000000000000000, 0.0000000000000000000, 1.000000000000000000 ) ) ;
#3902 = FILL_AREA_STYLE ('',( #3891 ) ) ;
#3903 = SURFACE_SIDE_STYLE ('',( #968 ) ) ;
#3904 = SURFACE_STYLE_USAGE ( .BOTH. , #3903 ) ;
#3905 =( LENGTH_UNIT ( ) NAMED_UNIT ( * ) SI_UNIT ( .MILLI., .METRE. ) );
#3906 =( NAMED_UNIT ( * ) PLANE_ANGLE_UNIT ( ) SI_UNIT ( $, .RADIAN. ) );
#3907 =( NAMED_UNIT ( * ) SI_UNIT ( $, .STERADIAN. ) SOLID_ANGLE_UNIT ( ) );
#3908 = CARTESIAN_POINT ( 'NONE',  ( 3.699999999999999300, -0.8999999999999989100, 0.5999999999999999800 ) ) ;
#3909 = DIRECTION ( 'NONE',  ( -1.000000000000000000, -2.409338161078900700E-016, 0.0000000000000000000 ) ) ;
#3910 = DIRECTION ( 'NONE',  ( 2.409338161078900700E-016, -1.000000000000000000, 0.0000000000000000000 ) ) ;
#3911 = CARTESIAN_POINT ( 'NONE',  ( -5.015130616261423300, 1.829999999999999800, 0.7999999999999999300 ) ) ;
#3912 = CARTESIAN_POINT ( 'NONE',  ( -3.100000000000000100, 1.829999999999999800, 1.700000000000000200 ) ) ;
#3913 = PLANE ( 'NONE',  #1257 ) ;
#3914 = PLANE ( 'NONE',  #1298 ) ;
#3915 = FILL_AREA_STYLE_COLOUR ( '', #952 ) ;
#3916 = DIRECTION ( 'NONE',  ( 0.0000000000000000000, -0.0000000000000000000, 1.000000000000000000 ) ) ;
#3917 = DIRECTION ( 'NONE',  ( 1.000000000000000000, 0.0000000000000000000, 0.0000000000000000000 ) ) ;
#3918 = DIRECTION ( 'NONE',  ( -1.000000000000000000, -1.540743955509788700E-033, 1.472729200169565600E-016 ) ) ;
#3919 = FILL_AREA_STYLE_COLOUR ( '', #984 ) ;
#3920 = FILL_AREA_STYLE ('',( #3915 ) ) ;
#3921 = SURFACE_SIDE_STYLE ('',( #961 ) ) ;
#3922 = SURFACE_STYLE_USAGE ( .BOTH. , #3921 ) ;
#3923 =( LENGTH_UNIT ( ) NAMED_UNIT ( * ) SI_UNIT ( .MILLI., .METRE. ) );
#3924 =( NAMED_UNIT ( * ) PLANE_ANGLE_UNIT ( ) SI_UNIT ( $, .RADIAN. ) );
#3925 =( NAMED_UNIT ( * ) SI_UNIT ( $, .STERADIAN. ) SOLID_ANGLE_UNIT ( ) );
#3926 = CARTESIAN_POINT ( 'NONE',  ( 1.700000000000000000, 0.0000000000000000000, 2.379999999999999900 ) ) ;
#3927 = DIRECTION ( 'NONE',  ( 0.0000000000000000000, 0.0000000000000000000, 1.000000000000000000 ) ) ;
#3928 = DIRECTION ( 'NONE',  ( 1.000000000000000000, 0.0000000000000000000, -0.0000000000000000000 ) ) ;
#3929 = CARTESIAN_POINT ( 'NONE',  ( 2.912914461227101600, -2.872516253401576200, 2.272999999999999200 ) ) ;
#3930 = FILL_AREA_STYLE_COLOUR ( '', #986 ) ;
#3931 = FILL_AREA_STYLE ('',( #3919 ) ) ;
#3932 = SURFACE_SIDE_STYLE ('',( #951 ) ) ;
#3933 = SURFACE_STYLE_USAGE ( .BOTH. , #3932 ) ;
#3934 =( LENGTH_UNIT ( ) NAMED_UNIT ( * ) SI_UNIT ( .MILLI., .METRE. ) );
#3935 =( NAMED_UNIT ( * ) PLANE_ANGLE_UNIT ( ) SI_UNIT ( $, .RADIAN. ) );
#3936 =( NAMED_UNIT ( * ) SI_UNIT ( $, .STERADIAN. ) SOLID_ANGLE_UNIT ( ) );
#3937 = DIRECTION ( 'NONE',  ( 0.0000000000000000000, 0.0000000000000000000, 1.000000000000000000 ) ) ;
#3938 = CARTESIAN_POINT ( 'NONE',  ( -2.803001207675347200, 3.058517152057706100, 0.1470000000000000500 ) ) ;
#3939 = FILL_AREA_STYLE_COLOUR ( '', #963 ) ;
#3940 = FILL_AREA_STYLE ('',( #3930 ) ) ;
#3941 = SURFACE_SIDE_STYLE ('',( #980 ) ) ;
#3942 = SURFACE_STYLE_USAGE ( .BOTH. , #3941 ) ;
#3943 =( LENGTH_UNIT ( ) NAMED_UNIT ( * ) SI_UNIT ( .MILLI., .METRE. ) );
#3944 =( NAMED_UNIT ( * ) PLANE_ANGLE_UNIT ( ) SI_UNIT ( $, .RADIAN. ) );
#3945 =( NAMED_UNIT ( * ) SI_UNIT ( $, .STERADIAN. ) SOLID_ANGLE_UNIT ( ) );
#3946 = DIRECTION ( 'NONE',  ( 0.0000000000000000000, 1.000000000000000000, 0.0000000000000000000 ) ) ;
#3947 = DIRECTION ( 'NONE',  ( 1.000000000000000000, 0.0000000000000000000, 0.0000000000000000000 ) ) ;
#3948 = CARTESIAN_POINT ( 'NONE',  ( -2.870005460344557900, 3.299999999999999800, 2.273000000000000100 ) ) ;
#3949 = DIRECTION ( 'NONE',  ( 0.0000000000000000000, -1.000000000000000000, 0.0000000000000000000 ) ) ;
#3950 = FILL_AREA_STYLE_COLOUR ( '', #950 ) ;
#3951 = FILL_AREA_STYLE ('',( #3939 ) ) ;
#3952 = SURFACE_SIDE_STYLE ('',( #956 ) ) ;
#3953 = SURFACE_STYLE_USAGE ( .BOTH. , #3952 ) ;
#3954 =( LENGTH_UNIT ( ) NAMED_UNIT ( * ) SI_UNIT ( .MILLI., .METRE. ) );
#3955 =( NAMED_UNIT ( * ) PLANE_ANGLE_UNIT ( ) SI_UNIT ( $, .RADIAN. ) );
#3956 =( NAMED_UNIT ( * ) SI_UNIT ( $, .STERADIAN. ) SOLID_ANGLE_UNIT ( ) );
#3957 = DIRECTION ( 'NONE',  ( 0.0000000000000000000, 0.0000000000000000000, -1.000000000000000000 ) ) ;
#3958 = CARTESIAN_POINT ( 'NONE',  ( -3.068094097916931800, -2.926985252717755800, 1.650416488937046500 ) ) ;
#3959 = DIRECTION ( 'NONE',  ( 0.1730072088098784400, -0.08584148278563297200, -0.9811726379862919500 ) ) ;
#3960 = FILL_AREA_STYLE_COLOUR ( '', #991 ) ;
#3961 = FILL_AREA_STYLE ('',( #3950 ) ) ;
#3962 = SURFACE_SIDE_STYLE ('',( #971 ) ) ;
#3963 = SURFACE_STYLE_USAGE ( .BOTH. , #3962 ) ;
#3964 =( LENGTH_UNIT ( ) NAMED_UNIT ( * ) SI_UNIT ( .MILLI., .METRE. ) );
#3965 =( NAMED_UNIT ( * ) PLANE_ANGLE_UNIT ( ) SI_UNIT ( $, .RADIAN. ) );
#3966 =( NAMED_UNIT ( * ) SI_UNIT ( $, .STERADIAN. ) SOLID_ANGLE_UNIT ( ) );
#3967 = DIRECTION ( 'NONE',  ( -0.9848077530122085800, 0.0000000000000000000, -0.1736481776669268100 ) ) ;
#3968 = CARTESIAN_POINT ( 'NONE',  ( 3.037968286548856000, -2.582426591029760600, -0.004787744161152207900 ) ) ;
#3969 = DIRECTION ( 'NONE',  ( 0.1039620511844945400, 0.1039620511844956300, -0.9891328443778545400 ) ) ;
#3970 = CARTESIAN_POINT ( 'NONE',  ( 0.0000000000000000000, -0.4500000000000000100, 0.0000000000000000000 ) ) ;
#3971 = FILL_AREA_STYLE ('',( #3960 ) ) ;
#3972 = SURFACE_SIDE_STYLE ('',( #985 ) ) ;
#3973 = SURFACE_STYLE_USAGE ( .BOTH. , #3972 ) ;
#3974 =( LENGTH_UNIT ( ) NAMED_UNIT ( * ) SI_UNIT ( .MILLI., .METRE. ) );
#3975 =( NAMED_UNIT ( * ) PLANE_ANGLE_UNIT ( ) SI_UNIT ( $, .RADIAN. ) );
#3976 =( NAMED_UNIT ( * ) SI_UNIT ( $, .STERADIAN. ) SOLID_ANGLE_UNIT ( ) );
#3977 = DIRECTION ( 'NONE',  ( 0.0000000000000000000, 0.9945218953682736200, 0.1045284632676511700 ) ) ;
#3978 = PLANE ( 'NONE',  #1318 ) ;
#3979 = PLANE ( 'NONE',  #1281 ) ;
#3980 = FILL_AREA_STYLE_COLOUR ( '', #483 ) ;
#3981 = DIRECTION ( 'NONE',  ( 0.0000000000000000000, -1.000000000000000000, -0.0000000000000000000 ) ) ;
#3982 = DIRECTION ( 'NONE',  ( -1.000000000000000000, 0.0000000000000000000, -0.0000000000000000000 ) ) ;
#3983 = PLANE ( 'NONE',  #1139 ) ;
#3984 = FILL_AREA_STYLE_COLOUR ( '', #466 ) ;
#3985 = FILL_AREA_STYLE ('',( #3980 ) ) ;
#3986 = SURFACE_SIDE_STYLE ('',( #486 ) ) ;
#3987 = SURFACE_STYLE_USAGE ( .BOTH. , #3986 ) ;
#3988 =( LENGTH_UNIT ( ) NAMED_UNIT ( * ) SI_UNIT ( .MILLI., .METRE. ) );
#3989 =( NAMED_UNIT ( * ) PLANE_ANGLE_UNIT ( ) SI_UNIT ( $, .RADIAN. ) );
#3990 =( NAMED_UNIT ( * ) SI_UNIT ( $, .STERADIAN. ) SOLID_ANGLE_UNIT ( ) );
#3991 = CARTESIAN_POINT ( 'NONE',  ( 2.200000000000000200, -2.350000000000000100, 0.5999999999999999800 ) ) ;
#3992 = DIRECTION ( 'NONE',  ( 1.000000000000000000, 0.0000000000000000000, -0.0000000000000000000 ) ) ;
#3993 = DIRECTION ( 'NONE',  ( -0.0000000000000000000, 0.0000000000000000000, -1.000000000000000000 ) ) ;
#3994 = PLANE ( 'NONE',  #1145 ) ;
#3995 = FILL_AREA_STYLE_COLOUR ( '', #448 ) ;
#3996 = FILL_AREA_STYLE ('',( #3984 ) ) ;
#3997 = SURFACE_SIDE_STYLE ('',( #468 ) ) ;
#3998 = SURFACE_STYLE_USAGE ( .BOTH. , #3997 ) ;
#3999 =( LENGTH_UNIT ( ) NAMED_UNIT ( * ) SI_UNIT ( .MILLI., .METRE. ) );
#4000 =( NAMED_UNIT ( * ) PLANE_ANGLE_UNIT ( ) SI_UNIT ( $, .RADIAN. ) );
#4001 =( NAMED_UNIT ( * ) SI_UNIT ( $, .STERADIAN. ) SOLID_ANGLE_UNIT ( ) );
#4002 = CARTESIAN_POINT ( 'NONE',  ( -0.9999999999999997800, -2.350000000000000100, 0.5999999999999999800 ) ) ;
#4003 = DIRECTION ( 'NONE',  ( 0.0000000000000000000, 1.000000000000000000, 0.0000000000000000000 ) ) ;
#4004 = DIRECTION ( 'NONE',  ( 0.0000000000000000000, -0.0000000000000000000, 1.000000000000000000 ) ) ;
#4005 = PLANE ( 'NONE',  #1151 ) ;
#4006 = FILL_AREA_STYLE_COLOUR ( '', #463 ) ;
#4007 = FILL_AREA_STYLE ('',( #3995 ) ) ;
#4008 = SURFACE_SIDE_STYLE ('',( #449 ) ) ;
#4009 = SURFACE_STYLE_USAGE ( .BOTH. , #4008 ) ;
#4010 =( LENGTH_UNIT ( ) NAMED_UNIT ( * ) SI_UNIT ( .MILLI., .METRE. ) );
#4011 =( NAMED_UNIT ( * ) PLANE_ANGLE_UNIT ( ) SI_UNIT ( $, .RADIAN. ) );
#4012 =( NAMED_UNIT ( * ) SI_UNIT ( $, .STERADIAN. ) SOLID_ANGLE_UNIT ( ) );
#4013 = CARTESIAN_POINT ( 'NONE',  ( 3.599999999999999600, 2.699999999999999300, 0.5999999999999999800 ) ) ;
#4014 = DIRECTION ( 'NONE',  ( -3.097720492815728600E-016, -1.000000000000000000, 0.0000000000000000000 ) ) ;
#4015 = DIRECTION ( 'NONE',  ( 1.000000000000000000, -3.097720492815728600E-016, 0.0000000000000000000 ) ) ;
#4016 = DIRECTION ( 'NONE',  ( -0.0000000000000000000, -0.0000000000000000000, -1.000000000000000000 ) ) ;
#4017 = FILL_AREA_STYLE_COLOUR ( '', #443 ) ;
#4018 = FILL_AREA_STYLE ('',( #4006 ) ) ;
#4019 = SURFACE_SIDE_STYLE ('',( #479 ) ) ;
#4020 = SURFACE_STYLE_USAGE ( .BOTH. , #4019 ) ;
#4021 =( LENGTH_UNIT ( ) NAMED_UNIT ( * ) SI_UNIT ( .MILLI., .METRE. ) );
#4022 =( NAMED_UNIT ( * ) PLANE_ANGLE_UNIT ( ) SI_UNIT ( $, .RADIAN. ) );
#4023 =( NAMED_UNIT ( * ) SI_UNIT ( $, .STERADIAN. ) SOLID_ANGLE_UNIT ( ) );
#4024 = CARTESIAN_POINT ( 'NONE',  ( 2.200000000000000200, -2.700000000000000600, 0.5999999999999999800 ) ) ;
#4025 = DIRECTION ( 'NONE',  ( 0.0000000000000000000, 1.000000000000000000, 0.0000000000000000000 ) ) ;
#4026 = DIRECTION ( 'NONE',  ( 0.0000000000000000000, -0.0000000000000000000, 1.000000000000000000 ) ) ;
#4027 = CARTESIAN_POINT ( 'NONE',  ( 3.999999999999999100, -1.099999999999999600, 0.5999999999999999800 ) ) ;
#4028 = FILL_AREA_STYLE_COLOUR ( '', #478 ) ;
#4029 = FILL_AREA_STYLE ('',( #4017 ) ) ;
#4030 = SURFACE_SIDE_STYLE ('',( #455 ) ) ;
#4031 = SURFACE_STYLE_USAGE ( .BOTH. , #4030 ) ;
#4032 =( LENGTH_UNIT ( ) NAMED_UNIT ( * ) SI_UNIT ( .MILLI., .METRE. ) );
#4033 =( NAMED_UNIT ( * ) PLANE_ANGLE_UNIT ( ) SI_UNIT ( $, .RADIAN. ) );
#4034 =( NAMED_UNIT ( * ) SI_UNIT ( $, .STERADIAN. ) SOLID_ANGLE_UNIT ( ) );
#4035 = DIRECTION ( 'NONE',  ( -1.000000000000000000, 0.0000000000000000000, 0.0000000000000000000 ) ) ;
#4036 = PLANE ( 'NONE',  #1169 ) ;
#4037 = PLANE ( 'NONE',  #1162 ) ;
#4038 = FILL_AREA_STYLE_COLOUR ( '', #446 ) ;
#4039 = FILL_AREA_STYLE ('',( #4028 ) ) ;
#4040 = SURFACE_SIDE_STYLE ('',( #473 ) ) ;
#4041 = SURFACE_STYLE_USAGE ( .BOTH. , #4040 ) ;
#4042 =( LENGTH_UNIT ( ) NAMED_UNIT ( * ) SI_UNIT ( .MILLI., .METRE. ) );
#4043 =( NAMED_UNIT ( * ) PLANE_ANGLE_UNIT ( ) SI_UNIT ( $, .RADIAN. ) );
#4044 =( NAMED_UNIT ( * ) SI_UNIT ( $, .STERADIAN. ) SOLID_ANGLE_UNIT ( ) );
#4045 = CARTESIAN_POINT ( 'NONE',  ( 4.099999999999999600, -1.100000000000000300, 0.5999999999999999800 ) ) ;
#4046 = DIRECTION ( 'NONE',  ( -1.000000000000000000, 0.0000000000000000000, 0.0000000000000000000 ) ) ;
#4047 = DIRECTION ( 'NONE',  ( 0.0000000000000000000, 0.0000000000000000000, 1.000000000000000000 ) ) ;
#4048 = DIRECTION ( 'NONE',  ( 0.0000000000000000000, 1.000000000000000000, 0.0000000000000000000 ) ) ;
#4049 = DIRECTION ( 'NONE',  ( 0.0000000000000000000, 0.0000000000000000000, 1.000000000000000000 ) ) ;
#4050 = FILL_AREA_STYLE ('',( #4038 ) ) ;
#4051 = SURFACE_SIDE_STYLE ('',( #471 ) ) ;
#4052 = SURFACE_STYLE_USAGE ( .BOTH. , #4051 ) ;
#4053 =( LENGTH_UNIT ( ) NAMED_UNIT ( * ) SI_UNIT ( .MILLI., .METRE. ) );
#4054 =( NAMED_UNIT ( * ) PLANE_ANGLE_UNIT ( ) SI_UNIT ( $, .RADIAN. ) );
#4055 =( NAMED_UNIT ( * ) SI_UNIT ( $, .STERADIAN. ) SOLID_ANGLE_UNIT ( ) );
#4056 = CARTESIAN_POINT ( 'NONE',  ( 4.099999999999999600, 1.100000000000001200, 0.5999999999999999800 ) ) ;
#4057 = DIRECTION ( 'NONE',  ( -1.000000000000000000, -1.239088197126292400E-015, 0.0000000000000000000 ) ) ;
#4058 = DIRECTION ( 'NONE',  ( 1.239088197126292400E-015, -1.000000000000000000, 0.0000000000000000000 ) ) ;
#4059 = CARTESIAN_POINT ( 'NONE',  ( -3.871217345934644200, 1.829999999999999800, 0.9000000000000001300 ) ) ;
#4060 = FILL_AREA_STYLE_COLOUR ( '', #460 ) ;
#4061 = CARTESIAN_POINT ( 'NONE',  ( 2.747878624177042500, 2.872516253401576700, 2.272999999999999200 ) ) ;
#4062 = CARTESIAN_POINT ( 'NONE',  ( -5.015130616261423300, 1.829999999999999800, 0.0000000000000000000 ) ) ;
#4063 = FILL_AREA_STYLE ('',( #4060 ) ) ;
#4064 = SURFACE_SIDE_STYLE ('',( #456 ) ) ;
#4065 = SURFACE_STYLE_USAGE ( .BOTH. , #4064 ) ;
#4066 =( LENGTH_UNIT ( ) NAMED_UNIT ( * ) SI_UNIT ( .MILLI., .METRE. ) );
#4067 =( NAMED_UNIT ( * ) PLANE_ANGLE_UNIT ( ) SI_UNIT ( $, .RADIAN. ) );
#4068 =( NAMED_UNIT ( * ) SI_UNIT ( $, .STERADIAN. ) SOLID_ANGLE_UNIT ( ) );
#4069 = DIRECTION ( 'NONE',  ( 0.0000000000000000000, 1.000000000000000000, 0.0000000000000000000 ) ) ;
#4070 = DIRECTION ( 'NONE',  ( 1.000000000000000000, 0.0000000000000000000, 0.0000000000000000000 ) ) ;
#4071 = DIRECTION ( 'NONE',  ( -0.0000000000000000000, -0.0000000000000000000, 1.000000000000000000 ) ) ;
#4072 = PLANE ( 'NONE',  #1248 ) ;
#4073 = FILL_AREA_STYLE_COLOUR ( '', #465 ) ;
#4074 = DIRECTION ( 'NONE',  ( 0.0000000000000000000, 0.0000000000000000000, 1.000000000000000000 ) ) ;
#4075 = DIRECTION ( 'NONE',  ( 1.000000000000000000, 0.0000000000000000000, -0.0000000000000000000 ) ) ;
#4076 = CARTESIAN_POINT ( 'NONE',  ( 1.700000000000000000, 0.0000000000000000000, 2.379999999999999900 ) ) ;
#4077 = CARTESIAN_POINT ( 'NONE',  ( -4.053290641427165200, 1.829999999999999800, 0.9827605888602370900 ) ) ;
#4078 = FILL_AREA_STYLE ('',( #4073 ) ) ;
#4079 = SURFACE_SIDE_STYLE ('',( #458 ) ) ;
#4080 = SURFACE_STYLE_USAGE ( .BOTH. , #4079 ) ;
#4081 =( LENGTH_UNIT ( ) NAMED_UNIT ( * ) SI_UNIT ( .MILLI., .METRE. ) );
#4082 =( NAMED_UNIT ( * ) PLANE_ANGLE_UNIT ( ) SI_UNIT ( $, .RADIAN. ) );
#4083 =( NAMED_UNIT ( * ) SI_UNIT ( $, .STERADIAN. ) SOLID_ANGLE_UNIT ( ) );
#4084 = DIRECTION ( 'NONE',  ( 1.000000000000000000, 0.0000000000000000000, 0.0000000000000000000 ) ) ;
#4085 = PLANE ( 'NONE',  #2375 ) ;
#4086 = PLANE ( 'NONE',  #2377 ) ;
#4087 = CARTESIAN_POINT ( 'NONE',  ( -3.100000000000000100, 1.829999999999999800, 1.100000000000000100 ) ) ;
#4088 = DIRECTION ( 'NONE',  ( -0.9103664774626041300, 0.0000000000000000000, 0.4138029443011854200 ) ) ;
#4089 = DIRECTION ( 'NONE',  ( 0.4138029443011853600, 0.0000000000000000000, 0.9103664774626040200 ) ) ;
#4090 = PLANE ( 'NONE',  #2373 ) ;
#4091 = CARTESIAN_POINT ( 'NONE',  ( -4.599510527904727500, 1.829999999999999800, 1.231042355440948200 ) ) ;
#4092 = DIRECTION ( 'NONE',  ( 0.0000000000000000000, 0.0000000000000000000, 1.000000000000000000 ) ) ;
#4093 = DIRECTION ( 'NONE',  ( 1.000000000000000000, 0.0000000000000000000, -0.0000000000000000000 ) ) ;
#4094 = DIRECTION ( 'NONE',  ( 0.0000000000000000000, 1.000000000000000000, 0.0000000000000000000 ) ) ;
#4095 = DIRECTION ( 'NONE',  ( -0.9103664774626041300, 0.0000000000000000000, 0.4138029443011855300 ) ) ;
#4096 = DIRECTION ( 'NONE',  ( 0.4138029443011854700, 0.0000000000000000000, 0.9103664774626040200 ) ) ;
#4097 = CARTESIAN_POINT ( 'NONE',  ( -3.871217345934644200, 1.829999999999999800, 0.9000000000000001300 ) ) ;
#4098 = EDGE_CURVE ( 'NONE', #1793, #1882, #2388, .T. ) ;
#4099 = EDGE_CURVE ( 'NONE', #1668, #1760, #2426, .T. ) ;
#4100 = EDGE_CURVE ( 'NONE', #2015, #1801, #2383, .T. ) ;
#4101 = EDGE_CURVE ( 'NONE', #1781, #1883, #2461, .T. ) ;
#4102 = EDGE_CURVE ( 'NONE', #1904, #1651, #2417, .T. ) ;
#4103 = EDGE_CURVE ( 'NONE', #1854, #1826, #2448, .T. ) ;
#4104 = EDGE_CURVE ( 'NONE', #1807, #2010, #2435, .T. ) ;
#4105 = EDGE_CURVE ( 'NONE', #1892, #1767, #818, .T. ) ;
#4106 = EDGE_CURVE ( 'NONE', #1658, #1882, #2450, .T. ) ;
#4107 = EDGE_CURVE ( 'NONE', #1805, #1658, #2447, .T. ) ;
#4108 = EDGE_CURVE ( 'NONE', #1781, #1904, #2405, .T. ) ;
#4109 = EDGE_CURVE ( 'NONE', #1651, #1760, #2434, .T. ) ;
#4110 = EDGE_CURVE ( 'NONE', #1790, #1839, #2410, .T. ) ;
#4111 = EDGE_CURVE ( 'NONE', #1651, #2010, #2398, .T. ) ;
#4112 = EDGE_CURVE ( 'NONE', #1799, #1721, #817, .T. ) ;
#4113 = EDGE_CURVE ( 'NONE', #1772, #1760, #2393, .T. ) ;
#4114 = EDGE_CURVE ( 'NONE', #1758, #1958, #2425, .T. ) ;
#4115 = EDGE_CURVE ( 'NONE', #1867, #1889, #2412, .T. ) ;
#4116 = EDGE_CURVE ( 'NONE', #1657, #1867, #2421, .T. ) ;
#4117 = EDGE_CURVE ( 'NONE', #1783, #1880, #2384, .T. ) ;
#4118 = EDGE_CURVE ( 'NONE', #1800, #1783, #2423, .T. ) ;
#4119 = EDGE_CURVE ( 'NONE', #1639, #1845, #816, .T. ) ;
#4120 = EDGE_CURVE ( 'NONE', #1758, #1839, #2467, .T. ) ;
#4121 = EDGE_CURVE ( 'NONE', #1884, #1889, #2428, .T. ) ;
#4122 = EDGE_CURVE ( 'NONE', #1657, #1889, #2395, .T. ) ;
#4123 = EDGE_CURVE ( 'NONE', #1800, #1880, #2440, .T. ) ;
#4124 = EDGE_CURVE ( 'NONE', #2004, #1750, #815, .T. ) ;
#4125 = EDGE_CURVE ( 'NONE', #1884, #1899, #2431, .T. ) ;
#4126 = EDGE_CURVE ( 'NONE', #1753, #1884, #2460, .T. ) ;
#4127 = EDGE_CURVE ( 'NONE', #1901, #1647, #2382, .T. ) ;
#4128 = EDGE_CURVE ( 'NONE', #1675, #1901, #2453, .T. ) ;
#4129 = EDGE_CURVE ( 'NONE', #1753, #1899, #2466, .T. ) ;
#4130 = EDGE_CURVE ( 'NONE', #1675, #1647, #2452, .T. ) ;
#4131 = EDGE_CURVE ( 'NONE', #1755, #1703, #2441, .T. ) ;
#4132 = EDGE_CURVE ( 'NONE', #1924, #1755, #2437, .T. ) ;
#4133 = EDGE_CURVE ( 'NONE', #1924, #1811, #2415, .T. ) ;
#4134 = EDGE_CURVE ( 'NONE', #1850, #1924, #2468, .T. ) ;
#4135 = EDGE_CURVE ( 'NONE', #1850, #1871, #2389, .T. ) ;
#4136 = EDGE_CURVE ( 'NONE', #2015, #1791, #2418, .T. ) ;
#4137 = EDGE_CURVE ( 'NONE', #1947, #1850, #2404, .T. ) ;
#4138 = EDGE_CURVE ( 'NONE', #1947, #1893, #2429, .T. ) ;
#4139 = EDGE_CURVE ( 'NONE', #1904, #1883, #2416, .T. ) ;
#4140 = EDGE_CURVE ( 'NONE', #1755, #1947, #2390, .T. ) ;
#4141 = EDGE_CURVE ( 'NONE', #1807, #1651, #2413, .T. ) ;
#4142 = EDGE_CURVE ( 'NONE', #1758, #1884, #2380, .T. ) ;
#4143 = EDGE_CURVE ( 'NONE', #1920, #1904, #2419, .T. ) ;
#4144 = EDGE_CURVE ( 'NONE', #1846, #1715, #2457, .T. ) ;
#4145 = EDGE_CURVE ( 'NONE', #1772, #1668, #2430, .T. ) ;
#4146 = EDGE_CURVE ( 'NONE', #1715, #1855, #2381, .T. ) ;
#4147 = EDGE_CURVE ( 'NONE', #1902, #1758, #2391, .T. ) ;
#4148 = EDGE_CURVE ( 'NONE', #1841, #1978, #2394, .T. ) ;
#4149 = EDGE_CURVE ( 'NONE', #1801, #1791, #2443, .T. ) ;
#4150 = EDGE_CURVE ( 'NONE', #1756, #1854, #2463, .T. ) ;
#4151 = EDGE_CURVE ( 'NONE', #1889, #2021, #2454, .T. ) ;
#4152 = EDGE_CURVE ( 'NONE', #1854, #1978, #2396, .T. ) ;
#4153 = EDGE_CURVE ( 'NONE', #1978, #1897, #2427, .T. ) ;
#4154 = EDGE_CURVE ( 'NONE', #1905, #1826, #2310, .T. ) ;
#4155 = EDGE_CURVE ( 'NONE', #1644, #1897, #2307, .T. ) ;
#4156 = EDGE_CURVE ( 'NONE', #1648, #1846, #2308, .T. ) ;
#4157 = EDGE_CURVE ( 'NONE', #1846, #1874, #2304, .T. ) ;
#4158 = EDGE_CURVE ( 'NONE', #1662, #1757, #2302, .T. ) ;
#4159 = EDGE_CURVE ( 'NONE', #1826, #1897, #2299, .T. ) ;
#4160 = EDGE_CURVE ( 'NONE', #1760, #1860, #2298, .T. ) ;
ENDSEC;
END-ISO-10303-21;
